# Generated by Visualization Toolkit
v 169.9821319580078 213.3483123779297 138.99325561523438
v 169.5218963623047 212.91102600097656 139.12051391601562
v 170.01988220214844 212.91229248046875 139.13998413085938
v 169.24456787109375 213.5028839111328 138.8997039794922
v 165.2548828125 214.52017211914062 138.74501037597656
v 164.73443603515625 213.8114471435547 139.10006713867188
v 165.65013122558594 213.77236938476562 138.93283081054688
v 164.37042236328125 214.33555603027344 138.94252014160156
v 166.3448944091797 214.42556762695312 138.6563720703125
v 166.49974060058594 213.83123779296875 138.80157470703125
v 167.2786865234375 214.38247680664062 138.64462280273438
v 167.21682739257812 213.6672821044922 138.8530731201172
v 168.180908203125 214.31517028808594 138.69810485839844
v 168.1884765625 213.48516845703125 138.91229248046875
v 169.10379028320312 214.23831176757812 138.77850341796875
v 170.0133056640625 214.0879669189453 138.91522216796875
v 170.60678100585938 213.67044067382812 139.11056518554688
v 170.63003540039062 214.15916442871094 139.0767822265625
v 164.3907012939453 214.99440002441406 138.77581787109375
v 163.72267150878906 214.59947204589844 139.0548553466797
v 163.59901428222656 215.30857849121094 138.90211486816406
v 165.24913024902344 215.45590209960938 138.6198272705078
v 166.21044921875 215.2261505126953 138.58387756347656
v 167.2261962890625 215.16134643554688 138.5935516357422
v 168.17446899414062 215.09982299804688 138.6518096923828
v 169.0426788330078 215.02316284179688 138.76158142089844
v 169.84982299804688 214.87757873535156 138.92124938964844
v 170.5731658935547 214.6498260498047 139.13096618652344
v 163.35731506347656 215.9630889892578 138.890869140625
v 162.9795379638672 215.48281860351562 139.05165100097656
v 162.73464965820312 215.87684631347656 139.08599853515625
v 164.30474853515625 215.9192657470703 138.72994995117188
v 165.300048828125 216.3156280517578 138.6669464111328
v 166.03163146972656 215.95892333984375 138.6048583984375
v 167.029296875 216.08192443847656 138.6790313720703
v 168.0696563720703 215.8941192626953 138.74432373046875
v 168.93698120117188 215.7771759033203 138.86790466308594
v 169.70909118652344 215.62088012695312 139.04380798339844
v 163.73989868164062 216.61814880371094 138.87501525878906
v 164.5967254638672 216.79147338867188 138.8051300048828
v 165.3480987548828 216.9896697998047 138.81500244140625
v 166.22927856445312 216.8276824951172 138.80264282226562
v 167.1568145751953 216.88287353515625 138.90586853027344
v 167.88961791992188 216.66441345214844 138.95364379882812
v 168.71572875976562 216.4932403564453 139.0807647705078
v 165.7093048095703 217.47975158691406 139.03790283203125
v 166.2524871826172 217.44140625 139.043701171875
v 166.7879180908203 217.41912841796875 139.11663818359375
v 170.09207153320312 212.44036865234375 139.50497436523438
v 169.6192169189453 211.96334838867188 139.93406677246094
v 170.1765594482422 211.95252990722656 139.94833374023438
v 169.14797973632812 212.4160614013672 139.4869384765625
v 170.7097625732422 212.00523376464844 139.9971466064453
v 170.98536682128906 212.5592803955078 139.64193725585938
v 165.16148376464844 213.22694396972656 139.38381958007812
v 164.77699279785156 212.81414794921875 139.93756103515625
v 165.64573669433594 212.6955108642578 139.76239013671875
v 164.31874084472656 213.3671875 139.56748962402344
v 166.19473266601562 213.2111053466797 139.18479919433594
v 166.4533233642578 212.6649627685547 139.5953369140625
v 167.14859008789062 213.00840759277344 139.21363830566406
v 167.25344848632812 212.4106903076172 139.7276611328125
v 167.8710479736328 212.82394409179688 139.26287841796875
v 168.2473602294922 212.4025421142578 139.5771942138672
v 168.68521118164062 212.9127197265625 139.142822265625
v 170.4894561767578 213.0124053955078 139.23765563964844
v 171.20611572265625 213.2484893798828 139.4447021484375
v 171.77662658691406 212.72544860839844 139.8568878173828
v 172.01295471191406 213.47845458984375 139.76544189453125
v 163.94749450683594 213.95651245117188 139.27996826171875
v 163.5688934326172 213.5877685546875 139.77076721191406
v 163.2345428466797 214.21961975097656 139.47439575195312
v 171.25962829589844 214.1469268798828 139.40753173828125
v 172.01519775390625 214.1334228515625 139.78323364257812
v 172.48365783691406 213.87936401367188 139.9969482421875
v 172.68975830078125 213.44296264648438 140.0979461669922
v 162.35906982421875 215.30804443359375 139.3955535888672
v 161.7853546142578 214.78628540039062 139.95748901367188
v 162.5238800048828 214.5157012939453 139.69918823242188
v 161.5565643310547 215.51773071289062 139.70437622070312
v 163.02920532226562 214.9019775390625 139.22377014160156
v 170.41929626464844 215.38125610351562 139.2666015625
v 171.09912109375 215.04727172851562 139.531982421875
v 161.4599151611328 216.29733276367188 139.57398986816406
v 160.79615783691406 215.72445678710938 139.97259521484375
v 160.65306091308594 216.4639434814453 139.83010864257812
v 162.20562744140625 216.08004760742188 139.3057861328125
v 162.93359375 216.46023559570312 139.03855895996094
v 169.4770965576172 216.3083038330078 139.26031494140625
v 170.1812744140625 216.06903076171875 139.48316955566406
v 160.48463439941406 217.2276611328125 139.8293914794922
v 159.95924377441406 216.6748809814453 140.0852813720703
v 159.9158935546875 217.1449432373047 140.02694702148438
v 161.38584899902344 217.1191864013672 139.59999084472656
v 162.39260864257812 216.98583984375 139.32225036621094
v 163.28089904785156 217.0767059326172 139.08250427246094
v 164.031005859375 217.33367919921875 139.04791259765625
v 164.8871307373047 217.47415161132812 139.0369415283203
v 167.5836944580078 217.33607482910156 139.23703002929688
v 168.3701171875 217.16372680664062 139.37747192382812
v 169.12831115722656 216.95242309570312 139.5549774169922
v 169.8441162109375 216.7018280029297 139.7671661376953
v 159.9529571533203 217.62338256835938 140.0519256591797
v 160.50279235839844 217.8960418701172 139.9002227783203
v 161.19085693359375 217.8700714111328 139.76393127441406
v 162.22805786132812 217.94210815429688 139.6297607421875
v 163.31829833984375 217.80450439453125 139.392822265625
v 164.36167907714844 218.0170135498047 139.38937377929688
v 165.28480529785156 218.05673217773438 139.40245056152344
v 166.2218780517578 217.9459228515625 139.40011596679688
v 167.1141357421875 217.92393493652344 139.57061767578125
v 167.92672729492188 217.78538513183594 139.73367309570312
v 160.8350067138672 218.47885131835938 140.0391082763672
v 161.69789123535156 218.56382751464844 139.9668731689453
v 162.47946166992188 218.6586151123047 139.94586181640625
v 163.0250244140625 218.44122314453125 139.76736450195312
v 163.82699584960938 218.56021118164062 139.81080627441406
v 164.79428100585938 218.62771606445312 139.86114501953125
v 165.73855590820312 218.58108520507812 139.89137268066406
v 170.21707153320312 211.53134155273438 140.5167236328125
v 169.27450561523438 211.6206817626953 140.4029083251953
v 171.13099670410156 211.65220642089844 140.47702026367188
v 165.31524658203125 212.3016357421875 140.37940979003906
v 167.13075256347656 211.96737670898438 140.30397033691406
v 168.48008728027344 211.57254028320312 140.5943603515625
v 168.76930236816406 211.97454833984375 139.98622131347656
v 171.4944305419922 212.10784912109375 140.1269073486328
v 171.8777313232422 211.6676788330078 140.68479919433594
v 172.2649688720703 212.24423217773438 140.32901000976562
v 172.70407104492188 211.81031799316406 140.8572998046875
v 173.0016326904297 212.4300994873047 140.55523681640625
v 163.9962921142578 213.00808715820312 140.12257385253906
v 163.26303100585938 213.238037109375 140.34890747070312
v 172.51451110839844 212.88284301757812 140.12269592285156
v 173.69554138183594 212.64540100097656 140.80816650390625
v 173.8112030029297 213.31866455078125 140.72848510742188
v 161.3850555419922 214.36085510253906 140.55758666992188
v 162.84854125976562 213.8435821533203 140.0107421875
v 172.4499969482422 214.447998046875 140.12930297851562
v 173.9960174560547 213.9202423095703 140.88226318359375
v 174.36114501953125 213.44100952148438 141.02464294433594
v 174.54417419433594 213.81910705566406 141.192138671875
v 161.03240966796875 215.02517700195312 140.2289276123047
v 160.65890502929688 214.63784790039062 140.82293701171875
v 160.31576538085938 215.28591918945312 140.4887237548828
v 160.0891571044922 215.9671630859375 140.2351837158203
v 159.6581268310547 215.5920867919922 140.7589874267578
v 159.4645233154297 216.30380249023438 140.52796936035156
v 159.3853302001953 217.1881866455078 140.3896484375
v 158.87818908691406 216.67259216308594 140.89341735839844
v 158.73548889160156 217.36318969726562 140.86404418945312
v 168.6954803466797 217.5720672607422 139.9122772216797
v 158.9310760498047 217.84832763671875 140.6984100341797
v 159.45584106445312 218.06044006347656 140.3953094482422
v 160.0967559814453 218.317138671875 140.16348266601562
v 166.6240692138672 218.48858642578125 139.97360229492188
v 167.45196533203125 218.3662872314453 140.13050842285156
v 158.9090576171875 218.54278564453125 140.837890625
v 159.58041381835938 218.80393981933594 140.5712127685547
v 160.3226776123047 218.9820556640625 140.41004943847656
v 161.17884826660156 219.17129516601562 140.4066619873047
v 162.16339111328125 219.14071655273438 140.32411193847656
v 163.15318298339844 219.05258178710938 140.23609924316406
v 164.2398681640625 219.18463134765625 140.3897247314453
v 166.2044677734375 219.00445556640625 140.41065979003906
v 159.8026123046875 219.4609375 140.875244140625
v 160.4971466064453 219.50399780273438 140.7349395751953
v 160.97457885742188 219.71612548828125 140.88294982910156
v 161.7283935546875 219.65025329589844 140.8120574951172
v 165.9459991455078 219.37417602539062 140.76937866210938
v 171.19773864746094 211.1248321533203 141.18576049804688
v 170.6584930419922 210.6828155517578 141.7667694091797
v 171.2368621826172 210.69740295410156 141.77552795410156
v 172.27015686035156 211.24778747558594 141.28724670410156
v 173.1456756591797 211.40028381347656 141.42242431640625
v 164.67044067382812 211.6111297607422 141.67916870117188
v 165.8819122314453 211.81454467773438 140.88653564453125
v 173.4783477783203 211.99696350097656 141.04893493652344
v 173.95513916015625 211.5748291015625 141.58831787109375
v 174.21237182617188 212.2044677734375 141.27542114257812
v 174.7299346923828 211.7610321044922 141.79666137695312
v 174.92088317871094 212.4427490234375 141.55450439453125
v 174.35508728027344 212.87942504882812 141.09588623046875
v 175.0048370361328 213.2646484375 141.46588134765625
v 175.60079956054688 212.67005920410156 141.893798828125
v 175.6179962158203 213.16452026367188 141.85536193847656
v 161.08493041992188 214.00904846191406 141.19810485839844
v 161.81134033203125 213.73167419433594 140.9129180908203
v 174.33340454101562 214.3787841796875 141.25103759765625
v 174.93785095214844 214.06130981445312 141.56239318847656
v 175.55313110351562 213.67208862304688 141.90969848632812
v 159.968994140625 214.9436798095703 141.08078002929688
v 159.3242950439453 215.27093505859375 141.35745239257812
v 174.05104064941406 215.05035400390625 141.4311065673828
v 174.72190856933594 214.76510620117188 141.7294158935547
v 159.0528564453125 215.9364013671875 141.07273864746094
v 158.71018981933594 215.6142578125 141.6816864013672
v 158.46751403808594 216.31198120117188 141.44773864746094
v 158.3043670654297 217.09999084472656 141.3140411376953
v 157.868408203125 216.72637939453125 141.877685546875
v 157.6915283203125 217.57618713378906 141.78160095214844
v 158.26547241210938 218.0837860107422 141.24395751953125
v 157.55935668945312 218.3452606201172 141.79449462890625
v 169.31643676757812 218.26173400878906 141.10365295410156
v 157.79360961914062 218.8330535888672 141.6393280029297
v 158.3419189453125 219.0331573486328 141.3309783935547
v 159.0279083251953 219.29177856445312 141.06280517578125
v 163.6042938232422 219.5865020751953 140.81243896484375
v 167.3682403564453 219.26544189453125 141.11428833007812
v 157.79046630859375 219.51361083984375 141.83636474609375
v 158.47897338867188 219.75697326660156 141.5913543701172
v 159.28427124023438 219.93020629882812 141.419677734375
v 166.89773559570312 219.74417114257812 141.4764404296875
v 158.7671661376953 220.35540771484375 141.9837646484375
v 159.64215087890625 220.4547119140625 141.89476013183594
v 160.23013305664062 220.4781494140625 141.83203125
v 164.75823974609375 210.80789184570312 142.8935546875
v 166.22491455078125 210.9138946533203 142.16683959960938
v 169.77767944335938 210.7051544189453 141.76333618164062
v 172.731689453125 210.86895751953125 141.88961791992188
v 173.60264587402344 211.01052856445312 142.00904846191406
v 174.05014038085938 210.70626831054688 142.5207061767578
v 174.42088317871094 211.1693572998047 142.14881896972656
v 174.79879760742188 210.75685119628906 142.74166870117188
v 175.2193603515625 211.31884765625 142.3536834716797
v 175.64871215820312 210.8895721435547 142.93910217285156
v 176.0038299560547 211.4986572265625 142.5842742919922
v 163.09173583984375 212.0245361328125 142.07432556152344
v 162.35350036621094 212.2715606689453 142.3507080078125
v 163.85687255859375 211.80377197265625 141.84829711914062
v 175.47964477539062 211.9606170654297 142.0550537109375
v 176.19520568847656 212.1931915283203 142.3644561767578
v 176.740234375 211.7008056640625 142.843505859375
v 176.8813018798828 212.37258911132812 142.7173614501953
v 177.07196044921875 212.96847534179688 142.84706115722656
v 177.410888671875 212.47950744628906 143.02420043945312
v 177.58412170410156 212.85116577148438 143.17967224121094
v 175.37619018554688 214.42457580566406 142.05543518066406
v 158.4020538330078 215.3115692138672 142.34402465820312
v 158.1006622314453 215.98252868652344 142.0663604736328
v 157.47918701171875 216.382568359375 142.4974365234375
v 156.9808349609375 218.12501525878906 142.31137084960938
v 156.60850524902344 217.5547637939453 142.79881286621094
v 156.36155700683594 218.2295379638672 142.79629516601562
v 156.36514282226562 218.9440155029297 142.7179718017578
v 155.8997802734375 218.6293182373047 143.11033630371094
v 155.86917114257812 219.10800170898438 143.07073974609375
v 157.1554718017578 219.09091186523438 142.164794921875
v 169.30772399902344 219.27748107910156 142.0901336669922
v 155.9283905029297 219.58224487304688 143.08956909179688
v 156.56402587890625 219.7593536376953 142.712890625
v 157.27171325683594 219.9839630126953 142.37351989746094
v 157.98382568359375 220.19285583496094 142.12228393554688
v 161.70509338378906 220.4973907470703 141.87400817871094
v 165.1531982421875 220.39700317382812 141.9147186279297
v 168.94873046875 219.92025756835938 142.4480743408203
v 156.8282470703125 220.5072784423828 142.92538452148438
v 157.623046875 220.6537628173828 142.68020629882812
v 160.34230041503906 220.8426513671875 142.3760528564453
v 164.05252075195312 220.80694580078125 142.36720275878906
v 167.77593994140625 220.732421875 142.61965942382812
v 164.38430786132812 210.59320068359375 143.48220825195312
v 167.17417907714844 210.00132751464844 143.35546875
v 169.5040740966797 209.53147888183594 143.73782348632812
v 171.77796936035156 209.55227661132812 143.73095703125
v 173.21401977539062 209.99771118164062 143.2551727294922
v 174.11297607421875 210.2392578125 143.16566467285156
v 176.0121307373047 210.482177734375 143.54080200195312
v 163.1951904296875 211.20570373535156 143.2507781982422
v 162.45468139648438 211.4595184326172 143.50747680664062
v 163.94895935058594 210.99884033203125 143.03060913085938
v 176.455322265625 211.06431579589844 143.13133239746094
v 177.2097930908203 211.27993774414062 143.35206604003906
v 177.97068786621094 211.5811767578125 143.64877319335938
v 162.02395629882812 211.9959716796875 143.0636749267578
v 177.40188598632812 211.9402313232422 143.1300811767578
v 177.93231201171875 212.36932373046875 143.4315948486328
v 178.456298828125 212.06895446777344 143.83889770507812
v 178.60572814941406 211.62193298339844 144.04408264160156
v 160.92144775390625 212.83065795898438 142.97122192382812
v 177.40269470214844 213.4179229736328 143.2126007080078
v 178.49945068359375 212.68942260742188 143.91354370117188
v 159.16018676757812 214.0361328125 143.1210479736328
v 176.48423767089844 214.46914672851562 142.9676971435547
v 177.15200805664062 214.13656616210938 143.33773803710938
v 158.10916137695312 215.02291870117188 143.04611206054688
v 157.4506378173828 215.4049072265625 143.4384765625
v 157.12734985351562 216.078125 143.15953063964844
v 156.85501098632812 216.7906494140625 142.9385986328125
v 156.03485107421875 217.91070556640625 143.20094299316406
v 155.49032592773438 218.3389892578125 143.57894897460938
v 155.4051055908203 219.2246551513672 143.49346923828125
v 169.74588012695312 219.7346954345703 142.66366577148438
v 172.16368103027344 219.07794189453125 143.32118225097656
v 155.0292510986328 219.8524932861328 143.83033752441406
v 155.49398803710938 220.04539489746094 143.52291870117188
v 156.10153198242188 220.2947540283203 143.2036590576172
v 168.6220245361328 220.58633422851562 142.7837677001953
v 170.22645568847656 220.2335205078125 143.21656799316406
v 171.02915954589844 220.01905822753906 143.43951416015625
v 155.6639862060547 220.74742126464844 143.69735717773438
v 156.39276123046875 220.98309326171875 143.46426391601562
v 157.31008911132812 221.20065307617188 143.31967163085938
v 164.099853515625 221.31967163085938 142.9414825439453
v 166.32078552246094 221.59133911132812 143.06224060058594
v 156.744873046875 221.60870361328125 143.85560607910156
v 162.71449279785156 221.85218811035156 143.68798828125
v 164.57644653320312 221.94273376464844 143.50669860839844
v 167.49342346191406 223.51524353027344 144.0953826904297
v 167.2696075439453 209.4203643798828 144.33335876464844
v 170.22535705566406 209.3171844482422 144.0751495361328
v 173.23269653320312 209.37049865722656 144.2719268798828
v 163.52255249023438 210.44268798828125 144.51171875
v 165.2203369140625 209.9218292236328 144.30105590820312
v 175.4746551513672 209.95045471191406 144.03329467773438
v 177.9763946533203 210.4468994140625 144.4406280517578
v 162.9507293701172 210.94078063964844 143.99209594726562
v 178.33746337890625 211.06454467773438 144.14285278320312
v 178.7486572265625 210.67953491210938 144.62564086914062
v 179.01214599609375 211.3291015625 144.43345642089844
v 161.0215606689453 212.0406036376953 144.10308837890625
v 179.65597534179688 211.64207458496094 144.76339721679688
v 179.71109008789062 212.1355438232422 144.7643280029297
v 159.2683868408203 213.1767120361328 144.27700805664062
v 178.3857879638672 213.44532775878906 144.06117248535156
v 157.53433227539062 214.48171997070312 144.52139282226562
v 158.8834991455078 213.75689697265625 143.84506225585938
v 178.17759704589844 214.1957244873047 144.2669219970703
v 157.1490478515625 215.13467407226562 144.16343688964844
v 177.06141662597656 216.06210327148438 144.37567138671875
v 155.30470275878906 217.2286834716797 144.3433074951172
v 176.16793823242188 217.16757202148438 144.26687622070312
v 154.6974639892578 217.59417724609375 144.7104949951172
v 175.23033142089844 218.18191528320312 144.2372283935547
v 175.941162109375 217.928955078125 144.52606201171875
v 154.92420959472656 218.75389099121094 143.9918975830078
v 175.69546508789062 218.66656494140625 144.79293823242188
v 153.98159790039062 219.86907958984375 144.6568603515625
v 155.05126953125 220.47096252441406 143.9794464111328
v 154.55506896972656 220.8854217529297 144.47010803222656
v 155.20973205566406 221.17636108398438 144.20111083984375
v 155.93572998046875 221.42135620117188 143.98971557617188
v 160.25735473632812 221.71771240234375 143.74388122558594
v 171.2534637451172 221.24066162109375 144.21559143066406
v 172.0029754638672 220.9666290283203 144.4270477294922
v 154.7168731689453 221.62957763671875 144.7136688232422
v 155.46197509765625 221.8583984375 144.50682067871094
v 156.29542541503906 222.10354614257812 144.412109375
v 161.347412109375 222.18992614746094 144.27186584472656
v 163.16209411621094 222.37179565429688 144.13548278808594
v 164.03880310058594 222.45285034179688 144.0272979736328
v 165.74449157714844 222.6624755859375 143.85629272460938
v 155.74830627441406 222.49526977539062 144.8673553466797
v 162.67091369628906 222.85691833496094 144.63555908203125
v 163.5268096923828 222.9768829345703 144.51368713378906
v 164.37960815429688 223.06594848632812 144.3826141357422
v 165.21812438964844 223.14764404296875 144.2593536376953
v 168.53939819335938 223.26260375976562 144.0404510498047
v 170.0471649169922 223.91693115234375 144.71746826171875
v 167.68905639648438 224.48968505859375 144.68087768554688
v 169.0207061767578 224.63433837890625 144.84764099121094
v 169.7457733154297 224.50123596191406 144.91954040527344
v 166.24240112304688 209.16473388671875 145.2681884765625
v 168.4761505126953 208.4758758544922 145.8287353515625
v 169.22450256347656 208.58627319335938 145.4852752685547
v 170.22303771972656 208.3421630859375 145.86947631835938
v 171.22511291503906 208.4636688232422 145.65118408203125
v 172.44239807128906 208.8108673095703 145.1227264404297
v 176.15235900878906 209.24325561523438 145.31710815429688
v 163.3163604736328 210.2100372314453 145.31016540527344
v 164.62962341308594 209.5076446533203 145.66946411132812
v 177.07012939453125 209.348876953125 145.4329376220703
v 178.4606475830078 210.08953857421875 144.99574279785156
v 179.19583129882812 209.88719177246094 145.48843383789062
v 179.1908721923828 210.38868713378906 145.04563903808594
v 180.04458618164062 210.5369110107422 145.36056518554688
v 180.12217712402344 209.81402587890625 145.8613739013672
v 181.08563232421875 210.3875274658203 145.80224609375
v 180.848876953125 209.7345428466797 146.11456298828125
v 181.5596923828125 209.93359375 146.1902618408203
v 181.995849609375 210.50686645507812 146.02793884277344
v 162.013427734375 210.984375 145.0409393310547
v 179.48410034179688 210.94573974609375 144.86643981933594
v 180.12168884277344 211.28103637695312 145.1183624267578
v 180.93357849121094 211.2946319580078 145.51943969726562
v 181.80877685546875 211.0622100830078 145.8595428466797
v 182.39915466308594 210.96861267089844 146.09512329101562
v 182.5511474609375 210.62893676757812 146.25277709960938
v 180.30859375 212.09872436523438 145.197509765625
v 181.12103271484375 212.05966186523438 145.63818359375
v 181.7264404296875 211.7638702392578 145.86805725097656
v 159.0047149658203 212.93997192382812 145.01051330566406
v 179.4615936279297 213.451416015625 145.0208282470703
v 180.1422576904297 213.04380798339844 145.37644958496094
v 180.8636016845703 212.71444702148438 145.7099609375
v 157.66351318359375 213.61514282226562 145.6820526123047
v 177.48709106445312 216.4871368408203 144.9885711669922
v 177.26547241210938 217.27377319335938 145.20187377929688
v 154.0650634765625 217.95921325683594 145.0780487060547
v 153.64920043945312 217.56483459472656 145.66290283203125
v 177.0345458984375 218.0476531982422 145.40982055664062
v 152.47511291503906 219.318115234375 145.73123168945312
v 153.86204528808594 218.7487335205078 144.91409301757812
v 175.42587280273438 219.37916564941406 145.0682373046875
v 151.8999786376953 220.17117309570312 145.90711975097656
v 172.76295471191406 220.74749755859375 144.6550750732422
v 151.87168884277344 220.69186401367188 145.91497802734375
v 153.18699645996094 221.00111389160156 145.29701232910156
v 153.99252319335938 221.36941528320312 144.9736785888672
v 152.66612243652344 221.7125701904297 145.6864776611328
v 157.719970703125 222.6295928955078 144.7670440673828
v 159.30422973632812 222.42608642578125 144.63011169433594
v 160.06443786621094 222.65673828125 144.88580322265625
v 160.89205932617188 222.63916015625 144.80636596679688
v 161.80039978027344 222.728759765625 144.73532104492188
v 173.18931579589844 222.10595703125 145.59259033203125
v 153.66099548339844 222.64193725585938 145.67457580566406
v 156.27635192871094 223.12315368652344 145.23382568359375
v 158.222412109375 223.1474609375 145.24037170410156
v 159.36859130859375 223.12493896484375 145.26719665527344
v 160.4618377685547 223.1209716796875 145.2578582763672
v 161.31399536132812 223.19195556640625 145.1858673095703
v 162.14370727539062 223.3572235107422 145.08731079101562
v 162.99014282226562 223.53616333007812 144.958984375
v 162.39364624023438 224.10462951660156 145.345703125
v 166.80873107910156 224.4752197265625 144.7374267578125
v 170.50364685058594 224.34193420410156 145.09628295898438
v 166.43113708496094 225.07577514648438 145.13565063476562
v 169.34043884277344 225.13616943359375 145.23451232910156
v 163.26954650878906 226.0101776123047 145.66000366210938
v 164.14501953125 225.97900390625 145.6205291748047
v 162.3452911376953 226.955322265625 145.8798828125
v 161.88357543945312 226.37432861328125 145.86029052734375
v 167.2316436767578 208.44593811035156 146.3303985595703
v 170.95877075195312 207.83216857910156 146.82054138183594
v 170.5370330810547 207.73411560058594 147.02957153320312
v 175.18771362304688 208.50315856933594 146.33779907226562
v 165.9372100830078 208.90948486328125 146.0123291015625
v 165.66754150390625 208.6884765625 146.76535034179688
v 178.26638793945312 208.99099731445312 146.27105712890625
v 179.1940460205078 209.2542266845703 146.1682891845703
v 180.25074768066406 209.287353515625 146.39718627929688
v 181.09033203125 209.38616943359375 146.53257751464844
v 181.85365295410156 209.5682373046875 146.65931701660156
v 163.12362670898438 210.00555419921875 146.11068725585938
v 182.2694549560547 210.13137817382812 146.36512756347656
v 182.55435180664062 209.80361938476562 146.86366271972656
v 182.86590576171875 210.4185028076172 146.6233367919922
v 161.8363800048828 210.771728515625 145.84814453125
v 182.3922882080078 211.52101135253906 146.1404266357422
v 182.9794464111328 211.14735412597656 146.50282287597656
v 183.4044647216797 210.75758361816406 146.9718017578125
v 183.47854614257812 211.21432495117188 146.89761352539062
v 159.89710998535156 211.88119506835938 145.93211364746094
v 182.25796508789062 212.2257537841797 146.24533081054688
v 182.90350341796875 211.96800231933594 146.54339599609375
v 183.4683380126953 211.7000274658203 146.9184112548828
v 158.09275817871094 213.04368591308594 146.10133361816406
v 181.31027221679688 213.1683349609375 146.1902618408203
v 182.0322265625 212.93099975585938 146.4296417236328
v 182.7264862060547 212.6980743408203 146.6749267578125
v 156.97816467285156 213.97030639648438 146.034423828125
v 154.23683166503906 216.1996307373047 146.24136352539062
v 153.2484130859375 217.1775360107422 146.2542724609375
v 152.56455993652344 217.4751434326172 146.55828857421875
v 152.3025665283203 218.18495178222656 146.3048095703125
v 152.07565307617188 218.91439819335938 146.11740112304688
v 151.63906860351562 218.49139404296875 146.61981201171875
v 151.4428253173828 219.26046752929688 146.42628479003906
v 151.3686065673828 220.1272430419922 146.252197265625
v 150.77627563476562 219.6167449951172 146.77749633789062
v 150.63034057617188 220.4629669189453 146.6619415283203
v 176.2817840576172 220.25491333007812 146.10707092285156
v 176.7021484375 220.70155334472656 146.5808563232422
v 150.58323669433594 222.2387237548828 146.61790466308594
v 149.92933654785156 221.65159606933594 146.92495727539062
v 149.98934936523438 222.37904357910156 146.860595703125
v 152.8966827392578 222.43699645996094 145.83914184570312
v 174.25619506835938 222.2079315185547 146.17507934570312
v 174.98568725585938 221.9575958251953 146.35714721679688
v 175.7157745361328 221.70166015625 146.5417022705078
v 150.45184326171875 223.10867309570312 146.74850463867188
v 149.76675415039062 222.85870361328125 146.99374389648438
v 151.31861877441406 222.99050903320312 146.49571228027344
v 152.31222534179688 222.93310546875 146.22451782226562
v 157.73611450195312 223.7067108154297 145.5889434814453
v 158.66275024414062 223.73648071289062 145.64178466796875
v 159.44932556152344 223.8118896484375 145.707763671875
v 160.1697998046875 223.68455505371094 145.60797119140625
v 160.89222717285156 223.61924743652344 145.5038604736328
v 161.58261108398438 223.84039306640625 145.4578399658203
v 172.6048126220703 223.48927307128906 145.9056396484375
v 173.29556274414062 223.18882751464844 146.1653594970703
v 173.9972686767578 222.92774963378906 146.37771606445312
v 149.8982391357422 223.57286071777344 147.03042602539062
v 150.5086669921875 223.95802307128906 146.8813934326172
v 151.1696014404297 223.80926513671875 146.71514892578125
v 155.20510864257812 224.2811279296875 146.1326904296875
v 157.2515106201172 224.24050903320312 145.85523986816406
v 158.0450439453125 224.37063598632812 145.90728759765625
v 159.06690979003906 224.48912048339844 145.94842529296875
v 159.92013549804688 224.25035095214844 145.8536376953125
v 160.8712158203125 224.39788818359375 145.75938415527344
v 161.79505920410156 224.48736572265625 145.61331176757812
v 150.93946838378906 224.4705047607422 146.9604034423828
v 150.49205017089844 224.42974853515625 147.02049255371094
v 157.16278076171875 225.07969665527344 146.13954162597656
v 159.06756591796875 225.35411071777344 146.12379455566406
v 160.00083923339844 225.09884643554688 146.0115203857422
v 161.58277893066406 225.01821899414062 145.7625274658203
v 172.8231964111328 224.7094268798828 146.4684600830078
v 159.59764099121094 226.0930633544922 146.1421356201172
v 160.53517150878906 226.08651733398438 146.05142211914062
v 166.4185028076172 226.60548400878906 146.05438232421875
v 156.4688262939453 227.1449432373047 146.44789123535156
v 165.29067993164062 227.25439453125 146.21615600585938
v 166.12022399902344 227.15257263183594 146.3121337890625
v 167.01295471191406 227.07489013671875 146.3656768798828
v 155.66357421875 228.2555389404297 146.67803955078125
v 156.44020080566406 228.20277404785156 146.4269256591797
v 157.2599639892578 228.30545043945312 146.26864624023438
v 158.11741638183594 228.707763671875 146.2035369873047
v 159.14193725585938 228.35272216796875 146.14749145507812
v 163.18801879882812 228.0445098876953 146.06163024902344
v 165.06109619140625 228.0233917236328 146.4090576171875
v 165.8546600341797 227.81797790527344 146.52603149414062
v 155.74859619140625 229.1618194580078 146.7097930908203
v 156.4747314453125 229.11968994140625 146.48094177246094
v 157.28607177734375 229.23757934570312 146.37794494628906
v 158.0447540283203 229.49029541015625 146.3623809814453
v 158.99954223632812 229.4805908203125 146.28970336914062
v 160.0615692138672 229.2757110595703 146.15704345703125
v 161.10299682617188 229.21737670898438 146.1105194091797
v 162.1824188232422 229.22996520996094 146.1353759765625
v 155.991943359375 229.72921752929688 146.85601806640625
v 156.69598388671875 229.80003356933594 146.8033447265625
v 157.5820770263672 229.89662170410156 146.73858642578125
v 158.4853973388672 230.02444458007812 146.68080139160156
v 159.27426147460938 230.20419311523438 146.6280059814453
v 159.96026611328125 230.12246704101562 146.39437866210938
v 160.83677673339844 230.10459899902344 146.26467895507812
v 161.79098510742188 230.14271545410156 146.26907348632812
v 162.90968322753906 230.21609497070312 146.3852081298828
v 163.98020935058594 229.9891815185547 146.48504638671875
v 160.55934143066406 230.57501220703125 146.59043884277344
v 161.29261779785156 230.6805877685547 146.60894775390625
v 162.18856811523438 230.77151489257812 146.6712646484375
v 162.9816436767578 230.88485717773438 146.77908325195312
v 163.75457763671875 230.72402954101562 146.73622131347656
v 166.19854736328125 208.27162170410156 147.46661376953125
v 167.2602996826172 208.1317596435547 147.1128692626953
v 168.1316680908203 207.91131591796875 147.2255401611328
v 168.90830993652344 207.87042236328125 147.04940795898438
v 171.94387817382812 207.5538330078125 147.5304718017578
v 173.30076599121094 207.82032775878906 147.22938537597656
v 163.46530151367188 209.36770629882812 147.4700927734375
v 164.91847229003906 208.88876342773438 146.95611572265625
v 164.751708984375 208.6924285888672 147.71990966796875
v 179.92169189453125 208.42822265625 147.5391387939453
v 180.53219604492188 208.89382934570312 146.98892211914062
v 181.36810302734375 209.03355407714844 147.09915161132812
v 181.6667022705078 208.7017059326172 147.7429962158203
v 182.13491821289062 209.22767639160156 147.24952697753906
v 182.8466339111328 209.47579956054688 147.4829559326172
v 162.92987060546875 209.82052612304688 146.92141723632812
v 183.1915740966797 210.09922790527344 147.16773986816406
v 183.50601196289062 209.78318786621094 147.8114776611328
v 183.7706756591797 210.4691925048828 147.55711364746094
v 160.93678283691406 210.86944580078125 146.96896362304688
v 183.86825561523438 211.2529754638672 147.35513305664062
v 159.02647399902344 211.97654724121094 147.00747680664062
v 183.37705993652344 212.4595489501953 147.0055389404297
v 183.9318389892578 212.09866333007812 147.41363525390625
v 184.36590576171875 211.67410278320312 147.90101623535156
v 184.33265686035156 212.3697509765625 147.86146545410156
v 182.49441528320312 213.41468811035156 146.90762329101562
v 183.14495849609375 213.1182861328125 147.09486389160156
v 183.8621826171875 213.03997802734375 147.5811309814453
v 184.46640014648438 212.81800842285156 148.08566284179688
v 180.7421417236328 214.52613830566406 146.76715087890625
v 183.11659240722656 213.8551483154297 147.46270751953125
v 183.82113647460938 213.8544921875 147.849609375
v 184.33316040039062 213.47006225585938 148.1356201171875
v 154.59310913085938 214.6215362548828 147.56683349609375
v 183.4715576171875 214.4807891845703 147.99642944335938
v 153.1739501953125 216.12132263183594 147.1610107421875
v 179.48233032226562 216.3790283203125 147.02774047851562
v 180.13821411132812 215.97271728515625 147.3859100341797
v 152.16058349609375 217.0673065185547 147.1508026123047
v 179.24449157714844 217.1676788330078 147.200439453125
v 151.21409606933594 218.0721435546875 147.18296813964844
v 179.0432586669922 217.99639892578125 147.3332061767578
v 150.31231689453125 219.16661071777344 147.3231201171875
v 178.87225341796875 218.8227996826172 147.43939208984375
v 150.10269165039062 219.959716796875 147.15785217285156
v 149.66554260253906 219.53485107421875 147.7069091796875
v 149.47059631347656 220.32945251464844 147.53329467773438
v 149.96502685546875 220.7909698486328 147.02639770507812
v 149.35911560058594 221.1800079345703 147.37693786621094
v 176.4459991455078 221.4556427001953 146.75296020507812
v 177.10504150390625 221.1723175048828 146.95993041992188
v 149.36473083496094 222.16407775878906 147.23983764648438
v 148.78330993652344 221.61094665527344 147.75369262695312
v 148.7275390625 222.51950073242188 147.6840362548828
v 174.7412567138672 222.70745849609375 146.5594940185547
v 175.52745056152344 222.47616577148438 146.73255920410156
v 177.05006408691406 222.07870483398438 147.14273071289062
v 149.21824645996094 223.1358184814453 147.34771728515625
v 148.71080017089844 223.11656188964844 147.68251037597656
v 173.77220153808594 223.67990112304688 146.5386199951172
v 174.54762268066406 223.4991455078125 146.72509765625
v 175.40020751953125 223.3470916748047 146.90122985839844
v 148.77471923828125 223.69256591796875 147.7306365966797
v 149.40802001953125 224.02809143066406 147.3995819091797
v 150.0616455078125 224.3062744140625 147.14784240722656
v 151.72894287109375 224.5320587158203 146.88204956054688
v 154.67210388183594 224.82852172851562 146.4912872314453
v 178.23724365234375 224.02919006347656 147.6580352783203
v 179.10321044921875 224.24142456054688 147.91905212402344
v 148.93121337890625 224.5278778076172 147.85581970214844
v 149.63262939453125 224.80064392089844 147.5621337890625
v 150.42578125 224.92605590820312 147.3020477294922
v 151.26776123046875 225.1462860107422 147.22425842285156
v 154.13160705566406 225.3631591796875 146.7832489013672
v 154.95985412597656 225.52398681640625 146.63534545898438
v 178.00645446777344 224.9828338623047 147.71986389160156
v 178.81463623046875 224.87896728515625 147.9371795654297
v 179.4052734375 224.77911376953125 148.13714599609375
v 179.66571044921875 224.37350463867188 148.16839599609375
v 149.89622497558594 225.52821350097656 147.81689453125
v 153.07310485839844 226.2852020263672 147.30892944335938
v 154.71836853027344 226.37965393066406 146.85873413085938
v 175.2319793701172 226.0489044189453 147.34994506835938
v 177.04190063476562 225.95285034179688 147.67584228515625
v 177.87132263183594 225.82188415527344 147.8666534423828
v 178.6306915283203 225.61703491210938 148.0928192138672
v 153.9364013671875 227.10072326660156 147.2504425048828
v 166.67877197265625 227.73536682128906 146.61988830566406
v 168.47727966308594 227.7381591796875 146.80519104003906
v 173.2700653076172 227.09495544433594 147.22572326660156
v 174.2163848876953 226.9982147216797 147.39022827148438
v 175.15780639648438 226.92205810546875 147.5523223876953
v 176.0659942626953 226.8455047607422 147.70948791503906
v 176.91531372070312 226.7366943359375 147.87538146972656
v 177.6928253173828 226.56507873535156 148.07199096679688
v 153.48544311523438 227.9917449951172 147.6855010986328
v 154.9261932373047 228.34071350097656 147.00425720214844
v 166.37049865722656 228.3804168701172 146.75392150878906
v 173.1575469970703 227.94284057617188 147.49246215820312
v 174.087158203125 227.84054565429688 147.6455841064453
v 174.994384765625 227.7356414794922 147.80413818359375
v 175.8606719970703 227.61111450195312 147.9608917236328
v 176.66580200195312 227.44692993164062 148.1280517578125
v 153.7186737060547 229.06451416015625 147.9407958984375
v 154.4295654296875 229.21939086914062 147.44989013671875
v 155.08004760742188 229.24630737304688 147.0581817626953
v 167.46192932128906 229.537353515625 147.14942932128906
v 168.26644897460938 229.30154418945312 147.2501220703125
v 172.9862823486328 228.70501708984375 147.8025665283203
v 173.87815856933594 228.587646484375 147.9505615234375
v 174.72854614257812 228.45175170898438 148.1115264892578
v 154.18112182617188 229.7669219970703 147.97886657714844
v 154.7609405517578 229.89549255371094 147.6636199951172
v 155.4250946044922 229.8711700439453 147.2525634765625
v 156.21690368652344 230.157958984375 147.55006408691406
v 157.21530151367188 230.20144653320312 147.43321228027344
v 158.14004516601562 230.29244995117188 147.32839965820312
v 159.03433227539062 230.43955993652344 147.21109008789062
v 159.882568359375 230.56381225585938 146.93789672851562
v 164.6438446044922 230.50881958007812 146.81085205078125
v 165.58120727539062 230.2111053466797 146.96286010742188
v 166.4178466796875 230.36044311523438 147.21865844726562
v 167.1748809814453 230.2213592529297 147.30897521972656
v 168.1448974609375 230.23611450195312 147.5279998779297
v 169.17787170410156 230.080078125 147.72183227539062
v 171.1043243408203 229.6065216064453 147.9703369140625
v 171.8798828125 229.3815155029297 147.98106384277344
v 172.69149780273438 229.3566436767578 148.15415954589844
v 160.65505981445312 230.81048583984375 147.2157440185547
v 161.5625762939453 230.95932006835938 147.29705810546875
v 162.57028198242188 231.08026123046875 147.400146484375
v 163.55828857421875 231.10321044921875 147.279296875
v 164.4580841064453 231.01971435546875 147.2308349609375
v 165.19334411621094 230.84246826171875 147.19644165039062
v 165.972412109375 230.84547424316406 147.48304748535156
v 166.87074279785156 230.8195037841797 147.66494750976562
v 167.62338256835938 230.72911071777344 147.699951171875
v 168.28607177734375 207.4593963623047 148.349609375
v 170.21783447265625 207.25830078125 148.24478149414062
v 166.25718688964844 207.97152709960938 148.27606201171875
v 179.16561889648438 207.9424285888672 148.19924926757812
v 181.1678009033203 208.2288055419922 148.2870635986328
v 181.9812774658203 208.393798828125 148.41981506347656
v 182.4319305419922 208.907470703125 147.91334533691406
v 183.14805603027344 209.1675262451172 148.1624755859375
v 183.8107147216797 209.48594665527344 148.49876403808594
v 184.10426330566406 210.16143798828125 148.22024536132812
v 184.28701782226562 210.8964385986328 148.0070343017578
v 184.6173095703125 210.650146484375 148.668212890625
v 184.6669921875 211.3312225341797 148.4157257080078
v 184.73379516601562 212.13119506835938 148.41055297851562
v 184.778564453125 212.9490966796875 148.5613555908203
v 184.12127685546875 214.20042419433594 148.2930450439453
v 184.66062927246094 213.7244415283203 148.68846130371094
v 152.73011779785156 214.70394897460938 148.7631072998047
v 153.48178100585938 214.49368286132812 148.4794464111328
v 180.85589599609375 215.64279174804688 147.6748046875
v 183.10079956054688 215.1673583984375 148.294921875
v 183.8089141845703 214.91146850585938 148.52365112304688
v 184.4351806640625 214.51043701171875 148.86172485351562
v 152.06155395507812 215.96914672851562 148.0890655517578
v 151.6689910888672 215.5703125 148.72109985351562
v 179.87997436523438 216.74636840820312 147.6051483154297
v 180.54391479492188 216.3900604248047 147.9417724609375
v 181.2517547607422 216.14617919921875 148.2128143310547
v 151.0712127685547 216.9393310546875 148.07363891601562
v 150.686279296875 216.54452514648438 148.69992065429688
v 179.69268798828125 217.58929443359375 147.7699737548828
v 180.34381103515625 217.1932830810547 148.14942932128906
v 150.14974975585938 218.00341796875 148.1336669921875
v 179.51617431640625 218.47994995117188 147.8569793701172
v 180.26402282714844 218.12039184570312 148.32440185546875
v 180.01792907714844 219.1972198486328 148.27737426757812
v 149.04701232910156 219.9290313720703 148.09381103515625
v 180.1635284423828 220.23989868164062 148.3600311279297
v 148.87879943847656 220.73538208007812 147.9081573486328
v 179.5957489013672 221.05587768554688 148.08139038085938
v 148.2248992919922 222.0589599609375 148.16812133789062
v 147.75579833984375 221.57406616210938 148.70391845703125
v 147.68482971191406 222.49072265625 148.61053466796875
v 181.32711791992188 222.19784545898438 148.6851806640625
v 181.74510192871094 221.57972717285156 148.8633575439453
v 182.00486755371094 222.27928161621094 148.96124267578125
v 148.20323181152344 223.10890197753906 148.1272735595703
v 147.66847229003906 223.11734008789062 148.58367919921875
v 178.6785125732422 222.68048095703125 147.7294921875
v 181.760009765625 222.8792724609375 148.91770935058594
v 182.2633514404297 222.759765625 149.16375732421875
v 182.4757843017578 222.35060119628906 149.24334716796875
v 147.70677185058594 223.74046325683594 148.61666870117188
v 148.29173278808594 224.141357421875 148.20680236816406
v 179.5452423095703 223.7403106689453 148.04539489746094
v 180.16355895996094 224.09893798828125 148.40023803710938
v 180.847900390625 223.78604125976562 148.70343017578125
v 181.5625457763672 223.5557861328125 149.019775390625
v 147.81553649902344 224.64691162109375 148.72427368164062
v 148.45213317871094 225.01438903808594 148.36781311035156
v 149.1441650390625 225.3165283203125 148.06561279296875
v 179.30650329589844 225.33819580078125 148.33544921875
v 179.93508911132812 224.880615234375 148.54556274414062
v 180.6409912109375 224.5458221435547 148.90786743164062
v 148.66552734375 225.80052185058594 148.592529296875
v 149.38998413085938 226.0496063232422 148.3331298828125
v 150.952880859375 226.40655517578125 147.96546936035156
v 178.3992156982422 226.3185272216797 148.32061767578125
v 179.0541229248047 226.0003204345703 148.63693237304688
v 179.69544982910156 225.6013946533203 148.94456481933594
v 150.40481567382812 226.9192657470703 148.4418182373047
v 177.3993682861328 227.22682189941406 148.33177185058594
v 178.0633544921875 226.94589233398438 148.5989532470703
v 178.67262268066406 226.61395263671875 148.94435119628906
v 151.44601440429688 227.79750061035156 148.61441040039062
v 152.96875 228.52703857421875 148.18685913085938
v 175.5342254638672 228.28750610351562 148.27670288085938
v 176.28782653808594 228.08071899414062 148.4503936767578
v 176.98348999023438 227.8222198486328 148.66043090820312
v 177.62196350097656 227.51109313964844 148.93617248535156
v 153.16648864746094 229.23548889160156 148.4983367919922
v 173.56045532226562 229.21240234375 148.29885864257812
v 174.35739135742188 229.05052185058594 148.47085571289062
v 175.10406494140625 228.8581085205078 148.65646362304688
v 175.80868530273438 228.62887573242188 148.85536193847656
v 153.77410888671875 229.8118133544922 148.65399169921875
v 154.58316040039062 230.1541290283203 148.4636688232422
v 155.4666290283203 230.23487854003906 148.21844482421875
v 156.36399841308594 230.29405212402344 148.50619506835938
v 159.7069549560547 230.6472625732422 147.9825897216797
v 168.8418426513672 230.65830993652344 147.9315948486328
v 169.38998413085938 230.7349090576172 148.17630004882812
v 170.00540161132812 230.53878784179688 148.26889038085938
v 170.90109252929688 230.32225036621094 148.43002319335938
v 172.08529663085938 230.0114288330078 148.62567138671875
v 173.13177490234375 229.688232421875 148.6641387939453
v 173.86480712890625 229.54403686523438 148.88543701171875
v 160.84278869628906 230.8542938232422 148.34974670410156
v 161.89561462402344 231.03228759765625 148.17584228515625
v 163.42251586914062 231.1726531982422 148.104736328125
v 164.38478088378906 231.2009735107422 148.0129852294922
v 165.3040008544922 231.13560485839844 147.82330322265625
v 166.4282989501953 231.1671905517578 148.3695068359375
v 167.50242614746094 231.105712890625 148.2635955810547
v 168.2728271484375 230.90907287597656 148.06378173828125
v 168.980712890625 231.05491638183594 148.45359802246094
v 169.6843719482422 231.0439453125 148.71803283691406
v 170.452880859375 230.91552734375 148.90484619140625
v 167.37966918945312 207.3194122314453 149.39517211914062
v 166.54542541503906 207.49118041992188 149.58782958984375
v 169.1747589111328 206.9815673828125 149.28701782226562
v 170.64920043945312 206.67396545410156 149.7465362548828
v 171.13282775878906 206.97109985351562 148.8851776123047
v 172.22885131835938 206.60711669921875 149.7400360107422
v 174.38482666015625 206.99600219726562 149.13731384277344
v 177.31698608398438 207.18861389160156 149.27394104003906
v 178.27984619140625 207.22442626953125 149.38072204589844
v 180.17141723632812 207.47525024414062 149.3236846923828
v 165.17098999023438 208.08663940429688 149.1343231201172
v 181.79513549804688 207.6394500732422 149.65135192871094
v 163.826904296875 208.7572479248047 148.83740234375
v 183.4597930908203 208.8817138671875 148.86090087890625
v 183.7794952392578 208.60337829589844 149.56288146972656
v 184.1129608154297 209.20555114746094 149.19818115234375
v 184.4066925048828 209.8850555419922 148.91334533691406
v 184.69805908203125 209.60238647460938 149.6193084716797
v 184.9331817626953 210.423095703125 149.4027099609375
v 185.0297393798828 211.4383544921875 149.10072326660156
v 185.06243896484375 212.36532592773438 148.9990997314453
v 185.0935516357422 213.10195922851562 149.1915283203125
v 152.79371643066406 213.77545166015625 149.8140106201172
v 153.5693817138672 213.57037353515625 149.57858276367188
v 152.3708038330078 214.34034729003906 149.41714477539062
v 153.8948211669922 213.9235076904297 148.89735412597656
v 151.30514526367188 215.2103271484375 149.35687255859375
v 183.4851837158203 215.6248016357422 148.8269805908203
v 184.1630096435547 215.28549194335938 149.10276794433594
v 150.33197021484375 216.1868896484375 149.33453369140625
v 181.00244140625 216.89474487304688 148.44610595703125
v 181.71896362304688 216.71714782714844 148.6964874267578
v 183.90914916992188 216.06069946289062 149.37339782714844
v 149.69906616210938 216.55108642578125 149.6815185546875
v 149.40309143066406 217.2633514404297 149.4015350341797
v 180.83885192871094 217.65174865722656 148.59832763671875
v 149.1273193359375 218.00930786132812 149.14813232421875
v 180.7683868408203 218.15753173828125 148.6658477783203
v 181.22119140625 218.21665954589844 148.8685760498047
v 148.87417602539062 218.77650451660156 148.9138641357422
v 180.74444580078125 218.71302795410156 148.6702117919922
v 147.65408325195312 219.55355834960938 149.698974609375
v 180.78012084960938 219.60003662109375 148.6659698486328
v 182.3383331298828 220.1881103515625 149.2477264404297
v 147.31491088867188 221.1165771484375 149.27322387695312
v 146.90135192871094 220.68685913085938 149.8644561767578
v 146.7490997314453 221.53907775878906 149.72779846191406
v 182.1949462890625 221.0725860595703 149.1046600341797
v 182.9528350830078 221.08154296875 149.53941345214844
v 183.64572143554688 220.5381622314453 149.9585723876953
v 183.60960388183594 221.22357177734375 150.0326385498047
v 147.2010498046875 222.03268432617188 149.1544647216797
v 146.6297607421875 222.5019073486328 149.6783447265625
v 182.38238525390625 221.7442626953125 149.16624450683594
v 182.8877410888672 222.02479553222656 149.54736328125
v 183.3485107421875 221.704345703125 149.9013214111328
v 147.15879821777344 223.1611785888672 149.09994506835938
v 146.54713439941406 223.35133361816406 149.7158203125
v 182.17819213867188 223.28564453125 149.3211669921875
v 182.7133026123047 222.7969970703125 149.61268615722656
v 146.76763916015625 223.92678833007812 149.52337646484375
v 147.23825073242188 224.23513793945312 149.12747192382812
v 181.30426025390625 224.24232482910156 149.2415008544922
v 181.93324279785156 223.9217071533203 149.57974243164062
v 182.51315307617188 223.51329040527344 149.93218994140625
v 146.7779541015625 224.730712890625 149.6676025390625
v 147.35206604003906 225.13938903808594 149.26654052734375
v 147.98513793945312 225.49473571777344 148.90402221679688
v 180.33241271972656 225.20147705078125 149.2279815673828
v 180.94081115722656 224.87103271484375 149.56277465820312
v 181.53955078125 224.53221130371094 149.928955078125
v 146.89695739746094 225.62216186523438 149.82803344726562
v 147.52391052246094 225.96836853027344 149.45565795898438
v 179.2928009033203 226.24085998535156 149.4767303466797
v 148.4158935546875 226.96656799316406 149.3917694091797
v 149.13758850097656 227.1888427734375 149.15040588378906
v 149.88507080078125 227.3832550048828 148.9532928466797
v 178.2088623046875 227.15679931640625 149.30186462402344
v 178.720458984375 226.79798889160156 149.6341552734375
v 148.65560913085938 227.60092163085938 149.697021484375
v 149.397705078125 227.7908477783203 149.4988250732422
v 150.17286682128906 227.9788818359375 149.3437957763672
v 151.7839813232422 228.50253295898438 148.99159240722656
v 176.47821044921875 228.35159301757812 149.0686798095703
v 177.10369873046875 228.02711486816406 149.35394287109375
v 177.6928253173828 227.65577697753906 149.69219970703125
v 153.0183563232422 229.53465270996094 149.07684326171875
v 174.59693908691406 229.32156372070312 149.072265625
v 175.2501983642578 229.09251403808594 149.32785034179688
v 175.9169464111328 228.80690002441406 149.5814666748047
v 176.5567169189453 228.47976684570312 149.79788208007812
v 152.92733764648438 229.71617126464844 149.7742919921875
v 153.64529418945312 229.98643493652344 149.5390625
v 154.4609832763672 230.1931915283203 149.3848876953125
v 155.3419952392578 230.27899169921875 149.27613830566406
v 171.31222534179688 230.7140350341797 149.1034698486328
v 172.0670623779297 230.52638244628906 149.41482543945312
v 173.0951385498047 230.0533447265625 149.48275756835938
v 174.070556640625 229.6715545654297 149.48501586914062
v 174.64697265625 229.4736328125 149.76661682128906
v 162.40850830078125 231.03466796875 149.10572814941406
v 167.37716674804688 231.29379272460938 149.19021606445312
v 168.29632568359375 231.2451629638672 148.83375549316406
v 169.11524963378906 231.30979919433594 149.2073211669922
v 169.89645385742188 231.2888946533203 149.414306640625
v 170.66934204101562 231.17352294921875 149.5968017578125
v 171.43280029296875 230.9661865234375 149.8092498779297
v 169.51792907714844 206.54322814941406 150.64013671875
v 173.32164001464844 206.4274444580078 150.3100128173828
v 175.163330078125 206.4752960205078 150.452880859375
v 165.56893920898438 207.54994201660156 150.60171508789062
v 168.0160675048828 206.98284912109375 150.0493927001953
v 168.67431640625 206.66842651367188 150.7500762939453
v 175.64163208007812 206.75234985351562 149.88711547851562
v 176.87733459472656 206.55177307128906 150.6202392578125
v 178.7553253173828 206.66424560546875 150.74810791015625
v 179.26719665527344 206.94400024414062 150.20729064941406
v 180.16285705566406 207.1328582763672 150.04266357421875
v 181.19895935058594 207.21530151367188 150.22601318359375
v 182.10472106933594 207.34780883789062 150.37039184570312
v 182.94149780273438 207.53302001953125 150.52125549316406
v 183.39772033691406 208.04930114746094 150.0065155029297
v 183.71005249023438 207.76206970214844 150.71450805664062
v 184.097900390625 208.3181610107422 150.26580810546875
v 184.4176025390625 208.92074584960938 149.89830017089844
v 184.7184600830078 208.62828063964844 150.5946502685547
v 184.98291015625 209.2938995361328 150.31492614746094
v 185.22366333007812 210.0865936279297 150.140869140625
v 185.4844207763672 209.71768188476562 150.82574462890625
v 185.69683837890625 210.58621215820312 150.76673889160156
v 185.44119262695312 211.124267578125 150.0550994873047
v 185.7517547607422 211.93466186523438 150.47848510742188
v 153.2668914794922 213.2443389892578 150.2720947265625
v 152.50523376464844 213.46575927734375 150.5045166015625
v 152.05673217773438 214.012451171875 150.0863800048828
v 151.78981018066406 213.72463989257812 150.78599548339844
v 151.36520385742188 214.29327392578125 150.38291931152344
v 150.9857177734375 214.89450073242188 150.00985717773438
v 150.34768676757812 215.23324584960938 150.33236694335938
v 150.01266479492188 215.87571716308594 149.99171447753906
v 149.0695037841797 216.94776916503906 150.07069396972656
v 148.4398193359375 217.36485290527344 150.48728942871094
v 184.1514892578125 217.26235961914062 149.97622680664062
v 184.87196350097656 217.2084503173828 150.46971130371094
v 148.14065551757812 218.0784454345703 150.2173309326172
v 185.04579162597656 219.1866912841797 150.7986602783203
v 146.724853515625 219.57310485839844 150.70706176757812
v 146.5218505859375 220.30796813964844 150.47459411621094
v 183.7031707763672 219.65992736816406 149.94117736816406
v 184.25181579589844 220.14840698242188 150.3487091064453
v 184.81692504882812 219.8670196533203 150.7351531982422
v 185.2069854736328 219.7129364013672 151.05088806152344
v 185.39505004882812 219.3217010498047 151.1868896484375
v 146.34088134765625 221.1130828857422 150.31793212890625
v 184.11737060546875 220.95858764648438 150.43069458007812
v 184.67074584960938 220.61328125 150.8595733642578
v 146.18426513671875 222.02833557128906 150.25013732910156
v 145.78781127929688 221.6121063232422 150.8417510986328
v 145.65237426757812 222.54185485839844 150.8135223388672
v 183.2908477783203 222.33786010742188 150.0775604248047
v 183.8477325439453 221.7594451904297 150.4903106689453
v 146.0578155517578 223.094482421875 150.2756805419922
v 145.5713653564453 223.3371124267578 150.8465118408203
v 183.06971740722656 223.0340576171875 150.34317016601562
v 183.62408447265625 222.52783203125 150.8167724609375
v 146.25685119628906 224.13967895507812 150.1012420654297
v 182.13604736328125 224.12701416015625 150.33245849609375
v 182.71890258789062 223.6533660888672 150.72503662109375
v 145.7867889404297 224.73117065429688 150.72647094726562
v 180.54486083984375 225.38037109375 149.91465759277344
v 181.01344299316406 225.11273193359375 150.34829711914062
v 181.6209259033203 224.68228149414062 150.7432403564453
v 145.90914916992188 225.6803741455078 150.80914306640625
v 146.46212768554688 226.08328247070312 150.38804626464844
v 180.61013793945312 225.45703125 150.36932373046875
v 146.63180541992188 226.85870361328125 150.5628204345703
v 147.26229858398438 227.15118408203125 150.23550415039062
v 147.94088745117188 227.39181518554688 149.94581604003906
v 178.26486206054688 227.23695373535156 150.29086303710938
v 146.8246307373047 227.5534210205078 150.78921508789062
v 147.49391174316406 227.79403686523438 150.51531982421875
v 148.2185516357422 227.9890899658203 150.28123474121094
v 148.9648895263672 228.14865112304688 150.07550048828125
v 177.135009765625 228.1191864013672 150.26658630371094
v 177.70455932617188 227.70506286621094 150.25184631347656
v 147.81422424316406 228.35487365722656 150.90664672851562
v 149.35604858398438 228.55642700195312 150.50344848632812
v 152.2123260498047 229.42811584472656 150.2414093017578
v 175.23353576660156 229.23056030273438 150.20436096191406
v 176.05850219726562 228.81634521484375 150.44100952148438
v 176.58607482910156 228.5195770263672 150.31056213378906
v 152.99095153808594 229.83030700683594 150.37765502929688
v 153.4911346435547 230.00701904296875 150.1768341064453
v 154.3074188232422 230.1732940673828 150.4128875732422
v 155.3067169189453 230.24147033691406 150.2989501953125
v 157.2340850830078 230.17709350585938 150.31497192382812
v 158.26319885253906 230.24986267089844 150.0793914794922
v 159.2530517578125 230.38633728027344 150.030029296875
v 173.0322723388672 230.23667907714844 150.4552459716797
v 173.9448699951172 229.81796264648438 150.34193420410156
v 161.1822967529297 230.79653930664062 150.3036346435547
v 169.313232421875 231.45208740234375 149.9086456298828
v 170.00045776367188 231.45448303222656 150.16262817382812
v 170.78024291992188 231.3302459716797 150.3047332763672
v 171.4199981689453 231.1022186279297 150.4387664794922
v 171.03147888183594 206.23399353027344 151.15647888183594
v 172.08351135253906 206.111083984375 151.3706817626953
v 167.01736450195312 206.99513244628906 151.06082153320312
v 180.91761779785156 206.552734375 151.62277221679688
v 182.6650848388672 206.79420471191406 151.8361358642578
v 183.23013305664062 207.24961853027344 151.24087524414062
v 183.9915771484375 207.4788818359375 151.42800903320312
v 164.05419921875 208.02134704589844 151.0521240234375
v 184.4002227783203 208.03004455566406 150.97061157226562
v 184.67556762695312 207.7534637451172 151.68324279785156
v 185.00900268554688 208.34951782226562 151.2947540283203
v 185.2566375732422 208.9898681640625 150.9883270263672
v 185.54405212402344 208.75479125976562 151.68240356445312
v 185.6814422607422 209.37266540527344 151.40005493164062
v 160.73190307617188 209.670654296875 150.78555297851562
v 154.2095947265625 212.2551727294922 151.54383850097656
v 153.4084014892578 212.5731658935547 151.4580841064453
v 152.25286865234375 213.2034149169922 151.22540283203125
v 151.56236267089844 213.48159790039062 151.5286407470703
v 152.97975158691406 212.97195434570312 150.9732666015625
v 186.15521240234375 213.35415649414062 151.27024841308594
v 151.12001037597656 214.02952575683594 151.1009979248047
v 150.09133911132812 214.98191833496094 151.05345153808594
v 149.87384033203125 214.7688751220703 151.83067321777344
v 185.93212890625 215.13648986816406 151.19346618652344
v 149.11184692382812 216.0182647705078 151.0941162109375
v 148.14752197265625 217.10325622558594 151.20387268066406
v 185.85894775390625 216.99806213378906 151.44302368164062
v 185.40855407714844 217.74241638183594 151.02769470214844
v 185.89332580566406 218.1461639404297 151.7212371826172
v 146.40725708007812 219.2630615234375 151.36575317382812
v 185.41131591796875 218.65467834472656 151.12734985351562
v 185.6956024169922 219.1579132080078 151.68917846679688
v 146.1788330078125 219.97589111328125 151.11001586914062
v 145.868896484375 219.6837921142578 151.78146362304688
v 145.64427185058594 220.4268341064453 151.57351684570312
v 185.1336212158203 220.27078247070312 151.2310791015625
v 185.46595764160156 219.83897399902344 151.52613830566406
v 145.97398376464844 220.74664306640625 150.93040466308594
v 184.4674072265625 221.3453826904297 151.05592346191406
v 184.97572326660156 220.93978881835938 151.51150512695312
v 185.37940979003906 220.49813842773438 151.89376831054688
v 184.18145751953125 222.03712463378906 151.32901000976562
v 184.7089080810547 221.58563232421875 151.83958435058594
v 144.9295654296875 222.87184143066406 151.76722717285156
v 183.26919555664062 223.15866088867188 151.18162536621094
v 183.8120574951172 222.6585693359375 151.6913604736328
v 145.3167724609375 224.0792236328125 151.22726440429688
v 182.2128448486328 224.2218475341797 151.3662109375
v 182.8612060546875 223.65350341796875 151.48199462890625
v 181.09152221679688 225.1257781982422 151.1840057373047
v 146.06439208984375 226.49671936035156 150.91696166992188
v 180.54673767089844 225.4923553466797 151.63638305664062
v 145.6560821533203 226.80718994140625 151.45785522460938
v 146.21078491210938 227.2393035888672 151.1079559326172
v 178.73585510253906 226.85415649414062 151.0427703857422
v 178.2169189453125 227.23007202148438 151.357421875
v 145.78863525390625 227.6014404296875 151.68630981445312
v 146.41603088378906 227.93316650390625 151.35055541992188
v 147.0796661376953 228.16380310058594 151.0832061767578
v 177.10618591308594 228.0904541015625 151.2467498779297
v 146.73495483398438 228.53076171875 151.66746520996094
v 147.39988708496094 228.6339569091797 151.44915771484375
v 148.2541961669922 228.8797607421875 151.58433532714844
v 175.40017700195312 229.1265411376953 151.2521209716797
v 176.09840393066406 228.76715087890625 151.2268829345703
v 176.58753967285156 228.4984588623047 150.84458923339844
v 176.52548217773438 228.43588256835938 151.64625549316406
v 152.7318572998047 229.74244689941406 150.86990356445312
v 153.52090454101562 230.00872802734375 150.95909118652344
v 154.36767578125 230.1602325439453 151.50584411621094
v 155.21739196777344 230.21485900878906 151.3233184814453
v 157.1846466064453 230.1385498046875 151.35105895996094
v 158.16952514648438 230.1704864501953 151.25277709960938
v 159.13308715820312 230.30775451660156 150.96336364746094
v 159.90567016601562 230.47540283203125 151.3378143310547
v 174.6406707763672 229.52247619628906 150.87637329101562
v 161.4563751220703 230.84571838378906 151.19796752929688
v 167.27159118652344 231.40884399414062 151.39053344726562
v 169.1561279296875 231.57786560058594 150.77468872070312
v 170.14508056640625 231.60519409179688 151.00588989257812
v 170.9552764892578 231.3705596923828 151.0109100341797
v 171.67681884765625 230.98764038085938 151.06874084472656
v 169.49147033691406 231.75306701660156 151.53834533691406
v 170.04269409179688 231.7879180908203 151.82081604003906
v 170.56166076660156 231.61105346679688 151.5414276123047
v 173.1138153076172 205.84178161621094 152.17112731933594
v 173.25164794921875 205.6521759033203 152.8520965576172
v 174.28160095214844 205.9072265625 151.95953369140625
v 176.22421264648438 206.00430297851562 151.9866485595703
v 179.07701110839844 206.1619873046875 152.13873291015625
v 181.2603302001953 206.35165405273438 152.2588653564453
v 182.91456604003906 206.5517120361328 152.58045959472656
v 165.30296325683594 207.25115966796875 152.285888671875
v 183.4855194091797 206.98236083984375 151.96714782714844
v 183.71890258789062 206.7447052001953 152.69422912597656
v 184.23936462402344 207.2138671875 152.15187072753906
v 184.92239379882812 207.4956512451172 152.41455078125
v 185.28439331054688 208.09243774414062 152.01577758789062
v 185.53485107421875 207.8423309326172 152.76394653320312
v 185.8314971923828 208.52467346191406 152.43673706054688
v 186.69363403320312 210.6288299560547 152.78221130371094
v 152.50535583496094 212.60440063476562 152.40133666992188
v 186.53489685058594 212.06613159179688 152.060302734375
v 152.03575134277344 212.9941864013672 151.9775848388672
v 151.89161682128906 212.81100463867188 152.78627014160156
v 151.37429809570312 213.2841339111328 152.3212432861328
v 149.6910858154297 214.5937042236328 152.6540985107422
v 150.91355895996094 213.80810546875 151.87193298339844
v 150.73812866210938 213.63308715820312 152.6918182373047
v 187.0153045654297 214.12814331054688 152.8098602294922
v 186.7803497314453 215.13156127929688 152.4847869873047
v 148.87413024902344 215.80819702148438 151.87266540527344
v 148.6804962158203 215.62396240234375 152.69090270996094
v 186.93582153320312 216.07992553710938 152.91445922851562
v 147.90013122558594 216.87106323242188 151.958984375
v 186.3241424560547 217.34190368652344 152.15695190429688
v 186.69168090820312 216.86915588378906 152.66766357421875
v 146.42124938964844 218.32415771484375 152.39964294433594
v 186.30624389648438 218.1053924560547 152.3930206298828
v 186.62049865722656 217.6156463623047 152.81629943847656
v 146.12477111816406 218.98831176757812 152.06320190429688
v 145.58950805664062 219.4315185546875 152.49574279785156
v 186.08987426757812 218.95083618164062 152.5115509033203
v 145.3440399169922 220.15135192871094 152.25778198242188
v 185.72532653808594 219.93797302246094 152.3516845703125
v 145.13327026367188 220.9236602783203 152.0985107421875
v 144.8455810546875 220.66712951660156 152.79188537597656
v 185.1554412841797 221.12948608398438 152.2936248779297
v 185.48439025878906 220.67474365234375 152.57260131835938
v 144.95730590820312 221.73902893066406 152.01390075683594
v 144.5629119873047 222.288330078125 152.52891540527344
v 184.3368377685547 222.17074584960938 152.2078094482422
v 184.8096160888672 221.69908142089844 152.6973419189453
v 183.2943115234375 223.24505615234375 152.25570678710938
v 183.92799377441406 222.6514434814453 152.48587036132812
v 144.502197265625 223.8852081298828 152.44200134277344
v 182.66738891601562 223.84088134765625 152.0475311279297
v 144.49391174316406 224.87506103515625 152.5244598388672
v 144.88938903808594 225.38748168945312 151.99884033203125
v 180.45741271972656 225.4099578857422 152.51695251464844
v 181.7552947998047 224.5875244140625 151.9961700439453
v 144.638427734375 226.0303955078125 152.52471923828125
v 145.19989013671875 226.13870239257812 151.76910400390625
v 145.14920043945312 227.0913848876953 152.15347290039062
v 144.58079528808594 227.08071899414062 152.88900756835938
v 178.14723205566406 227.1162872314453 152.26075744628906
v 144.90928649902344 227.75840759277344 152.6953125
v 145.41209411621094 228.0364227294922 152.29306030273438
v 146.044677734375 228.3258056640625 151.93411254882812
v 176.3943634033203 228.31658935546875 152.4602813720703
v 177.631591796875 227.61915588378906 151.75413513183594
v 177.52696228027344 227.4733428955078 152.6100616455078
v 145.0673828125 228.43617248535156 152.91482543945312
v 145.7532958984375 228.79872131347656 152.61196899414062
v 146.4234161376953 228.84388732910156 152.20750427246094
v 147.2823944091797 229.07447814941406 152.18533325195312
v 148.1935577392578 229.2519989013672 152.37649536132812
v 151.4317626953125 229.37608337402344 152.19496154785156
v 175.90020751953125 228.7588653564453 151.95025634765625
v 175.20419311523438 229.0755157470703 152.26593017578125
v 146.5488739013672 229.2795867919922 152.82115173339844
v 145.87916564941406 229.29685974121094 153.16287231445312
v 147.1828155517578 229.39804077148438 152.7947998046875
v 147.74794006347656 229.4408721923828 152.85494995117188
v 153.6516876220703 230.00755310058594 151.942626953125
v 154.27581787109375 230.1193389892578 152.2939910888672
v 154.9734344482422 230.18927001953125 152.24539184570312
v 157.9372100830078 230.16558837890625 152.1250457763672
v 158.93084716796875 230.29934692382812 152.126708984375
v 173.99998474121094 229.67547607421875 152.17355346679688
v 174.62100219726562 229.45651245117188 151.77613830566406
v 174.49082946777344 229.35450744628906 152.62242126464844
v 161.56695556640625 230.90304565429688 152.25489807128906
v 162.41500854492188 231.03408813476562 152.2701416015625
v 164.05601501464844 231.21505737304688 152.62098693847656
v 171.68167114257812 230.78147888183594 152.5413818359375
v 171.11166381835938 231.29734802246094 151.91448974609375
v 168.48660278320312 231.84629821777344 152.6453094482422
v 169.3758087158203 231.8733367919922 152.34750366210938
v 170.10476684570312 231.7976531982422 152.48728942871094
v 170.50466918945312 231.6850128173828 152.05047607421875
v 170.61837768554688 231.56578063964844 152.51412963867188
v 172.34017944335938 205.5791778564453 153.48828125
v 175.24755859375 205.53823852539062 153.39886474609375
v 171.8274688720703 205.7516326904297 152.86631774902344
v 177.51966857910156 205.83839416503906 152.75767517089844
v 177.97402954101562 205.5572967529297 153.83786010742188
v 179.7992401123047 205.6868133544922 153.73890686035156
v 183.205322265625 206.3863067626953 153.21932983398438
v 184.46058654785156 206.97113037109375 152.90139770507812
v 184.6854705810547 206.75624084472656 153.68304443359375
v 185.14801025390625 207.2587127685547 153.17015075683594
v 185.7550048828125 207.60623168945312 153.52984619140625
v 162.95773315429688 207.93223571777344 152.9722900390625
v 186.0766143798828 208.25294494628906 153.21539306640625
v 186.32583618164062 209.00477600097656 152.97512817382812
v 186.5495147705078 208.7100067138672 153.7678680419922
v 186.76332092285156 209.51608276367188 153.58778381347656
v 158.0794677734375 210.0220489501953 153.06678771972656
v 186.5272216796875 209.8064422607422 152.82958984375
v 187.0968780517578 211.09584045410156 153.5202178955078
v 151.76515197753906 212.66006469726562 153.67453002929688
v 187.177490234375 212.13755798339844 153.36123657226562
v 150.58494567871094 213.50030517578125 153.5448760986328
v 187.20391845703125 213.19509887695312 153.2188720703125
v 149.53309631347656 214.4512939453125 153.50595092773438
v 187.34178161621094 214.1254425048828 153.41314697265625
v 187.26824951171875 215.10507202148438 153.34158325195312
v 187.5426483154297 214.53207397460938 153.89739990234375
v 187.52999877929688 215.08465576171875 153.90895080566406
v 148.10223388671875 216.052978515625 153.1359405517578
v 187.25091552734375 216.04806518554688 153.52052307128906
v 187.48394775390625 215.61782836914062 153.95155334472656
v 187.008056640625 216.97389221191406 153.4879150390625
v 146.20872497558594 218.10081481933594 153.16717529296875
v 186.47750854492188 218.3704071044922 152.99913024902344
v 186.7508544921875 217.88803100585938 153.43971252441406
v 145.34396362304688 219.21812438964844 153.25096130371094
v 186.32257080078125 218.99319458007812 153.34954833984375
v 186.59613037109375 218.5058135986328 153.74981689453125
v 145.07180786132812 219.9220733642578 152.98533630371094
v 144.83438110351562 219.72853088378906 153.74948120117188
v 144.5852813720703 220.45457458496094 153.52735900878906
v 185.9825897216797 219.7684783935547 153.3723907470703
v 144.38609313964844 221.22584533691406 153.36781311035156
v 185.2311248779297 221.16725158691406 153.26976013183594
v 185.65573120117188 220.4578094482422 153.08421325683594
v 184.3192901611328 222.22933959960938 153.2437286376953
v 184.82144165039062 221.7268829345703 153.297119140625
v 144.21595764160156 223.0937957763672 153.02615356445312
v 143.86460876464844 222.70010375976562 153.83985900878906
v 183.71588134765625 222.8341522216797 153.048828125
v 183.20407104492188 223.22793579101562 153.35174560546875
v 143.8357696533203 224.3981475830078 153.63035583496094
v 182.69032287597656 223.73428344726562 152.84161376953125
v 182.10153198242188 224.11402893066406 153.23556518554688
v 143.73130798339844 224.89132690429688 153.87509155273438
v 180.9810333251953 224.93267822265625 153.0345916748047
v 181.48048400878906 224.45127868652344 153.5642852783203
v 143.80136108398438 225.70152282714844 153.8848419189453
v 144.1880645751953 226.31930541992188 153.2911834716797
v 179.8043975830078 225.75888061523438 152.8795928955078
v 144.2198486328125 227.13221740722656 153.46983337402344
v 177.36959838867188 227.28794860839844 153.40953063964844
v 144.49703979492188 227.97027587890625 153.4355010986328
v 144.83267211914062 228.73207092285156 153.48666381835938
v 145.31776428222656 229.0496063232422 153.2543182373047
v 148.5254669189453 229.45388793945312 153.0212860107422
v 153.09652709960938 229.7004852294922 153.4324493408203
v 175.02569580078125 228.93382263183594 153.1217498779297
v 174.28176879882812 229.20420837402344 153.43695068359375
v 145.08096313476562 229.21681213378906 153.9247589111328
v 145.70883178710938 229.48121643066406 153.75811767578125
v 146.4119415283203 229.58453369140625 153.5907440185547
v 147.2620086669922 229.5897674560547 153.4187469482422
v 148.0573272705078 229.59584045410156 153.47470092773438
v 148.68870544433594 229.5697784423828 153.8030242919922
v 153.73397827148438 229.9590606689453 152.81008911132812
v 154.5017852783203 230.0915069580078 152.9895477294922
v 155.34217834472656 230.16629028320312 153.11944580078125
v 172.36367797851562 230.21176147460938 153.0374298095703
v 173.53721618652344 229.462890625 153.65512084960938
v 161.6389923095703 230.9580535888672 153.34588623046875
v 162.52487182617188 231.07913208007812 153.30709838867188
v 163.43666076660156 231.1537628173828 153.37759399414062
v 165.217041015625 231.29689025878906 153.80857849121094
v 165.9717254638672 231.445068359375 153.51751708984375
v 166.91383361816406 231.6535186767578 153.42608642578125
v 171.00552368164062 231.16131591796875 152.8956298828125
v 170.27430725097656 231.53846740722656 153.18572998046875
v 167.64500427246094 231.87742614746094 153.77210998535156
v 168.2706298828125 231.93447875976562 153.49618530273438
v 169.0296173095703 231.9269561767578 153.18685913085938
v 169.68466186523438 231.8561553955078 152.97531127929688
v 171.29449462890625 205.523681640625 154.33660888671875
v 174.23544311523438 205.35374450683594 154.39984130859375
v 176.17141723632812 205.38888549804688 154.4067840576172
v 180.15853881835938 205.56211853027344 154.34593200683594
v 168.167236328125 206.075927734375 154.14517211914062
v 169.69314575195312 205.6632843017578 154.686279296875
v 181.5372314453125 205.8279266357422 153.93475341796875
v 184.1809539794922 206.28697204589844 154.40692138671875
v 184.94281005859375 206.6246337890625 154.3656463623047
v 163.28269958496094 207.459228515625 154.30503845214844
v 185.35751342773438 207.05296325683594 153.93484497070312
v 185.5067138671875 206.85372924804688 154.73057556152344
v 185.94337463378906 207.40501403808594 154.3181610107422
v 186.2777557373047 208.01304626464844 153.9807586669922
v 186.46533203125 207.86106872558594 154.774658203125
v 186.68118286132812 208.43524169921875 154.44265747070312
v 186.9992218017578 209.21595764160156 154.51040649414062
v 157.77230834960938 209.6883087158203 154.69741821289062
v 187.17318725585938 210.2552947998047 154.16397094726562
v 187.39923095703125 211.10398864746094 154.28233337402344
v 151.61534118652344 212.55711364746094 154.580078125
v 153.08241271972656 211.91087341308594 154.01797485351562
v 187.43846130371094 211.8523406982422 154.08856201171875
v 187.64060974121094 211.64537048339844 154.83047485351562
v 187.69113159179688 212.51025390625 154.71290588378906
v 151.07870483398438 213.01177978515625 154.03823852539062
v 187.4865264892578 212.7745361328125 153.9588623046875
v 187.71151733398438 213.41058349609375 154.58807373046875
v 187.5299072265625 213.68296813964844 153.8962860107422
v 187.69186401367188 214.1695098876953 154.4142608642578
v 148.94935607910156 214.8846893310547 153.94407653808594
v 187.66741943359375 215.06381225585938 154.5408477783203
v 187.38153076171875 216.346923828125 154.03306579589844
v 187.5618438720703 215.96597290039062 154.49710083007812
v 187.26934814453125 216.89817810058594 154.39920043945312
v 187.4654083251953 216.4382781982422 154.45120239257812
v 145.48390197753906 218.36190795898438 154.3988494873047
v 186.89109802246094 217.84230041503906 154.32101440429688
v 186.29794311523438 219.21299743652344 154.2702178955078
v 186.6313934326172 218.5565643310547 154.28439331054688
v 144.3621368408203 220.26821899414062 154.29112243652344
v 185.8951873779297 220.02508544921875 154.26429748535156
v 144.1409149169922 221.0097198486328 154.1084747314453
v 185.6172637939453 220.55078125 153.8594970703125
v 185.171875 221.12591552734375 154.33383178710938
v 143.96881103515625 221.81072998046875 153.97642517089844
v 143.59361267089844 222.41769409179688 154.61544799804688
v 184.7655029296875 221.69500732421875 153.90858459472656
v 184.20518493652344 222.1556854248047 154.33059692382812
v 143.54022216796875 223.3415985107422 154.42572021484375
v 183.71054077148438 222.7056121826172 153.85565185546875
v 181.32412719726562 224.26214599609375 154.36460876464844
v 182.6033935546875 223.61651611328125 153.74696350097656
v 182.46701049804688 223.44528198242188 154.5847625732422
v 180.82791137695312 224.76576232910156 153.8668670654297
v 143.733642578125 227.0021514892578 154.4400634765625
v 144.02587890625 227.45880126953125 153.98948669433594
v 143.80288696289062 227.6530303955078 154.6403045654297
v 144.12901306152344 228.0789337158203 154.1842041015625
v 175.3389129638672 228.25137329101562 154.38461303710938
v 144.4879913330078 228.71844482421875 154.18191528320312
v 153.38836669921875 229.6259765625 154.1600341796875
v 144.90350341796875 229.337890625 154.71426391601562
v 145.59500122070312 229.61509704589844 154.529296875
v 146.3505096435547 229.7404327392578 154.38320922851562
v 147.03387451171875 229.74392700195312 154.16104125976562
v 148.00218200683594 229.6985626220703 154.3198699951172
v 148.74676513671875 229.60838317871094 154.34971618652344
v 153.9014434814453 229.88153076171875 153.619873046875
v 154.71585083007812 230.0152587890625 153.80429077148438
v 155.5673828125 230.10523986816406 154.00877380371094
v 171.27769470214844 230.3199005126953 154.21481323242188
v 172.5830078125 229.50997924804688 154.54539489746094
v 160.93324279785156 230.8059539794922 154.49069213867188
v 161.83944702148438 230.9669647216797 154.2707977294922
v 162.71690368652344 231.02793884277344 154.22572326660156
v 163.73446655273438 231.00680541992188 154.35235595703125
v 164.44410705566406 230.74888610839844 154.90716552734375
v 164.68861389160156 231.10365295410156 154.3199005126953
v 163.7162628173828 230.6582794189453 155.05606079101562
v 165.07151794433594 230.89956665039062 154.81646728515625
v 165.31402587890625 231.14720153808594 154.47659301757812
v 165.69517517089844 230.91180419921875 154.94134521484375
v 165.89016723632812 231.28248596191406 154.38380432128906
v 166.646484375 231.51039123535156 154.3489532470703
v 170.78196716308594 230.94000244140625 153.7080535888672
v 170.50576782226562 230.60824584960938 154.44125366210938
v 170.0288543701172 231.23585510253906 154.0038604736328
v 167.37802124023438 231.77484130859375 154.43319702148438
v 168.0387420654297 231.8841552734375 154.2466278076172
v 168.76951599121094 231.84423828125 153.9485626220703
v 168.4386749267578 231.6045684814453 154.6173553466797
v 169.2353515625 231.44918823242188 154.3251190185547
v 169.529052734375 231.72439575195312 153.6185760498047
v 170.47256469726562 205.4469451904297 155.424560546875
v 173.25286865234375 205.26809692382812 155.37266540527344
v 177.27639770507812 205.28196716308594 155.39439392089844
v 179.0297088623047 205.31094360351562 155.48709106445312
v 182.14834594726562 205.54891967773438 155.35084533691406
v 165.56072998046875 206.5013427734375 155.51901245117188
v 167.97238159179688 205.9375 155.0189971923828
v 168.6501922607422 205.6688690185547 155.68336486816406
v 182.63604736328125 205.75636291503906 154.79051208496094
v 183.4683074951172 205.8869171142578 154.95965576171875
v 183.72142028808594 205.72918701171875 155.75706481933594
v 184.15908813476562 205.99949645996094 155.22933959960938
v 184.88485717773438 206.3295440673828 155.1769561767578
v 185.6454620361328 206.66957092285156 155.58901977539062
v 162.56387329101562 207.47860717773438 155.51290893554688
v 164.87815856933594 206.80767822265625 154.92152404785156
v 186.10377502441406 207.23609924316406 155.14988708496094
v 186.62657165527344 207.72903442382812 155.64190673828125
v 161.16510009765625 208.10121154785156 155.15289306640625
v 186.95738220214844 208.52809143066406 155.2738800048828
v 187.2821044921875 209.29629516601562 155.34906005859375
v 155.5164794921875 210.50193786621094 155.57177734375
v 187.39810180664062 209.9761505126953 155.0778350830078
v 187.53750610351562 210.812255859375 154.92413330078125
v 187.67959594726562 210.62930297851562 155.72438049316406
v 187.77142333984375 211.46551513671875 155.6019287109375
v 152.1868438720703 212.1304931640625 155.17059326171875
v 187.82383728027344 212.3319854736328 155.50657653808594
v 150.31961059570312 213.30030822753906 155.27174377441406
v 187.8334503173828 213.24093627929688 155.39630126953125
v 149.84121704101562 213.80018615722656 154.80921936035156
v 187.79319763183594 214.25198364257812 155.2136688232422
v 187.73751831054688 215.12171936035156 155.3791046142578
v 187.62599182128906 215.7832794189453 155.15480041503906
v 187.46298217773438 216.46142578125 154.90481567382812
v 187.4188690185547 216.4028778076172 155.66397094726562
v 187.14889526367188 217.2052001953125 155.24490356445312
v 145.7177734375 217.54623413085938 155.64443969726562
v 186.8267364501953 217.98263549804688 155.21499633789062
v 144.95767211914062 218.85438537597656 154.86837768554688
v 144.80215454101562 218.6801300048828 155.7258758544922
v 186.5966339111328 218.56088256835938 154.84815979003906
v 186.2130889892578 219.1715545654297 155.32369995117188
v 144.1725311279297 220.09255981445312 155.08155822753906
v 185.87644958496094 219.8768310546875 155.0247039794922
v 143.6055908203125 221.26641845703125 155.38067626953125
v 185.53131103515625 220.53341674804688 154.7406768798828
v 185.407958984375 220.40098571777344 155.5773468017578
v 185.0435333251953 221.01991271972656 155.2303009033203
v 143.35487365722656 222.08441162109375 155.4967803955078
v 184.6460418701172 221.59963989257812 154.81690979003906
v 184.48727416992188 221.44859313964844 155.6709442138672
v 184.0576934814453 222.013671875 155.229248046875
v 143.27105712890625 223.142822265625 155.23968505859375
v 183.5919952392578 222.56341552734375 154.752197265625
v 143.31813049316406 224.13316345214844 154.91600036621094
v 180.43128967285156 224.33566284179688 155.4124755859375
v 143.22691345214844 225.1230926513672 155.25296020507812
v 143.2151336669922 226.11956787109375 155.54904174804688
v 143.4928741455078 226.97596740722656 155.1067352294922
v 143.58645629882812 227.8042449951172 155.4119415283203
v 143.98695373535156 228.34207153320312 154.81640625
v 175.1138458251953 228.03257751464844 155.15924072265625
v 143.8175048828125 228.5535125732422 155.5996551513672
v 144.3052215576172 228.96900939941406 155.06629943847656
v 151.14297485351562 229.15147399902344 155.01113891601562
v 152.1752166748047 229.10690307617188 155.2526092529297
v 154.35130310058594 229.5706329345703 155.03131103515625
v 174.00881958007812 228.677490234375 155.0674591064453
v 144.739990234375 229.4492645263672 155.5615997314453
v 145.4769287109375 229.70220947265625 155.41363525390625
v 146.3113555908203 229.82237243652344 155.29212951660156
v 147.2692413330078 229.8068389892578 155.09828186035156
v 148.15814208984375 229.71632385253906 155.2454071044922
v 148.75582885742188 229.60549926757812 154.9031524658203
v 148.74473571777344 229.57064819335938 155.7313232421875
v 154.91824340820312 229.86709594726562 154.5897979736328
v 155.08828735351562 229.5864715576172 155.3401641845703
v 155.73348999023438 229.9487762451172 154.83148193359375
v 156.77056884765625 229.7783660888672 155.72569274902344
v 158.0395050048828 230.26583862304688 155.03797912597656
v 159.13845825195312 230.3487548828125 155.28488159179688
v 164.32412719726562 229.80157470703125 155.81033325195312
v 163.2720184326172 230.35499572753906 155.46817016601562
v 164.8661346435547 229.80638122558594 155.83209228515625
v 171.51316833496094 229.45970153808594 155.4660186767578
v 160.92288208007812 230.70225524902344 155.18331909179688
v 161.1826629638672 230.48977661132812 155.5594940185547
v 161.4745330810547 230.77920532226562 155.0494384765625
v 162.18881225585938 230.5106964111328 155.45355224609375
v 162.16281127929688 230.86907958984375 154.86265563964844
v 162.92620849609375 230.7861785888672 154.953125
v 166.48239135742188 231.08956909179688 154.98037719726562
v 167.20620727539062 230.68478393554688 155.45359802246094
v 167.2642822265625 231.4576416015625 154.94532775878906
v 167.95648193359375 231.225341796875 155.1018524169922
v 168.80551147460938 231.03907775878906 154.95298767089844
v 169.6784210205078 230.84031677246094 154.69960021972656
v 167.45516967773438 231.73892211914062 154.84292602539062
v 167.75184631347656 231.70413208007812 154.7966766357422
v 169.35317993164062 205.44798278808594 156.5609130859375
v 175.22869873046875 205.19305419921875 156.21981811523438
v 178.23817443847656 205.2259063720703 156.2715301513672
v 179.20428466796875 205.25100708007812 156.24168395996094
v 180.21141052246094 205.28146362304688 156.29049682617188
v 181.04029846191406 205.29660034179688 156.4861602783203
v 183.1566619873047 205.47938537597656 156.5574951171875
v 184.01416015625 205.65603637695312 156.415283203125
v 164.69264221191406 206.6065216064453 156.66549682617188
v 167.81643676757812 205.7084503173828 156.71946716308594
v 184.45819091796875 205.91751098632812 155.88687133789062
v 184.64259338378906 205.80484008789062 156.6919403076172
v 185.15892028808594 206.184814453125 156.11932373046875
v 185.81228637695312 206.52781677246094 156.4662322998047
v 164.02760314941406 206.89796447753906 155.983642578125
v 186.2412872314453 207.0792999267578 156.01361083984375
v 186.7237091064453 207.54159545898438 156.52784729003906
v 161.0673065185547 207.9801788330078 156.0255126953125
v 187.0695037841797 208.2770233154297 156.26806640625
v 187.35525512695312 209.06703186035156 156.0587158203125
v 156.8767852783203 209.83094787597656 155.93020629882812
v 187.55332946777344 209.8381805419922 155.8960418701172
v 187.64077758789062 209.70323181152344 156.72706604003906
v 187.77247619628906 210.51409912109375 156.5568084716797
v 153.4080352783203 211.3345489501953 156.41314697265625
v 152.78639221191406 211.7259063720703 155.7854461669922
v 187.88406372070312 212.20448303222656 156.32716369628906
v 150.837646484375 212.8301239013672 155.779541015625
v 150.76617431640625 212.73265075683594 156.67787170410156
v 187.8778076171875 213.0873260498047 156.236328125
v 149.142822265625 214.07679748535156 156.13966369628906
v 148.54745483398438 214.48501586914062 156.5747833251953
v 187.82769775390625 213.9917449951172 156.1256561279297
v 187.73727416992188 214.86874389648438 156.03857421875
v 187.60507202148438 215.6591339111328 155.91355895996094
v 187.50808715820312 215.4969940185547 156.6809539794922
v 187.31788635253906 216.26235961914062 156.47645568847656
v 187.08151245117188 217.0169677734375 156.20639038085938
v 186.8026580810547 217.7696990966797 155.94949340820312
v 186.38601684570312 218.3174285888672 156.493896484375
v 144.3064422607422 219.21408081054688 156.2385711669922
v 186.07998657226562 219.03338623046875 156.19082641601562
v 143.64817810058594 220.408447265625 156.3397979736328
v 185.244140625 220.2277374267578 156.39060974121094
v 184.3074493408203 221.2635498046875 156.4730987548828
v 143.08201599121094 222.12506103515625 156.28636169433594
v 143.02362060546875 222.9120330810547 156.07107543945312
v 142.8398895263672 222.62939453125 156.8293914794922
v 182.76419067382812 222.71676635742188 155.86801147460938
v 142.97979736328125 224.11436462402344 155.96099853515625
v 142.74334716796875 224.1556396484375 156.7185516357422
v 142.9676055908203 225.32249450683594 156.08404541015625
v 142.78701782226562 225.70004272460938 156.81051635742188
v 175.33531188964844 227.27810668945312 156.40684509277344
v 143.3827362060547 228.08758544921875 156.3726348876953
v 143.7321319580078 228.79000854492188 156.30844116210938
v 144.15237426757812 229.1221160888672 155.85855102539062
v 149.47024536132812 229.32859802246094 156.11935424804688
v 151.24183654785156 228.96400451660156 156.00193786621094
v 153.551513671875 228.6174774169922 156.8740997314453
v 154.2855987548828 228.80926513671875 156.51016235351562
v 155.02044677734375 228.69290161132812 156.88880920410156
v 155.86032104492188 228.78567504882812 156.91537475585938
v 156.8049774169922 228.92242431640625 156.90675354003906
v 164.2270050048828 229.4415283203125 156.2241668701172
v 163.33360290527344 229.53973388671875 156.20497131347656
v 165.18466186523438 229.3369598388672 156.3902130126953
v 166.11570739746094 229.36666870117188 156.4735107421875
v 170.27857971191406 229.2979736328125 156.30899047851562
v 144.0619354248047 229.24493408203125 156.6860809326172
v 144.5469970703125 229.49276733398438 156.2875213623047
v 145.2892303466797 229.7594451904297 156.41722106933594
v 146.1803741455078 229.86549377441406 156.25912475585938
v 157.58001708984375 229.9384765625 155.7432861328125
v 158.3213348388672 230.10157775878906 155.6918182373047
v 158.85382080078125 230.02127075195312 155.9453582763672
v 159.66583251953125 230.08860778808594 155.93235778808594
v 160.65821838378906 230.09088134765625 155.98910522460938
v 167.0477752685547 229.43533325195312 156.5026092529297
v 168.42999267578125 230.01356506347656 155.83139038085938
v 168.9528045654297 229.77597045898438 155.97035217285156
v 169.20738220214844 229.3237762451172 156.53733825683594
v 169.5735626220703 205.34646606445312 157.49066162109375
v 170.2975616455078 205.28341674804688 157.28399658203125
v 174.2235565185547 205.1699676513672 156.90139770507812
v 181.22900390625 205.247802734375 157.26707458496094
v 182.97750854492188 205.34361267089844 157.4951629638672
v 183.87388610839844 205.50511169433594 157.2943878173828
v 184.75955200195312 205.70205688476562 157.57167053222656
v 185.3392333984375 206.0672149658203 156.9906768798828
v 185.96380615234375 206.42306518554688 157.34922790527344
v 162.3247528076172 207.31105041503906 157.3429412841797
v 186.35494995117188 206.9351806640625 156.85874938964844
v 186.48626708984375 206.87037658691406 157.69252014160156
v 186.74681091308594 207.33445739746094 157.25027465820312
v 160.9697723388672 207.88792419433594 156.92660522460938
v 187.1290740966797 208.0260772705078 157.29689025878906
v 187.4341278076172 208.8910369873047 156.9530792236328
v 187.69850158691406 209.58816528320312 157.61764526367188
v 187.81700134277344 210.4133758544922 157.42181396484375
v 154.05271911621094 210.9445037841797 157.06204223632812
v 151.37315368652344 212.28843688964844 157.32737731933594
v 150.18263244628906 213.0721435546875 157.05685424804688
v 149.6814422607422 213.385986328125 157.41207885742188
v 187.84698486328125 212.9669189453125 157.07110595703125
v 187.77294921875 213.83529663085938 156.96237182617188
v 147.35670471191406 215.3049774169922 157.32333374023438
v 187.65927124023438 214.6876220703125 156.8341827392578
v 187.5175018310547 214.52407836914062 157.6366729736328
v 187.34889221191406 215.33377075195312 157.46482849121094
v 145.96282958984375 216.7949981689453 156.87327575683594
v 145.81320190429688 216.6765899658203 157.6879119873047
v 186.92738342285156 216.85263061523438 157.03187561035156
v 145.04237365722656 217.8531036376953 156.97117614746094
v 144.17123413085938 219.0536346435547 157.12628173828125
v 185.91107177734375 218.85482788085938 157.0048828125
v 185.4014892578125 219.3614959716797 157.50119018554688
v 143.40283203125 220.45574951171875 157.19644165039062
v 143.0887908935547 221.2104949951172 157.16876220703125
v 184.6980438232422 220.6680908203125 156.84909057617188
v 184.50804138183594 220.46839904785156 157.63922119140625
v 184.11868286132812 221.06521606445312 157.2609405517578
v 142.96470642089844 221.8440704345703 156.91334533691406
v 142.83282470703125 221.68260192871094 157.686767578125
v 142.74087524414062 222.334228515625 157.46080017089844
v 183.0341033935547 221.9704132080078 157.15843200683594
v 142.60459899902344 223.23712158203125 157.68885803222656
v 142.60731506347656 225.3095245361328 157.49264526367188
v 178.5150909423828 224.4864044189453 157.5747528076172
v 177.41685485839844 225.3218231201172 157.4107666015625
v 142.87429809570312 226.54185485839844 156.85513305664062
v 176.9798126220703 225.84515380859375 156.9757080078125
v 142.72479248046875 226.81422424316406 157.644775390625
v 142.99444580078125 227.3906707763672 156.96498107910156
v 174.39239501953125 227.35009765625 157.51353454589844
v 142.8335723876953 227.63600158691406 157.75186157226562
v 143.1068878173828 228.07972717285156 157.20986938476562
v 152.358642578125 228.51783752441406 157.44395446777344
v 154.29681396484375 228.50595092773438 157.2658233642578
v 155.2158660888672 228.45587158203125 157.54647827148438
v 156.28302001953125 228.4766082763672 157.72067260742188
v 157.2650146484375 228.6689910888672 157.4326171875
v 173.87661743164062 227.833740234375 157.00282287597656
v 143.49771118164062 228.79798889160156 157.2681121826172
v 150.31211853027344 228.90277099609375 157.22935485839844
v 151.6306915283203 228.57408142089844 157.61802673339844
v 157.7063446044922 229.09228515625 156.8541259765625
v 158.21864318847656 228.75840759277344 157.46591186523438
v 159.27340698242188 228.7042694091797 157.6466522216797
v 160.213134765625 229.10610961914062 157.03924560546875
v 160.29286193847656 228.67453002929688 157.7108917236328
v 161.273681640625 229.0279083251953 157.0806427001953
v 161.2705078125 228.63095092773438 157.75918579101562
v 162.27679443359375 228.88418579101562 157.20472717285156
v 162.05636596679688 228.57333374023438 157.84967041015625
v 163.10479736328125 228.6707305908203 157.5985565185547
v 163.33294677734375 229.1163330078125 156.74447631835938
v 164.37277221679688 228.91969299316406 157.04029846191406
v 163.97251892089844 228.57884216308594 157.82403564453125
v 164.87013244628906 228.62901306152344 157.76043701171875
v 165.5008087158203 228.94528198242188 157.0574951171875
v 165.83120727539062 228.68380737304688 157.73406982421875
v 166.42562866210938 229.0001678466797 157.0910186767578
v 167.32044982910156 229.0550079345703 157.1005096435547
v 168.2523193359375 229.00418090820312 157.22105407714844
v 169.13087463378906 228.9532928466797 157.22947692871094
v 169.61117553710938 228.70217895507812 157.7349395751953
v 171.44155883789062 228.46371459960938 157.5702362060547
v 144.06687927246094 229.39105224609375 157.5178680419922
v 144.724609375 229.6632537841797 157.2152557373047
v 145.51458740234375 229.8662109375 157.3838348388672
v 146.02835083007812 229.896240234375 157.0730438232422
v 146.90921020507812 229.83937072753906 157.2508087158203
v 167.7822265625 205.6609344482422 157.90713500976562
v 168.5056610107422 205.50405883789062 158.5082244873047
v 170.8815155029297 205.21578979492188 158.193603515625
v 183.1200714111328 205.3141326904297 158.25738525390625
v 184.03274536132812 205.43994140625 158.3191680908203
v 184.8747100830078 205.6251983642578 158.4652862548828
v 185.479736328125 205.97250366210938 157.87725830078125
v 186.13465881347656 206.36984252929688 158.35513305664062
v 186.65919494628906 206.9280242919922 158.4837646484375
v 161.46792602539062 207.51052856445312 158.44752502441406
v 186.92169189453125 207.424560546875 158.00552368164062
v 159.28338623046875 208.42788696289062 158.3040008544922
v 187.30393981933594 208.08372497558594 158.36288452148438
v 156.6763458251953 209.5454864501953 158.62457275390625
v 187.82701110839844 210.3095245361328 158.3179168701172
v 152.08822631835938 211.82327270507812 158.17315673828125
v 150.1902618408203 212.94091796875 158.1559295654297
v 148.28109741210938 214.30172729492188 158.36143493652344
v 187.65484619140625 213.6868133544922 157.78292846679688
v 146.66668701171875 215.6062774658203 158.56869506835938
v 145.676025390625 216.59716796875 158.5425262451172
v 186.9493865966797 215.9307861328125 158.04661560058594
v 145.2813720703125 217.14822387695312 158.16452026367188
v 144.770751953125 217.65550231933594 158.68743896484375
v 186.00967407226562 217.9485626220703 158.08538818359375
v 144.06568908691406 218.89247131347656 158.0006866455078
v 185.2047882080078 219.15708923339844 158.29783630371094
v 143.32205200195312 220.07374572753906 158.34767150878906
v 143.02735900878906 220.92213439941406 157.9197540283203
v 142.7390594482422 221.5283966064453 158.539306640625
v 142.5849151611328 222.4893798828125 158.38002014160156
v 182.8226318359375 221.76148986816406 157.98394775390625
v 142.45089721679688 223.4403076171875 158.63919067382812
v 179.49099731445312 223.4627685546875 158.5352020263672
v 142.44964599609375 224.19557189941406 158.39840698242188
v 177.60179138183594 224.72213745117188 158.60009765625
v 142.52662658691406 225.95323181152344 158.2633819580078
v 142.58653259277344 227.040771484375 158.59365844726562
v 174.91114807128906 226.84866333007812 158.0126953125
v 142.75607299804688 227.8828125 158.38465881347656
v 143.0159149169922 228.32568359375 157.86256408691406
v 151.4849090576172 228.46966552734375 158.51828002929688
v 153.5364990234375 228.27806091308594 158.4957733154297
v 154.33460998535156 228.31443786621094 158.07571411132812
v 155.2849884033203 228.2666015625 158.39463806152344
v 156.09043884277344 228.24623107910156 158.6248321533203
v 157.13453674316406 228.3660888671875 158.31240844726562
v 158.2703857421875 228.39218139648438 158.39244079589844
v 159.29383850097656 228.3954620361328 158.4501953125
v 160.28057861328125 228.39842224121094 158.47422790527344
v 162.18113708496094 228.40684509277344 158.4481658935547
v 164.11355590820312 228.4076385498047 158.51568603515625
v 165.2091827392578 228.4297637939453 158.60581970214844
v 166.20697021484375 228.53717041015625 158.28228759765625
v 169.2489471435547 228.52391052246094 158.35565185546875
v 172.08038330078125 228.0676727294922 158.23243713378906
v 142.92306518554688 228.4375762939453 158.67259216308594
v 143.25799560546875 228.8474884033203 158.20362854003906
v 150.0124969482422 228.86239624023438 157.93655395507812
v 166.7161407470703 228.74781799316406 157.70208740234375
v 168.33872985839844 228.48977661132812 158.63890075683594
v 143.81629943847656 229.3523712158203 158.39120483398438
v 144.56979370117188 229.69754028320312 158.28073120117188
v 145.38156127929688 229.8599395751953 158.22091674804688
v 146.28558349609375 229.8822784423828 158.06678771972656
v 147.1292724609375 229.7683868408203 158.22021484375
v 147.718017578125 229.56365966796875 158.74441528320312
v 168.36660766601562 205.5465545654297 159.28721618652344
v 170.12831115722656 205.28384399414062 159.08029174804688
v 172.2161102294922 205.16525268554688 159.31661987304688
v 180.2264404296875 205.16815185546875 159.22320556640625
v 182.1693572998047 205.2151336669922 159.19410705566406
v 184.11346435546875 205.38722229003906 159.37808227539062
v 185.00096130371094 205.5887451171875 159.21011352539062
v 164.38848876953125 206.50926208496094 159.3273162841797
v 185.55152893066406 205.87046813964844 158.7321319580078
v 185.53375244140625 205.7849578857422 159.59567260742188
v 186.0198211669922 206.1266326904297 159.1772003173828
v 186.56204223632812 206.67138671875 159.38912963867188
v 163.11013793945312 206.882080078125 159.173828125
v 187.07655334472656 207.48922729492188 159.0957489013672
v 160.7251434326172 207.6763153076172 159.64581298828125
v 187.43695068359375 208.19944763183594 159.2032470703125
v 187.59552001953125 208.7613525390625 158.83648681640625
v 187.63796997070312 208.74073791503906 159.71792602539062
v 187.7551727294922 209.42941284179688 159.44984436035156
v 154.46559143066406 210.51194763183594 159.34039306640625
v 187.80429077148438 211.0285186767578 159.04580688476562
v 151.28204345703125 212.19374084472656 159.2436065673828
v 187.63262939453125 211.7194366455078 159.75477600097656
v 187.14358520507812 214.1302947998047 159.24063110351562
v 147.1483917236328 215.0865936279297 159.10227966308594
v 186.94717407226562 214.9346160888672 159.04837036132812
v 145.58245849609375 216.52940368652344 159.52052307128906
v 144.6372528076172 217.63111877441406 159.5913543701172
v 185.59219360351562 217.5420684814453 159.66171264648438
v 185.3083953857422 218.25413513183594 159.38723754882812
v 143.5040740966797 219.42750549316406 159.28602600097656
v 143.13284301757812 220.14266967773438 159.22779846191406
v 184.6685791015625 219.6256103515625 158.7811737060547
v 184.46533203125 219.4224395751953 159.58404541015625
v 184.1126708984375 220.06431579589844 159.23837280273438
v 142.93759155273438 220.74803161621094 158.7878875732422
v 142.859130859375 220.70272827148438 159.6853485107422
v 142.69923400878906 221.325927734375 159.2925567626953
v 183.5378875732422 220.46775817871094 159.6641845703125
v 183.12474060058594 221.02418518066406 159.2500457763672
v 179.33677673339844 223.29129028320312 159.36611938476562
v 142.394287109375 225.0898895263672 158.97250366210938
v 142.40809631347656 226.05433654785156 159.32574462890625
v 174.07569885253906 227.00157165527344 159.15455627441406
v 174.74742126464844 226.68658447265625 158.82855224609375
v 142.60940551757812 227.67864990234375 159.27560424804688
v 150.3714141845703 228.56520080566406 159.3225555419922
v 154.3090057373047 228.20265197753906 158.9888916015625
v 155.25013732910156 228.16590881347656 159.33494567871094
v 156.25433349609375 228.17742919921875 159.38168334960938
v 159.26318359375 228.23797607421875 159.31500244140625
v 161.19879150390625 228.2578582763672 159.2900848388672
v 163.2119903564453 228.26617431640625 159.31494140625
v 166.17184448242188 228.3743438720703 159.08602905273438
v 167.3973846435547 228.32763671875 159.5137481689453
v 170.4298858642578 228.16358947753906 159.4923095703125
v 171.138427734375 228.07171630859375 159.2767333984375
v 142.867431640625 228.4717254638672 159.602783203125
v 143.35333251953125 229.09642028808594 159.1622772216797
v 149.81729125976562 228.78062438964844 158.77584838867188
v 149.763427734375 228.69427490234375 159.6343994140625
v 143.9484100341797 229.56338500976562 159.40489196777344
v 144.5134735107422 229.74945068359375 159.28236389160156
v 145.28826904296875 229.87115478515625 159.2472381591797
v 146.14797973632812 229.86013793945312 159.188232421875
v 170.4209442138672 205.2860565185547 160.2356719970703
v 173.27157592773438 205.1622772216797 160.29933166503906
v 183.79173278808594 205.2880096435547 160.3988037109375
v 184.7216339111328 205.47161865234375 160.18255615234375
v 185.56283569335938 205.76754760742188 160.59422302246094
v 186.13400268554688 206.15675354003906 160.02774047851562
v 186.6534881591797 206.6405487060547 160.52174377441406
v 163.01165771484375 206.85906982421875 160.06129455566406
v 187.04457092285156 207.28138732910156 160.2531280517578
v 159.3151397705078 208.19947814941406 160.2681427001953
v 187.43154907226562 208.09486389160156 160.12005615234375
v 187.65476989746094 208.76235961914062 160.46278381347656
v 187.7442169189453 209.36485290527344 160.33163452148438
v 187.77503967285156 210.11575317382812 160.13534545898438
v 151.24688720703125 212.1741180419922 160.2096405029297
v 187.3415069580078 212.37014770507812 160.41403198242188
v 148.7684783935547 213.72885131835938 159.78050231933594
v 148.7813262939453 213.6362762451172 160.66769409179688
v 147.2044677734375 214.8972930908203 160.1939239501953
v 146.13548278808594 215.8859405517578 160.18064880371094
v 145.0165557861328 217.09109497070312 160.18838500976562
v 144.49981689453125 217.68807983398438 160.45619201660156
v 143.86337280273438 218.71128845214844 159.73300170898438
v 143.77401733398438 218.69454956054688 160.64683532714844
v 184.2684326171875 219.22622680664062 160.38864135742188
v 143.14852905273438 219.916259765625 160.17173767089844
v 142.79620361328125 220.70240783691406 160.66868591308594
v 183.35594177246094 220.27552795410156 160.47515869140625
v 182.32968139648438 221.18370056152344 160.41600036621094
v 142.40724182128906 222.50726318359375 160.48753356933594
v 180.44947814941406 222.34823608398438 160.44241333007812
v 178.65806579589844 223.4876251220703 160.5823211669922
v 179.88304138183594 222.817138671875 159.88255310058594
v 142.31716918945312 223.96437072753906 160.01100158691406
v 178.15040588378906 223.962158203125 160.0509796142578
v 142.40707397460938 226.95388793945312 160.26560974121094
v 142.56173706054688 227.7697296142578 160.27452087402344
v 150.61302185058594 228.43724060058594 160.29429626464844
v 152.2358856201172 228.224853515625 160.3216552734375
v 156.281005859375 228.1359100341797 160.35079956054688
v 160.18801879882812 228.17398071289062 160.2010040283203
v 162.40475463867188 228.17083740234375 160.3846435546875
v 163.4031982421875 228.19200134277344 160.087158203125
v 164.98365783691406 228.189208984375 160.49771118164062
v 166.04684448242188 228.23167419433594 160.23788452148438
v 142.83554077148438 228.50025939941406 160.59654235839844
v 143.27403259277344 229.09339904785156 160.23529052734375
v 143.8566436767578 229.54360961914062 160.18446350097656
v 144.52696228027344 229.79934692382812 160.25335693359375
v 145.26931762695312 229.88925170898438 160.2690887451172
v 146.08665466308594 229.84945678710938 160.26173400878906
v 147.0036163330078 229.66461181640625 160.21385192871094
v 183.11361694335938 205.20643615722656 161.23037719726562
v 184.0392608642578 205.29736328125 161.22357177734375
v 184.92422485351562 205.48365783691406 161.30966186523438
v 185.66763305664062 205.77992248535156 161.63278198242188
v 163.85202026367188 206.55763244628906 161.57470703125
v 186.27210998535156 206.2308349609375 161.14617919921875
v 186.70321655273438 206.6498565673828 161.21502685546875
v 160.81961059570312 207.51800537109375 161.48007202148438
v 162.2074737548828 207.0534210205078 161.26487731933594
v 186.98471069335938 207.11009216308594 161.23309326171875
v 187.35260009765625 207.90785217285156 161.23594665527344
v 187.5784912109375 208.50758361816406 160.95188903808594
v 187.68402099609375 209.21463012695312 161.21533203125
v 155.08152770996094 210.0319366455078 161.06858825683594
v 187.7117156982422 210.01319885253906 161.02037048339844
v 187.64720153808594 210.7957305908203 160.82644653320312
v 187.19290161132812 212.22166442871094 161.2488250732422
v 149.41162109375 213.20004272460938 161.1900177001953
v 147.08529663085938 214.90931701660156 161.27371215820312
v 145.6199188232422 216.33396911621094 161.39939880371094
v 185.48709106445312 216.410400390625 161.55230712890625
v 144.65396118164062 217.4507293701172 161.38079833984375
v 143.68580627441406 218.7611083984375 161.46432495117188
v 184.91258239746094 217.8668975830078 160.9961395263672
v 184.42015075683594 218.38023376464844 161.51678466796875
v 143.35386657714844 219.37974548339844 161.1468048095703
v 142.7637176513672 220.6540069580078 161.61032104492188
v 142.57298278808594 221.37791442871094 161.37925720214844
v 179.68861389160156 222.61749267578125 161.6459197998047
v 142.31752014160156 223.1875762939453 161.2196044921875
v 142.3029022216797 226.16152954101562 161.24624633789062
v 142.38784790039062 227.0711669921875 161.18292236328125
v 173.22592163085938 227.21096801757812 161.38922119140625
v 174.03692626953125 226.76690673828125 161.14743041992188
v 142.56002807617188 227.87265014648438 161.2560577392578
v 149.84762573242188 228.5276336669922 161.49134826660156
v 151.394775390625 228.24105834960938 161.3115234375
v 168.02992248535156 228.17259216308594 161.1220245361328
v 168.87367248535156 228.15220642089844 161.13845825195312
v 170.75978088378906 227.9774627685547 161.22315979003906
v 142.84945678710938 228.56900024414062 161.5964813232422
v 143.26318359375 229.10653686523438 161.26271057128906
v 149.06796264648438 228.82334899902344 161.09713745117188
v 143.83734130859375 229.54627990722656 161.16189575195312
v 144.52487182617188 229.80825805664062 161.208984375
v 145.27857971191406 229.89712524414062 161.26377868652344
v 146.04212951660156 229.8524932861328 161.25669860839844
v 146.8182373046875 229.68399047851562 161.27935791015625
v 172.20657348632812 205.2103729248047 162.30703735351562
v 181.52503967285156 205.15936279296875 162.21469116210938
v 183.47740173339844 205.2255401611328 162.23397827148438
v 184.40200805664062 205.34654235839844 162.22581481933594
v 185.1921844482422 205.54649353027344 162.27853393554688
v 185.752197265625 205.80824279785156 162.46087646484375
v 165.2025146484375 206.26995849609375 162.0609130859375
v 186.21231079101562 206.17234802246094 162.22323608398438
v 186.73504638671875 206.7861785888672 162.02101135253906
v 187.16062927246094 207.6175537109375 162.1839141845703
v 187.41058349609375 208.27911376953125 162.17645263671875
v 187.56385803222656 208.67274475097656 161.717041015625
v 157.1984405517578 208.92337036132812 162.18284606933594
v 187.4906463623047 208.90887451171875 162.5436248779297
v 187.60997009277344 209.3349609375 162.10501098632812
v 187.62786865234375 209.92385864257812 161.84788513183594
v 187.5450439453125 210.6582489013672 161.68325805664062
v 187.2576904296875 211.25054931640625 162.3394317626953
v 187.04452514648438 212.0555419921875 162.09271240234375
v 148.66793823242188 213.6048583984375 162.63833618164062
v 148.1389923095703 214.01077270507812 161.98843383789062
v 146.5076904296875 215.41888427734375 162.282470703125
v 145.4505157470703 216.51007080078125 161.9357452392578
v 185.57337951660156 215.48104858398438 162.63134765625
v 144.65704345703125 217.44593811035156 162.45660400390625
v 143.82606506347656 218.53404235839844 162.0188446044922
v 143.4514617919922 219.17538452148438 162.30972290039062
v 183.9239044189453 218.8700408935547 162.01651000976562
v 143.00967407226562 220.04779052734375 162.08877563476562
v 183.0464630126953 219.93035888671875 162.1278533935547
v 142.61558532714844 221.11373901367188 162.26275634765625
v 182.04563903808594 220.89529418945312 162.12196350097656
v 181.426513671875 221.29847717285156 162.4982452392578
v 142.4510040283203 221.9071807861328 162.2864227294922
v 142.2711639404297 224.00607299804688 162.08047485351562
v 142.26348876953125 225.2965545654297 162.4082794189453
v 142.31369018554688 226.469482421875 162.2204132080078
v 142.4285430908203 227.35462951660156 162.15846252441406
v 142.6249542236328 228.09963989257812 162.21475219726562
v 161.52955627441406 228.13211059570312 162.4004669189453
v 166.23863220214844 228.2021942138672 162.2991943359375
v 142.89028930664062 228.65985107421875 162.44557189941406
v 143.2617645263672 229.11309814453125 162.29380798339844
v 147.41453552246094 229.42990112304688 162.36888122558594
v 143.8361358642578 229.54299926757812 162.18663024902344
v 144.51043701171875 229.80616760253906 162.17434692382812
v 145.25662231445312 229.8887481689453 162.2292938232422
v 146.02772521972656 229.83334350585938 162.21087646484375
v 146.65357971191406 229.71253967285156 162.0511932373047
v 170.37451171875 205.41822814941406 163.12704467773438
v 171.2744140625 205.31027221679688 163.2563018798828
v 173.1880340576172 205.1912384033203 163.27294921875
v 183.1173095703125 205.21681213378906 163.25404357910156
v 184.04476928710938 205.3174591064453 163.23220825195312
v 184.9012451171875 205.4929656982422 163.15399169921875
v 185.50755310058594 205.70050048828125 162.99754333496094
v 163.4632110595703 206.6334991455078 163.03504943847656
v 186.07131958007812 206.11790466308594 163.23342895507812
v 186.5530242919922 206.60752868652344 162.91859436035156
v 186.9287567138672 207.390869140625 163.25338745117188
v 187.26278686523438 208.4085693359375 163.1309356689453
v 155.7982177734375 209.454833984375 163.48724365234375
v 187.50782775878906 209.49295043945312 162.71832275390625
v 153.82940673828125 210.4779052734375 163.50466918945312
v 187.3709716796875 210.04910278320312 163.06370544433594
v 187.54579162597656 209.8507080078125 162.46597290039062
v 148.68312072753906 213.57481384277344 163.62310791015625
v 149.68963623046875 212.9467010498047 163.19131469726562
v 147.43775939941406 214.54083251953125 162.98057556152344
v 146.01231384277344 215.9545440673828 163.5118865966797
v 145.001953125 217.08187866210938 163.2813262939453
v 184.87986755371094 216.80465698242188 162.96157836914062
v 184.43096923828125 217.3684844970703 163.5196533203125
v 144.09097290039062 218.2386016845703 163.2446746826172
v 184.109619140625 218.05865478515625 163.19393920898438
v 143.51101684570312 219.13584899902344 163.2555694580078
v 143.8202667236328 218.70333862304688 163.69798278808594
v 183.6318359375 218.57420349121094 163.70492553710938
v 142.78329467773438 220.6353759765625 162.84814453125
v 143.1411590576172 219.86717224121094 163.2978973388672
v 182.90225219726562 219.79502868652344 162.9736785888672
v 182.35977172851562 220.24757385253906 163.43524169921875
v 142.56951904296875 221.39865112304688 163.1734161376953
v 142.31069946289062 223.1751251220703 163.20790100097656
v 178.95086669921875 223.04837036132812 163.1099090576172
v 142.2718048095703 225.12542724609375 163.6435546875
v 142.39990234375 227.05381774902344 163.1735076904297
v 173.23497009277344 227.28955078125 163.21395874023438
v 142.5663299560547 227.84117126464844 163.08840942382812
v 149.55198669433594 228.4576873779297 163.4604034423828
v 151.322509765625 228.05401611328125 163.1864776611328
v 154.39328002929688 227.97970581054688 163.36056518554688
v 155.42568969726562 228.05108642578125 163.1410369873047
v 167.2845916748047 228.3275146484375 163.60568237304688
v 172.09335327148438 227.72695922851562 163.23886108398438
v 172.67984008789062 227.55386352539062 163.6527557373047
v 142.77658081054688 228.42198181152344 162.98516845703125
v 143.1873779296875 228.99989318847656 163.33203125
v 143.7994384765625 229.4974822998047 163.22064208984375
v 144.51165771484375 229.77206420898438 163.16990661621094
v 145.13771057128906 229.8707733154297 163.01388549804688
v 145.96112060546875 229.78919982910156 163.252685546875
v 170.4812774658203 205.46713256835938 164.05674743652344
v 172.2343292236328 205.278564453125 164.2444610595703
v 182.11087036132812 205.20309448242188 164.25106811523438
v 183.79722595214844 205.32522583007812 164.08090209960938
v 184.72265625 205.54139709472656 164.25721740722656
v 185.5116424560547 205.802490234375 163.82310485839844
v 165.3807830810547 206.27255249023438 164.2752685546875
v 186.08995056152344 206.29054260253906 164.3011016845703
v 186.55020141601562 206.76441955566406 163.8271942138672
v 160.38607788085938 207.5625 164.22755432128906
v 162.6122283935547 206.87887573242188 164.28228759765625
v 186.80801391601562 207.4716033935547 164.4065399169922
v 158.59823608398438 208.2122802734375 164.1743621826172
v 187.0421600341797 208.25042724609375 164.1939697265625
v 155.59048461914062 209.529052734375 164.23385620117188
v 157.02244567871094 208.87278747558594 163.9962921142578
v 153.52740478515625 210.60853576660156 164.4126434326172
v 149.29611206054688 213.17697143554688 164.2422637939453
v 148.2227020263672 213.9292449951172 164.31674194335938
v 146.44427490234375 215.5355682373047 164.14187622070312
v 184.99847412109375 215.92410278320312 164.0764617919922
v 144.71524047851562 217.50628662109375 163.9845733642578
v 184.29295349121094 217.2239990234375 164.3813934326172
v 183.140625 219.07664489746094 164.20401000976562
v 142.8119354248047 220.72698974609375 163.8665008544922
v 143.1531219482422 220.0417022705078 164.44815063476562
v 142.57347106933594 221.60794067382812 164.26397705078125
v 181.7961883544922 220.69114685058594 163.87953186035156
v 142.39700317382812 222.49656677246094 164.02957153320312
v 179.2157440185547 222.76275634765625 164.23760986328125
v 142.29751586914062 224.12277221679688 164.29605102539062
v 176.85536193847656 224.8873748779297 164.14743041992188
v 142.3325958251953 226.06442260742188 164.28981018066406
v 175.29324340820312 226.12815856933594 164.2432098388672
v 173.4545135498047 227.25550842285156 164.14390563964844
v 142.5989532470703 227.7729949951172 164.0701141357422
v 149.38113403320312 228.42201232910156 164.28773498535156
v 152.4755096435547 227.6182861328125 164.9224853515625
v 152.9665985107422 227.67698669433594 164.67552185058594
v 170.90887451171875 228.112060546875 164.40045166015625
v 172.6750030517578 227.63235473632812 164.62515258789062
v 142.8513946533203 228.45913696289062 163.83509826660156
v 143.29421997070312 229.0396728515625 164.44125366210938
v 166.53240966796875 228.54254150390625 164.7423858642578
v 143.69561767578125 229.4128875732422 164.06375122070312
v 144.426513671875 229.6761016845703 164.27984619140625
v 145.36509704589844 229.78997802734375 164.0081024169922
v 146.18362426757812 229.68357849121094 164.16989135742188
v 146.77659606933594 229.54367065429688 163.85377502441406
v 146.71243286132812 229.47373962402344 164.6956024169922
v 171.40371704101562 205.42703247070312 165.07981872558594
v 173.20106506347656 205.2816925048828 165.23011779785156
v 175.16358947753906 205.21536254882812 165.23046875
v 178.18746948242188 205.17999267578125 165.19241333007812
v 179.1557159423828 205.1745147705078 165.5237274169922
v 182.1787567138672 205.24119567871094 165.2103729248047
v 183.11416625976562 205.3273468017578 165.25338745117188
v 184.09768676757812 205.470458984375 165.0993194580078
v 184.98126220703125 205.7294158935547 165.2233428955078
v 185.52789306640625 205.94378662109375 164.79441833496094
v 163.89093017578125 206.5460205078125 165.01528930664062
v 185.47653198242188 206.08738708496094 165.66024780273438
v 186.02745056152344 206.44166564941406 165.20420837402344
v 186.477294921875 206.884033203125 164.75062561035156
v 159.8826141357422 207.7224884033203 165.13174438476562
v 186.34457397460938 207.0224151611328 165.5340118408203
v 186.6590118408203 207.4364013671875 165.13839721679688
v 157.79202270507812 208.51773071289062 165.487060546875
v 186.82752990722656 208.1715850830078 165.20138549804688
v 156.06312561035156 209.29449462890625 165.19488525390625
v 186.97720336914062 208.9197540283203 164.92864990234375
v 186.7818145751953 210.79200744628906 164.88323974609375
v 186.22161865234375 212.15614318847656 165.26829528808594
v 149.316650390625 213.20462036132812 165.49241638183594
v 147.62168884277344 214.46746826171875 164.89540100097656
v 148.19386291503906 214.02798461914062 165.38681030273438
v 147.1173553466797 215.00364685058594 165.40846252441406
v 146.15135192871094 216.03518676757812 165.40609741210938
v 145.23028564453125 217.11761474609375 165.31687927246094
v 183.84716796875 217.7742462158203 164.92074584960938
v 143.55816650390625 219.4442901611328 164.99758911132812
v 144.01742553710938 218.88311767578125 165.5093994140625
v 142.8738250732422 220.7687225341797 164.87161254882812
v 142.70179748535156 221.3573455810547 165.22085571289062
v 142.97532653808594 220.78858947753906 165.74090576171875
v 181.6054229736328 220.49673461914062 165.65481567382812
v 142.3951416015625 223.1683349609375 165.1210174560547
v 142.35540771484375 225.12362670898438 165.55911254882812
v 176.9058380126953 224.89990234375 165.1211700439453
v 175.8359832763672 225.85206604003906 165.557373046875
v 142.48434448242188 226.97244262695312 165.09544372558594
v 152.1480712890625 227.53782653808594 165.5211181640625
v 151.5021209716797 227.6239776611328 165.45010375976562
v 153.93185424804688 227.58935546875 165.69161987304688
v 174.0159149169922 227.0529022216797 165.13751220703125
v 173.2873077392578 227.42141723632812 165.0620880126953
v 174.72508239746094 226.67501831054688 165.66156005859375
v 142.66592407226562 227.7764892578125 165.02325439453125
v 150.34588623046875 227.94593811035156 165.28280639648438
v 151.009521484375 227.8117218017578 164.97218322753906
v 162.25421142578125 228.22897338867188 165.1560516357422
v 167.62088012695312 228.56619262695312 164.93601989746094
v 171.98214721679688 227.9253692626953 165.32943725585938
v 142.93704223632812 228.47586059570312 164.8206787109375
v 143.41600036621094 229.01422119140625 165.39007568359375
v 146.5320281982422 229.41822814941406 165.50823974609375
v 165.58694458007812 228.63589477539062 165.55601501464844
v 143.87403869628906 229.4270477294922 164.92564392089844
v 144.52919006347656 229.59088134765625 165.36341857910156
v 145.22218322753906 229.6930694580078 165.02816772460938
v 145.98968505859375 229.64205932617188 164.86111450195312
v 170.6737060546875 205.62158203125 165.78846740722656
v 172.35882568359375 205.43373107910156 166.06141662597656
v 174.2072296142578 205.3199005126953 166.17481994628906
v 176.18116760253906 205.2691192626953 166.11412048339844
v 181.23907470703125 205.23240661621094 166.1161651611328
v 183.13018798828125 205.4051055908203 166.1949005126953
v 183.9909210205078 205.5663604736328 166.13197326660156
v 184.79835510253906 205.7970428466797 165.9663848876953
v 163.7938232421875 206.611572265625 165.8989715576172
v 165.5313720703125 206.33116149902344 165.9700469970703
v 169.947998046875 205.8391571044922 166.4713134765625
v 185.29122924804688 206.22689819335938 166.45664978027344
v 185.8728485107422 206.59814453125 166.00973510742188
v 163.00601196289062 206.856689453125 166.52830505371094
v 186.15687561035156 207.21165466308594 166.27255249023438
v 186.54779052734375 207.66978454589844 165.77256774902344
v 157.55111694335938 208.64151000976562 166.05870056152344
v 159.8629608154297 207.8101806640625 166.6361541748047
v 186.35690307617188 207.90394592285156 166.47781372070312
v 186.6426239013672 208.3083038330078 165.99655151367188
v 186.74484252929688 209.11700439453125 165.89892578125
v 153.77267456054688 210.46441650390625 165.98895263671875
v 186.68675231933594 209.98828125 165.98556518554688
v 151.72525024414062 211.6260528564453 166.24012756347656
v 186.44271850585938 210.51217651367188 166.46328735351562
v 186.35870361328125 211.1412811279297 166.18862915039062
v 186.06607055664062 211.90167236328125 166.21348571777344
v 148.22500610351562 214.13575744628906 166.3328857421875
v 147.2022705078125 215.10462951660156 166.3354034423828
v 146.24951171875 216.15757751464844 166.28070068359375
v 184.69691467285156 215.6514434814453 165.76341247558594
v 144.8525848388672 217.72862243652344 165.6831512451172
v 145.8572998046875 216.77879333496094 166.65151977539062
v 184.03067016601562 216.94186401367188 166.1029052734375
v 144.990478515625 217.87159729003906 166.51821899414062
v 182.43728637695312 219.34567260742188 166.50076293945312
v 143.3717041015625 220.20721435546875 166.23928833007812
v 142.7554473876953 221.5005340576172 165.93019104003906
v 143.09710693359375 220.89511108398438 166.55606079101562
v 181.068359375 220.9582061767578 166.14833068847656
v 142.5811767578125 222.3230743408203 165.9995880126953
v 179.52528381347656 222.37709045410156 166.10440063476562
v 142.40603637695312 224.21546936035156 166.17315673828125
v 176.96255493164062 224.8734893798828 166.16160583496094
v 142.4586944580078 226.0471954345703 166.15382385253906
v 175.76046752929688 225.96182250976562 166.4280242919922
v 142.56361389160156 226.95533752441406 165.98782348632812
v 150.74928283691406 227.6639404296875 166.62493896484375
v 152.31820678710938 227.4426727294922 166.32553100585938
v 153.2756805419922 227.4287567138672 166.54486083984375
v 154.1770782470703 227.5264892578125 166.38978576660156
v 174.14186096191406 227.06101989746094 166.28599548339844
v 142.757080078125 227.7554931640625 165.91177368164062
v 149.35220336914062 228.1913604736328 166.2670440673828
v 156.25929260253906 227.9087371826172 166.01820373535156
v 158.2582550048828 228.06057739257812 166.23818969726562
v 169.58444213867188 228.5311279296875 165.79107666015625
v 171.31326293945312 228.19403076171875 166.3032989501953
v 172.92091369628906 227.6616668701172 166.372802734375
v 143.0430908203125 228.44613647460938 165.7393798828125
v 143.17916870117188 228.34402465820312 166.61253356933594
v 143.56182861328125 228.91323852539062 166.26426696777344
v 147.0277862548828 229.12808227539062 166.39334106445312
v 164.43446350097656 228.59861755371094 166.42092895507812
v 166.24998474121094 228.7407684326172 166.046875
v 167.11903381347656 228.788818359375 166.36355590820312
v 168.18243408203125 228.77322387695312 166.5735321044922
v 169.0488739013672 228.68399047851562 166.350341796875
v 143.99072265625 229.3334197998047 165.8034210205078
v 144.13839721679688 229.2094268798828 166.53663635253906
v 144.53822326660156 229.45498657226562 166.14010620117188
v 145.12005615234375 229.5654296875 165.8771209716797
v 145.80859375 229.5573272705078 165.6553497314453
v 145.59365844726562 229.420654296875 166.4502410888672
v 171.65618896484375 205.6378936767578 166.77877807617188
v 173.41378784179688 205.48727416992188 166.97303771972656
v 175.24685668945312 205.4087371826172 167.0204620361328
v 178.4081573486328 205.28781127929688 166.8323974609375
v 179.22845458984375 205.29795837402344 167.04444885253906
v 180.24526977539062 205.3386993408203 167.38246154785156
v 181.21560668945312 205.32138061523438 167.08200073242188
v 182.19752502441406 205.38525390625 167.03146362304688
v 183.07919311523438 205.50889587402344 167.0565643310547
v 183.87847900390625 205.68617248535156 167.0004425048828
v 184.6189727783203 205.9230499267578 166.79832458496094
v 164.36961364746094 206.60438537597656 167.0990447998047
v 170.98341369628906 205.8809814453125 167.48159790039062
v 184.41262817382812 206.08465576171875 167.57713317871094
v 185.05963134765625 206.3931427001953 167.23199462890625
v 185.6492156982422 206.7733154296875 166.77743530273438
v 185.39453125 206.97488403320312 167.5216827392578
v 185.92282104492188 207.4296112060547 167.0098876953125
v 159.16128540039062 208.12632751464844 167.26893615722656
v 186.11915588378906 208.208984375 167.1839141845703
v 186.4861297607422 208.66043090820312 166.59161376953125
v 155.74185180664062 209.5385284423828 166.8289337158203
v 157.10842895507812 208.978759765625 167.44418334960938
v 186.2150115966797 209.21754455566406 167.29209899902344
v 186.5406036376953 209.19351196289062 166.6168975830078
v 186.51512145996094 209.7324676513672 166.5999298095703
v 186.19102478027344 210.26409912109375 167.18695068359375
v 152.41134643554688 211.28912353515625 167.12734985351562
v 186.06492614746094 211.2032012939453 166.9373321533203
v 150.482666015625 212.5376434326172 167.07505798339844
v 148.77609252929688 213.76104736328125 166.7963104248047
v 185.4378204345703 212.4436798095703 167.45387268066406
v 147.7468719482422 214.67236328125 166.77960205078125
v 185.01953125 213.9793243408203 166.99417114257812
v 147.8702850341797 214.8204345703125 167.6339111328125
v 184.4786376953125 215.20726013183594 167.2904052734375
v 146.9283905029297 215.85821533203125 167.57266235351562
v 146.02784729003906 216.950439453125 167.4628448486328
v 183.47189331054688 217.36817932128906 167.5208282470703
v 182.367431640625 219.2203369140625 167.41957092285156
v 143.529296875 220.3435516357422 167.06996154785156
v 144.01263427734375 219.82752990722656 167.53204345703125
v 142.8643341064453 221.6370086669922 166.7741241455078
v 143.2498321533203 221.06915283203125 167.39903259277344
v 142.68472290039062 222.46212768554688 166.9168701171875
v 142.99957275390625 221.8292236328125 167.61602783203125
v 142.5692596435547 223.4358673095703 167.09231567382812
v 142.51663208007812 224.947509765625 167.23922729492188
v 142.5710906982422 225.8848114013672 167.17840576171875
v 176.04176330566406 225.73175048828125 167.22967529296875
v 142.6666717529297 226.8573760986328 166.89144897460938
v 151.49212646484375 227.47015380859375 167.01519775390625
v 150.69708251953125 227.60137939453125 167.59176635742188
v 152.30807495117188 227.36279296875 167.27464294433594
v 153.0081329345703 227.32958984375 167.5137481689453
v 174.8087615966797 226.7018585205078 167.22708129882812
v 142.8646697998047 227.6587371826172 166.77285766601562
v 142.9812469482422 227.49000549316406 167.6268768310547
v 143.29171752929688 228.16152954101562 167.46621704101562
v 149.9798583984375 227.87716674804688 167.0142822265625
v 157.34207153320312 227.93148803710938 167.1337127685547
v 158.288818359375 227.9978485107422 167.21127319335938
v 159.28077697753906 228.053955078125 167.19467163085938
v 162.3698272705078 228.26148986816406 167.39889526367188
v 170.46351623535156 228.47189331054688 166.8455047607422
v 172.65512084960938 227.77835083007812 166.9634246826172
v 143.81063842773438 228.77223205566406 167.18374633789062
v 144.50039672851562 229.1666717529297 167.05079650878906
v 146.12635803222656 229.20436096191406 167.15655517578125
v 145.17764282226562 229.213134765625 167.24652099609375
v 163.9610137939453 228.51608276367188 167.5867462158203
v 164.60446166992188 228.64500427246094 167.0738983154297
v 166.1624298095703 228.79490661621094 167.0717010498047
v 167.27194213867188 228.83753967285156 167.2821807861328
v 168.2097930908203 228.81594848632812 167.54855346679688
v 169.02259826660156 228.7392120361328 167.05471801757812
v 169.814697265625 228.63619995117188 167.3196258544922
v 144.5245819091797 229.3447723388672 166.5927734375
v 144.9220733642578 229.39788818359375 166.57168579101562
v 172.7698211669922 205.70370483398438 167.6414794921875
v 174.4846649169922 205.570068359375 167.64306640625
v 175.2727813720703 205.6290740966797 167.9281768798828
v 177.24996948242188 205.5726318359375 168.0355224609375
v 179.3702850341797 205.46688842773438 167.9311981201172
v 180.2733612060547 205.51625061035156 168.19886779785156
v 181.13455200195312 205.47999572753906 167.94544982910156
v 182.0703887939453 205.53341674804688 167.8523406982422
v 182.94161987304688 205.65760803222656 167.83876037597656
v 183.713623046875 205.8418731689453 167.7753448486328
v 165.47494506835938 206.55661010742188 167.88858032226562
v 166.4073486328125 206.46701049804688 168.03073120117188
v 167.45095825195312 206.39198303222656 168.19168090820312
v 170.1951141357422 206.13702392578125 168.21014404296875
v 174.06781005859375 205.8361358642578 168.3763885498047
v 176.6922607421875 205.80184936523438 168.6493682861328
v 183.4864959716797 206.05043029785156 168.46408081054688
v 184.17347717285156 206.2884063720703 168.2821502685547
v 184.80609130859375 206.59327697753906 167.96095275878906
v 160.70449829101562 207.68167114257812 167.8128662109375
v 162.4427947998047 207.21006774902344 167.95729064941406
v 163.97271728515625 206.9534912109375 168.44198608398438
v 164.84136962890625 206.80723571777344 168.58189392089844
v 185.1197967529297 207.21072387695312 168.22096252441406
v 185.6563262939453 207.67117309570312 167.7327423095703
v 157.8143768310547 208.7163848876953 167.6968536376953
v 160.0176239013672 208.02210998535156 168.4027099609375
v 185.3568572998047 207.92938232421875 168.40879821777344
v 185.8162078857422 208.46871948242188 167.91015625
v 156.4794464111328 209.36666870117188 168.05810546875
v 157.93418884277344 208.84385681152344 168.55079650878906
v 185.79039001464844 209.20835876464844 168.16592407226562
v 153.76255798339844 210.64846801757812 167.76626586914062
v 155.14463806152344 210.06593322753906 168.35604858398438
v 185.87838745117188 209.9778594970703 167.92706298828125
v 151.82415771484375 211.71493530273438 167.77671813964844
v 152.4701690673828 211.38931274414062 168.07179260253906
v 185.8027801513672 210.8548583984375 167.76246643066406
v 185.49620056152344 210.5369873046875 168.46571350097656
v 185.3843536376953 211.38160705566406 168.32882690429688
v 150.78793334960938 212.44708251953125 167.9934844970703
v 151.91366577148438 211.83718872070312 168.64047241210938
v 149.4634246826172 213.46212768554688 167.94915771484375
v 148.4453125 214.40182495117188 168.067626953125
v 145.90725708007812 217.80970764160156 168.55691528320312
v 183.04116821289062 217.93365478515625 168.06838989257812
v 144.51519775390625 219.3529815673828 167.9717254638672
v 182.28366088867188 219.11447143554688 168.29664611816406
v 143.7150115966797 220.53863525390625 167.90528869628906
v 181.4821319580078 220.21551513671875 168.32713317871094
v 143.4402313232422 221.35728454589844 168.31593322753906
v 180.4591827392578 221.3937225341797 168.25570678710938
v 142.82180786132812 222.59828186035156 167.77780151367188
v 143.1144256591797 222.0891571044922 168.29672241210938
v 142.74864196777344 223.27236938476562 167.98788452148438
v 143.01271057128906 222.74627685546875 168.5375518798828
v 142.62828063964844 224.1514892578125 167.77255249023438
v 142.67039489746094 225.1606903076172 168.012451171875
v 142.7249755859375 226.0310516357422 168.00364685058594
v 175.88308715820312 225.8537139892578 168.27342224121094
v 142.79144287109375 226.7227325439453 167.7643280029297
v 142.918212890625 226.47384643554688 168.5332794189453
v 143.1048126220703 227.23715209960938 168.4732208251953
v 151.48277282714844 227.40650939941406 167.99070739746094
v 150.82005310058594 227.52005004882812 168.48297119140625
v 174.1471405029297 227.05613708496094 168.1145477294922
v 173.4120330810547 227.40350341796875 168.4480438232422
v 143.4020538330078 227.9415740966797 168.32188415527344
v 150.02529907226562 227.79566955566406 168.17332458496094
v 157.44564819335938 227.83660888671875 168.03057861328125
v 160.22430419921875 228.0275115966797 168.12869262695312
v 163.03692626953125 228.31076049804688 168.17005920410156
v 171.767333984375 228.05165100097656 168.32337951660156
v 143.7513427734375 228.45594787597656 168.01092529296875
v 144.45895385742188 228.85150146484375 167.99598693847656
v 145.39051818847656 229.03140258789062 168.1555633544922
v 146.2476348876953 229.03848266601562 168.2399139404297
v 147.02687072753906 228.90921020507812 168.49502563476562
v 147.6515655517578 228.79660034179688 167.98855590820312
v 164.8207550048828 228.55357360839844 168.650634765625
v 165.5126495361328 228.7210235595703 167.95542907714844
v 166.52880859375 228.7856903076172 168.13510131835938
v 167.48365783691406 228.82711791992188 168.04335021972656
v 169.1283416748047 228.7147674560547 167.98072814941406
v 170.62124633789062 228.460693359375 167.9567108154297
v 170.4439239501953 228.44444274902344 168.55374145507812
v 177.60458374023438 205.74575805664062 168.61196899414062
v 178.59255981445312 205.7135772705078 168.615234375
v 179.59825134277344 205.705322265625 168.6865234375
v 180.24734497070312 205.69700622558594 168.70973205566406
v 180.87420654296875 205.71820068359375 168.66571044921875
v 181.8177490234375 205.7689971923828 168.5863037109375
v 182.70982360839844 205.87734985351562 168.5393829345703
v 166.54124450683594 206.62612915039062 168.90367126464844
v 168.2471160888672 206.4490966796875 168.8369903564453
v 172.01853942871094 206.197998046875 168.98289489746094
v 173.11680603027344 206.16246032714844 169.0815887451172
v 175.12420654296875 206.16360473632812 169.27813720703125
v 176.2128143310547 206.1449737548828 169.34776306152344
v 177.0752716064453 205.9941864013672 169.15306091308594
v 178.90420532226562 206.02955627441406 169.33445739746094
v 180.14779663085938 206.05270385742188 169.34349060058594
v 181.39039611816406 206.1181182861328 169.2742462158203
v 182.3842010498047 206.20294189453125 169.18214416503906
v 183.195068359375 206.33139038085938 169.06961059570312
v 183.89178466796875 206.55055236816406 168.90711975097656
v 184.52911376953125 206.8395538330078 168.6225128173828
v 161.44923400878906 207.71319580078125 168.94461059570312
v 164.3047637939453 207.15390014648438 169.35015869140625
v 165.90614318847656 206.89013671875 169.50820922851562
v 184.21441650390625 207.1410675048828 169.20225524902344
v 184.81353759765625 207.49314880371094 168.85208129882812
v 159.43202209472656 208.38063049316406 168.96238708496094
v 160.96072387695312 208.0155487060547 169.443603515625
v 185.01844787597656 208.235107421875 169.00341796875
v 185.4837646484375 208.68292236328125 168.5594940185547
v 156.5865020751953 209.51119995117188 168.908447265625
v 158.90509033203125 208.7636260986328 169.54486083984375
v 185.1087646484375 209.14202880859375 169.11692810058594
v 185.52696228027344 209.188232421875 168.62313842773438
v 185.53054809570312 209.71170043945312 168.58213806152344
v 185.12477111816406 210.14710998535156 169.09829711914062
v 153.98919677734375 210.93582153320312 169.46864318847656
v 184.67808532714844 210.6265106201172 169.64071655273438
v 184.6204071044922 211.54168701171875 169.56671142578125
v 150.79635620117188 212.6291961669922 168.78097534179688
v 152.04885864257812 211.9962921142578 169.4556884765625
v 149.661865234375 213.56332397460938 168.842529296875
v 150.28573608398438 213.173583984375 169.23275756835938
v 184.51185607910156 213.17005920410156 169.16314697265625
v 149.2172088623047 214.15219116210938 169.3194122314453
v 147.66567993164062 215.61032104492188 168.8160400390625
v 148.23350524902344 215.18275451660156 169.2611846923828
v 184.0326690673828 214.90528869628906 169.18617248535156
v 146.78506469726562 216.69471740722656 168.70706176757812
v 183.81192016601562 215.80413818359375 168.88621520996094
v 182.89984130859375 217.81292724609375 168.91830444335938
v 182.4645233154297 218.37722778320312 169.48373413085938
v 144.72251892089844 219.5921630859375 168.7420654296875
v 143.9447479248047 220.73565673828125 168.70474243164062
v 181.82981872558594 219.6468963623047 168.8219451904297
v 143.7736358642578 221.3442840576172 169.0604705810547
v 180.9440460205078 220.75131225585938 169.2457733154297
v 143.44078063964844 222.07803344726562 169.0406951904297
v 179.4671173095703 222.37254333496094 169.3228302001953
v 142.8860626220703 223.5905303955078 168.5972442626953
v 143.24996948242188 223.03073120117188 169.2664337158203
v 142.79176330566406 224.37692260742188 168.5140380859375
v 143.08836364746094 224.09217834472656 169.290283203125
v 142.86619567871094 224.90830993652344 168.79905700683594
v 143.1080322265625 225.1934814453125 169.48153686523438
v 176.92286682128906 224.9031219482422 169.29348754882812
v 142.85226440429688 225.6721954345703 168.652587890625
v 143.0402069091797 226.07696533203125 169.15188598632812
v 175.82606506347656 225.85595703125 169.27658081054688
v 143.207275390625 226.8026580810547 169.25772094726562
v 151.6144561767578 227.34913635253906 169.11196899414062
v 150.6868438720703 227.5459442138672 169.301025390625
v 152.52194213867188 227.25662231445312 169.02853393554688
v 153.28778076171875 227.24546813964844 169.21937561035156
v 173.3800811767578 227.3346405029297 169.4648895263672
v 174.7254638671875 226.67642211914062 168.79222106933594
v 143.55145263671875 227.66798400878906 169.31544494628906
v 148.52188110351562 228.40481567382812 169.39059448242188
v 156.72549438476562 227.63912963867188 168.73036193847656
v 159.21681213378906 227.8585968017578 168.88014221191406
v 164.07217407226562 228.32574462890625 169.37982177734375
v 172.6511688232422 227.693359375 168.89588928222656
v 143.96376037597656 228.3513946533203 168.81768798828125
v 144.74114990234375 228.70834350585938 169.17283630371094
v 145.58055114746094 228.93502807617188 168.98007202148438
v 146.2422637939453 228.91778564453125 169.22174072265625
v 165.85223388671875 228.54144287109375 169.5553436279297
v 166.39459228515625 228.69032287597656 168.97164916992188
v 168.12774658203125 228.69334411621094 169.08065795898438
v 169.4840545654297 228.47137451171875 169.51956176757812
v 169.70175170898438 228.57020568847656 168.69464111328125
v 167.6318359375 206.72561645507812 169.71365356445312
v 169.5022735595703 206.55931091308594 169.61968994140625
v 171.16143798828125 206.53553771972656 169.83250427246094
v 174.4141082763672 206.52796936035156 169.98974609375
v 178.0889434814453 206.3805694580078 169.93299865722656
v 180.02386474609375 206.51490783691406 170.08987426757812
v 180.87930297851562 206.5256805419922 169.94398498535156
v 182.0233154296875 206.7289581298828 169.88258361816406
v 182.87841796875 206.6703643798828 169.56854248046875
v 183.54998779296875 206.89004516601562 169.46009826660156
v 162.63633728027344 207.6737518310547 169.74212646484375
v 163.53195190429688 207.53135681152344 169.9287109375
v 165.15106201171875 207.2292938232422 170.03802490234375
v 167.1388702392578 206.9713592529297 170.27505493164062
v 167.96478271484375 206.94735717773438 170.43084716796875
v 172.22410583496094 206.78684997558594 170.5642547607422
v 173.38198852539062 206.86117553710938 170.70352172851562
v 177.2366180419922 206.6619873046875 170.35362243652344
v 181.2327117919922 207.1250457763672 170.56332397460938
v 182.14773559570312 207.33377075195312 170.44422912597656
v 183.05007934570312 207.3951416015625 170.0576629638672
v 183.87355041503906 207.47418212890625 169.6673126220703
v 184.45376586914062 207.82119750976562 169.40744018554688
v 160.4558868408203 208.3794403076172 169.96202087402344
v 161.2606201171875 208.21461486816406 170.1840362548828
v 162.0868682861328 208.0614776611328 170.37197875976562
v 182.5486297607422 207.87171936035156 170.69448852539062
v 183.2015380859375 208.1559295654297 170.48300170898438
v 183.95193481445312 208.2782745361328 169.9852294921875
v 184.65135192871094 208.47499084472656 169.4812469482422
v 157.5279541015625 209.43893432617188 169.9825439453125
v 159.92807006835938 208.78195190429688 170.48011779785156
v 183.4936065673828 208.8341827392578 170.5897979736328
v 184.11370849609375 209.26145935058594 170.17588806152344
v 184.53330993652344 208.9707489013672 169.7194061279297
v 156.1874237060547 210.1259307861328 170.2713623046875
v 156.94102478027344 209.880859375 170.52334594726562
v 184.6612548828125 209.72279357910156 169.6826171875
v 184.20851135253906 210.14915466308594 170.2055206298828
v 153.46095275878906 211.39007568359375 170.00653076171875
v 151.5480194091797 212.49981689453125 169.95724487304688
v 152.9521484375 211.86790466308594 170.5352783203125
v 184.12477111816406 212.03982543945312 170.20343017578125
v 150.4337615966797 213.3898162841797 170.08387756347656
v 148.8193817138672 214.7622833251953 169.7023162841797
v 149.41241455078125 214.35861206054688 170.12033081054688
v 150.01219177246094 213.97755432128906 170.50868225097656
v 183.92613220214844 214.26283264160156 169.9274444580078
v 149.05088806152344 214.98257446289062 170.46702575683594
v 183.73828125 215.01922607421875 169.9747772216797
v 148.1456756591797 216.055908203125 170.33880615234375
v 183.63177490234375 215.652099609375 169.6973419189453
v 183.41258239746094 215.4784393310547 170.428466796875
v 183.01158142089844 216.9512176513672 169.98704528808594
v 146.41323852539062 218.30722045898438 170.05813598632812
v 182.31822204589844 218.21929931640625 170.3460693359375
v 144.68238830566406 220.56275939941406 169.82444763183594
v 181.70008850097656 219.5968475341797 169.74464416503906
v 181.24661254882812 220.1333465576172 170.32162475585938
v 144.43482971191406 221.26844787597656 170.1339111328125
v 180.474609375 221.1831512451172 170.2412872314453
v 143.70877075195312 222.4644775390625 169.8685302734375
v 144.20448303222656 221.99940490722656 170.38966369628906
v 179.55577087402344 222.22976684570312 170.39529418945312
v 143.52447509765625 223.3494873046875 170.0199737548828
v 143.99554443359375 222.77459716796875 170.58843994140625
v 143.4210968017578 224.28692626953125 170.15719604492188
v 177.4437713623047 224.37974548339844 170.20970153808594
v 143.44912719726562 225.19570922851562 170.39968872070312
v 176.28663635253906 225.4020538330078 170.3291015625
v 143.29762268066406 226.0823516845703 169.89389038085938
v 175.2546844482422 226.17514038085938 170.2869415283203
v 143.56350708007812 227.0269317626953 170.20213317871094
v 154.2979736328125 227.22645568847656 170.23516845703125
v 156.1910858154297 227.3302001953125 170.39930725097656
v 174.03175354003906 226.9405059814453 170.05429077148438
v 143.8177032470703 227.76895141601562 170.16783142089844
v 149.18899536132812 228.0968475341797 170.178466796875
v 172.0914306640625 227.7451629638672 170.20413208007812
v 144.09555053710938 228.2316436767578 169.75350952148438
v 144.20277404785156 228.12037658691406 170.54537963867188
v 144.5777587890625 228.4935302734375 170.12290954589844
v 145.3383026123047 228.74459838867188 169.9739532470703
v 146.22914123535156 228.7877960205078 170.2093505859375
v 147.04574584960938 228.7153778076172 170.38641357421875
v 147.79739379882812 228.6182098388672 169.80844116210938
v 167.7651824951172 228.60899353027344 169.62159729003906
v 164.6513214111328 207.62477111816406 170.74127197265625
v 167.16285705566406 207.28939819335938 171.0066680908203
v 168.25880432128906 207.2499542236328 171.19671630859375
v 169.384521484375 207.23036193847656 171.35780334472656
v 170.41287231445312 207.07162475585938 171.147705078125
v 171.23092651367188 207.10321044921875 171.25674438476562
v 175.15667724609375 207.17982482910156 171.19879150390625
v 177.36317443847656 207.13914489746094 171.10369873046875
v 178.3539276123047 207.3142547607422 171.34201049804688
v 180.26210021972656 207.33827209472656 171.06369018554688
v 181.77703857421875 207.69754028320312 170.92129516601562
v 162.3959503173828 208.33013916015625 171.11196899414062
v 164.18739318847656 207.9572296142578 171.23434448242188
v 165.8460693359375 207.79896545410156 171.57472229003906
v 181.40402221679688 208.1114959716797 171.4161376953125
v 182.1367950439453 208.28506469726562 171.1908721923828
v 182.83070373535156 208.5286102294922 170.9323272705078
v 158.37062072753906 209.5327606201172 171.0251007080078
v 159.197509765625 209.24195861816406 170.96124267578125
v 161.11236572265625 208.81568908691406 171.31341552734375
v 182.39376831054688 208.95399475097656 171.40692138671875
v 183.04737854003906 209.26431274414062 171.0872039794922
v 183.65919494628906 209.6728515625 170.68833923339844
v 183.19253540039062 210.1199493408203 171.18138122558594
v 154.40737915039062 211.31494140625 171.0577850341797
v 155.1421661376953 211.06019592285156 171.31076049804688
v 155.88424682617188 210.81301879882812 171.55267333984375
v 183.327392578125 211.14132690429688 171.1823272705078
v 183.83905029296875 211.33273315429688 170.6532745361328
v 152.4580841064453 212.37615966796875 171.04978942871094
v 153.9056396484375 211.80267333984375 171.57351684570312
v 183.6714630126953 211.8638916015625 170.83673095703125
v 183.28018188476562 212.10952758789062 171.26539611816406
v 150.6344757080078 213.61264038085938 170.87240600585938
v 151.98422241210938 212.9165496826172 171.53932189941406
v 183.70486450195312 212.67933654785156 170.71295166015625
v 183.24746704101562 213.04454040527344 171.25921630859375
v 183.64256286621094 213.69345092773438 170.63485717773438
v 183.1215057373047 214.11619567871094 171.30213928222656
v 149.3062744140625 215.22689819335938 171.2057342529297
v 149.89479064941406 214.8365936279297 171.61891174316406
v 183.5332794189453 214.65704345703125 170.5754852294922
v 183.13058471679688 215.1425018310547 171.10043334960938
v 182.45059204101562 217.16812133789062 171.24932861328125
v 182.13796997070312 217.93772888183594 171.29440307617188
v 181.88308715820312 218.7947540283203 170.9296875
v 181.45005798339844 219.38084411621094 171.48550415039062
v 145.51242065429688 220.44839477539062 170.92074584960938
v 145.25604248046875 221.1680450439453 171.20913696289062
v 180.2898712158203 221.21946716308594 171.3356475830078
v 144.49893188476562 222.3097381591797 171.0619659423828
v 143.82696533203125 223.59548950195312 170.74334716796875
v 144.30140686035156 223.0662384033203 171.2514190673828
v 143.7283477783203 224.42982482910156 170.89085388183594
v 144.13926696777344 223.8579864501953 171.39849853515625
v 177.97584533691406 223.8311767578125 170.88885498046875
v 143.72372436523438 225.15980529785156 171.05364990234375
v 144.03195190429688 224.67604064941406 171.51077270507812
v 176.84527587890625 224.84576416015625 171.30296325683594
v 143.67025756835938 226.087890625 170.8952178955078
v 174.5445556640625 226.41928100585938 171.54086303710938
v 143.80734252929688 226.9620819091797 170.99049377441406
v 157.09649658203125 227.25254821777344 171.4968719482422
v 159.14691162109375 227.37979125976562 171.35678100585938
v 160.96255493164062 227.49868774414062 171.5690460205078
v 173.1893768310547 227.14181518554688 171.29135131835938
v 143.92837524414062 227.57278442382812 170.8024444580078
v 144.1407012939453 227.34274291992188 171.4481964111328
v 144.37489318847656 227.94842529296875 171.22857666015625
v 149.00364685058594 228.05923461914062 171.2186737060547
v 148.21519470214844 228.33583068847656 171.13156127929688
v 165.022705078125 228.09634399414062 171.35897827148438
v 169.40988159179688 228.12608337402344 171.4440155029297
v 171.0343780517578 227.89910888671875 171.04722595214844
v 144.76451110839844 228.40916442871094 170.7996826171875
v 145.488525390625 228.59080505371094 170.9642333984375
v 146.33348083496094 228.62779235839844 171.1916046142578
v 147.11077880859375 228.61488342285156 171.08554077148438
v 147.7275848388672 228.55125427246094 170.68093872070312
v 147.57302856445312 228.44430541992188 171.4578857421875
v 166.6832275390625 207.69525146484375 171.6608428955078
v 168.48338317871094 207.5980987548828 171.9257354736328
v 169.23553466796875 207.6042938232422 172.07421875
v 170.19314575195312 207.44821166992188 171.8776397705078
v 172.41432189941406 207.5042266845703 171.99118041992188
v 173.9564666748047 207.52598571777344 171.89137268066406
v 176.0723114013672 207.64833068847656 171.87506103515625
v 178.00498962402344 207.56192016601562 171.68165588378906
v 178.82276916503906 207.71075439453125 171.77777099609375
v 179.7476806640625 207.8088836669922 171.69888305664062
v 180.62432861328125 207.94735717773438 171.5763702392578
v 163.3465118408203 208.58721923828125 172.00509643554688
v 165.31507873535156 208.2689971923828 172.15695190429688
v 166.97134399414062 208.03982543945312 172.2681427001953
v 167.89102172851562 208.00234985351562 172.41574096679688
v 168.7525634765625 207.92742919921875 172.49032592773438
v 173.66357421875 207.8826446533203 172.4405517578125
v 175.45919799804688 207.9193878173828 172.296630859375
v 177.14474487304688 208.09815979003906 172.347900390625
v 178.20606994628906 208.08038330078125 172.2141571044922
v 179.29421997070312 208.25881958007812 172.21253967285156
v 180.17677307128906 208.389404296875 172.08807373046875
v 180.9656524658203 208.5443878173828 171.90280151367188
v 181.7005157470703 208.72740173339844 171.6737060546875
v 158.69593811035156 209.721435546875 171.61756896972656
v 160.29501342773438 209.5030517578125 172.0430908203125
v 162.90054321289062 208.97010803222656 172.3859100341797
v 180.50405883789062 209.00953674316406 172.357177734375
v 181.20925903320312 209.2152099609375 172.14161682128906
v 181.90126037597656 209.44479370117188 171.87879943847656
v 182.5642852783203 209.7270965576172 171.5669708251953
v 156.63807678222656 210.57630920410156 171.77255249023438
v 157.40919494628906 210.36099243164062 171.965576171875
v 158.2078857421875 210.1753692626953 172.1326141357422
v 181.33106994628906 210.01527404785156 172.33543395996094
v 182.01954650878906 210.2943115234375 172.0367889404297
v 182.68380737304688 210.6236572265625 171.66455078125
v 182.77264404296875 211.58897399902344 171.70706176757812
v 153.4129638671875 212.31298828125 172.0833740234375
v 154.88987731933594 211.80291748046875 172.5430908203125
v 181.67710876464844 211.8706512451172 172.47096252441406
v 182.87257385253906 212.42178344726562 171.66542053222656
v 151.5419158935547 213.48681640625 171.99237060546875
v 152.93316650390625 212.85069274902344 172.57984924316406
v 182.1401824951172 213.3362274169922 172.29151916503906
v 150.50363159179688 214.45533752441406 172.0175323486328
v 151.14056396484375 214.0834197998047 172.39894104003906
v 182.53970336914062 214.0897979736328 171.96524047851562
v 182.78561401367188 214.80392456054688 171.65760803222656
v 148.69696044921875 216.58676147460938 171.7918243408203
v 149.85330200195312 215.76373291015625 172.65272521972656
v 182.68951416015625 215.5847625732422 171.61935424804688
v 182.19631958007812 215.9795684814453 172.20753479003906
v 182.0463104248047 217.0807342529297 172.12913513183594
v 147.5561981201172 218.43165588378906 171.921630859375
v 181.83961486816406 217.99205017089844 172.09217834472656
v 181.51614379882812 218.4605712890625 172.54859924316406
v 181.2952117919922 219.20652770996094 172.32530212402344
v 146.1573028564453 221.06317138671875 172.26585388183594
v 180.6610107421875 220.60580444335938 171.73316955566406
v 180.5459442138672 220.47470092773438 172.59144592285156
v 144.81695556640625 222.63046264648438 171.69577026367188
v 179.7838134765625 221.75010681152344 171.88592529296875
v 178.90036010742188 222.77410888671875 171.99525451660156
v 144.483154296875 224.20455932617188 172.01051330566406
v 145.00210571289062 223.78228759765625 172.4801788330078
v 177.91983032226562 223.8008270263672 171.89915466308594
v 143.97149658203125 225.51438903808594 171.54258728027344
v 144.38662719726562 225.0797576904297 172.09536743164062
v 143.9493408203125 226.07949829101562 171.52830505371094
v 144.35983276367188 226.0723876953125 172.11749267578125
v 174.39041137695312 226.34869384765625 172.4730682373047
v 175.73751831054688 225.64151000976562 171.72219848632812
v 144.00750732421875 226.61474609375 171.52188110351562
v 144.44509887695312 226.99671936035156 172.05194091796875
v 151.41001892089844 227.3491973876953 172.3427734375
v 153.2855682373047 227.16578674316406 172.18679809570312
v 155.29258728027344 227.16407775878906 172.2057342529297
v 162.00096130371094 227.46817016601562 172.4897003173828
v 172.18402099609375 227.3540496826172 172.29177856445312
v 144.6273651123047 227.7036590576172 171.87774658203125
v 148.1235809326172 228.12667846679688 172.01475524902344
v 147.29908752441406 228.29270935058594 172.10702514648438
v 149.0767822265625 227.84608459472656 172.28671264648438
v 170.86856079101562 227.78123474121094 171.95773315429688
v 144.95074462890625 228.23211669921875 171.53599548339844
v 145.20394897460938 228.00205993652344 172.18519592285156
v 145.59617614746094 228.40042114257812 171.7621307373047
v 146.17678833007812 228.40533447265625 172.0392303466797
v 146.85250854492188 228.4892578125 171.73501586914062
v 146.66256713867188 228.23915100097656 172.4029998779297
v 169.58322143554688 207.872802734375 172.51185607910156
v 171.1781768798828 207.87306213378906 172.5725555419922
v 172.79710388183594 207.86447143554688 172.49635314941406
v 163.72084045410156 208.8374481201172 172.4806671142578
v 164.52755737304688 208.68824768066406 172.51638793945312
v 165.2637939453125 208.80923461914062 172.8377227783203
v 166.20388793945312 208.43429565429688 172.604248046875
v 168.39173889160156 208.35183715820312 172.92816162109375
v 169.9258575439453 208.27671813964844 173.00108337402344
v 175.25360107421875 208.43521118164062 172.88685607910156
v 176.28868103027344 208.7518768310547 173.06414794921875
v 177.83071899414062 208.67047119140625 172.76380920410156
v 178.83953857421875 208.79283142089844 172.67422485351562
v 179.74659729003906 208.87832641601562 172.535400390625
v 161.59017944335938 209.61871337890625 172.71141052246094
v 163.25979614257812 209.2567901611328 172.8515167236328
v 166.19903564453125 209.0283966064453 173.2429656982422
v 167.2695770263672 209.17337036132812 173.54872131347656
v 169.18067932128906 208.6282958984375 173.2952117919922
v 171.2296600341797 209.04229736328125 173.7424774169922
v 172.16305541992188 208.82693481445312 173.53115844726562
v 173.21986389160156 208.65567016601562 173.31602478027344
v 174.29428100585938 208.98880004882812 173.51547241210938
v 176.306396484375 209.25437927246094 173.45474243164062
v 177.16624450683594 209.17269897460938 173.22923278808594
v 178.32456970214844 209.50555419921875 173.16311645507812
v 179.37257385253906 209.4974365234375 172.9138946533203
v 180.08157348632812 209.4271240234375 172.69534301757812
v 180.65760803222656 209.70751953125 172.56170654296875
v 159.4398956298828 210.38848876953125 172.94566345214844
v 163.9690704345703 209.884033203125 173.6420440673828
v 177.53147888183594 209.9419708251953 173.5962677001953
v 178.2467498779297 210.26370239257812 173.53271484375
v 180.66427612304688 210.5594940185547 172.7574462890625
v 155.65045166015625 211.57159423828125 172.75860595703125
v 156.43463134765625 211.35792541503906 172.95773315429688
v 157.25729370117188 211.17001342773438 173.1366729736328
v 158.12034606933594 211.0123748779297 173.29283142089844
v 179.1261749267578 211.20741271972656 173.5140838623047
v 180.96665954589844 212.2093505859375 172.89004516601562
v 152.47848510742188 213.41412353515625 173.047119140625
v 153.9192352294922 212.86038208007812 173.52108764648438
v 180.9905242919922 213.29286193847656 173.04452514648438
v 151.41395568847656 214.3339385986328 173.1348419189453
v 152.06407165527344 213.99705505371094 173.4678192138672
v 181.65127563476562 214.55670166015625 172.79122924804688
v 150.4515838623047 215.35458374023438 173.07278442382812
v 151.06732177734375 214.9585418701172 173.47235107421875
v 180.560791015625 214.70462036132812 173.6242218017578
v 181.7347412109375 215.4272003173828 172.8092803955078
v 181.29412841796875 215.8120574951172 173.3463897705078
v 181.73387145996094 216.27920532226562 172.8428497314453
v 149.84141540527344 216.73548889160156 173.6274871826172
v 181.59828186035156 216.9716339111328 173.02964782714844
v 181.64398193359375 217.70639038085938 172.73741149902344
v 181.3134765625 217.49952697753906 173.41445922851562
v 181.32864379882812 218.1561737060547 173.17347717285156
v 181.07054138183594 218.9156951904297 173.21839904785156
v 180.85203552246094 219.7607879638672 172.88726806640625
v 180.3940887451172 220.3162078857422 173.406494140625
v 147.0883331298828 221.00050354003906 173.35545349121094
v 180.06993103027344 220.99667358398438 173.1094512939453
v 179.6876678466797 221.6457977294922 172.774658203125
v 179.1868438720703 222.13629150390625 173.27105712890625
v 178.77955627441406 222.7296905517578 172.8915252685547
v 178.26040649414062 223.19622802734375 173.34837341308594
v 144.88368225097656 224.62669372558594 172.60838317871094
v 177.82334899902344 223.74778747558594 172.87664794921875
v 144.82244873046875 225.50604248046875 172.67868041992188
v 145.34866333007812 225.09588623046875 173.18643188476562
v 175.47401428222656 225.52792358398438 173.4927978515625
v 176.85800170898438 224.60365295410156 172.97291564941406
v 144.80911254882812 226.09024047851562 172.6941375732422
v 145.3471221923828 226.11215209960938 173.19422912597656
v 174.19125366210938 226.32574462890625 173.26510620117188
v 144.85597229003906 226.6392364501953 172.6395263671875
v 145.4311981201172 227.0242919921875 173.03240966796875
v 152.093994140625 227.1990966796875 173.42506408691406
v 159.30810546875 227.2031707763672 173.2077178955078
v 160.269287109375 227.24319458007812 173.23269653320312
v 171.4447021484375 227.3642578125 173.49586486816406
v 173.10775756835938 226.84568786621094 173.1991729736328
v 144.99075317382812 227.39669799804688 172.4794921875
v 145.6606903076172 227.755126953125 172.7471466064453
v 146.0826873779297 227.3257598876953 173.2909698486328
v 146.3887176513672 227.86599731445312 172.91619873046875
v 147.2568359375 227.933837890625 172.8079833984375
v 148.26461791992188 227.7371063232422 173.041748046875
v 149.1412811279297 227.6628875732422 173.02252197265625
v 145.70364379882812 228.19691467285156 172.31832885742188
v 146.08848571777344 228.144775390625 172.5447540283203
v 168.1861114501953 209.50428771972656 173.95948791503906
v 161.63316345214844 210.56576538085938 173.79432678222656
v 165.31805419921875 210.16693115234375 174.09666442871094
v 167.20687866210938 210.20645141601562 174.4021453857422
v 170.27146911621094 209.9246368408203 174.4766845703125
v 174.22662353515625 210.1394500732422 174.51385498046875
v 177.7489013671875 210.668701171875 173.8749237060547
v 157.6632843017578 211.53907775878906 173.80975341796875
v 164.94920349121094 210.66065979003906 174.44146728515625
v 178.6971893310547 211.6924591064453 173.8357696533203
v 154.68470764160156 212.61636352539062 173.7248992919922
v 155.4723358154297 212.3963165283203 173.9186248779297
v 156.28758239746094 212.2091827392578 174.1071014404297
v 157.1578826904297 212.06710815429688 174.29849243164062
v 159.0262451171875 211.7145538330078 174.436767578125
v 178.2020721435547 212.19227600097656 174.2291717529297
v 153.45358276367188 213.42506408691406 173.98684692382812
v 154.2074432373047 213.17369079589844 174.19580078125
v 151.69564819335938 214.59756469726562 173.8329315185547
v 152.3430938720703 214.2823486328125 174.1436004638672
v 153.02684020996094 214.00570678710938 174.40809631347656
v 151.99464416503906 214.8862762451172 174.48387145996094
v 180.72000122070312 215.4937286376953 173.75787353515625
v 151.0554962158203 215.8836669921875 174.43023681640625
v 180.2452392578125 215.99005126953125 174.2434844970703
v 180.9119110107422 216.34124755859375 173.8330841064453
v 181.38787841796875 216.43234252929688 173.35617065429688
v 180.38731384277344 216.7998809814453 174.38475036621094
v 180.91058349609375 217.18881225585938 173.9576416015625
v 181.26031494140625 216.86538696289062 173.5503692626953
v 149.28463745117188 218.19622802734375 174.13296508789062
v 180.88978576660156 218.1394805908203 173.9158935546875
v 149.0369415283203 218.94686889648438 174.3793182373047
v 180.7171630859375 218.95654296875 173.95803833007812
v 148.2357635498047 220.14964294433594 174.21058654785156
v 148.8096160888672 219.70689392089844 174.62342834472656
v 180.62832641601562 219.60072326660156 173.68544006347656
v 180.3385009765625 219.40386962890625 174.40052795410156
v 180.178466796875 220.13446044921875 174.1772918701172
v 148.017578125 220.92059326171875 174.4420623779297
v 179.91812133789062 220.83352661132812 173.91226196289062
v 147.24359130859375 222.15682983398438 174.21726989746094
v 147.81100463867188 221.70278930664062 174.6490936279297
v 179.06906127929688 221.98858642578125 174.10317993164062
v 178.1462860107422 223.07232666015625 174.20904541015625
v 177.17691040039062 224.05250549316406 174.2172088623047
v 145.88162231445312 225.50718688964844 173.73074340820312
v 146.3562469482422 225.04940795898438 174.16915893554688
v 146.84303283691406 224.65965270996094 174.59925842285156
v 175.58541870117188 225.28871154785156 174.3245086669922
v 176.2301788330078 224.8500518798828 174.20606994628906
v 146.01080322265625 226.22837829589844 173.74258422851562
v 146.49827575683594 225.88253784179688 174.2135772705078
v 173.51593017578125 226.4329071044922 174.57550048828125
v 175.02134704589844 225.72537231445312 174.00933837890625
v 145.86537170410156 226.7293243408203 173.48008728027344
v 146.6141815185547 226.83978271484375 173.8392791748047
v 147.1036834716797 226.36204528808594 174.48568725585938
v 147.51889038085938 226.9867706298828 174.1793975830078
v 150.19247436523438 227.2251739501953 174.01336669921875
v 151.23309326171875 227.12628173828125 174.23489379882812
v 152.04905700683594 227.08680725097656 174.46218872070312
v 158.28594970703125 227.1499481201172 174.19094848632812
v 161.27407836914062 227.23056030273438 174.21669006347656
v 164.070556640625 227.41249084472656 174.39584350585938
v 164.9267578125 227.49819946289062 174.45509338378906
v 146.72122192382812 227.52212524414062 173.33843994140625
v 147.3815155029297 227.44371032714844 173.54652404785156
v 148.04945373535156 227.3892059326172 173.79547119140625
v 148.4107666015625 227.07626342773438 174.37306213378906
v 148.78765869140625 227.47576904296875 173.6500701904297
v 169.6572723388672 227.55101013183594 174.61216735839844
v 168.56979370117188 210.5659637451172 174.85633850097656
v 169.39154052734375 210.63197326660156 174.98902893066406
v 171.23609924316406 210.44459533691406 174.91082763671875
v 172.25286865234375 210.24485778808594 174.7451934814453
v 173.28408813476562 210.5021209716797 174.90606689453125
v 174.08038330078125 210.69163513183594 174.98521423339844
v 174.83543395996094 210.66421508789062 174.82034301757812
v 175.6736297607422 210.7528533935547 174.65042114257812
v 163.5635528564453 211.45404052734375 174.92190551757812
v 167.2689208984375 211.2193603515625 175.1306915283203
v 168.1922607421875 211.15650939941406 175.20425415039062
v 169.10337829589844 211.12799072265625 175.28192138671875
v 170.03262329101562 211.11585998535156 175.3437957763672
v 172.33090209960938 210.96556091308594 175.27105712890625
v 173.50267028808594 211.1107635498047 175.31924438476562
v 174.4015350341797 211.17979431152344 175.25453186035156
v 176.00152587890625 211.41856384277344 174.9356689453125
v 176.75340270996094 211.64425659179688 174.73477172851562
v 157.4923095703125 212.5 174.91973876953125
v 158.2646942138672 212.49362182617188 175.10581970214844
v 160.31825256347656 212.20138549804688 175.17247009277344
v 161.196044921875 211.9521026611328 175.0883026123047
v 162.15748596191406 212.0873260498047 175.27638244628906
v 165.19850158691406 211.95570373535156 175.37852478027344
v 153.7570037841797 213.7527618408203 174.63504028320312
v 155.3276824951172 213.301025390625 174.9958953857422
v 156.13702392578125 213.11924743652344 175.1385498046875
v 156.97238159179688 213.0286407470703 175.30328369140625
v 157.85604858398438 212.98068237304688 175.45843505859375
v 176.36944580078125 213.0125732421875 175.34823608398438
v 177.1053466796875 213.30001831054688 175.07981872558594
v 152.65367126464844 214.60037231445312 174.77371215820312
v 153.35696411132812 214.3477020263672 175.024169921875
v 154.10592651367188 214.1143341064453 175.23724365234375
v 154.89938354492188 213.89732360839844 175.41122436523438
v 151.68173217773438 215.5217742919922 174.7820281982422
v 152.3292999267578 215.2204132080078 175.09210205078125
v 150.7615203857422 216.58261108398438 174.69122314453125
v 151.39109802246094 216.2001190185547 175.05560302734375
v 176.71070861816406 215.6011962890625 175.7241668701172
v 178.2321014404297 216.0705108642578 175.26487731933594
v 179.72642517089844 216.5089874267578 174.73898315429688
v 150.4853515625 217.3141326904297 174.94094848632812
v 179.18911743164062 217.06362915039062 175.2392120361328
v 179.89212036132812 217.31690979003906 174.8931121826172
v 180.4764404296875 217.60952758789062 174.46165466308594
v 150.2313995361328 218.06935119628906 175.18435668945312
v 179.3821563720703 217.85963439941406 175.4086456298828
v 180.05455017089844 218.17691040039062 174.93983459472656
v 180.50828552246094 218.1376190185547 174.48338317871094
v 180.4490509033203 218.6534423828125 174.48974609375
v 179.9344024658203 219.0866241455078 175.07846069335938
v 149.1824951171875 220.03070068359375 175.2629852294922
v 179.87982177734375 219.902099609375 174.8981170654297
v 179.69888305664062 220.64126586914062 174.67808532714844
v 179.39175415039062 220.40121459960938 175.4016571044922
v 179.19622802734375 221.13479614257812 175.18080139160156
v 147.6283416748047 222.50428771972656 174.8246307373047
v 178.90463256835938 221.81982421875 174.9077606201172
v 178.37103271484375 222.29055786132812 175.39259338378906
v 147.49610900878906 223.34335327148438 174.97401428222656
v 178.00457763671875 222.92388916015625 175.04281616210938
v 177.44525146484375 223.3645782470703 175.47982788085938
v 177.0293426513672 223.93170166015625 175.0731964111328
v 176.43350219726562 224.33290100097656 175.48211669921875
v 146.76199340820312 225.32412719726562 174.56158447265625
v 147.26654052734375 225.2083282470703 174.99327087402344
v 175.34182739257812 225.21644592285156 175.36099243164062
v 146.98402404785156 225.76527404785156 174.68153381347656
v 147.47157287597656 225.95504760742188 174.97618103027344
v 174.11831665039062 226.02301025390625 175.1610565185547
v 147.78997802734375 226.5699462890625 174.76284790039062
v 148.09335327148438 226.15464782714844 175.28631591796875
v 148.43038940429688 226.64984130859375 175.0041046142578
v 149.27993774414062 226.89158630371094 174.848876953125
v 150.3734130859375 226.91094970703125 174.99908447265625
v 151.33087158203125 226.92959594726562 175.16384887695312
v 154.25184631347656 227.07672119140625 175.26283264160156
v 156.22142028808594 227.12783813476562 175.23159790039062
v 163.24171447753906 227.25755310058594 175.24501037597656
v 169.46351623535156 227.4205780029297 175.48336791992188
v 171.032958984375 227.19778442382812 175.09915161132812
v 168.13790893554688 227.64752197265625 174.92828369140625
v 171.2794647216797 211.65357971191406 175.70509338378906
v 171.87982177734375 211.656494140625 175.68911743164062
v 172.84933471679688 211.7039794921875 175.67135620117188
v 173.83602905273438 211.77340698242188 175.62547302246094
v 174.72715759277344 211.81236267089844 175.50686645507812
v 158.7620391845703 212.87979125976562 175.52125549316406
v 159.7008056640625 212.78919982910156 175.5622100830078
v 161.2633819580078 212.47695922851562 175.48724365234375
v 162.23388671875 212.82237243652344 175.74951171875
v 164.1980743408203 212.63055419921875 175.71060180664062
v 166.31417846679688 212.49160766601562 175.73915100097656
v 167.4817657470703 212.47279357910156 175.82077026367188
v 168.30848693847656 212.3275604248047 175.8211669921875
v 169.19631958007812 212.56185913085938 175.954833984375
v 170.34034729003906 212.41307067871094 175.9519500732422
v 172.12832641601562 212.36204528808594 175.95481872558594
v 173.1151885986328 212.4622802734375 175.9354705810547
v 174.1472625732422 212.5926055908203 175.8611602783203
v 175.015869140625 212.40916442871094 175.6591033935547
v 175.64657592773438 212.6883544921875 175.547119140625
v 156.4900665283203 213.5032501220703 175.59971618652344
v 157.3533172607422 213.6460418701172 175.87033081054688
v 158.4033966064453 213.50167846679688 175.9150390625
v 160.28530883789062 213.35667419433594 175.96148681640625
v 163.2310028076172 213.3323211669922 176.0367431640625
v 173.99258422851562 213.43020629882812 176.08596801757812
v 174.8422393798828 213.2336883544922 175.88604736328125
v 153.74253845214844 214.73353576660156 175.5967254638672
v 154.5178680419922 214.52459716796875 175.78985595703125
v 155.3671417236328 214.33970642089844 175.94163513183594
v 157.35362243652344 214.3802947998047 176.35031127929688
v 152.7193603515625 215.6143798828125 175.66879272460938
v 154.19810485839844 215.1767578125 176.12950134277344
v 155.01019287109375 215.00796508789062 176.29920959472656
v 155.90248107910156 214.8863983154297 176.43316650390625
v 165.2654266357422 214.72816467285156 176.71279907226562
v 167.0574188232422 214.5470733642578 176.62889099121094
v 171.32064819335938 214.8538360595703 176.6676025390625
v 172.4092559814453 214.892333984375 176.5954132080078
v 151.7752685546875 216.58685302734375 175.65830993652344
v 153.17681884765625 216.0677032470703 176.22325134277344
v 173.4938507080078 215.69064331054688 176.71214294433594
v 176.05831909179688 216.1899871826172 176.1575927734375
v 150.86842346191406 217.67453002929688 175.56866455078125
v 151.53114318847656 217.33319091796875 175.9275665283203
v 152.21939086914062 217.04347229003906 176.24850463867188
v 174.6703643798828 216.58969116210938 176.7816619873047
v 176.30377197265625 217.00794982910156 176.40451049804688
v 178.66116333007812 217.6268310546875 175.74232482910156
v 150.6347198486328 218.45057678222656 175.81385803222656
v 151.99053955078125 217.80642700195312 176.5272979736328
v 178.1676025390625 218.1629638671875 176.2400360107422
v 178.88336181640625 218.397705078125 175.91851806640625
v 179.50732421875 218.6419219970703 175.51739501953125
v 149.7857208251953 219.61386108398438 175.65982055664062
v 151.0728759765625 218.89480590820312 176.43170166015625
v 178.40179443359375 218.9081268310547 176.4193878173828
v 179.07611083984375 219.2125244140625 175.97434997558594
v 179.54014587402344 219.14871215820312 175.56036376953125
v 150.2039337158203 220.0209503173828 176.2765655517578
v 150.8491668701172 219.68408203125 176.6595458984375
v 179.5015106201172 219.6490020751953 175.53012084960938
v 178.95791625976562 220.0880889892578 176.09193420410156
v 148.7757110595703 221.6097869873047 175.66397094726562
v 149.38409423828125 221.1968231201172 176.07826232910156
v 150.0038604736328 220.81578063964844 176.47988891601562
v 178.88613891601562 220.88339233398438 175.90562438964844
v 148.58065795898438 222.4517364501953 175.78794860839844
v 149.1897735595703 222.06570434570312 176.22128295898438
v 178.67431640625 221.61048889160156 175.6826171875
v 178.36390686035156 221.33802795410156 176.408203125
v 178.12841796875 222.06918334960938 176.1799774169922
v 148.3953094482422 223.2056427001953 175.81277465820312
v 148.99855041503906 223.08644104003906 176.294189453125
v 177.8214111328125 222.74732971191406 175.85206604003906
v 177.2586212158203 223.18844604492188 176.27565002441406
v 147.95021057128906 224.36740112304688 175.58575439453125
v 149.23167419433594 224.01234436035156 176.56021118164062
v 176.26824951171875 224.17637634277344 176.293701171875
v 148.2250518798828 224.93148803710938 175.77960205078125
v 148.98666381835938 224.9838104248047 176.2889404296875
v 175.1784210205078 225.0744171142578 176.2322235107422
v 147.84417724609375 225.49562072753906 175.40855407714844
v 148.49267578125 225.67466735839844 175.77496337890625
v 149.23654174804688 225.89321899414062 176.09837341308594
v 173.98936462402344 225.8894805908203 176.05902099609375
v 173.3022003173828 226.17202758789062 176.3694305419922
v 174.66575622558594 225.5714874267578 175.73089599609375
v 148.81765747070312 226.3396453857422 175.50111389160156
v 149.66908264160156 226.5035858154297 175.66505432128906
v 150.0170135498047 226.12771606445312 176.36305236816406
v 150.5673065185547 226.61473083496094 175.84933471679688
v 151.45346069335938 226.71266174316406 176.0034942626953
v 155.18289184570312 227.0526580810547 176.21998596191406
v 172.05169677734375 226.73252868652344 176.1382293701172
v 172.6702423095703 226.56785583496094 175.8199462890625
v 172.60809326171875 226.41729736328125 176.66021728515625
v 157.9774932861328 214.6515350341797 176.55996704101562
v 154.73434448242188 215.689208984375 176.6310577392578
v 155.5973663330078 215.570068359375 176.77232360839844
v 163.4468231201172 215.2767791748047 176.91741943359375
v 164.27149963378906 215.6309356689453 177.15687561035156
v 170.2324676513672 215.27455139160156 176.89654541015625
v 153.69163513183594 216.56533813476562 176.7566375732422
v 160.37179565429688 216.2523956298828 177.35523986816406
v 161.3673858642578 216.25364685058594 177.35435485839844
v 165.0477752685547 216.06503295898438 177.48678588867188
v 171.14268493652344 216.15444946289062 177.24966430664062
v 172.06460571289062 216.22586059570312 177.16647338867188
v 172.95556640625 216.31983947753906 177.06871032714844
v 157.2102813720703 216.6887664794922 177.56500244140625
v 158.23060607910156 216.42137145996094 177.44656372070312
v 159.2968292236328 216.72535705566406 177.62957763671875
v 161.06082153320312 216.68231201171875 177.60472106933594
v 162.83828735351562 216.6575164794922 177.69754028320312
v 175.8360595703125 217.517578125 176.857177734375
v 153.19451904296875 218.0308380126953 177.35989379882812
v 153.95228576660156 217.79696655273438 177.56961059570312
v 177.70091247558594 218.65541076660156 176.73182678222656
v 152.2120819091797 219.0569610595703 177.34979248046875
v 176.48483276367188 218.8871307373047 177.4449005126953
v 177.2234344482422 219.12274169921875 177.2227783203125
v 177.91891479492188 219.3878936767578 176.91490173339844
v 178.5301055908203 219.65118408203125 176.52572631835938
v 151.28700256347656 220.14608764648438 177.23129272460938
v 177.40736389160156 219.8682098388672 177.4069061279297
v 178.08920288085938 220.17898559570312 176.9613037109375
v 178.55564880371094 220.13661193847656 176.56300354003906
v 150.43968200683594 221.27980041503906 177.03628540039062
v 178.51043701171875 220.61074829101562 176.52398681640625
v 177.99391174316406 220.97715759277344 177.00831604003906
v 149.64984130859375 222.56259155273438 176.74037170410156
v 150.8838653564453 221.7354736328125 177.52462768554688
v 177.769775390625 221.77001953125 176.971923828125
v 177.57315063476562 222.53497314453125 176.6281280517578
v 177.24127197265625 222.3251495361328 177.3193817138672
v 177.01858520507812 222.98220825195312 177.01112365722656
v 149.77122497558594 223.88223266601562 176.97470092773438
v 176.68148803710938 223.5997314453125 176.66868591308594
v 176.44407653808594 223.37042236328125 177.36402893066406
v 176.08685302734375 223.9715576171875 177.03553771972656
v 149.69664001464844 224.623291015625 176.86741638183594
v 150.2854766845703 225.03475952148438 177.1888885498047
v 175.02969360351562 224.87301635742188 177.00584411621094
v 174.3811798095703 225.18740844726562 177.3232421875
v 175.4705047607422 224.30728149414062 177.37672424316406
v 149.73277282714844 225.44775390625 176.67320251464844
v 150.42771911621094 225.7476806640625 176.96603393554688
v 150.88824462890625 225.3549041748047 177.470947265625
v 151.13870239257812 225.96998596191406 177.22189331054688
v 173.18515014648438 225.9945526123047 177.17898559570312
v 172.4680938720703 226.25628662109375 177.45594787597656
v 173.87049865722656 225.71029663085938 176.87744140625
v 150.80990600585938 226.306396484375 176.58782958984375
v 151.6214599609375 226.46128845214844 176.77783203125
v 151.88739013671875 226.16610717773438 177.45152282714844
v 152.46206665039062 226.6116180419922 176.9287109375
v 153.3343963623047 226.7516632080078 177.03086853027344
v 154.2406005859375 226.8660125732422 177.0882110595703
v 155.18910217285156 226.9453887939453 177.13296508789062
v 156.19674682617188 226.99655151367188 177.18850708007812
v 157.23143005371094 227.04457092285156 177.18907165527344
v 158.21961975097656 227.07493591308594 177.17825317382812
v 159.1957550048828 227.08004760742188 177.20855712890625
v 170.14312744140625 227.00067138671875 177.2093963623047
v 160.4774169921875 217.4588623046875 178.1380615234375
v 162.3647918701172 217.24415588378906 178.0802459716797
v 165.17913818359375 217.0989990234375 178.28094482421875
v 166.2364501953125 216.9660186767578 178.25355529785156
v 155.23829650878906 218.16600036621094 178.1914825439453
v 156.1170654296875 218.1149139404297 178.33346557617188
v 171.27438354492188 218.21572875976562 178.39285278320312
v 174.1558074951172 218.25491333007812 177.8300018310547
v 153.35464477539062 219.2266082763672 178.09779357910156
v 154.10494995117188 219.00350952148438 178.29800415039062
v 154.88616943359375 218.8207550048828 178.4574737548828
v 173.30799865722656 219.09304809570312 178.43443298339844
v 175.95370483398438 219.38479614257812 177.91539001464844
v 176.7061004638672 219.60360717773438 177.70750427246094
v 152.4038848876953 220.25453186035156 178.0489044189453
v 153.08197021484375 219.93899536132812 178.29811096191406
v 173.66061401367188 219.66444396972656 178.6059112548828
v 174.5306854248047 219.783935546875 178.4761962890625
v 175.39549255371094 219.94479370117188 178.3358612060547
v 176.17063903808594 220.1182861328125 178.15115356445312
v 176.86163330078125 220.36929321289062 177.8838653564453
v 177.49497985839844 220.64645385742188 177.4927978515625
v 151.51083374023438 221.41082763671875 177.8697052001953
v 152.20138549804688 221.08291625976562 178.19969177246094
v 176.3583984375 220.82861328125 178.27845764160156
v 176.929443359375 221.24453735351562 177.9498748779297
v 177.52951049804688 221.28274536132812 177.44509887695312
v 150.78262329101562 222.58815002441406 177.6063995361328
v 151.2911376953125 222.12771606445312 177.88845825195312
v 151.9705352783203 222.0935516357422 178.26771545410156
v 177.2991943359375 221.74868774414062 177.5591583251953
v 176.8497314453125 222.048828125 177.87158203125
v 150.79989624023438 223.49960327148438 177.6704864501953
v 151.3741912841797 222.9037628173828 178.005126953125
v 152.04925537109375 223.1429443359375 178.39065551757812
v 176.70188903808594 222.7278289794922 177.65216064453125
v 176.29632568359375 222.39234924316406 178.1682891845703
v 176.11045837402344 223.0687713623047 177.95994567871094
v 151.42771911621094 224.03564453125 178.0205841064453
v 175.83590698242188 223.70843505859375 177.69139099121094
v 175.45758056640625 223.35968017578125 178.24652099609375
v 175.1893310546875 224.01292419433594 177.999267578125
v 150.8260955810547 224.63623046875 177.61842346191406
v 151.3211669921875 224.94215393066406 177.84971618652344
v 152.0452423095703 224.93873596191406 178.23020935058594
v 174.827880859375 224.61953735351562 177.69544982910156
v 174.51963806152344 224.30557250976562 178.29345703125
v 174.1536102294922 224.91831970214844 178.00698852539062
v 151.54718017578125 225.56857299804688 177.75326538085938
v 152.2751922607422 225.79904174804688 178.0216827392578
v 173.0038299560547 225.78207397460938 177.93536376953125
v 172.27978515625 226.0514678955078 178.2200164794922
v 173.70523071289062 225.49002075195312 177.63238525390625
v 173.4507293701172 225.2164306640625 178.32005310058594
v 152.673828125 226.364990234375 177.63685607910156
v 153.0201416015625 226.0739288330078 178.2204132080078
v 153.497314453125 226.5437469482422 177.76519775390625
v 154.35772705078125 226.67916870117188 177.8516082763672
v 155.27523803710938 226.75405883789062 177.97152709960938
v 156.36231994628906 226.8098602294922 178.1514434814453
v 157.40301513671875 226.9588623046875 177.917724609375
v 158.2058868408203 226.95889282226562 178.0611114501953
v 159.18014526367188 226.97012329101562 178.1304931640625
v 160.1810302734375 226.98411560058594 178.16632080078125
v 161.2008819580078 227.0098114013672 178.1676025390625
v 162.2169647216797 227.0553741455078 178.09361267089844
v 164.36875915527344 227.09405517578125 178.32371520996094
v 165.42942810058594 227.10426330566406 178.31996154785156
v 166.22207641601562 227.1068878173828 178.13194274902344
v 168.22933959960938 227.04319763183594 178.05715942382812
v 169.21046447753906 226.95632934570312 178.0892333984375
v 170.0910186767578 226.83322143554688 178.06178283691406
v 170.9056854248047 226.68359375 177.8999481201172
v 171.70669555664062 226.4895782470703 177.69351196289062
v 171.53147888183594 226.28424072265625 178.47450256347656
v 166.44813537597656 217.50265502929688 178.66213989257812
v 167.82073974609375 217.71951293945312 178.70663452148438
v 168.7694549560547 217.73731994628906 178.58572387695312
v 155.7178497314453 218.7369384765625 178.61231994628906
v 157.522216796875 218.6908721923828 178.86337280273438
v 159.20750427246094 218.72250366210938 179.040771484375
v 164.19837951660156 218.13426208496094 178.9711151123047
v 166.15374755859375 218.1632537841797 179.07928466796875
v 167.22183227539062 218.31515502929688 179.10797119140625
v 153.80380249023438 219.73081970214844 178.52120971679688
v 154.60971069335938 219.5479736328125 178.71273803710938
v 156.2022247314453 219.46002197265625 179.06492614746094
v 159.9794921875 219.086181640625 179.37295532226562
v 162.13233947753906 219.0323028564453 179.49456787109375
v 165.3338165283203 218.92861938476562 179.54681396484375
v 166.5105438232422 218.9180450439453 179.4899139404297
v 167.489990234375 219.03155517578125 179.43768310546875
v 168.26756286621094 219.21463012695312 179.3942413330078
v 170.14390563964844 219.27760314941406 179.0583038330078
v 152.91439819335938 220.70870971679688 178.47853088378906
v 153.5216522216797 220.37367248535156 178.6524200439453
v 154.33070373535156 220.4475555419922 178.95130920410156
v 155.37225341796875 220.10791015625 179.1393585205078
v 156.23435974121094 220.22274780273438 179.40826416015625
v 156.9867401123047 220.00567626953125 179.48080444335938
v 157.91905212402344 219.82472229003906 179.56494140625
v 172.27688598632812 220.39389038085938 179.06753540039062
v 173.1703338623047 220.192138671875 178.87118530273438
v 173.9429931640625 220.42019653320312 178.79739379882812
v 174.85433959960938 220.590576171875 178.6654815673828
v 175.6834259033203 220.6837158203125 178.49473571777344
v 152.78814697265625 221.6149139404297 178.61524963378906
v 153.64625549316406 221.21719360351562 178.90809631347656
v 154.4589385986328 221.304443359375 179.2279815673828
v 171.38720703125 221.02076721191406 179.41075134277344
v 174.27671813964844 221.4131622314453 178.9173583984375
v 175.2935791015625 221.3483428955078 178.69692993164062
v 176.01174926757812 221.30921936035156 178.49761962890625
v 176.44216918945312 221.28208923339844 178.31871032714844
v 152.66644287109375 222.57351684570312 178.67941284179688
v 153.42645263671875 222.26602172851562 178.9810028076172
v 154.25350952148438 222.07034301757812 179.27880859375
v 173.24044799804688 222.14427185058594 179.23068237304688
v 174.32321166992188 222.35125732421875 178.9483184814453
v 175.07127380371094 222.11744689941406 178.74652099609375
v 175.81549072265625 221.94593811035156 178.52645874023438
v 176.4152069091797 221.7217254638672 178.28289794921875
v 154.0555877685547 223.1520233154297 179.28114318847656
v 172.47695922851562 222.77503967285156 179.5572052001953
v 173.135009765625 223.1191864013672 179.3335418701172
v 173.99838256835938 223.16493225097656 178.98138427734375
v 174.91632080078125 222.90138244628906 178.6824493408203
v 175.65286254882812 222.65969848632812 178.43060302734375
v 152.87274169921875 223.8223876953125 178.80369567871094
v 154.23252868652344 224.2183074951172 179.33045959472656
v 173.27188110351562 223.9894561767578 179.17654418945312
v 174.1144561767578 223.95184326171875 178.7488250732422
v 174.74757385253906 223.63758850097656 178.5227813720703
v 152.83572387695312 224.5605010986328 178.70614624023438
v 153.638427734375 225.0006866455078 178.9669952392578
v 154.4957733154297 224.98085021972656 179.33250427246094
v 173.80685424804688 224.56468200683594 178.6109161376953
v 173.07215881347656 224.86514282226562 178.92941284179688
v 152.8312530517578 225.40609741210938 178.51101684570312
v 153.47140502929688 225.7623748779297 178.65281677246094
v 154.38394165039062 225.80245971679688 178.94439697265625
v 155.0047607421875 225.34686279296875 179.42977905273438
v 155.2083282470703 225.87753295898438 179.2474822998047
v 172.0133056640625 225.785888671875 178.90798950195312
v 171.27304077148438 226.0126953125 179.1673583984375
v 172.7361297607422 225.51670837402344 178.6228485107422
v 172.36766052246094 225.1973419189453 179.2105712890625
v 153.8055877685547 226.26524353027344 178.37066650390625
v 154.5620574951172 226.42672729492188 178.43504333496094
v 155.35108947753906 226.37765502929688 178.76235961914062
v 155.86207580566406 226.09922790527344 179.30523681640625
v 156.2342071533203 226.49925231933594 178.92236328125
v 157.19989013671875 226.69703674316406 178.73622131347656
v 158.2688446044922 226.73968505859375 178.8599395751953
v 159.23045349121094 226.76344299316406 178.95729064941406
v 160.2279052734375 226.799560546875 179.04054260253906
v 161.32980346679688 226.86289978027344 179.11009216308594
v 162.3633575439453 226.9836883544922 178.81101989746094
v 163.19924926757812 226.97433471679688 179.00961303710938
v 164.1767578125 226.91024780273438 179.34239196777344
v 165.22369384765625 226.96897888183594 179.02647399902344
v 166.0539093017578 226.9960479736328 178.81753540039062
v 167.04812622070312 226.87826538085938 179.05604553222656
v 168.12062072753906 226.840576171875 178.95640563964844
v 169.07000732421875 226.7613983154297 178.9041748046875
v 169.94642639160156 226.6387176513672 178.8295135498047
v 170.7582244873047 226.47874450683594 178.68585205078125
v 170.51260375976562 226.21327209472656 179.3795623779297
v 160.59584045410156 219.56619262695312 179.76441955566406
v 162.26898193359375 219.7608642578125 180.028564453125
v 163.2406768798828 219.54298400878906 179.91697692871094
v 157.61386108398438 220.5879669189453 179.86318969726562
v 159.28555297851562 220.15943908691406 179.97157287597656
v 161.34930419921875 220.1111297607422 180.17593383789062
v 163.18919372558594 220.2633819580078 180.36741638183594
v 164.29833984375 220.07546997070312 180.25250244140625
v 165.24069213867188 220.32147216796875 180.33824157714844
v 166.0981903076172 220.18377685546875 180.1687774658203
v 167.08555603027344 220.3363494873047 180.0737762451172
v 167.95156860351562 220.4671630859375 179.94815063476562
v 156.48117065429688 221.3946990966797 179.85459899902344
v 158.2350616455078 221.1551971435547 180.22787475585938
v 160.10452270507812 221.04063415527344 180.50341796875
v 161.8422088623047 220.7667999267578 180.55848693847656
v 165.64572143554688 220.87408447265625 180.52854919433594
v 166.50634765625 220.9380645751953 180.41903686523438
v 155.73849487304688 222.5186767578125 179.8282012939453
v 167.5771484375 221.81004333496094 180.49986267089844
v 170.0369873046875 222.24879455566406 180.09259033203125
v 171.69102478027344 222.59405517578125 179.76312255859375
v 156.39254760742188 223.22975158691406 180.0795135498047
v 157.22850036621094 223.0467529296875 180.34683227539062
v 169.4482879638672 222.85354614257812 180.4248504638672
v 170.26666259765625 223.04095458984375 180.27064514160156
v 172.58200073242188 223.54312133789062 179.5681610107422
v 155.39529418945312 224.0748748779297 179.77003479003906
v 157.0671844482422 224.06936645507812 180.2573699951172
v 157.90016174316406 223.54725646972656 180.55287170410156
v 158.0072784423828 224.3885040283203 180.4995880126953
v 170.42140197753906 223.82235717773438 180.38845825195312
v 171.03903198242188 224.1251983642578 180.1851348876953
v 172.6097412109375 224.0489501953125 179.53562927246094
v 154.95875549316406 224.90945434570312 179.54550170898438
v 156.4402313232422 225.03048706054688 179.9226837158203
v 157.48655700683594 225.04592895507812 180.19532775878906
v 158.2435302734375 225.072265625 180.40565490722656
v 171.13711547851562 224.88119506835938 180.03456115722656
v 171.95166015625 224.84994506835938 179.6409454345703
v 172.56312561035156 224.52920532226562 179.42465209960938
v 155.68850708007812 225.52276611328125 179.58441162109375
v 156.31422424316406 225.76954650878906 179.64767456054688
v 157.08839416503906 225.74354553222656 179.81683349609375
v 158.23794555664062 225.8166046142578 180.02210998535156
v 158.8758087158203 225.3360595703125 180.47398376464844
v 159.15350341796875 225.86753845214844 180.25836181640625
v 170.8983612060547 225.65713500976562 179.7635040283203
v 170.44566345214844 225.31565856933594 180.2222900390625
v 170.1563720703125 225.87936401367188 179.9622039794922
v 171.64288330078125 225.43145751953125 179.4998016357422
v 156.669677734375 226.23956298828125 179.36886596679688
v 157.607666015625 226.32742309570312 179.43829345703125
v 158.48162841796875 226.45065307617188 179.4625701904297
v 159.3238525390625 226.38037109375 179.73826599121094
v 159.90695190429688 226.08688354492188 180.2678985595703
v 160.38980102539062 226.5491943359375 179.78427124023438
v 160.73458862304688 226.24351501464844 180.3181610107422
v 161.1695556640625 226.60279846191406 179.89634704589844
v 162.14324951171875 226.74468994140625 179.65826416015625
v 163.24363708496094 226.7267303466797 179.828125
v 164.1361083984375 226.631591796875 180.06529235839844
v 165.06370544433594 226.69888305664062 179.82089233398438
v 166.2139434814453 226.71368408203125 179.63739013671875
v 167.20944213867188 226.5671844482422 179.8793487548828
v 167.9778289794922 226.5598602294922 179.7493438720703
v 167.68881225585938 226.20608520507812 180.33192443847656
v 168.52442932128906 226.11741638183594 180.24942016601562
v 168.86517333984375 226.48988342285156 179.650390625
v 169.36814880371094 226.01780700683594 180.1227264404297
v 169.7161407470703 226.3762664794922 179.53587341308594
v 162.69500732421875 220.78872680664062 180.61863708496094
v 163.42909240722656 220.873779296875 180.66592407226562
v 163.98825073242188 220.6532440185547 180.56317138671875
v 164.7614288330078 220.78651428222656 180.57737731933594
v 158.76918029785156 221.73634338378906 180.53741455078125
v 159.66273498535156 221.69369506835938 180.65972900390625
v 161.5404510498047 221.4412078857422 180.7769317626953
v 163.03042602539062 221.39479064941406 180.8314208984375
v 164.02084350585938 221.3748779296875 180.80661010742188
v 165.04759216308594 221.53396606445312 180.79420471191406
v 165.9557342529297 221.5790557861328 180.716796875
v 157.9384307861328 222.36871337890625 180.5341339111328
v 159.14682006835938 222.43760681152344 180.75437927246094
v 160.16043090820312 222.56150817871094 180.89085388183594
v 161.2800750732422 222.3047637939453 180.94578552246094
v 162.2729034423828 221.9379119873047 180.93435668945312
v 163.2085418701172 222.20327758789062 180.99278259277344
v 164.24159240722656 222.3111572265625 180.99551391601562
v 165.29527282714844 222.44314575195312 180.965576171875
v 166.22776794433594 222.20745849609375 180.84014892578125
v 166.95162963867188 222.4304962158203 180.78170776367188
v 158.55935668945312 223.0507049560547 180.71754455566406
v 159.37356567382812 223.24732971191406 180.85733032226562
v 160.10113525390625 223.43923950195312 180.96348571777344
v 160.9051055908203 223.2432098388672 181.02249145507812
v 162.0977783203125 223.0245819091797 181.05995178222656
v 163.26708984375 223.1729278564453 181.10244750976562
v 164.24734497070312 223.23863220214844 181.1054229736328
v 165.0024871826172 223.3684844970703 181.0947723388672
v 166.02220153808594 223.1137237548828 180.9981231689453
v 167.21963500976562 223.37562561035156 180.91346740722656
v 168.14381408691406 223.1875457763672 180.77413940429688
v 168.8516387939453 223.40806579589844 180.69227600097656
v 169.65138244628906 223.60923767089844 180.56124877929688
v 158.68882751464844 223.84780883789062 180.72467041015625
v 159.5796356201172 224.14210510253906 180.85821533203125
v 160.4351348876953 223.96627807617188 180.98707580566406
v 161.2490234375 224.07237243652344 181.03294372558594
v 162.2982177734375 224.0865936279297 181.09178161621094
v 163.28057861328125 224.09158325195312 181.1258087158203
v 164.1826171875 224.11585998535156 181.12109375
v 165.1409454345703 224.0902557373047 181.0918731689453
v 166.19236755371094 224.14236450195312 181.0428924560547
v 167.23110961914062 224.4175567626953 180.9741973876953
v 168.1314239501953 223.9005584716797 180.86911010742188
v 169.0221710205078 224.1743927001953 180.7511749267578
v 169.84271240234375 224.33218383789062 180.5951385498047
v 170.5186004638672 224.5106201171875 180.3949432373047
v 158.7781982421875 224.63983154296875 180.64712524414062
v 159.41403198242188 224.91635131835938 180.71612548828125
v 160.30447387695312 224.80291748046875 180.8579864501953
v 161.42706298828125 225.0583953857422 180.91905212402344
v 162.4540557861328 224.8251495361328 181.03810119628906
v 163.2301788330078 224.94175720214844 181.02511596679688
v 164.20904541015625 224.96534729003906 181.00930786132812
v 165.25917053222656 224.96487426757812 180.99313354492188
v 166.3114776611328 225.04066467285156 180.96371459960938
v 167.27151489257812 225.2673797607422 180.87619018554688
v 168.27867126464844 224.84555053710938 180.8249969482422
v 169.3205108642578 224.89715576171875 180.66078186035156
v 170.07705688476562 224.92538452148438 180.49368286132812
v 170.5521697998047 224.92530822753906 180.34353637695312
v 159.6539306640625 225.49200439453125 180.57467651367188
v 160.49635314941406 225.6540985107422 180.64474487304688
v 161.22830200195312 225.85816955566406 180.65243530273438
v 162.1978302001953 225.6520538330078 180.77903747558594
v 163.29725646972656 225.73634338378906 180.76800537109375
v 164.35777282714844 225.81906127929688 180.73477172851562
v 165.49270629882812 225.72279357910156 180.75613403320312
v 166.50340270996094 225.7569122314453 180.72886657714844
v 167.2817840576172 225.8524627685547 180.6653289794922
v 168.01669311523438 225.66041564941406 180.65797424316406
v 168.90206909179688 225.53009033203125 180.55120849609375
v 169.73597717285156 225.45970153808594 180.3959197998047
v 161.60235595703125 226.31097412109375 180.3301239013672
v 162.59930419921875 226.32754516601562 180.34207153320312
v 163.57225036621094 226.3408203125 180.40415954589844
v 164.17469787597656 226.34918212890625 180.44187927246094
v 164.8175506591797 226.31167602539062 180.40234375
v 165.82672119140625 226.2877197265625 180.33348083496094
v 166.8223114013672 226.26535034179688 180.33172607421875
f 1 2 3
f 2 1 4
f 5 6 7
f 6 5 8
f 9 7 10
f 7 9 5
f 11 10 12
f 10 11 9
f 13 12 14
f 12 13 11
f 15 14 4
f 14 15 13
f 16 4 1
f 4 16 15
f 16 17 18
f 17 16 1
f 19 20 8
f 20 19 21
f 19 5 22
f 5 19 8
f 23 5 9
f 5 23 22
f 24 9 11
f 9 24 23
f 25 11 13
f 11 25 24
f 26 13 15
f 13 26 25
f 27 15 16
f 15 27 26
f 28 16 18
f 16 28 27
f 29 30 21
f 30 29 31
f 32 21 19
f 21 32 29
f 32 22 33
f 22 32 19
f 34 22 23
f 22 34 33
f 35 23 24
f 23 35 34
f 36 24 25
f 24 36 35
f 37 25 26
f 25 37 36
f 38 26 27
f 26 38 37
f 39 32 40
f 32 39 29
f 40 33 41
f 33 40 32
f 42 33 34
f 33 42 41
f 42 35 43
f 35 42 34
f 44 35 36
f 35 44 43
f 45 36 37
f 36 45 44
f 46 42 47
f 42 46 41
f 48 42 43
f 42 48 47
f 49 50 51
f 50 49 52
f 49 2 52
f 2 49 3
f 49 53 54
f 53 49 51
f 55 56 57
f 56 55 58
f 55 6 58
f 6 55 7
f 59 57 60
f 57 59 55
f 59 7 55
f 7 59 10
f 61 60 62
f 60 61 59
f 12 59 61
f 59 12 10
f 63 62 64
f 62 63 61
f 14 61 63
f 61 14 12
f 65 64 52
f 64 65 63
f 65 14 63
f 14 65 4
f 65 2 4
f 2 65 52
f 66 3 1
f 3 66 49
f 66 54 67
f 54 66 49
f 17 66 67
f 66 17 1
f 67 68 69
f 68 67 54
f 70 71 58
f 71 70 72
f 70 20 72
f 20 70 8
f 70 6 8
f 6 70 58
f 73 17 18
f 17 73 67
f 73 69 74
f 69 73 67
f 75 69 76
f 69 75 74
f 77 78 79
f 78 77 80
f 81 79 72
f 79 81 77
f 81 30 77
f 30 81 21
f 81 20 21
f 20 81 72
f 28 82 83
f 82 28 27
f 73 28 83
f 28 73 18
f 73 74 83
f 84 85 80
f 85 84 86
f 87 80 77
f 80 87 84
f 77 31 87
f 31 77 30
f 88 31 87
f 31 88 29
f 38 89 90
f 89 38 37
f 82 38 90
f 38 82 27
f 91 92 86
f 92 91 93
f 94 86 84
f 86 94 91
f 95 84 87
f 84 95 94
f 95 88 96
f 88 95 87
f 88 39 96
f 39 88 29
f 97 39 96
f 39 97 40
f 98 40 97
f 40 98 41
f 44 99 100
f 99 44 43
f 45 100 101
f 100 45 44
f 89 45 101
f 45 89 37
f 102 89 90
f 89 102 101
f 103 91 104
f 91 103 93
f 105 91 94
f 91 105 104
f 106 94 95
f 94 106 105
f 107 95 96
f 95 107 106
f 107 97 108
f 97 107 96
f 108 98 109
f 98 108 97
f 98 46 109
f 46 98 41
f 110 46 109
f 46 110 47
f 48 110 111
f 110 48 47
f 99 48 111
f 48 99 43
f 112 99 100
f 99 112 111
f 113 105 114
f 105 113 104
f 114 106 115
f 106 114 105
f 116 106 107
f 106 116 115
f 117 107 108
f 107 117 116
f 118 108 109
f 108 118 117
f 119 109 110
f 109 119 118
f 120 50 121
f 50 120 51
f 53 120 122
f 120 53 51
f 56 123 57
f 60 57 123
f 62 60 124
f 62 124 64
f 126 125 121
f 125 126 124
f 126 64 124
f 64 126 52
f 126 50 52
f 50 126 121
f 127 53 54
f 53 127 122
f 127 128 129
f 128 127 122
f 68 127 129
f 127 68 54
f 129 130 131
f 130 129 128
f 132 71 133
f 71 132 58
f 132 56 58
f 134 68 69
f 68 134 129
f 134 131 76
f 131 134 129
f 134 76 69
f 76 135 136
f 135 76 131
f 188 78 137
f 78 188 79
f 138 79 188
f 79 138 72
f 138 71 72
f 71 138 133
f 75 139 76
f 139 75 74
f 76 136 140
f 140 141 142
f 141 140 136
f 143 144 137
f 144 143 145
f 143 85 145
f 85 143 80
f 143 78 80
f 78 143 137
f 74 83 139
f 76 140 139
f 146 147 145
f 147 146 148
f 146 92 148
f 92 146 86
f 146 85 86
f 85 146 145
f 149 150 148
f 150 149 151
f 149 92 93
f 92 149 148
f 152 101 100
f 153 149 154
f 149 153 151
f 149 103 154
f 103 149 93
f 155 103 154
f 103 155 104
f 111 156 157
f 156 111 110
f 157 112 111
f 112 152 100
f 158 154 159
f 154 158 153
f 159 155 160
f 155 159 154
f 155 113 160
f 113 155 104
f 161 113 160
f 113 161 114
f 162 114 161
f 114 162 115
f 163 115 162
f 115 163 116
f 117 163 164
f 163 117 116
f 118 164 170
f 164 118 117
f 119 170 165
f 170 119 118
f 156 119 165
f 119 156 110
f 209 156 157
f 156 209 165
f 166 160 167
f 160 166 159
f 167 161 168
f 161 167 160
f 169 161 162
f 161 169 168
f 120 121 172
f 171 172 173
f 171 120 172
f 120 171 122
f 171 173 174
f 128 171 174
f 171 128 122
f 130 174 175
f 174 130 128
f 123 176 177
f 176 123 56
f 123 177 60
f 218 124 177
f 124 60 177
f 178 130 131
f 130 178 175
f 178 179 180
f 179 178 175
f 135 178 180
f 178 135 131
f 180 181 182
f 181 180 179
f 133 228 132
f 228 133 138
f 183 135 136
f 135 183 180
f 183 182 184
f 182 183 180
f 141 183 184
f 183 141 136
f 184 185 186
f 185 184 182
f 144 187 137
f 188 137 187
f 142 189 190
f 189 142 140
f 184 142 190
f 142 184 141
f 191 184 186
f 184 191 190
f 192 147 193
f 147 192 145
f 192 144 145
f 194 140 139
f 189 140 194
f 195 189 190
f 189 195 194
f 196 197 193
f 197 196 198
f 196 150 198
f 150 196 148
f 196 147 148
f 147 196 193
f 83 82 194
f 139 83 194
f 199 200 198
f 200 199 201
f 199 150 151
f 150 199 198
f 194 90 102
f 82 194 90
f 202 201 199
f 201 202 203
f 202 151 153
f 151 202 199
f 152 112 204
f 101 204 194
f 204 101 152
f 101 194 102
f 205 202 206
f 202 205 203
f 202 158 206
f 158 202 153
f 207 158 206
f 158 207 159
f 163 162 208
f 208 164 163
f 170 209 165
f 112 204 157
f 210 206 211
f 206 210 205
f 211 207 212
f 207 211 206
f 207 166 212
f 166 207 159
f 216 166 212
f 166 216 167
f 216 168 167
f 162 208 169
f 213 170 209
f 204 209 157
f 209 204 213
f 214 212 215
f 212 214 211
f 216 215 212
f 217 176 271
f 176 217 177
f 218 177 217
f 218 263 125
f 218 125 124
f 219 125 263
f 125 219 121
f 121 219 172
f 220 173 174
f 220 266 221
f 175 220 221
f 220 175 174
f 221 222 223
f 222 221 266
f 179 221 223
f 221 179 175
f 223 224 225
f 224 223 222
f 181 223 225
f 223 181 179
f 225 226 227
f 226 225 224
f 230 228 271
f 230 132 228
f 132 230 56
f 230 176 56
f 176 230 271
f 231 181 182
f 181 231 225
f 231 227 232
f 227 231 225
f 185 231 232
f 231 185 182
f 232 233 234
f 233 232 227
f 229 188 275
f 188 229 138
f 229 228 138
f 185 186 232
f 186 234 235
f 234 186 232
f 235 236 237
f 236 235 234
f 187 280 275
f 280 187 144
f 188 187 275
f 238 191 190
f 186 235 191
f 193 286 192
f 286 193 239
f 193 197 239
f 195 238 190
f 240 241 239
f 240 200 241
f 200 240 198
f 240 197 198
f 197 240 239
f 289 200 201
f 200 289 241
f 242 243 289
f 243 242 244
f 242 201 203
f 201 242 289
f 245 246 244
f 246 245 247
f 245 242 248
f 242 245 244
f 248 203 205
f 203 248 242
f 293 204 194
f 204 293 249
f 194 299 293
f 300 299 194
f 250 245 251
f 245 250 247
f 251 248 252
f 248 251 245
f 248 210 252
f 210 248 205
f 253 210 252
f 210 253 211
f 169 254 208
f 254 169 168
f 164 208 260
f 255 164 260
f 164 255 170
f 308 170 255
f 213 308 204
f 308 213 170
f 256 204 249
f 257 252 258
f 252 257 251
f 258 253 214
f 253 258 252
f 214 253 211
f 259 215 214
f 215 259 216
f 216 259 254
f 216 254 168
f 349 254 208
f 255 308 260
f 261 308 204
f 314 217 262
f 217 314 218
f 263 310 264
f 264 219 263
f 264 311 172
f 172 219 264
f 311 265 172
f 173 172 265
f 220 173 265
f 220 312 266
f 312 220 265
f 266 267 222
f 224 267 315
f 267 224 222
f 226 315 268
f 315 226 224
f 269 229 270
f 229 269 228
f 262 271 269
f 271 228 269
f 217 271 262
f 272 226 227
f 226 272 268
f 233 272 273
f 272 233 227
f 273 316 274
f 316 273 272
f 275 321 270
f 321 275 280
f 229 275 270
f 276 233 234
f 233 276 273
f 276 274 277
f 274 276 273
f 236 276 277
f 276 236 234
f 278 274 279
f 274 278 277
f 281 237 235
f 237 277 236
f 282 277 278
f 277 282 237
f 286 283 192
f 283 327 321
f 192 283 144
f 283 280 144
f 280 283 321
f 235 284 285
f 284 235 191
f 281 235 285
f 286 287 283
f 286 241 287
f 241 286 239
f 238 284 191
f 241 288 287
f 289 243 288
f 241 289 288
f 290 246 291
f 246 290 244
f 290 243 244
f 194 332 294
f 292 246 247
f 246 292 291
f 300 294 194
f 295 292 296
f 292 250 296
f 250 292 247
f 297 250 296
f 250 297 251
f 256 298 358
f 298 256 204
f 293 256 358
f 256 293 249
f 293 299 358
f 345 300 294
f 301 297 302
f 297 301 296
f 297 257 302
f 257 297 251
f 303 257 302
f 257 303 258
f 411 258 303
f 258 411 214
f 214 343 259
f 259 343 254
f 343 349 254
f 349 307 208
f 304 208 307
f 208 304 260
f 260 304 308
f 305 261 308
f 261 298 204
f 306 303 411
f 303 306 302
f 351 304 308
f 304 351 307
f 352 305 309
f 305 352 308
f 309 305 261
f 309 261 298
f 298 358 309
f 368 312 265
f 310 263 314
f 263 218 314
f 267 312 315
f 312 267 266
f 369 315 312
f 270 317 269
f 317 262 269
f 262 317 313
f 318 316 274
f 318 319 320
f 319 318 316
f 279 318 320
f 318 279 274
f 323 279 278
f 279 323 320
f 322 323 320
f 324 392 321
f 327 324 321
f 325 282 237
f 282 323 278
f 327 287 326
f 287 327 283
f 281 285 328
f 325 281 328
f 281 325 237
f 287 329 326
f 284 330 285
f 330 284 238
f 243 463 329
f 243 287 288
f 287 243 329
f 195 330 238
f 243 331 463
f 243 290 331
f 332 195 194
f 330 195 332
f 291 333 331
f 333 291 336
f 290 291 331
f 332 294 334
f 332 335 334
f 295 336 292
f 336 291 292
f 337 294 334
f 337 334 335
f 339 295 338
f 295 339 296
f 294 406 345
f 406 294 337
f 340 339 341
f 339 340 338
f 339 301 341
f 301 339 296
f 342 301 341
f 301 342 302
f 299 358 300
f 345 300 344
f 346 341 347
f 341 346 340
f 347 342 348
f 342 347 341
f 342 306 348
f 306 342 302
f 411 306 348
f 214 411 412
f 343 214 412
f 307 350 351
f 357 308 351
f 308 357 352
f 300 344 358
f 348 353 347
f 353 348 411
f 354 350 355
f 350 354 307
f 355 351 356
f 351 355 350
f 357 356 351
f 359 358 344
f 431 352 309
f 352 431 357
f 358 361 309
f 359 361 358
f 360 309 361
f 362 361 359
f 363 314 371
f 314 363 310
f 434 310 363
f 434 364 310
f 365 310 364
f 310 365 264
f 311 365 366
f 311 264 365
f 367 311 366
f 265 311 367
f 367 368 265
f 312 437 369
f 437 312 368
f 317 370 313
f 314 313 370
f 313 314 262
f 315 268 369
f 268 372 316
f 372 268 369
f 272 268 316
f 316 440 373
f 440 316 372
f 373 374 375
f 374 373 440
f 319 373 375
f 373 319 316
f 376 374 377
f 374 376 375
f 378 377 379
f 377 378 376
f 378 380 381
f 380 378 379
f 321 382 270
f 382 317 270
f 317 382 370
f 383 319 320
f 319 383 375
f 383 376 384
f 376 383 375
f 322 383 384
f 383 322 320
f 385 376 378
f 376 385 384
f 386 378 381
f 378 386 385
f 387 381 388
f 381 387 386
f 321 454 382
f 454 321 392
f 389 322 323
f 322 389 384
f 389 385 390
f 385 389 384
f 391 385 386
f 385 391 390
f 323 393 394
f 393 323 282
f 389 323 394
f 395 389 390
f 389 395 394
f 326 396 392
f 326 324 327
f 324 326 392
f 325 393 282
f 580 393 394
f 393 580 325
f 329 463 396
f 326 329 396
f 330 328 285
f 587 328 325
f 463 331 333
f 590 330 328
f 330 590 397
f 328 587 590
f 463 333 399
f 397 332 398
f 332 397 330
f 400 399 403
f 399 333 336
f 335 337 401
f 398 335 401
f 335 398 332
f 338 402 403
f 338 403 295
f 403 336 295
f 336 403 399
f 338 405 402
f 404 406 473
f 406 404 337
f 473 404 337
f 408 405 338
f 405 408 407
f 408 338 409
f 338 340 409
f 406 416 345
f 481 406 473
f 410 408 417
f 408 410 407
f 409 417 408
f 346 409 340
f 412 411 419
f 343 412 413
f 414 343 413
f 343 414 349
f 415 349 414
f 349 415 307
f 353 346 347
f 418 353 346
f 353 418 411
f 420 419 412
f 420 413 421
f 413 420 412
f 421 414 422
f 414 421 413
f 422 415 423
f 415 422 414
f 415 354 423
f 354 415 307
f 424 354 423
f 354 424 355
f 431 356 355
f 356 431 357
f 345 359 427
f 359 345 344
f 345 492 427
f 345 416 492
f 498 418 499
f 418 498 346
f 499 418 411
f 424 425 423
f 424 355 431
f 426 309 431
f 511 427 492
f 510 424 431
f 424 510 425
f 428 426 360
f 426 428 431
f 360 426 309
f 362 429 427
f 429 362 361
f 362 427 359
f 430 510 431
f 510 430 433
f 514 431 428
f 428 360 514
f 360 361 518
f 518 361 429
f 433 430 432
f 364 553 365
f 366 553 436
f 553 366 365
f 435 366 436
f 366 435 367
f 368 367 555
f 555 437 368
f 438 439 434
f 439 438 557
f 438 371 557
f 371 438 363
f 438 434 363
f 372 437 440
f 437 372 369
f 440 441 374
f 377 441 442
f 441 377 374
f 379 442 443
f 442 379 377
f 380 443 444
f 443 380 379
f 371 370 445
f 370 371 314
f 446 380 381
f 380 446 444
f 446 447 448
f 447 446 444
f 388 446 448
f 446 388 381
f 449 569 445
f 569 449 454
f 449 382 454
f 449 370 382
f 370 449 445
f 387 450 451
f 450 387 386
f 451 388 387
f 388 451 448
f 451 452 453
f 452 451 448
f 454 392 458
f 391 390 455
f 450 391 455
f 391 450 386
f 456 450 451
f 450 456 455
f 457 451 453
f 451 457 456
f 458 396 571
f 396 458 392
f 395 580 459
f 580 395 394
f 390 395 459
f 460 390 455
f 390 460 459
f 461 455 456
f 455 461 460
f 463 462 396
f 396 462 571
f 325 587 588
f 707 325 580
f 325 707 588
f 463 400 464
f 400 463 399
f 590 397 592
f 466 465 464
f 402 466 403
f 466 400 403
f 400 466 464
f 398 592 397
f 467 468 466
f 468 467 469
f 467 405 469
f 405 467 402
f 402 467 466
f 470 471 469
f 471 470 472
f 405 470 469
f 407 472 470
f 472 407 476
f 407 470 405
f 480 481 406
f 481 600 473
f 474 473 337
f 473 474 600
f 476 475 477
f 475 476 407
f 475 407 410
f 410 478 417
f 480 416 479
f 416 480 406
f 482 477 475
f 477 482 483
f 475 484 482
f 485 475 410
f 475 485 484
f 478 485 410
f 617 417 478
f 417 617 409
f 409 617 346
f 419 486 487
f 486 419 411
f 420 487 488
f 487 420 419
f 489 420 488
f 420 489 421
f 490 421 489
f 421 490 422
f 491 422 490
f 422 491 423
f 416 492 493
f 494 416 479
f 416 494 493
f 495 482 496
f 482 495 483
f 497 482 484
f 482 497 496
f 616 484 485
f 484 616 497
f 617 485 478
f 498 617 346
f 499 486 411
f 500 486 487
f 486 500 499
f 501 487 488
f 487 501 500
f 502 488 489
f 488 502 501
f 503 489 490
f 489 503 502
f 503 491 504
f 491 503 490
f 491 425 504
f 425 491 423
f 505 496 497
f 496 505 506
f 499 515 498
f 499 507 515
f 507 500 508
f 500 507 499
f 501 508 500
f 509 501 502
f 501 509 508
f 509 503 510
f 503 509 502
f 510 503 504
f 510 504 425
f 508 515 507
f 515 508 512
f 512 509 513
f 509 512 508
f 513 510 433
f 510 513 509
f 516 514 431
f 514 518 360
f 429 427 511
f 515 647 625
f 433 515 512
f 433 512 513
f 430 516 431
f 517 516 514
f 514 518 517
f 518 429 639
f 519 515 520
f 515 519 647
f 520 515 521
f 521 515 522
f 523 515 433
f 515 523 522
f 433 524 523
f 432 524 433
f 432 430 524
f 544 430 516
f 430 544 524
f 516 525 544
f 526 516 517
f 516 526 525
f 527 520 528
f 520 527 519
f 528 521 529
f 521 528 520
f 529 522 530
f 522 529 521
f 531 522 523
f 522 531 530
f 523 532 531
f 533 523 524
f 523 533 532
f 524 534 533
f 535 528 536
f 528 535 527
f 536 529 537
f 529 536 528
f 537 530 538
f 530 537 529
f 538 531 539
f 531 538 530
f 540 531 532
f 531 540 539
f 541 532 533
f 532 541 540
f 542 533 534
f 533 542 541
f 543 534 524
f 534 543 542
f 524 544 543
f 545 541 546
f 541 545 540
f 546 542 547
f 542 546 541
f 547 543 548
f 543 547 542
f 549 543 544
f 543 549 548
f 550 439 558
f 439 550 434
f 551 434 550
f 364 551 552
f 551 364 434
f 688 553 552
f 553 364 552
f 435 554 555
f 367 435 555
f 801 555 554
f 557 371 556
f 439 557 558
f 441 440 559
f 442 559 560
f 559 442 441
f 443 560 561
f 560 443 442
f 561 562 563
f 562 561 560
f 444 561 563
f 561 444 443
f 447 563 564
f 563 447 444
f 569 565 445
f 565 371 445
f 371 565 556
f 566 447 448
f 447 566 564
f 566 567 568
f 567 566 564
f 452 566 568
f 566 452 448
f 569 454 571
f 570 452 453
f 452 570 568
f 458 571 454
f 457 572 573
f 572 457 456
f 570 457 573
f 457 570 453
f 573 574 575
f 574 573 570
f 460 580 576
f 580 460 459
f 461 576 577
f 576 461 460
f 572 461 577
f 461 572 456
f 578 572 573
f 572 578 577
f 578 575 579
f 575 578 573
f 462 463 584
f 707 580 576
f 581 576 577
f 576 581 707
f 581 578 582
f 578 581 577
f 583 578 579
f 578 583 582
f 585 581 582
f 581 585 707
f 584 464 586
f 464 584 463
f 586 465 589
f 465 586 464
f 591 720 589
f 589 465 591
f 465 468 591
f 468 465 466
f 592 398 594
f 591 468 593
f 468 471 593
f 471 468 469
f 594 401 337
f 401 594 398
f 595 596 593
f 596 595 597
f 595 471 472
f 471 595 593
f 594 337 601
f 598 597 595
f 597 598 599
f 598 476 599
f 598 472 476
f 472 598 595
f 474 600 601
f 474 601 337
f 602 603 599
f 603 602 604
f 602 476 477
f 476 602 599
f 480 605 606
f 605 480 479
f 606 481 480
f 607 600 601
f 600 607 481
f 607 601 736
f 608 604 602
f 604 608 609
f 602 483 608
f 483 602 477
f 494 610 611
f 610 494 493
f 605 494 611
f 494 605 479
f 612 605 606
f 605 612 611
f 606 481 612
f 481 607 736
f 613 608 614
f 608 613 609
f 608 495 614
f 495 608 483
f 615 495 614
f 495 615 496
f 492 610 493
f 643 612 481
f 612 643 611
f 634 481 736
f 481 634 643
f 736 618 634
f 618 742 619
f 742 618 736
f 620 614 621
f 614 620 613
f 621 615 622
f 615 621 614
f 615 506 622
f 506 615 496
f 505 622 623
f 622 505 506
f 616 505 623
f 505 616 497
f 878 616 485
f 616 878 623
f 485 631 878
f 624 485 617
f 485 624 631
f 624 617 625
f 617 515 625
f 515 617 498
f 511 610 492
f 611 643 633
f 626 634 618
f 627 618 619
f 618 627 626
f 628 619 629
f 619 628 627
f 622 630 621
f 622 623 878
f 632 624 625
f 635 634 626
f 636 626 627
f 626 636 635
f 878 631 637
f 637 631 624
f 637 632 647
f 632 637 624
f 647 632 625
f 518 638 639
f 638 518 517
f 429 639 780
f 640 429 511
f 640 511 610
f 641 610 611
f 610 641 640
f 642 611 633
f 611 642 641
f 633 643 642
f 644 643 634
f 645 634 635
f 634 645 644
f 646 637 647
f 648 526 525
f 638 526 648
f 526 638 517
f 648 638 639
f 639 780 658
f 677 429 640
f 640 649 677
f 650 640 641
f 640 650 649
f 651 641 642
f 641 651 650
f 652 642 643
f 642 652 651
f 653 643 644
f 643 653 652
f 654 647 655
f 647 654 646
f 655 647 656
f 656 519 527
f 519 656 647
f 544 648 525
f 672 648 657
f 658 648 639
f 648 658 657
f 659 677 649
f 660 649 650
f 649 660 659
f 661 650 651
f 650 661 660
f 662 655 663
f 655 662 654
f 663 656 664
f 656 663 655
f 664 527 535
f 527 664 656
f 665 535 664
f 535 665 536
f 666 536 665
f 536 666 537
f 667 537 666
f 537 667 538
f 668 538 667
f 538 668 539
f 669 539 668
f 539 669 540
f 648 544 670
f 648 671 670
f 672 671 648
f 673 672 657
f 674 657 658
f 657 674 673
f 658 675 674
f 658 780 675
f 676 780 429
f 429 677 676
f 678 677 659
f 669 545 679
f 545 669 540
f 546 679 680
f 679 546 545
f 547 680 681
f 680 547 546
f 548 681 682
f 681 548 547
f 549 682 683
f 682 549 548
f 670 549 683
f 549 670 544
f 684 670 671
f 670 684 683
f 685 671 672
f 671 685 684
f 686 672 673
f 672 686 685
f 687 673 674
f 673 687 686
f 688 798 553
f 689 553 798
f 553 689 436
f 554 436 689
f 436 554 435
f 690 558 808
f 690 550 558
f 550 690 551
f 688 552 690
f 552 551 690
f 802 555 801
f 437 555 802
f 803 440 437
f 440 803 804
f 804 691 440
f 691 805 559
f 691 559 440
f 560 559 692
f 562 692 693
f 692 562 560
f 556 558 557
f 694 562 563
f 562 694 693
f 694 809 695
f 809 694 693
f 564 694 695
f 694 564 563
f 567 695 696
f 695 567 564
f 556 565 1015
f 697 567 568
f 567 697 696
f 571 1015 569
f 1015 565 569
f 698 568 570
f 568 698 697
f 698 699 700
f 699 698 697
f 574 698 700
f 698 574 570
f 701 574 575
f 574 701 700
f 701 579 702
f 579 701 575
f 583 703 704
f 703 583 582
f 702 583 704
f 583 702 579
f 585 708 709
f 708 585 707
f 703 585 709
f 585 703 582
f 710 703 704
f 703 710 709
f 711 712 705
f 712 711 717
f 711 716 717
f 716 711 589
f 705 706 711
f 706 589 711
f 589 706 586
f 588 713 714
f 713 588 587
f 707 588 714
f 707 715 714
f 823 707 708
f 707 823 715
f 720 716 589
f 713 590 718
f 590 713 587
f 719 713 714
f 713 719 718
f 716 720 832
f 718 592 721
f 592 718 590
f 722 718 719
f 718 722 721
f 593 832 720
f 832 593 596
f 591 593 720
f 594 721 592
f 723 721 722
f 721 723 594
f 724 596 597
f 727 594 601
f 594 723 725
f 726 840 724
f 603 726 599
f 726 597 599
f 597 726 724
f 727 725 732
f 725 727 594
f 728 729 726
f 729 728 730
f 728 603 604
f 603 728 726
f 727 601 736
f 731 727 732
f 727 731 736
f 731 732 733
f 734 730 728
f 730 734 735
f 734 604 609
f 604 734 728
f 742 736 731
f 731 737 742
f 737 731 733
f 738 733 739
f 733 738 737
f 740 734 741
f 734 740 735
f 734 613 741
f 613 734 609
f 629 742 743
f 742 629 619
f 744 742 737
f 742 744 743
f 737 745 744
f 746 741 747
f 741 746 740
f 741 620 747
f 620 741 613
f 748 620 747
f 620 748 621
f 628 749 750
f 749 628 627
f 750 629 628
f 629 750 743
f 751 743 744
f 743 751 750
f 752 748 753
f 748 752 747
f 748 630 753
f 630 748 621
f 758 630 753
f 630 758 622
f 754 622 758
f 622 754 878
f 636 755 756
f 755 636 635
f 749 636 756
f 636 749 627
f 757 749 750
f 749 757 756
f 758 872 753
f 645 759 760
f 759 645 644
f 755 645 760
f 645 755 635
f 761 755 756
f 755 761 760
f 758 754 762
f 878 762 754
f 878 637 763
f 637 646 763
f 652 764 765
f 764 652 651
f 653 765 766
f 765 653 652
f 759 653 766
f 653 759 644
f 767 759 760
f 759 767 766
f 763 768 878
f 763 654 768
f 654 763 646
f 660 769 770
f 769 660 659
f 661 770 771
f 770 661 660
f 764 661 771
f 661 764 651
f 772 764 765
f 764 772 771
f 773 654 662
f 654 773 768
f 774 662 773
f 662 774 663
f 775 663 774
f 663 775 664
f 665 775 776
f 775 665 664
f 665 776 666
f 667 666 776
f 777 668 667
f 668 777 669
f 675 778 779
f 778 675 674
f 780 675 779
f 780 781 676
f 782 676 781
f 676 782 677
f 678 782 783
f 782 678 677
f 769 678 783
f 678 769 659
f 784 769 770
f 769 784 783
f 777 679 785
f 679 777 669
f 680 785 786
f 785 680 679
f 681 786 787
f 786 681 680
f 681 787 682
f 788 682 787
f 682 788 683
f 789 683 788
f 683 789 684
f 685 789 790
f 789 685 684
f 686 790 791
f 790 686 685
f 687 791 792
f 791 687 686
f 792 674 687
f 674 792 778
f 793 778 779
f 778 793 792
f 794 779 780
f 779 794 793
f 795 780 781
f 780 795 794
f 796 690 797
f 690 796 688
f 800 799 801
f 799 800 798
f 800 689 798
f 689 800 554
f 554 800 801
f 801 904 802
f 802 905 909
f 905 802 904
f 437 802 909
f 437 909 803
f 808 806 690
f 690 806 797
f 805 692 559
f 692 807 693
f 807 692 805
f 693 917 810
f 917 693 807
f 809 693 810
f 809 810 811
f 696 809 811
f 809 696 695
f 1015 558 556
f 558 1015 808
f 812 696 697
f 696 812 811
f 812 813 814
f 813 812 811
f 699 812 814
f 812 699 697
f 815 699 700
f 699 815 814
f 1015 462 1016
f 462 1015 571
f 815 701 816
f 701 815 700
f 462 584 1017
f 816 702 817
f 702 816 701
f 705 818 819
f 818 705 820
f 821 819 1017
f 819 821 705
f 821 706 705
f 706 821 586
f 821 584 586
f 584 821 1017
f 704 817 702
f 820 712 822
f 712 820 705
f 709 823 824
f 823 709 708
f 824 710 709
f 825 934 822
f 825 712 717
f 712 825 822
f 715 826 827
f 826 715 714
f 823 827 828
f 827 823 715
f 828 823 824
f 717 829 825
f 829 717 830
f 717 716 830
f 826 719 831
f 719 826 714
f 831 826 827
f 938 827 828
f 827 938 831
f 832 937 830
f 937 832 940
f 716 832 830
f 831 722 833
f 722 831 719
f 831 834 833
f 831 938 834
f 835 940 832
f 940 835 837
f 835 724 837
f 724 835 596
f 835 832 596
f 836 722 723
f 722 836 833
f 834 836 833
f 944 834 938
f 834 944 836
f 841 724 840
f 724 841 837
f 838 723 725
f 723 838 836
f 838 836 839
f 839 944 845
f 944 839 836
f 841 840 842
f 729 840 726
f 843 725 732
f 725 843 838
f 839 843 838
f 844 839 845
f 839 844 843
f 844 845 846
f 847 842 840
f 842 847 848
f 847 729 730
f 729 847 840
f 849 732 733
f 732 849 843
f 849 844 850
f 844 849 843
f 739 849 850
f 849 739 733
f 851 844 846
f 844 851 850
f 852 848 847
f 848 852 853
f 852 730 735
f 730 852 847
f 738 854 855
f 854 738 737
f 855 739 738
f 739 855 850
f 856 852 857
f 852 856 853
f 852 740 857
f 740 852 735
f 745 858 859
f 858 745 744
f 854 745 859
f 745 854 737
f 860 854 855
f 854 860 859
f 861 857 862
f 857 861 856
f 857 746 862
f 746 857 740
f 863 746 862
f 746 863 747
f 751 864 865
f 864 751 750
f 858 751 865
f 751 858 744
f 866 858 859
f 858 866 865
f 867 862 868
f 862 867 861
f 868 863 870
f 863 868 862
f 863 752 870
f 752 863 747
f 871 752 870
f 752 871 753
f 757 869 965
f 869 757 756
f 864 757 965
f 757 864 750
f 870 973 868
f 872 871 753
f 761 873 874
f 873 761 760
f 869 761 874
f 761 869 756
f 875 871 876
f 871 875 870
f 876 872 877
f 872 876 871
f 872 758 877
f 758 877 762
f 878 762 877
f 766 879 880
f 879 766 765
f 767 880 881
f 880 767 766
f 873 767 881
f 767 873 760
f 877 982 876
f 877 878 882
f 878 768 882
f 771 883 884
f 883 771 770
f 772 884 885
f 884 772 771
f 879 772 885
f 772 879 765
f 886 879 880
f 879 886 885
f 887 882 888
f 882 773 888
f 773 882 768
f 889 773 888
f 773 889 774
f 890 774 889
f 774 890 775
f 776 775 890
f 776 992 667
f 777 992 993
f 992 777 667
f 782 891 892
f 891 782 781
f 893 782 892
f 782 893 783
f 784 893 894
f 893 784 783
f 883 784 894
f 784 883 770
f 895 883 884
f 883 895 894
f 993 785 996
f 785 993 777
f 896 785 996
f 785 896 786
f 786 896 787
f 788 787 896
f 788 790 789
f 897 790 1079
f 790 897 791
f 898 791 897
f 791 898 792
f 793 898 899
f 898 793 792
f 794 899 900
f 899 794 793
f 795 900 901
f 900 795 794
f 891 795 901
f 795 891 781
f 902 891 892
f 891 902 901
f 799 798 903
f 799 1001 801
f 1089 905 904
f 806 906 797
f 1003 797 906
f 797 1003 796
f 907 796 1003
f 796 907 688
f 798 908 903
f 908 798 907
f 798 688 907
f 909 1090 910
f 1090 909 905
f 910 803 909
f 804 911 912
f 911 804 803
f 691 804 912
f 913 691 912
f 691 913 805
f 805 913 914
f 807 914 915
f 914 807 805
f 917 915 916
f 915 917 807
f 917 918 919
f 918 917 916
f 810 917 919
f 806 808 1015
f 920 810 811
f 810 920 919
f 920 921 922
f 921 920 919
f 813 920 922
f 920 813 811
f 1015 1016 1200
f 923 813 814
f 813 923 922
f 923 924 925
f 924 923 922
f 926 814 815
f 814 926 923
f 926 925 927
f 925 926 923
f 815 816 926
f 926 927 816
f 928 818 929
f 818 928 819
f 1017 819 928
f 1017 1016 462
f 816 927 817
f 930 931 929
f 931 930 932
f 930 822 932
f 822 930 820
f 930 818 820
f 818 930 929
f 1021 817 927
f 817 1021 704
f 934 933 822
f 822 933 932
f 710 824 1025
f 704 710 1025
f 1025 704 1021
f 829 935 825
f 935 934 825
f 824 828 938
f 1028 824 1025
f 824 1028 938
f 936 1026 829
f 1026 936 937
f 937 936 830
f 936 829 830
f 939 938 1028
f 938 939 1032
f 942 1031 940
f 942 940 837
f 944 938 941
f 1032 941 938
f 942 837 943
f 837 841 943
f 944 941 945
f 845 944 945
f 941 946 945
f 947 941 948
f 941 947 946
f 949 841 842
f 841 949 943
f 950 845 846
f 845 950 945
f 951 945 946
f 945 951 950
f 952 953 949
f 953 952 954
f 952 842 848
f 842 952 949
f 851 955 956
f 955 851 850
f 956 846 851
f 846 956 950
f 957 954 952
f 954 957 958
f 957 848 853
f 848 957 952
f 955 855 959
f 855 955 850
f 960 955 956
f 955 960 959
f 958 957 961
f 961 853 856
f 853 961 957
f 860 962 963
f 962 860 859
f 959 860 963
f 860 959 855
f 964 961 867
f 961 964 958
f 961 861 867
f 861 961 856
f 865 965 966
f 965 865 864
f 866 966 967
f 966 866 865
f 962 866 967
f 866 962 859
f 968 867 969
f 867 968 964
f 972 867 969
f 867 972 868
f 970 965 869
f 970 965 966
f 972 971 969
f 973 972 868
f 874 974 1056
f 974 874 873
f 1056 869 874
f 869 1056 970
f 975 972 976
f 972 975 971
f 976 973 977
f 973 976 972
f 973 875 977
f 875 973 870
f 978 875 977
f 875 978 876
f 881 979 980
f 979 881 880
f 974 881 980
f 881 974 873
f 981 977 982
f 977 981 976
f 978 982 977
f 982 978 876
f 877 983 882
f 885 984 985
f 984 885 884
f 886 985 986
f 985 886 885
f 979 886 986
f 886 979 880
f 983 887 987
f 887 983 882
f 988 887 987
f 887 988 888
f 989 888 988
f 888 989 889
f 990 889 989
f 889 990 890
f 890 990 776
f 991 776 990
f 776 991 992
f 893 892 994
f 995 893 994
f 893 995 894
f 995 895 894
f 895 984 884
f 896 1079 788
f 788 1079 790
f 897 997 898
f 997 899 898
f 900 997 998
f 997 900 899
f 901 998 999
f 998 901 900
f 902 999 1000
f 999 902 901
f 892 902 1000
f 903 1001 799
f 1001 1002 801
f 904 801 1002
f 803 910 911
f 1003 906 1008
f 1003 908 907
f 1004 912 911
f 913 912 1004
f 914 1004 1092
f 1004 914 913
f 915 1092 1005
f 1092 915 914
f 916 1005 1006
f 1005 916 915
f 918 1006 1007
f 1006 918 916
f 1008 906 806
f 1009 918 919
f 918 1009 1007
f 1009 1010 1011
f 1010 1009 1007
f 921 1009 1011
f 1009 921 919
f 1015 1008 806
f 1012 921 922
f 921 1012 1011
f 1012 1013 1014
f 1013 1012 1011
f 924 1012 1014
f 1012 924 922
f 1201 924 925
f 924 1201 1014
f 1102 925 927
f 925 1102 1201
f 1018 931 1019
f 931 1018 929
f 1017 1020 1018
f 1020 929 1018
f 929 1020 928
f 1020 1017 928
f 933 1022 932
f 1022 931 932
f 931 1022 1019
f 1023 1024 1022
f 1024 1023 1026
f 1023 935 1026
f 935 1023 934
f 1023 933 934
f 933 1023 1022
f 1026 935 829
f 1027 1026 937
f 1116 1027 1122
f 1027 1031 1122
f 1031 1027 940
f 1027 937 940
f 1029 939 1032
f 939 1029 1028
f 1029 1028 1030
f 1032 1030 1033
f 1030 1032 1029
f 948 1032 1033
f 1032 948 941
f 1034 1035 1031
f 1035 1034 1036
f 1034 942 943
f 942 1034 1031
f 947 1037 1038
f 1037 947 946
f 1038 948 947
f 948 1038 1033
f 1039 1036 1034
f 1036 1039 1127
f 1039 953 1127
f 953 1039 949
f 1039 943 949
f 943 1039 1034
f 951 1040 1041
f 1040 951 950
f 1037 951 1041
f 951 1037 946
f 1042 1037 1038
f 1037 1042 1041
f 1131 953 954
f 953 1131 1127
f 1040 956 1043
f 956 1040 950
f 1044 1040 1041
f 1040 1044 1043
f 1045 954 958
f 954 1045 1131
f 960 1046 1047
f 1046 960 959
f 1043 960 1047
f 960 1043 956
f 958 1048 1045
f 963 1049 1050
f 1049 963 962
f 1046 963 1050
f 963 1046 959
f 1048 964 1140
f 964 1048 958
f 967 1051 1142
f 1051 967 966
f 1049 967 1142
f 967 1049 962
f 1140 968 1144
f 968 1140 964
f 1052 968 1144
f 968 1052 969
f 970 1053 1051
f 966 970 1051
f 1054 1052 1055
f 1052 1054 1144
f 1052 971 1055
f 971 1052 969
f 1056 974 1057
f 1058 1055 1059
f 1055 1058 1054
f 1055 975 1059
f 975 1055 971
f 1060 975 1059
f 975 1060 976
f 980 979 1061
f 974 980 1057
f 1062 1060 1063
f 1060 1062 1059
f 1060 981 1063
f 981 1060 976
f 1064 981 1063
f 981 1064 982
f 1069 877 982
f 877 1069 983
f 985 1065 1066
f 1065 985 984
f 1067 1068 1061
f 1068 1067 1066
f 1067 985 1066
f 985 1067 986
f 1067 979 986
f 979 1067 1061
f 1069 983 987
f 1070 987 1069
f 987 1070 988
f 989 1070 1071
f 1070 989 988
f 1072 989 1071
f 989 1072 990
f 1073 990 1072
f 990 1073 991
f 1074 991 1073
f 991 1074 992
f 1075 992 1074
f 992 1075 993
f 993 1075 1076
f 1083 994 892
f 995 994 1171
f 1077 995 1171
f 995 1077 895
f 1077 984 895
f 984 1077 1065
f 996 993 1078
f 996 1078 1079
f 1079 896 996
f 897 1079 997
f 1080 997 1079
f 998 1080 1081
f 1080 998 997
f 999 1081 1082
f 1081 999 998
f 1000 1082 1083
f 1082 1000 999
f 1083 892 1000
f 1080 1084 1079
f 1084 1081 1085
f 1081 1084 1080
f 1086 1081 1082
f 1081 1086 1085
f 1002 1001 1186
f 1088 1087 1186
f 1087 1002 1186
f 1002 1087 904
f 1087 1088 1089
f 1089 904 1087
f 1185 1089 1088
f 1090 905 1089
f 910 1090 1187
f 1187 911 910
f 1091 911 1187
f 1004 1091 1279
f 1091 1004 911
f 1004 1279 1092
f 1005 1092 1093
f 1008 1094 1003
f 1095 1005 1006
f 1005 1095 1093
f 1095 1096 1097
f 1096 1095 1093
f 1007 1095 1097
f 1095 1007 1006
f 1010 1097 1098
f 1097 1010 1007
f 1008 1195 1094
f 1099 1010 1011
f 1010 1099 1098
f 1099 1100 1101
f 1100 1099 1098
f 1013 1099 1101
f 1099 1013 1011
f 1008 1015 1195
f 1013 1014 1101
f 1016 1103 1200
f 1103 1016 1017
f 1104 1102 927
f 1105 1106 1103
f 1106 1105 1107
f 1105 1019 1107
f 1019 1105 1018
f 1105 1017 1018
f 1017 1105 1103
f 927 1021 1104
f 1206 1104 1204
f 1104 1206 1021
f 1109 1024 1108
f 1024 1109 1022
f 1109 1110 1107
f 1109 1019 1022
f 1019 1109 1107
f 1111 1021 1025
f 1206 1111 1021
f 1113 1024 1026
f 1024 1113 1108
f 1111 1112 1025
f 1114 1113 1116
f 1113 1027 1116
f 1027 1113 1026
f 1118 1112 1115
f 1112 1118 1025
f 1118 1028 1117
f 1028 1118 1025
f 1119 1116 1122
f 1116 1119 1216
f 1117 1030 1120
f 1030 1117 1028
f 1121 1117 1118
f 1117 1121 1120
f 1122 1123 1119
f 1122 1035 1123
f 1035 1122 1031
f 1124 1030 1033
f 1030 1124 1120
f 1125 1035 1036
f 1035 1125 1123
f 1126 1033 1038
f 1033 1126 1124
f 1127 1128 1125
f 1128 1127 1131
f 1036 1127 1125
f 1042 1129 1130
f 1129 1042 1041
f 1126 1042 1130
f 1042 1126 1038
f 1131 1045 1132
f 1044 1133 1134
f 1133 1044 1043
f 1129 1044 1134
f 1044 1129 1041
f 1047 1135 1136
f 1135 1047 1046
f 1133 1047 1136
f 1047 1133 1043
f 1137 1045 1139
f 1045 1048 1139
f 1138 1049 1142
f 1049 1138 1050
f 1135 1050 1138
f 1050 1135 1046
f 1140 1139 1048
f 1142 1053 1141
f 1053 1142 1051
f 1143 1140 1144
f 1140 1143 1139
f 1053 1056 1243
f 1056 1053 970
f 1145 1143 1144
f 1143 1145 1146
f 1144 1054 1145
f 1057 1147 1056
f 1056 1147 1243
f 1148 1145 1149
f 1145 1148 1146
f 1145 1058 1149
f 1058 1145 1054
f 1150 1058 1149
f 1058 1150 1059
f 1068 1151 1061
f 1152 1153 1147
f 1153 1152 1151
f 1152 1061 1151
f 1061 1152 980
f 1152 1057 980
f 1057 1152 1147
f 1154 1149 1155
f 1149 1154 1148
f 1155 1150 1156
f 1150 1155 1149
f 1150 1062 1156
f 1062 1150 1059
f 1157 1062 1156
f 1062 1157 1063
f 1064 1157 1158
f 1157 1064 1063
f 1249 1064 1158
f 1064 1249 982
f 1159 1069 982
f 1160 1065 1161
f 1065 1160 1066
f 1160 1068 1066
f 1068 1160 1151
f 1162 1155 1156
f 1155 1162 1163
f 1162 1157 1164
f 1157 1162 1156
f 1165 1157 1158
f 1157 1165 1164
f 1069 1259 1166
f 1259 1069 1159
f 1070 1069 1166
f 1071 1166 1167
f 1166 1071 1070
f 1168 1071 1167
f 1071 1168 1072
f 1169 1072 1168
f 1072 1169 1073
f 1073 1169 1074
f 1170 1074 1169
f 1074 1170 1075
f 1170 1076 1075
f 1083 1171 994
f 1172 1173 1161
f 1173 1172 1171
f 1171 1172 1077
f 1172 1065 1077
f 1065 1172 1161
f 1076 993 1174
f 1174 1078 993
f 1079 1174 1175
f 1174 1079 1078
f 1079 1175 1176
f 1177 1083 1178
f 1178 1083 1082
f 1179 1079 1273
f 1079 1179 1084
f 1180 1084 1179
f 1085 1180 1181
f 1180 1085 1084
f 1182 1183 1178
f 1183 1182 1181
f 1182 1085 1181
f 1085 1182 1086
f 1178 1086 1182
f 1086 1178 1082
f 1280 1003 1094
f 1003 1280 908
f 1281 908 1280
f 908 1281 903
f 903 1281 1001
f 1276 1001 1281
f 1186 1276 1184
f 1186 1001 1276
f 1088 1186 1184
f 1090 1185 1187
f 1185 1090 1089
f 1188 1187 1185
f 1187 1188 1189
f 1091 1187 1189
f 1189 1279 1091
f 1190 1093 1092
f 1190 1096 1093
f 1195 1285 1094
f 1191 1096 1097
f 1096 1191 1190
f 1191 1192 1193
f 1192 1191 1190
f 1098 1191 1193
f 1191 1098 1097
f 1100 1193 1194
f 1193 1100 1098
f 1196 1100 1101
f 1100 1196 1194
f 1200 1293 1015
f 1388 1195 1293
f 1195 1015 1293
f 1197 1101 1014
f 1101 1197 1196
f 1197 1198 1199
f 1198 1197 1196
f 1014 1201 1197
f 1201 1199 1102
f 1199 1201 1197
f 1202 1102 1104
f 1297 1106 1203
f 1106 1297 1103
f 1103 1297 1200
f 1104 1204 1202
f 1110 1205 1107
f 1205 1106 1107
f 1106 1205 1203
f 1110 1108 1207
f 1108 1110 1109
f 1206 1111 1208
f 1114 1108 1113
f 1108 1114 1207
f 1209 1111 1112
f 1111 1209 1208
f 1209 1210 1211
f 1210 1209 1208
f 1216 1212 1116
f 1212 1114 1116
f 1114 1212 1306
f 1209 1115 1213
f 1115 1209 1112
f 1214 1209 1211
f 1209 1214 1213
f 1215 1115 1118
f 1115 1215 1213
f 1216 1123 1219
f 1123 1216 1119
f 1121 1217 1218
f 1217 1121 1120
f 1215 1121 1218
f 1121 1215 1118
f 1217 1124 1220
f 1124 1217 1120
f 1221 1217 1218
f 1217 1221 1220
f 1222 1223 1219
f 1223 1222 1224
f 1222 1128 1224
f 1128 1222 1125
f 1222 1123 1125
f 1123 1222 1219
f 1225 1124 1126
f 1124 1225 1220
f 1226 1128 1131
f 1128 1226 1224
f 1130 1227 1228
f 1227 1130 1129
f 1228 1126 1130
f 1126 1228 1225
f 1131 1132 1226
f 1134 1229 1230
f 1229 1134 1133
f 1227 1134 1230
f 1134 1227 1129
f 1231 1232 1132
f 1232 1231 1235
f 1231 1132 1045
f 1233 1135 1234
f 1135 1233 1136
f 1229 1136 1233
f 1136 1229 1133
f 1231 1137 1235
f 1137 1231 1045
f 1236 1142 1237
f 1142 1236 1138
f 1236 1135 1138
f 1135 1236 1234
f 1235 1139 1238
f 1139 1235 1137
f 1239 1141 1426
f 1141 1239 1142
f 1142 1240 1237
f 1240 1142 1239
f 1241 1238 1242
f 1238 1143 1242
f 1143 1238 1139
f 1426 1243 1245
f 1243 1141 1053
f 1141 1243 1426
f 1331 1242 1244
f 1242 1331 1241
f 1242 1146 1244
f 1146 1242 1143
f 1153 1245 1147
f 1243 1147 1245
f 1246 1146 1148
f 1146 1246 1244
f 1245 1153 1335
f 1153 1151 1335
f 1246 1154 1247
f 1154 1246 1148
f 1248 1154 1247
f 1154 1248 1155
f 1435 1249 1258
f 1249 1435 982
f 982 1435 1159
f 1259 1159 1250
f 1251 1173 1252
f 1173 1251 1161
f 1335 1151 1251
f 1151 1161 1251
f 1161 1151 1160
f 1253 1248 1254
f 1248 1253 1247
f 1248 1163 1254
f 1163 1248 1155
f 1255 1163 1254
f 1163 1255 1162
f 1256 1162 1255
f 1162 1256 1164
f 1165 1256 1257
f 1256 1165 1164
f 1249 1165 1257
f 1165 1249 1158
f 1249 1258 1257
f 1167 1259 1260
f 1259 1167 1166
f 1168 1260 1261
f 1260 1168 1167
f 1169 1261 1346
f 1261 1169 1168
f 1170 1169 1264
f 1264 1076 1170
f 1262 1177 1361
f 1177 1262 1083
f 1262 1171 1083
f 1171 1263 1252
f 1173 1171 1252
f 1174 1264 1076
f 1175 1264 1265
f 1264 1175 1174
f 1175 1265 1266
f 1176 1266 1354
f 1266 1176 1175
f 1176 1354 1267
f 1268 1176 1267
f 1176 1268 1079
f 1269 1079 1268
f 1270 1183 1271
f 1183 1270 1178
f 1270 1177 1178
f 1177 1270 1361
f 1269 1273 1272
f 1273 1269 1079
f 1274 1179 1273
f 1179 1274 1180
f 1275 1180 1274
f 1180 1275 1181
f 1271 1181 1275
f 1181 1271 1183
f 1088 1184 1371
f 1277 1088 1371
f 1088 1277 1185
f 1188 1278 1372
f 1278 1188 1185
f 1189 1373 1279
f 1373 1189 1188
f 1280 1094 1375
f 1092 1279 1282
f 1282 1374 1378
f 1374 1282 1279
f 1190 1282 1378
f 1282 1190 1092
f 1192 1283 1284
f 1283 1192 1190
f 1285 1385 1094
f 1286 1192 1193
f 1192 1286 1284
f 1286 1287 1288
f 1287 1286 1284
f 1194 1286 1288
f 1286 1194 1193
f 1388 1285 1195
f 1289 1194 1196
f 1194 1289 1288
f 1289 1290 1291
f 1290 1289 1288
f 1198 1289 1291
f 1289 1198 1196
f 1292 1198 1199
f 1198 1292 1291
f 1294 1199 1102
f 1199 1294 1292
f 1294 1202 1295
f 1202 1294 1102
f 1297 1203 1296
f 1298 1202 1204
f 1202 1298 1295
f 1298 1299 1300
f 1299 1298 1295
f 1301 1203 1205
f 1203 1301 1296
f 1302 1204 1206
f 1204 1302 1298
f 1302 1300 1303
f 1300 1302 1298
f 1207 1205 1110
f 1205 1207 1301
f 1304 1206 1208
f 1206 1304 1302
f 1304 1303 1305
f 1303 1304 1302
f 1210 1304 1305
f 1304 1210 1208
f 1306 1207 1114
f 1207 1306 1400
f 1307 1210 1211
f 1210 1307 1305
f 1214 1308 1309
f 1308 1214 1213
f 1307 1214 1309
f 1214 1307 1211
f 1312 1212 1216
f 1212 1312 1407
f 1308 1215 1310
f 1215 1308 1213
f 1311 1308 1309
f 1308 1311 1310
f 1219 1312 1216
f 1313 1215 1218
f 1215 1313 1310
f 1219 1223 1312
f 1221 1314 1315
f 1314 1221 1220
f 1313 1221 1315
f 1221 1313 1218
f 1316 1223 1224
f 1314 1225 1317
f 1225 1314 1220
f 1318 1224 1226
f 1224 1318 1316
f 1319 1227 1320
f 1227 1319 1228
f 1319 1225 1228
f 1225 1319 1317
f 1321 1415 1318
f 1415 1321 1322
f 1321 1232 1322
f 1232 1321 1132
f 1321 1226 1132
f 1226 1321 1318
f 1323 1229 1324
f 1229 1323 1230
f 1323 1227 1230
f 1227 1323 1320
f 1325 1232 1235
f 1232 1325 1322
f 1326 1234 1329
f 1234 1326 1233
f 1326 1229 1233
f 1229 1326 1324
f 1240 1327 1237
f 1329 1328 1327
f 1328 1237 1327
f 1237 1328 1236
f 1328 1234 1236
f 1234 1328 1329
f 1426 1330 1239
f 1330 1240 1239
f 1240 1330 1327
f 1331 1332 1244
f 1426 1245 1335
f 1333 1332 1334
f 1332 1333 1331
f 1332 1246 1334
f 1246 1332 1244
f 1336 1246 1247
f 1246 1336 1334
f 1343 1435 1258
f 1159 1435 1337
f 1337 1250 1159
f 1263 1438 1252
f 1335 1252 1438
f 1252 1335 1251
f 1336 1253 1338
f 1253 1336 1247
f 1339 1253 1338
f 1253 1339 1254
f 1340 1254 1339
f 1254 1340 1255
f 1341 1255 1340
f 1255 1341 1256
f 1342 1256 1341
f 1256 1342 1257
f 1258 1342 1343
f 1342 1258 1257
f 1344 1250 1259
f 1250 1344 1337
f 1344 1437 1345
f 1437 1344 1337
f 1260 1344 1345
f 1344 1260 1259
f 1261 1345 1346
f 1345 1261 1260
f 1262 1361 1347
f 1262 1348 1263
f 1262 1263 1171
f 1169 1264 1349
f 1264 1349 1350
f 1265 1350 1351
f 1350 1265 1264
f 1266 1351 1352
f 1351 1266 1265
f 1352 1353 1354
f 1353 1352 1355
f 1352 1354 1266
f 1354 1356 1357
f 1356 1354 1353
f 1267 1354 1357
f 1357 1358 1359
f 1358 1357 1356
f 1359 1267 1357
f 1267 1359 1268
f 1360 1268 1359
f 1268 1360 1269
f 1361 1362 1347
f 1362 1361 1363
f 1361 1271 1363
f 1271 1361 1270
f 1364 1269 1272
f 1269 1364 1360
f 1365 1272 1364
f 1272 1365 1273
f 1366 1367 1368
f 1367 1366 1365
f 1366 1273 1365
f 1273 1366 1274
f 1369 1368 1363
f 1368 1369 1366
f 1369 1274 1366
f 1274 1369 1275
f 1369 1271 1275
f 1271 1369 1363
f 1281 1370 1276
f 1184 1276 1371
f 1277 1471 1185
f 1471 1278 1185
f 1188 1372 1373
f 1376 1280 1375
f 1377 1281 1376
f 1281 1280 1376
f 1378 1374 1379
f 1190 1378 1379
f 1379 1380 1381
f 1380 1379 1374
f 1283 1379 1381
f 1379 1283 1190
f 1382 1283 1381
f 1283 1382 1284
f 1287 1382 1383
f 1382 1287 1284
f 1385 1484 1375
f 1094 1385 1375
f 1386 1287 1288
f 1287 1386 1383
f 1290 1386 1387
f 1386 1290 1288
f 1388 1487 1384
f 1285 1388 1384
f 1389 1290 1291
f 1290 1389 1387
f 1389 1292 1390
f 1292 1389 1291
f 1293 1200 1391
f 1392 1292 1294
f 1292 1392 1390
f 1393 1294 1295
f 1294 1393 1392
f 1393 1394 1395
f 1394 1393 1392
f 1299 1393 1395
f 1393 1299 1295
f 1396 1296 1497
f 1296 1396 1297
f 1396 1200 1297
f 1200 1396 1495
f 1397 1299 1300
f 1299 1397 1395
f 1398 1296 1301
f 1296 1398 1497
f 1399 1300 1303
f 1300 1399 1397
f 1398 1400 1306
f 1400 1301 1207
f 1301 1400 1398
f 1401 1303 1305
f 1303 1401 1399
f 1401 1307 1402
f 1307 1401 1305
f 1407 1580 1212
f 1212 1580 1306
f 1403 1307 1309
f 1307 1403 1402
f 1404 1405 1403
f 1405 1404 1406
f 1404 1310 1406
f 1310 1404 1311
f 1404 1309 1311
f 1309 1404 1403
f 1406 1313 1408
f 1313 1406 1310
f 1409 1410 1407
f 1410 1409 1413
f 1409 1316 1413
f 1316 1409 1223
f 1409 1312 1223
f 1312 1409 1407
f 1408 1411 1412
f 1411 1314 1412
f 1314 1411 1315
f 1411 1313 1315
f 1313 1411 1408
f 1414 1314 1317
f 1314 1414 1412
f 1415 1316 1318
f 1316 1415 1413
f 1416 1417 1414
f 1417 1416 1418
f 1416 1320 1418
f 1320 1416 1319
f 1416 1317 1319
f 1317 1416 1414
f 1419 1415 1322
f 1420 1421 1418
f 1421 1420 1422
f 1420 1324 1422
f 1324 1420 1323
f 1420 1320 1323
f 1320 1420 1418
f 1423 1322 1325
f 1322 1423 1419
f 1424 1518 1422
f 1329 1424 1326
f 1424 1324 1326
f 1324 1424 1422
f 1425 1325 1235
f 1325 1425 1423
f 1329 1327 1426
f 1425 1238 1427
f 1238 1425 1235
f 1426 1327 1330
f 1427 1241 1428
f 1241 1427 1238
f 1429 1241 1331
f 1241 1429 1428
f 1432 1426 1335
f 1429 1333 1430
f 1333 1429 1331
f 1431 1333 1430
f 1333 1431 1334
f 1433 1431 1434
f 1431 1433 1430
f 1431 1336 1434
f 1336 1431 1334
f 1343 1444 1435
f 1435 1436 1337
f 1335 1438 1432
f 1434 1338 1439
f 1338 1434 1336
f 1440 1338 1439
f 1338 1440 1339
f 1441 1339 1440
f 1339 1441 1340
f 1442 1340 1441
f 1340 1442 1341
f 1342 1442 1443
f 1442 1342 1341
f 1445 1444 1443
f 1444 1342 1443
f 1342 1444 1343
f 1446 1437 1345
f 1446 1447 1448
f 1447 1446 1437
f 1346 1446 1448
f 1446 1346 1345
f 1449 1346 1448
f 1346 1450 1169
f 1169 1450 1451
f 1452 1355 1453
f 1355 1452 1353
f 1452 1454 1356
f 1356 1353 1452
f 1356 1537 1358
f 1537 1356 1454
f 1347 1538 1455
f 1538 1347 1362
f 1347 1455 1262
f 1455 1348 1262
f 1169 1349 1456
f 1456 1457 1458
f 1457 1456 1169
f 1458 1349 1456
f 1349 1458 1350
f 1458 1459 1460
f 1459 1458 1457
f 1460 1350 1458
f 1350 1460 1351
f 1461 1459 1453
f 1459 1461 1460
f 1461 1351 1460
f 1351 1461 1352
f 1461 1355 1352
f 1355 1461 1453
f 1462 1358 1359
f 1462 1463 1464
f 1463 1462 1358
f 1360 1462 1464
f 1462 1360 1359
f 1465 1463 1549
f 1463 1465 1464
f 1466 1549 1550
f 1549 1466 1465
f 1466 1367 1465
f 1367 1466 1368
f 1467 1550 1362
f 1550 1467 1466
f 1467 1368 1466
f 1368 1467 1363
f 1467 1362 1363
f 1464 1364 1468
f 1364 1464 1360
f 1469 1464 1465
f 1464 1469 1468
f 1469 1364 1468
f 1364 1469 1365
f 1469 1367 1365
f 1367 1469 1465
f 1470 1377 1479
f 1377 1470 1281
f 1553 1281 1470
f 1281 1553 1370
f 1370 1553 1276
f 1371 1276 1553
f 1471 1372 1278
f 1373 1372 1472
f 1373 1472 1473
f 1279 1473 1474
f 1473 1279 1373
f 1374 1474 1475
f 1474 1374 1279
f 1380 1476 1477
f 1476 1380 1374
f 1484 1478 1375
f 1479 1375 1478
f 1375 1479 1376
f 1479 1377 1376
f 1480 1380 1381
f 1380 1480 1477
f 1480 1481 1482
f 1481 1480 1477
f 1382 1480 1482
f 1480 1382 1381
f 1383 1482 1483
f 1482 1383 1382
f 1487 1561 1384
f 1484 1384 1561
f 1384 1484 1285
f 1285 1484 1385
f 1485 1383 1386
f 1383 1485 1483
f 1387 1485 1486
f 1485 1387 1386
f 1293 1487 1388
f 1488 1387 1389
f 1387 1488 1486
f 1489 1389 1390
f 1389 1489 1488
f 1490 1391 1570
f 1391 1490 1293
f 1491 1390 1392
f 1390 1491 1489
f 1491 1492 1493
f 1492 1491 1489
f 1394 1491 1493
f 1491 1394 1392
f 1391 1495 1494
f 1495 1391 1200
f 1394 1395 1493
f 1497 1498 1396
f 1495 1571 1494
f 1571 1495 1498
f 1495 1396 1498
f 1496 1395 1397
f 1498 1497 1500
f 1497 1398 1500
f 1499 1397 1399
f 1397 1499 1496
f 1500 1306 1501
f 1500 1398 1306
f 1502 1399 1401
f 1399 1502 1499
f 1306 1580 1501
f 1503 1401 1402
f 1401 1503 1502
f 1504 1505 1503
f 1505 1504 1506
f 1504 1405 1506
f 1405 1504 1403
f 1504 1402 1403
f 1402 1504 1503
f 1507 1405 1406
f 1405 1507 1506
f 1407 1410 1583
f 1508 1408 1509
f 1508 1406 1408
f 1406 1508 1507
f 1510 1410 1413
f 1410 1510 1583
f 1511 1408 1412
f 1408 1511 1509
f 1415 1512 1413
f 1413 1512 1510
f 1417 1513 1511
f 1417 1412 1414
f 1412 1417 1511
f 1513 1421 1514
f 1421 1513 1418
f 1513 1417 1418
f 1512 1419 1515
f 1419 1512 1415
f 1518 1421 1422
f 1516 1517 1515
f 1517 1516 1520
f 1516 1419 1423
f 1419 1516 1515
f 1519 1520 1516
f 1519 1423 1425
f 1423 1519 1516
f 1424 1598 1518
f 1598 1424 1426
f 1426 1424 1329
f 1520 1519 1521
f 1519 1427 1521
f 1427 1519 1425
f 1522 1521 1600
f 1521 1522 1520
f 1521 1428 1600
f 1428 1521 1427
f 1600 1428 1429
f 1523 1426 1432
f 1426 1523 1601
f 1600 1430 1524
f 1430 1600 1429
f 1438 1612 1523
f 1432 1438 1523
f 1524 1433 1525
f 1433 1524 1430
f 1526 1433 1525
f 1433 1526 1434
f 1445 1527 1444
f 1444 1527 1614
f 1528 1444 1614
f 1444 1528 1435
f 1436 1528 1607
f 1528 1436 1435
f 1529 1436 1607
f 1436 1529 1337
f 1529 1530 1437
f 1437 1337 1529
f 1530 1531 1437
f 1447 1437 1531
f 1531 1532 1449
f 1448 1531 1449
f 1531 1448 1447
f 1533 1449 1532
f 1534 1452 1535
f 1454 1534 1536
f 1534 1454 1452
f 1536 1537 1454
f 1698 1438 1348
f 1348 1438 1263
f 1539 1526 1540
f 1526 1539 1525
f 1526 1439 1540
f 1439 1526 1434
f 1541 1439 1540
f 1439 1541 1440
f 1542 1440 1541
f 1440 1542 1441
f 1441 1542 1442
f 1443 1442 1542
f 1543 1449 1346
f 1450 1543 1544
f 1543 1450 1346
f 1543 1545 1544
f 1451 1544 1545
f 1544 1451 1450
f 1546 1451 1545
f 1451 1546 1169
f 1547 1546 1621
f 1547 1169 1546
f 1169 1547 1457
f 1457 1621 1623
f 1621 1457 1547
f 1623 1535 1457
f 1535 1459 1457
f 1459 1535 1453
f 1535 1452 1453
f 1548 1537 1358
f 1463 1548 1549
f 1548 1463 1358
f 1550 1549 1551
f 1550 1551 1538
f 1550 1538 1362
f 1470 1643 1552
f 1643 1470 1479
f 1553 1470 1552
f 1371 1554 1277
f 1554 1471 1277
f 1474 1473 1713
f 1475 1713 1555
f 1713 1475 1474
f 1374 1555 1556
f 1555 1374 1475
f 1556 1476 1374
f 1557 1476 1556
f 1476 1557 1477
f 1481 1557 1558
f 1557 1481 1477
f 1559 1481 1482
f 1481 1559 1558
f 1483 1559 1560
f 1559 1483 1482
f 1478 1484 1561
f 1562 1483 1485
f 1483 1562 1560
f 1562 1563 1564
f 1563 1562 1560
f 1486 1562 1564
f 1562 1486 1485
f 1565 1293 1654
f 1293 1565 1487
f 1565 1561 1487
f 1566 1486 1488
f 1486 1566 1564
f 1567 1488 1489
f 1488 1567 1566
f 1492 1567 1568
f 1567 1492 1489
f 1490 1570 1656
f 1569 1492 1493
f 1492 1569 1568
f 1571 1658 1494
f 1570 1494 1658
f 1494 1570 1391
f 1569 1493 1395
f 1395 1496 1569
f 1572 1500 1573
f 1572 1498 1500
f 1498 1572 1571
f 1574 1496 1499
f 1573 1501 1660
f 1501 1573 1500
f 1575 1499 1502
f 1499 1575 1574
f 1576 1501 1580
f 1501 1576 1660
f 1577 1578 1575
f 1578 1577 1579
f 1577 1505 1579
f 1505 1577 1503
f 1577 1502 1503
f 1502 1577 1575
f 1582 1505 1506
f 1505 1582 1579
f 1582 1506 1507
f 1583 1580 1407
f 1580 1583 1581
f 1582 1509 1664
f 1509 1582 1508
f 1582 1507 1508
f 1584 1512 1668
f 1512 1584 1510
f 1584 1583 1510
f 1585 1513 1586
f 1513 1585 1511
f 1585 1509 1511
f 1509 1585 1664
f 1512 1587 1668
f 1513 1589 1586
f 1587 1512 1588
f 1590 1589 1591
f 1589 1514 1591
f 1514 1589 1513
f 1592 1593 1588
f 1593 1592 1594
f 1592 1517 1594
f 1517 1592 1515
f 1592 1512 1515
f 1512 1592 1588
f 1591 1514 1595
f 1514 1421 1595
f 1596 1517 1520
f 1517 1596 1594
f 1421 1598 1676
f 1598 1421 1518
f 1421 1807 1595
f 1599 1678 1598
f 1598 1426 1599
f 1426 1601 1599
f 1522 1597 1520
f 1601 1678 1599
f 1602 1600 1603
f 1600 1602 1522
f 1612 1604 1523
f 1604 1681 1678
f 1604 1601 1523
f 1601 1604 1678
f 1605 1603 1606
f 1603 1605 1602
f 1603 1524 1606
f 1524 1603 1600
f 1529 1608 1530
f 1531 1608 1609
f 1608 1531 1530
f 1532 1609 1610
f 1609 1532 1531
f 1533 1610 1611
f 1610 1533 1532
f 1698 1612 1438
f 1613 1524 1525
f 1524 1613 1606
f 1614 1445 1709
f 1445 1614 1527
f 1615 1528 1614
f 1528 1615 1607
f 1616 1533 1449
f 1533 1616 1611
f 1616 1617 1543
f 1617 1616 1611
f 1616 1543 1449
f 1617 1618 1543
f 1545 1543 1618
f 1619 1618 1620
f 1546 1618 1619
f 1618 1546 1545
f 1621 1620 1622
f 1620 1621 1619
f 1619 1621 1546
f 1623 1622 1624
f 1622 1623 1621
f 1623 1625 1626
f 1625 1623 1624
f 1623 1626 1535
f 1627 1625 1628
f 1625 1627 1626
f 1534 1626 1627
f 1626 1534 1535
f 1627 1629 1630
f 1629 1627 1628
f 1536 1627 1630
f 1627 1536 1534
f 1630 1631 1632
f 1631 1630 1629
f 1537 1630 1632
f 1630 1537 1536
f 1548 1632 1633
f 1632 1548 1537
f 1549 1633 1634
f 1633 1549 1548
f 1551 1634 1635
f 1634 1551 1549
f 1636 1551 1635
f 1551 1636 1538
f 1637 1538 1636
f 1538 1637 1455
f 1348 1637 1698
f 1348 1455 1637
f 1613 1539 1638
f 1539 1613 1525
f 1639 1539 1638
f 1539 1639 1540
f 1541 1639 1640
f 1639 1541 1540
f 1641 1541 1640
f 1541 1641 1542
f 1642 1542 1641
f 1542 1642 1443
f 1642 1445 1443
f 1445 1642 1709
f 1552 1643 1644
f 1645 1553 1552
f 1553 1645 1371
f 1554 1371 1645
f 1372 1471 1713
f 1713 1472 1372
f 1713 1473 1472
f 1556 1555 1646
f 1557 1646 1647
f 1646 1557 1556
f 1558 1647 1648
f 1647 1558 1557
f 1649 1558 1559
f 1558 1649 1648
f 1560 1649 1650
f 1649 1560 1559
f 1563 1650 1651
f 1650 1563 1560
f 1722 1561 1652
f 1561 1479 1478
f 1479 1561 1717
f 1653 1563 1564
f 1563 1653 1651
f 1652 1565 1654
f 1652 1561 1565
f 1653 1566 1655
f 1566 1653 1564
f 1490 1654 1293
f 1655 1566 1567
f 1568 1655 1726
f 1655 1568 1567
f 1657 1568 1569
f 1568 1657 1726
f 1658 1571 1659
f 1657 1569 1496
f 1573 1659 1572
f 1659 1571 1572
f 1574 1730 1657
f 1730 1574 1661
f 1496 1574 1657
f 1578 1661 1575
f 1661 1574 1575
f 1662 1734 1660
f 1662 1660 1576
f 1581 1576 1580
f 1576 1581 1662
f 1664 1579 1582
f 1581 1665 1663
f 1665 1584 1666
f 1584 1665 1583
f 1665 1581 1583
f 1584 1668 1666
f 1667 1586 1669
f 1586 1667 1585
f 1667 1664 1585
f 1670 1668 1587
f 1590 1586 1589
f 1586 1590 1669
f 1671 1593 1672
f 1593 1671 1588
f 1671 1587 1588
f 1587 1671 1670
f 1749 1590 1591
f 1673 1593 1594
f 1593 1673 1672
f 1674 1595 1807
f 1674 1591 1595
f 1591 1674 1749
f 1673 1596 1675
f 1596 1673 1594
f 1676 1807 1421
f 1677 1596 1520
f 1596 1677 1675
f 1676 1598 1678
f 1520 1597 1677
f 1679 1597 1522
f 1809 1681 1754
f 1681 1809 1678
f 1679 1602 1680
f 1602 1679 1522
f 1681 1604 1698
f 1680 1605 1682
f 1605 1680 1602
f 1683 1605 1682
f 1605 1683 1606
f 1684 1614 1756
f 1614 1684 1615
f 1607 1615 1684
f 1529 1607 1685
f 1686 1529 1685
f 1529 1686 1608
f 1609 1686 1687
f 1686 1609 1608
f 1610 1687 1688
f 1687 1610 1609
f 1689 1610 1688
f 1610 1689 1611
f 1617 1689 1690
f 1689 1617 1611
f 1618 1690 1691
f 1690 1618 1617
f 1620 1691 1692
f 1691 1620 1618
f 1692 1622 1620
f 1624 1622 1693
f 1625 1693 1762
f 1693 1625 1624
f 1628 1762 1694
f 1762 1628 1625
f 1629 1694 1695
f 1694 1629 1628
f 1631 1695 1696
f 1695 1631 1629
f 1765 1636 1697
f 1636 1765 1637
f 1698 1604 1612
f 1699 1683 1700
f 1683 1699 1682
f 1683 1613 1700
f 1613 1683 1606
f 1701 1614 1709
f 1614 1701 1756
f 1702 1631 1632
f 1631 1702 1696
f 1633 1702 1634
f 1702 1633 1632
f 1634 1702 1703
f 1635 1703 1697
f 1703 1635 1634
f 1636 1635 1697
f 1704 1613 1638
f 1613 1704 1700
f 1705 1638 1704
f 1638 1705 1639
f 1706 1639 1705
f 1639 1706 1640
f 1707 1640 1706
f 1640 1707 1641
f 1642 1707 1708
f 1707 1642 1641
f 1708 1709 1642
f 1644 1717 1710
f 1717 1644 1643
f 1644 1710 1552
f 1711 1552 1710
f 1645 1711 1712
f 1711 1645 1552
f 1712 1554 1645
f 1712 1471 1554
f 1555 1713 1714
f 1714 1646 1555
f 1647 1714 1715
f 1714 1647 1646
f 1648 1715 1716
f 1715 1648 1647
f 1717 1643 1479
f 1718 1648 1649
f 1648 1718 1716
f 1718 1719 1720
f 1719 1718 1716
f 1650 1718 1720
f 1718 1650 1649
f 1721 1650 1720
f 1650 1721 1651
f 1722 1652 1724
f 1722 1717 1561
f 1723 1651 1653
f 1651 1723 1721
f 1724 1654 1784
f 1654 1724 1652
f 1723 1655 1725
f 1655 1723 1653
f 1654 1490 1656
f 1655 1726 1725
f 1726 1727 1728
f 1727 1726 1725
f 1656 1729 1840
f 1728 1726 1657
f 1570 1729 1656
f 1657 1730 1728
f 1659 1731 1658
f 1729 1658 1731
f 1658 1729 1570
f 1659 1573 1791
f 1732 1730 1661
f 1734 1791 1660
f 1573 1660 1791
f 1733 1661 1578
f 1661 1733 1732
f 1735 1578 1579
f 1578 1735 1733
f 1662 1663 1736
f 1663 1662 1581
f 1667 1735 1664
f 1735 1579 1664
f 1666 1663 1665
f 1663 1666 1736
f 1738 1735 1739
f 1735 1669 1739
f 1669 1735 1667
f 1666 1668 1737
f 1740 1670 1741
f 1670 1740 1668
f 1742 1743 1739
f 1743 1742 1744
f 1742 1749 1744
f 1749 1742 1590
f 1742 1669 1590
f 1669 1742 1739
f 1745 1746 1741
f 1746 1745 1747
f 1745 1672 1747
f 1672 1745 1671
f 1745 1670 1671
f 1670 1745 1741
f 1748 1744 1749
f 1747 1672 1673
f 1807 1749 1674
f 1673 1675 1747
f 1750 1807 1676
f 1808 1675 1677
f 1676 1809 1750
f 1751 1677 1597
f 1677 1751 1808
f 1751 1679 1752
f 1679 1751 1597
f 1809 1754 1753
f 1752 1680 1810
f 1680 1752 1679
f 1754 1698 1753
f 1698 1754 1681
f 1755 1680 1682
f 1680 1755 1810
f 1813 1684 1756
f 1684 1813 1607
f 1685 1607 1813
f 1685 1757 1686
f 1687 1757 1758
f 1757 1687 1686
f 1688 1758 1759
f 1758 1688 1687
f 1759 1689 1688
f 1691 1690 1760
f 1760 1692 1691
f 1622 1692 1761
f 1761 1693 1622
f 1695 1694 1818
f 1763 1695 1818
f 1695 1763 1696
f 1702 1763 1764
f 1763 1702 1696
f 1764 1703 1702
f 1703 1765 1697
f 1765 1766 1637
f 1637 1766 1698
f 1755 1699 1767
f 1699 1755 1682
f 1768 1699 1767
f 1699 1768 1700
f 1769 1709 1826
f 1769 1770 1756
f 1709 1769 1701
f 1769 1756 1701
f 1768 1704 1771
f 1704 1768 1700
f 1772 1704 1771
f 1704 1772 1705
f 1773 1705 1772
f 1705 1773 1706
f 1774 1706 1773
f 1706 1774 1707
f 1709 1707 1774
f 1707 1709 1708
f 1775 1711 1710
f 1775 1712 1711
f 1712 1775 1776
f 1776 1471 1712
f 1714 1713 1777
f 1777 1715 1714
f 1778 1715 1777
f 1715 1778 1716
f 1719 1778 1779
f 1778 1719 1716
f 1780 1719 1720
f 1719 1780 1779
f 1721 1780 1781
f 1780 1721 1720
f 1722 1724 1782
f 1782 1717 1722
f 1717 1782 1831
f 1783 1721 1723
f 1721 1783 1781
f 1785 1723 1725
f 1723 1785 1783
f 1727 1785 1786
f 1785 1727 1725
f 1784 1656 1840
f 1656 1784 1654
f 1787 1727 1728
f 1727 1787 1786
f 1728 1788 1787
f 1788 1732 1842
f 1732 1788 1730
f 1788 1728 1730
f 1729 1731 1789
f 1732 1790 1842
f 1791 1792 1659
f 1789 1659 1792
f 1659 1789 1731
f 1792 1791 1793
f 1790 1732 1733
f 1793 1791 1734
f 1847 1733 1735
f 1733 1847 1790
f 1794 1736 1846
f 1736 1794 1662
f 1794 1734 1662
f 1734 1794 1793
f 1795 1737 1796
f 1737 1795 1666
f 1795 1736 1666
f 1736 1795 1846
f 1738 1847 1735
f 1743 1738 1739
f 1738 1743 1847
f 1797 1798 1796
f 1797 1740 1798
f 1740 1797 1668
f 1797 1737 1668
f 1737 1797 1796
f 1800 1746 1801
f 1746 1800 1741
f 1800 1740 1741
f 1740 1800 1798
f 1748 1743 1744
f 1743 1748 1799
f 1804 1746 1747
f 1746 1804 1801
f 1803 1748 1749
f 1748 1803 1802
f 1807 1805 1749
f 1803 1749 1805
f 1804 1747 1675
f 1809 1806 1750
f 1805 1807 1806
f 1807 1750 1806
f 1675 1808 1804
f 1678 1809 1676
f 1808 1752 1810
f 1752 1808 1751
f 1698 1866 1753
f 1810 1755 1811
f 1812 1770 1869
f 1770 1812 1756
f 1756 1812 1813
f 1685 1813 1757
f 1813 1758 1757
f 1759 1758 1814
f 1814 1689 1759
f 1689 1760 1690
f 1692 1760 1815
f 1815 1761 1692
f 1693 1761 1816
f 1762 1816 1817
f 1816 1762 1693
f 1694 1817 1818
f 1817 1694 1762
f 1818 1819 1763
f 1764 1819 1864
f 1819 1764 1763
f 1764 1864 1703
f 1865 1703 1864
f 1765 1703 1865
f 1811 1767 1820
f 1767 1811 1755
f 1821 1767 1820
f 1767 1821 1768
f 1826 1770 1769
f 1822 1768 1771
f 1768 1822 1821
f 1823 1771 1822
f 1771 1823 1772
f 1824 1772 1823
f 1772 1824 1773
f 1825 1773 1824
f 1773 1825 1774
f 1826 1774 1825
f 1774 1826 1709
f 1875 1776 1775
f 1777 1713 1827
f 1777 1827 1828
f 1778 1828 1829
f 1828 1778 1777
f 1779 1829 1830
f 1829 1779 1778
f 1881 1710 1717
f 1832 1779 1780
f 1779 1832 1830
f 1781 1832 1833
f 1832 1781 1780
f 1835 1724 1834
f 1724 1835 1782
f 1831 1782 1835
f 1836 1781 1783
f 1781 1836 1833
f 1784 1834 1724
f 1837 1783 1785
f 1783 1837 1836
f 1838 1785 1837
f 1785 1838 1786
f 1840 1887 1784
f 1839 1786 1787
f 1786 1839 1838
f 1841 1787 1788
f 1787 1841 1839
f 1729 1789 1840
f 1788 1842 1841
f 1843 1842 1790
f 1842 1843 1891
f 1844 1792 1895
f 1844 1789 1792
f 1792 1793 1845
f 1847 1843 1790
f 1845 1794 1846
f 1794 1845 1793
f 1795 1848 1846
f 1848 1795 1796
f 1798 1849 1796
f 1796 1849 1848
f 1850 1799 1851
f 1799 1850 1743
f 1850 1847 1743
f 1798 1852 1849
f 1799 1802 1851
f 1801 1853 1800
f 1852 1800 1853
f 1800 1852 1798
f 1802 1799 1748
f 1854 1801 1804
f 1801 1854 1853
f 1802 1803 1906
f 1803 1805 1855
f 1804 1808 1856
f 1809 1860 1806
f 1810 1857 1808
f 1857 1810 1858
f 1860 1866 1859
f 1866 1860 1753
f 1860 1809 1753
f 1858 1811 1861
f 1811 1858 1810
f 1869 1862 1812
f 1863 1812 1862
f 1812 1863 1813
f 1758 1813 1967
f 1967 1814 1758
f 1967 1689 1814
f 1689 1815 1760
f 1761 1815 1914
f 1914 1816 1761
f 1816 1914 1817
f 1914 1818 1817
f 1819 1818 1915
f 1915 1864 1819
f 1866 1765 1865
f 1765 1866 1766
f 1766 1866 1698
f 1861 1820 1867
f 1820 1861 1811
f 1868 1820 1867
f 1820 1868 1821
f 1869 1770 1874
f 1870 1821 1822
f 1821 1870 1868
f 1871 1822 1870
f 1822 1871 1823
f 1872 1823 1871
f 1823 1872 1824
f 1873 1824 1872
f 1824 1873 1825
f 1874 1825 1873
f 1825 1874 1826
f 1826 1874 1770
f 1924 1775 1710
f 1875 1775 1924
f 1776 1875 2091
f 2091 1471 1776
f 2091 1713 1471
f 1876 1827 1713
f 1827 1876 1877
f 1828 1877 1878
f 1877 1828 1827
f 1829 1878 1879
f 1878 1829 1828
f 1830 1879 1880
f 1879 1830 1829
f 1831 1881 1717
f 1881 1924 1710
f 1882 1830 1832
f 1830 1882 1880
f 1883 1832 1882
f 1832 1883 1833
f 1834 1931 1835
f 1835 1931 1831
f 1883 1836 1884
f 1836 1883 1833
f 1884 1837 1885
f 1837 1884 1836
f 1886 1837 1885
f 1837 1886 1838
f 1887 1840 1936
f 1888 1886 1889
f 1886 1888 1885
f 1886 1839 1889
f 1839 1886 1838
f 1890 1839 1841
f 1839 1890 1889
f 1891 1940 1890
f 1940 1891 1892
f 1891 1841 1842
f 1841 1891 1890
f 1893 1891 1843
f 1891 1893 1892
f 1895 1894 1844
f 1789 1844 1894
f 1847 1893 1843
f 1845 1895 1792
f 1895 1845 1896
f 1896 1846 1897
f 1846 1896 1845
f 1847 1898 1893
f 1897 1848 1899
f 1848 1897 1846
f 1946 1847 1850
f 1847 1946 1898
f 1900 1848 1849
f 1848 1900 1899
f 1946 1851 1902
f 1850 1851 1946
f 1901 1849 1852
f 1849 1901 1900
f 1902 1851 1802
f 1903 1853 1905
f 1903 1852 1853
f 1852 1903 1901
f 1904 1902 1802
f 1905 1853 1854
f 1906 1904 1802
f 1904 1906 1955
f 1908 1854 1804
f 1854 1908 1905
f 1906 1855 1959
f 1855 1906 1803
f 1908 1804 1856
f 1806 1855 1805
f 1909 1856 1808
f 1856 1909 1908
f 1909 1857 1910
f 1857 1909 1808
f 1855 1860 2010
f 1860 1855 1806
f 1910 1857 1911
f 1911 1858 1912
f 1858 1911 1857
f 1859 1866 1962
f 1860 1859 1962
f 1912 1861 1913
f 1861 1912 1858
f 1815 1689 1914
f 1864 1915 1968
f 1864 1866 1865
f 1913 1867 1916
f 1867 1913 1861
f 1917 1867 1916
f 1867 1917 1868
f 1869 1874 1918
f 1919 1868 1870
f 1868 1919 1917
f 1920 1870 1919
f 1870 1920 1871
f 1921 1871 1920
f 1871 1921 1872
f 1922 1872 1921
f 1872 1922 1873
f 1923 1873 1922
f 1873 1923 1874
f 1918 1874 1923
f 1875 1924 1925
f 1875 1925 1926
f 1926 2091 1875
f 1713 2091 1876
f 1876 1927 1877
f 1928 1877 1927
f 1877 1928 1878
f 1929 1878 1928
f 1878 1929 1879
f 1930 1879 1929
f 1879 1930 1880
f 1881 1931 1983
f 1931 1881 1831
f 1881 1983 1977
f 1924 1881 1977
f 1932 1880 1882
f 1880 1932 1930
f 1933 1882 1932
f 1882 1933 1883
f 1834 1986 1931
f 1934 1883 1884
f 1883 1934 1933
f 1887 1989 1784
f 1989 1834 1784
f 1834 1989 1986
f 1935 1884 1885
f 1884 1935 1934
f 1935 1888 1937
f 1888 1935 1885
f 1888 1937 1889
f 1789 1938 1840
f 1938 1936 1840
f 1939 1937 1940
f 1940 1889 1890
f 1889 1940 1937
f 1939 1940 1892
f 1892 1893 1939
f 1942 1894 1941
f 1894 1942 1789
f 1943 1894 1895
f 1894 1943 1941
f 1896 1943 1895
f 1893 1898 1946
f 1896 1945 1944
f 1945 1896 1897
f 1943 1896 1944
f 1945 1899 1948
f 1899 1945 1897
f 1900 1948 1899
f 1949 1946 1902
f 1946 1949 1947
f 1948 1901 1950
f 1901 1948 1900
f 1948 1951 1950
f 1904 1952 1949
f 1952 1904 1955
f 1902 1904 1949
f 1903 1953 1954
f 1953 1903 1905
f 1954 1901 1903
f 1901 1954 1950
f 1953 1905 1957
f 1956 1907 2004
f 1907 1956 1906
f 1956 1955 1906
f 1957 1908 2005
f 1908 1957 1905
f 1959 1907 1906
f 2005 1908 1958
f 1909 1958 1908
f 1958 1910 1960
f 1910 1958 1909
f 1959 1855 2010
f 1961 1910 1911
f 1910 1961 1960
f 1961 1911 1912
f 1963 1912 1913
f 1912 1963 1961
f 1965 1862 1964
f 1862 1965 1863
f 1966 1863 1965
f 1863 1966 1813
f 1966 1967 1813
f 2077 1914 1689
f 1914 2077 1818
f 1915 1818 2077
f 1866 1968 1969
f 1968 1866 1864
f 1962 1866 1969
f 1962 1970 1969
f 1971 1913 1916
f 1913 1971 1963
f 1972 1916 1971
f 1916 1972 1917
f 1918 2025 1869
f 1862 1869 2025
f 1973 1917 1919
f 1917 1973 1972
f 1974 1919 1973
f 1919 1974 1920
f 1975 1920 1974
f 1920 1975 1921
f 1976 1921 1975
f 1921 1976 1922
f 1923 1922 1976
f 1918 1923 2025
f 1977 1925 1924
f 1925 1977 1978
f 1978 1926 1925
f 1926 1978 2029
f 2029 2091 1926
f 1876 2030 2031
f 2030 1876 2091
f 1979 1876 2031
f 1876 1979 1927
f 1980 1927 1979
f 1927 1980 1928
f 1981 1928 1980
f 1928 1981 1929
f 1982 1929 1981
f 1929 1982 1930
f 1931 1987 1983
f 1982 1932 1984
f 1932 1982 1930
f 1985 1932 1984
f 1932 1985 1933
f 1986 1987 1931
f 1985 1934 1988
f 1934 1985 1933
f 1989 1992 2044
f 1992 1989 1887
f 1989 2041 1986
f 1990 1934 1935
f 1934 1990 1988
f 1992 1936 1991
f 1936 1992 1887
f 2047 1935 1937
f 1935 2047 1990
f 1991 1938 1993
f 1938 1991 1936
f 1937 1939 2047
f 1789 1993 1938
f 1994 1789 1942
f 1994 1993 1789
f 2048 1939 1893
f 1994 1941 1995
f 1941 1994 1942
f 1995 1941 1943
f 1944 1996 1943
f 1946 1997 1893
f 1998 1945 1948
f 1944 1945 1998
f 1997 1947 1999
f 1947 1997 1946
f 1952 1947 1949
f 1947 1952 1999
f 1998 1951 2057
f 1951 1998 1948
f 2000 1952 1955
f 1954 2001 2002
f 2001 1954 1953
f 1951 1954 2002
f 1954 1951 1950
f 1955 1956 2000
f 2001 1957 2003
f 1957 2001 1953
f 1956 2004 2000
f 2005 2003 1957
f 2129 2004 2006
f 2004 1959 2006
f 1959 2004 1907
f 2005 1958 2007
f 1959 2008 2006
f 2007 1960 2064
f 1960 2007 1958
f 2008 1959 2010
f 2009 1960 1961
f 1960 2009 2064
f 1961 2012 2009
f 1962 2011 2010
f 1962 2010 1860
f 2012 1961 1963
f 2076 1964 2013
f 1964 2076 1965
f 2015 2076 2014
f 2015 1965 2076
f 1965 2015 1966
f 1967 1966 2015
f 2142 1689 1967
f 1915 2077 2020
f 1968 2020 2078
f 2020 1968 1915
f 2155 1968 2078
f 1968 2155 2144
f 1968 2144 2016
f 2016 1969 1968
f 1970 2016 2017
f 2016 1970 1969
f 2011 1970 2017
f 1970 2011 1962
f 2018 1963 1971
f 1963 2018 2012
f 1972 2018 2019
f 2018 1972 1971
f 2025 2026 1862
f 2026 1964 1862
f 1964 2026 2013
f 2021 1972 1973
f 1972 2021 2019
f 2022 1973 2021
f 1973 2022 1974
f 2023 1974 2022
f 1974 2023 1975
f 1976 2023 2024
f 2023 1976 1975
f 2026 2025 2024
f 2025 1976 2024
f 1976 2025 1923
f 2027 1978 1977
f 1978 2027 2028
f 2029 2028 2090
f 2028 2029 1978
f 2032 1979 2031
f 2033 1979 2032
f 1979 2033 1980
f 2034 1980 2033
f 1981 2034 2035
f 2034 1981 1980
f 2036 1981 2035
f 1981 2036 1982
f 2037 1983 1987
f 1983 2037 2097
f 2027 1983 2088
f 1983 2027 1977
f 2038 2036 2039
f 2036 2038 2035
f 2036 1984 2039
f 1984 2036 1982
f 2040 1984 2039
f 1984 2040 1985
f 1986 2041 2105
f 2105 1987 1986
f 1987 2105 2096
f 1987 2096 2037
f 2042 2040 2043
f 2040 2042 2039
f 2040 1988 2043
f 1988 2040 1985
f 2041 1989 2044
f 2045 1988 1990
f 1988 2045 2043
f 2044 1991 2046
f 1991 2044 1992
f 1990 2047 2045
f 1993 2109 1991
f 2046 1991 2109
f 2110 2047 1939
f 1939 2048 2110
f 2111 1993 1994
f 2048 2049 2113
f 1994 2052 2050
f 2052 1994 1995
f 2111 1994 2050
f 2048 1893 2049
f 1995 2051 2052
f 2051 1995 1943
f 1996 2054 2053
f 2051 1996 2053
f 1996 2051 1943
f 1996 2055 2054
f 2055 1996 1944
f 1998 2055 1944
f 2056 1997 1999
f 1997 2056 2118
f 2000 2056 1952
f 2056 1999 1952
f 1998 2057 2058
f 2002 2059 2061
f 2059 2002 2001
f 2057 2002 2061
f 2002 2057 1951
f 2059 2003 2060
f 2003 2059 2001
f 2059 2061 2060
f 2129 2062 2004
f 2000 2004 2062
f 2060 2003 2005
f 2060 2005 2063
f 2063 2007 2130
f 2007 2063 2005
f 2008 2065 2129
f 2129 2006 2008
f 2064 2130 2007
f 2067 2064 2009
f 2065 2010 2066
f 2010 2065 2008
f 2067 2009 2012
f 2068 2076 2069
f 2076 2068 2014
f 2015 2014 2070
f 2071 2011 2072
f 2011 2071 2010
f 2010 2071 2073
f 2066 2010 2073
f 2012 2074 2067
f 2075 2013 2141
f 2069 2076 2075
f 2076 2013 2075
f 1967 2015 2142
f 2142 2077 1689
f 2017 2079 2072
f 2079 2017 2016
f 2017 2072 2011
f 2080 2012 2018
f 2012 2080 2074
f 2019 2080 2081
f 2080 2019 2018
f 2013 2026 2082
f 2151 2077 2083
f 2020 2083 2077
f 2078 2020 2153
f 2084 2019 2021
f 2019 2084 2081
f 2022 2084 2085
f 2084 2022 2021
f 2086 2022 2085
f 2022 2086 2023
f 2087 2023 2086
f 2023 2087 2024
f 2087 2026 2024
f 2026 2087 2082
f 2027 2088 2089
f 2028 2089 2163
f 2089 2028 2027
f 2163 2090 2028
f 2029 2090 2164
f 2164 2091 2029
f 2030 2091 2165
f 2031 2165 2166
f 2165 2031 2030
f 2167 2031 2166
f 2092 2031 2167
f 2031 2092 2032
f 2169 2032 2092
f 2093 2032 2169
f 2032 2093 2033
f 2094 2033 2093
f 2033 2094 2034
f 2095 2034 2094
f 2034 2095 2035
f 2096 2097 2037
f 1983 2097 2098
f 2098 2088 1983
f 2095 2038 2099
f 2038 2095 2035
f 2100 2038 2099
f 2038 2100 2039
f 2101 2096 2105
f 2100 2042 2102
f 2042 2100 2039
f 2103 2042 2102
f 2042 2103 2043
f 2105 2044 2104
f 2044 2105 2041
f 2106 2103 2107
f 2103 2106 2102
f 2103 2045 2107
f 2045 2103 2043
f 2104 2044 2046
f 2108 2045 2047
f 2045 2108 2107
f 2183 2046 2109
f 2046 2183 2104
f 2110 2108 2047
f 1993 2111 2109
f 2112 2110 2113
f 2113 2110 2048
f 2114 2113 2049
f 2191 2050 2192
f 2050 2191 2111
f 1997 2049 1893
f 2049 1997 2114
f 2115 2052 2051
f 2050 2052 2115
f 2053 2117 2116
f 2117 2053 2054
f 2115 2053 2116
f 2053 2115 2051
f 2197 2118 2121
f 2055 2119 2122
f 2119 2055 1998
f 2054 2055 2122
f 2120 2054 2117
f 2054 2120 2122
f 2121 2118 2056
f 2121 2056 2200
f 2058 2124 2202
f 2124 2058 2057
f 2119 2058 2202
f 2058 2119 1998
f 2056 2000 2123
f 2061 2124 2057
f 2000 2062 2123
f 2061 2125 2126
f 2125 2061 2060
f 2124 2061 2126
f 2129 2127 2062
f 2125 2060 2128
f 2063 2128 2060
f 2130 2128 2063
f 2131 2129 2065
f 2130 2064 2209
f 2132 2064 2067
f 2064 2132 2209
f 2131 2066 2133
f 2066 2131 2065
f 2067 2134 2132
f 2068 2069 2136
f 2014 2136 2137
f 2136 2014 2068
f 2070 2137 2138
f 2137 2070 2014
f 2071 2146 2139
f 2146 2071 2072
f 2073 2139 2217
f 2139 2073 2071
f 2133 2073 2217
f 2073 2133 2066
f 2140 2067 2074
f 2067 2140 2134
f 2069 2075 2135
f 2070 2142 2015
f 2143 2077 2142
f 2016 2144 2145
f 2079 2145 2146
f 2145 2079 2016
f 2146 2072 2079
f 2147 2074 2080
f 2074 2147 2140
f 2147 2148 2149
f 2148 2147 2140
f 2081 2147 2149
f 2147 2081 2080
f 2150 2082 2161
f 2141 2082 2150
f 2082 2141 2013
f 2152 2083 2151
f 2083 2152 2020
f 2152 2153 2020
f 2078 2153 2154
f 2154 2155 2078
f 2156 2081 2084
f 2081 2156 2149
f 2156 2157 2158
f 2157 2156 2149
f 2085 2156 2158
f 2156 2085 2084
f 2159 2085 2158
f 2085 2159 2086
f 2161 2160 2159
f 2160 2086 2159
f 2086 2160 2087
f 2160 2082 2087
f 2082 2160 2161
f 2089 2162 2241
f 2162 2089 2088
f 2241 2163 2089
f 2090 2163 2242
f 2242 2164 2090
f 2244 2165 2091
f 2167 2168 2092
f 2169 2092 2168
f 2169 2170 2093
f 2171 2093 2170
f 2093 2171 2094
f 2172 2094 2171
f 2094 2172 2095
f 2096 2173 2097
f 2098 2097 2335
f 2088 2098 2174
f 2162 2088 2174
f 2175 2172 2176
f 2172 2175 2171
f 2172 2099 2176
f 2099 2172 2095
f 2177 2099 2176
f 2099 2177 2100
f 2101 2260 2261
f 2260 2101 2105
f 2173 2101 2261
f 2101 2173 2096
f 2178 2177 2179
f 2177 2178 2176
f 2177 2102 2179
f 2102 2177 2100
f 2180 2105 2104
f 2179 2106 2181
f 2106 2179 2102
f 2182 2106 2181
f 2106 2182 2107
f 2104 2183 2184
f 2185 2182 2186
f 2182 2185 2181
f 2182 2108 2186
f 2108 2182 2107
f 2183 2109 2274
f 2187 2185 2186
f 2185 2187 2188
f 2187 2112 2188
f 2112 2187 2110
f 2187 2108 2110
f 2108 2187 2186
f 2109 2189 2273
f 2189 2109 2111
f 2190 2112 2113
f 2112 2190 2188
f 2111 2191 2276
f 2190 2114 1997
f 2114 2190 2113
f 2192 2283 2191
f 2115 2194 2192
f 2115 2192 2050
f 2195 1997 2118
f 1997 2195 2193
f 2194 2116 2198
f 2116 2194 2115
f 2196 2194 2192
f 2194 2196 2198
f 2118 2197 2195
f 2116 2117 2199
f 2116 2198 2199
f 2120 2199 2117
f 2121 2200 2197
f 2122 2202 2203
f 2202 2122 2119
f 2122 2120 2203
f 2200 2123 2201
f 2123 2200 2056
f 2127 2201 2062
f 2201 2123 2062
f 2126 2204 2205
f 2204 2126 2125
f 2202 2126 2205
f 2126 2202 2124
f 2201 2127 2292
f 2204 2128 2206
f 2128 2204 2125
f 2207 2204 2205
f 2204 2207 2206
f 2292 2127 2129
f 2206 2128 2208
f 2208 2130 2209
f 2130 2208 2128
f 2211 2129 2131
f 2210 2209 2132
f 2133 2217 2211
f 2211 2131 2133
f 2212 2132 2134
f 2132 2212 2210
f 2213 2135 2214
f 2135 2213 2069
f 2136 2213 2215
f 2213 2136 2069
f 2137 2215 2216
f 2215 2137 2136
f 2138 2137 2216
f 2139 2227 2217
f 2227 2139 2146
f 2218 2134 2140
f 2134 2218 2212
f 2218 2219 2220
f 2219 2218 2212
f 2148 2218 2220
f 2218 2148 2140
f 2141 2221 2075
f 2221 2135 2075
f 2135 2221 2214
f 2142 2138 2222
f 2138 2142 2070
f 2143 2222 2223
f 2222 2143 2142
f 2077 2223 2224
f 2223 2077 2143
f 2077 2224 2311
f 2151 2311 2225
f 2311 2151 2077
f 2145 2226 2325
f 2226 2145 2144
f 2227 2145 2325
f 2145 2227 2146
f 2228 2148 2149
f 2148 2228 2220
f 2157 2228 2229
f 2228 2157 2149
f 2230 2161 2231
f 2150 2230 2319
f 2230 2150 2161
f 2150 2319 2141
f 2151 2232 2233
f 2234 2151 2233
f 2151 2234 2152
f 2153 2234 2235
f 2234 2153 2152
f 2154 2235 2236
f 2235 2154 2153
f 2237 2154 2236
f 2154 2237 2155
f 2155 2237 2238
f 2226 2155 2238
f 2155 2226 2144
f 2226 2325 2238
f 2239 2157 2158
f 2157 2239 2229
f 2240 2229 2231
f 2229 2240 2239
f 2240 2158 2239
f 2158 2240 2159
f 2240 2161 2159
f 2161 2240 2231
f 2164 2242 2243
f 2091 2243 2256
f 2243 2091 2164
f 2256 2244 2091
f 2166 2165 2245
f 2167 2245 2246
f 2245 2167 2166
f 2247 2167 2246
f 2167 2247 2168
f 2248 2168 2247
f 2168 2248 2169
f 2249 2169 2248
f 2169 2249 2170
f 2250 2170 2249
f 2170 2250 2171
f 2097 2251 2252
f 2251 2097 2173
f 2097 2252 2253
f 2253 2335 2097
f 2254 2174 2098
f 2255 2163 2242
f 2163 2255 2241
f 2255 2243 2338
f 2243 2255 2242
f 2257 2250 2258
f 2250 2257 2249
f 2250 2175 2258
f 2175 2250 2171
f 2259 2175 2258
f 2175 2259 2176
f 2173 2261 2262
f 2263 2173 2251
f 2173 2263 2262
f 2259 2178 2264
f 2178 2259 2176
f 2265 2178 2264
f 2178 2265 2179
f 2266 2180 2104
f 2180 2266 2267
f 2260 2180 2267
f 2180 2260 2105
f 2268 2265 2269
f 2265 2268 2264
f 2265 2181 2269
f 2181 2265 2179
f 2184 2270 2271
f 2270 2184 2183
f 2266 2184 2271
f 2184 2266 2104
f 2269 2185 2272
f 2185 2269 2181
f 2273 2274 2109
f 2274 2270 2183
f 2275 2185 2188
f 2185 2275 2272
f 2189 2276 2277
f 2276 2189 2111
f 2277 2273 2189
f 2273 2363 2277
f 2278 2279 2275
f 2279 2278 2280
f 2278 2188 2190
f 2188 2278 2275
f 2281 2276 2191
f 2282 2276 2277
f 2276 2282 2281
f 1997 2280 2278
f 2280 1997 2193
f 2190 1997 2278
f 2281 2191 2283
f 2284 2283 2192
f 2370 2195 2374
f 2195 2197 2374
f 2193 2195 2370
f 2284 2196 2372
f 2196 2284 2192
f 2196 2198 2375
f 2198 2199 2285
f 2200 2286 2376
f 2287 2120 2203
f 2199 2120 2287
f 2201 2288 2286
f 2200 2201 2286
f 2203 2289 2379
f 2289 2203 2202
f 2287 2203 2379
f 2201 2290 2288
f 2289 2205 2291
f 2205 2289 2202
f 2201 2292 2290
f 2207 2293 2294
f 2293 2207 2206
f 2291 2207 2294
f 2207 2291 2205
f 2292 2129 2300
f 2293 2208 2295
f 2208 2293 2206
f 2296 2293 2294
f 2293 2296 2295
f 2297 2208 2209
f 2208 2297 2295
f 2211 2300 2129
f 2297 2209 2298
f 2298 2210 2299
f 2210 2298 2209
f 2217 2300 2211
f 2301 2210 2212
f 2210 2301 2299
f 2301 2302 2303
f 2302 2301 2299
f 2219 2301 2303
f 2301 2219 2212
f 2304 2214 2305
f 2214 2304 2213
f 2215 2304 2399
f 2304 2215 2213
f 2399 2216 2215
f 2306 2227 2307
f 2227 2306 2217
f 2308 2219 2220
f 2219 2308 2303
f 2221 2141 2319
f 2309 2214 2221
f 2214 2309 2305
f 2405 2216 2138
f 2405 2222 2138
f 2222 2405 2310
f 2310 2223 2222
f 2310 2224 2223
f 2407 2225 2311
f 2312 2225 2407
f 2225 2312 2151
f 2312 2232 2151
f 2325 2313 2227
f 2314 2220 2228
f 2220 2314 2308
f 2315 2228 2314
f 2228 2315 2229
f 2231 2315 2316
f 2315 2231 2229
f 2230 2316 2317
f 2316 2230 2231
f 2319 2317 2318
f 2317 2319 2230
f 2233 2320 2321
f 2320 2233 2232
f 2234 2321 2322
f 2321 2234 2233
f 2235 2322 2323
f 2322 2235 2234
f 2236 2323 2415
f 2323 2236 2235
f 2324 2236 2415
f 2236 2324 2237
f 2238 2324 2325
f 2324 2238 2237
f 2165 2327 2328
f 2327 2165 2244
f 2245 2328 2329
f 2328 2245 2165
f 2246 2329 2330
f 2329 2246 2245
f 2331 2246 2330
f 2246 2331 2247
f 2332 2247 2331
f 2247 2332 2248
f 2333 2248 2332
f 2248 2333 2249
f 2252 2350 2334
f 2350 2252 2251
f 2253 2334 2418
f 2334 2253 2252
f 2335 2253 2418
f 2098 2335 2419
f 2419 2254 2098
f 2174 2254 2420
f 2336 2174 2420
f 2174 2336 2162
f 2241 2336 2337
f 2336 2241 2162
f 2337 2255 2241
f 2243 2338 2339
f 2256 2339 2340
f 2339 2256 2243
f 2327 2256 2340
f 2256 2327 2244
f 2341 2328 2329
f 2328 2341 2327
f 2342 2329 2330
f 2329 2342 2341
f 2342 2331 2343
f 2331 2342 2330
f 2343 2332 2344
f 2332 2343 2331
f 2344 2333 2345
f 2333 2344 2332
f 2333 2257 2345
f 2257 2333 2249
f 2346 2257 2345
f 2257 2346 2258
f 2347 2258 2346
f 2258 2347 2259
f 2348 2261 2260
f 2262 2261 2349
f 2349 2263 2262
f 2263 2350 2251
f 2431 2334 2418
f 2334 2431 2350
f 2351 2347 2352
f 2347 2351 2346
f 2347 2264 2352
f 2264 2347 2259
f 2267 2271 2353
f 2271 2267 2266
f 2267 2353 2354
f 2348 2267 2354
f 2267 2348 2260
f 2352 2268 2355
f 2268 2352 2264
f 2356 2268 2355
f 2268 2356 2269
f 2357 2271 2270
f 2271 2357 2358
f 2358 2271 2353
f 2359 2356 2360
f 2356 2359 2355
f 2356 2272 2360
f 2272 2356 2269
f 2363 2274 2273
f 2274 2357 2270
f 2361 2359 2360
f 2359 2361 2362
f 2361 2279 2362
f 2279 2361 2275
f 2361 2272 2275
f 2272 2361 2360
f 2282 2363 2277
f 2280 2364 2362
f 2364 2280 2365
f 2279 2280 2362
f 2282 2366 2367
f 2366 2282 2281
f 2365 2280 2193
f 2281 2368 2369
f 2368 2281 2283
f 2366 2281 2369
f 2366 2458 2369
f 2193 2370 2365
f 2284 2373 2371
f 2368 2284 2371
f 2284 2368 2283
f 2372 2373 2284
f 2375 2372 2196
f 2376 2197 2200
f 2197 2376 2374
f 2285 2375 2198
f 2376 2377 2469
f 2375 2285 2472
f 2377 2288 2378
f 2288 2377 2286
f 2377 2376 2286
f 2285 2287 2379
f 2287 2285 2199
f 2285 2472 2379
f 2288 2381 2378
f 2380 2379 2289
f 2381 2290 2383
f 2290 2381 2288
f 2380 2291 2382
f 2291 2380 2289
f 2382 2380 2379
f 2383 2290 2292
f 2384 2291 2294
f 2291 2384 2382
f 2292 2385 2383
f 2385 2292 2300
f 2296 2386 2387
f 2386 2296 2295
f 2384 2296 2387
f 2296 2384 2294
f 2386 2297 2388
f 2297 2386 2295
f 2389 2386 2387
f 2386 2389 2388
f 2385 2300 2392
f 2388 2298 2390
f 2298 2388 2297
f 2390 2389 2391
f 2389 2390 2388
f 2393 2298 2299
f 2298 2393 2390
f 2393 2391 2394
f 2391 2393 2390
f 2302 2393 2394
f 2393 2302 2299
f 2392 2300 2395
f 2396 2302 2303
f 2302 2396 2394
f 2397 2305 2398
f 2305 2397 2304
f 2397 2399 2304
f 2216 2399 2400
f 2216 2400 2491
f 2491 2405 2216
f 2402 2307 2401
f 2307 2402 2306
f 2306 2402 2217
f 2402 2300 2217
f 2300 2402 2395
f 2403 2303 2308
f 2303 2403 2396
f 2309 2319 2404
f 2319 2309 2221
f 2309 2398 2305
f 2568 2310 2405
f 2310 2406 2224
f 2406 2311 2224
f 2407 2232 2312
f 2407 2320 2232
f 2313 2326 2496
f 2326 2313 2325
f 2408 2313 2496
f 2313 2408 2227
f 2408 2307 2227
f 2307 2408 2401
f 2409 2308 2314
f 2308 2409 2403
f 2315 2409 2410
f 2409 2315 2314
f 2316 2410 2411
f 2410 2316 2315
f 2317 2411 2412
f 2411 2317 2316
f 2412 2318 2317
f 2319 2318 2404
f 2414 2320 2321
f 2413 2414 2320
f 2414 2322 2321
f 2415 2322 2414
f 2322 2415 2323
f 2417 2416 2326
f 2416 2417 2415
f 2417 2324 2415
f 2324 2417 2325
f 2417 2326 2325
f 2335 2418 2419
f 2419 2420 2254
f 2336 2420 2433
f 2433 2337 2336
f 2255 2337 2421
f 2338 2421 2511
f 2421 2338 2255
f 2511 2339 2338
f 2327 2340 2422
f 2422 2341 2327
f 2342 2341 2423
f 2424 2342 2423
f 2342 2424 2343
f 2425 2343 2424
f 2343 2425 2344
f 2426 2344 2425
f 2344 2426 2345
f 2427 2345 2426
f 2345 2427 2346
f 2261 2428 2429
f 2428 2261 2348
f 2349 2429 2505
f 2429 2349 2261
f 2430 2349 2505
f 2349 2430 2263
f 2350 2430 2431
f 2430 2350 2263
f 2432 2418 2419
f 2418 2432 2431
f 2420 2509 2419
f 2433 2337 2434
f 2434 2421 2590
f 2421 2434 2337
f 2421 2511 2590
f 2435 2339 2340
f 2435 2422 2513
f 2422 2435 2340
f 2513 2341 2423
f 2341 2513 2422
f 2423 2424 2436
f 2436 2425 2437
f 2425 2436 2424
f 2438 2425 2426
f 2425 2438 2437
f 2438 2427 2439
f 2427 2438 2426
f 2427 2351 2439
f 2351 2427 2346
f 2440 2351 2439
f 2351 2440 2352
f 2354 2353 2441
f 2354 2441 2442
f 2348 2354 2442
f 2443 2348 2428
f 2348 2443 2442
f 2516 2428 2429
f 2428 2516 2443
f 2517 2429 2505
f 2429 2517 2516
f 2444 2438 2445
f 2438 2444 2437
f 2446 2438 2439
f 2438 2446 2445
f 2446 2440 2447
f 2440 2446 2439
f 2440 2355 2447
f 2355 2440 2352
f 2357 2454 2448
f 2358 2448 2522
f 2448 2358 2357
f 2449 2353 2441
f 2353 2449 2358
f 2524 2441 2442
f 2441 2524 2449
f 2450 2446 2451
f 2446 2450 2445
f 2452 2446 2447
f 2446 2452 2451
f 2447 2359 2452
f 2359 2447 2355
f 2274 2363 2453
f 2454 2274 2453
f 2274 2454 2357
f 2455 2451 2452
f 2451 2455 2456
f 2455 2364 2456
f 2364 2455 2362
f 2455 2359 2362
f 2359 2455 2452
f 2282 2367 2457
f 2457 2363 2282
f 2457 2363 2453
f 2533 2364 2365
f 2364 2533 2456
f 2458 2367 2366
f 2459 2367 2457
f 2367 2459 2458
f 2460 2365 2370
f 2365 2460 2533
f 2461 2369 2368
f 2461 2458 2369
f 2371 2462 2463
f 2462 2371 2373
f 2461 2371 2463
f 2371 2461 2368
f 2461 2464 2463
f 2462 2373 2468
f 2466 2462 2463
f 2462 2466 2468
f 2465 2374 2467
f 2374 2465 2370
f 2469 2470 2467
f 2469 2374 2376
f 2374 2469 2467
f 2373 2375 2472
f 2375 2373 2372
f 2373 2468 2472
f 2471 2469 2377
f 2469 2471 2470
f 2548 2471 2473
f 2471 2378 2473
f 2378 2471 2377
f 2475 2378 2381
f 2378 2475 2473
f 2552 2379 2472
f 2379 2552 2474
f 2475 2383 2476
f 2383 2475 2381
f 2474 2382 2477
f 2382 2474 2379
f 2383 2478 2476
f 2382 2384 2479
f 2480 2382 2477
f 2382 2480 2479
f 2383 2481 2478
f 2481 2383 2385
f 2479 2387 2482
f 2387 2479 2384
f 2483 2479 2480
f 2479 2483 2482
f 2482 2389 2484
f 2389 2482 2387
f 2485 2385 2392
f 2385 2485 2481
f 2484 2391 2486
f 2391 2484 2389
f 2485 2392 2487
f 2488 2391 2394
f 2391 2488 2486
f 2487 2395 2489
f 2395 2487 2392
f 2488 2396 2490
f 2396 2488 2394
f 2398 2495 2397
f 2400 2397 2495
f 2397 2400 2399
f 2491 2662 2492
f 2405 2492 2567
f 2492 2405 2491
f 2567 2568 2405
f 2401 2493 2402
f 2493 2395 2402
f 2395 2493 2489
f 2490 2403 2494
f 2403 2490 2396
f 2404 2495 2309
f 2309 2495 2398
f 2310 2568 2755
f 2406 2310 2755
f 2311 2755 2569
f 2755 2311 2406
f 2311 2569 2663
f 2407 2311 2663
f 2320 2407 2576
f 2576 2413 2320
f 2577 2415 2504
f 2415 2577 2416
f 2326 2416 2496
f 2496 2401 2408
f 2401 2496 2493
f 2497 2403 2409
f 2403 2497 2494
f 2497 2498 2499
f 2498 2497 2494
f 2410 2497 2499
f 2497 2410 2409
f 2500 2410 2499
f 2410 2500 2411
f 2412 2500 2501
f 2500 2412 2411
f 2412 2501 2502
f 2503 2412 2502
f 2412 2503 2318
f 2503 2404 2318
f 2404 2503 2495
f 2504 2413 2414
f 2504 2415 2414
f 2430 2505 2518
f 2431 2518 2585
f 2518 2431 2430
f 2506 2431 2585
f 2432 2506 2507
f 2506 2432 2431
f 2419 2507 2508
f 2507 2419 2432
f 2508 2509 2419
f 2420 2509 2510
f 2433 2510 2589
f 2510 2433 2420
f 2434 2589 2590
f 2589 2434 2433
f 2511 2591 2339
f 2512 2339 2591
f 2339 2512 2435
f 2512 2513 2435
f 2513 2593 2423
f 2514 2423 2593
f 2436 2514 2519
f 2514 2436 2423
f 2515 2436 2519
f 2436 2515 2437
f 2443 2524 2516
f 2524 2443 2442
f 2596 2517 2516
f 2517 2505 2518
f 2519 2515 2520
f 2515 2444 2520
f 2444 2515 2437
f 2521 2444 2520
f 2444 2521 2445
f 2522 2523 2358
f 2449 2523 2610
f 2523 2449 2358
f 2610 2524 2449
f 2525 2521 2526
f 2521 2525 2520
f 2521 2450 2526
f 2450 2521 2445
f 2527 2450 2526
f 2450 2527 2451
f 2453 2531 2616
f 2454 2616 2617
f 2616 2454 2453
f 2522 2454 2617
f 2454 2522 2448
f 2528 2527 2533
f 2527 2528 2526
f 2527 2456 2533
f 2456 2527 2451
f 2457 2529 2530
f 2531 2457 2530
f 2457 2531 2453
f 2533 2532 2528
f 2458 2461 2534
f 2459 2534 2535
f 2534 2459 2458
f 2529 2459 2535
f 2459 2529 2457
f 2536 2532 2533
f 2532 2536 2537
f 2533 2460 2536
f 2539 2461 2534
f 2461 2539 2538
f 2540 2537 2536
f 2537 2540 2541
f 2540 2460 2370
f 2460 2540 2536
f 2464 2544 2545
f 2544 2464 2463
f 2538 2464 2545
f 2464 2538 2461
f 2538 2630 2545
f 2542 2541 2540
f 2541 2542 2543
f 2542 2370 2465
f 2370 2542 2540
f 2466 2544 2463
f 2546 2543 2542
f 2543 2546 2547
f 2546 2470 2547
f 2470 2546 2467
f 2546 2465 2467
f 2465 2546 2542
f 2639 2468 2472
f 2466 2468 2639
f 2548 2470 2471
f 2549 2548 2473
f 2550 2476 2551
f 2476 2550 2475
f 2550 2473 2475
f 2473 2550 2549
f 2639 2552 2643
f 2552 2639 2472
f 2552 2477 2553
f 2477 2552 2474
f 2551 2478 2554
f 2478 2551 2476
f 2553 2480 2555
f 2480 2553 2477
f 2478 2481 2554
f 2483 2556 2557
f 2556 2483 2482
f 2555 2483 2557
f 2483 2555 2480
f 2481 2648 2647
f 2556 2484 2558
f 2484 2556 2482
f 2559 2556 2557
f 2556 2559 2558
f 2560 2485 2563
f 2560 2481 2485
f 2481 2560 2648
f 2558 2486 2561
f 2486 2558 2484
f 2562 2558 2559
f 2558 2562 2561
f 2487 2563 2485
f 2564 2486 2488
f 2486 2564 2561
f 2487 2489 2565
f 2564 2490 2566
f 2490 2564 2488
f 2400 2495 2913
f 2492 2662 2567
f 2570 2496 2664
f 2496 2570 2493
f 2570 2489 2493
f 2489 2570 2565
f 2571 2490 2494
f 2490 2571 2566
f 2571 2572 2573
f 2572 2571 2566
f 2498 2571 2573
f 2571 2498 2494
f 2574 2495 2575
f 2407 2663 2576
f 2504 2413 2921
f 2578 2416 2577
f 2416 2578 2496
f 2579 2498 2499
f 2498 2579 2573
f 2500 2579 2580
f 2579 2500 2499
f 2501 2580 2581
f 2580 2501 2500
f 2502 2581 2582
f 2581 2502 2501
f 2583 2584 2575
f 2584 2583 2582
f 2583 2502 2582
f 2502 2583 2503
f 2583 2495 2503
f 2495 2583 2575
f 2506 2585 2599
f 2507 2599 2586
f 2599 2507 2506
f 2508 2586 2587
f 2586 2508 2507
f 2588 2508 2587
f 2508 2588 2509
f 2510 2588 2677
f 2588 2510 2509
f 2677 2589 2510
f 2591 2603 2512
f 2592 2512 2603
f 2512 2592 2513
f 2593 2513 2592
f 2593 2594 2514
f 2595 2514 2594
f 2514 2595 2519
f 2611 2596 2516
f 2597 2518 2517
f 2598 2585 2599
f 2585 2598 2518
f 2600 2586 2587
f 2586 2600 2599
f 2601 2590 2602
f 2511 2602 2590
f 2602 2591 2686
f 2591 2602 2511
f 2591 2603 2686
f 2604 2603 2592
f 2604 2593 2605
f 2593 2604 2592
f 2605 2594 2606
f 2594 2605 2593
f 2606 2595 2607
f 2595 2606 2594
f 2595 2519 2607
f 2608 2519 2607
f 2519 2608 2520
f 2523 2609 2610
f 2609 2523 2522
f 2524 2611 2516
f 2612 2607 2613
f 2607 2612 2606
f 2613 2608 2614
f 2608 2613 2607
f 2608 2525 2614
f 2525 2608 2520
f 2615 2525 2614
f 2525 2615 2526
f 2522 2617 2618
f 2609 2522 2618
f 2619 2614 2620
f 2614 2619 2613
f 2620 2615 2621
f 2615 2620 2614
f 2615 2528 2621
f 2528 2615 2526
f 2530 2624 2710
f 2624 2530 2529
f 2710 2531 2530
f 2625 2620 2622
f 2620 2625 2619
f 2621 2622 2620
f 2621 2532 2622
f 2532 2621 2528
f 2623 2535 2534
f 2535 2623 2777
f 2624 2535 2777
f 2535 2624 2529
f 2625 2622 2626
f 2622 2537 2626
f 2537 2622 2532
f 2539 2627 2628
f 2627 2539 2538
f 2623 2539 2628
f 2539 2623 2534
f 2626 2629 2625
f 2626 2541 2629
f 2541 2626 2537
f 2627 2630 2631
f 2630 2627 2538
f 2718 2629 2632
f 2632 2629 2541
f 2541 2543 2632
f 2633 2543 2547
f 2543 2633 2632
f 2634 2544 2466
f 2545 2544 2634
f 2635 2545 2630
f 2545 2635 2634
f 2633 2636 2637
f 2636 2548 2637
f 2548 2636 2470
f 2636 2547 2470
f 2547 2636 2633
f 2639 2634 2466
f 2634 2728 2639
f 2548 2638 2637
f 2638 2549 2640
f 2549 2638 2548
f 2641 2640 2642
f 2640 2551 2642
f 2551 2640 2550
f 2640 2549 2550
f 2551 2644 2642
f 2552 2553 2643
f 2645 2644 2647
f 2644 2554 2647
f 2554 2644 2551
f 2553 2555 2646
f 2646 2553 2643
f 2647 2554 2481
f 2557 2646 2555
f 2557 2559 2649
f 2650 2557 2646
f 2557 2650 2649
f 2651 2563 2747
f 2563 2651 2560
f 2651 2648 2560
f 2648 2651 2740
f 2562 2652 2653
f 2652 2562 2561
f 2649 2562 2653
f 2562 2649 2559
f 2747 2563 2657
f 2652 2564 2654
f 2564 2652 2561
f 2655 2652 2653
f 2652 2655 2654
f 2657 2565 2656
f 2565 2657 2487
f 2657 2563 2487
f 2658 2564 2566
f 2564 2658 2654
f 2658 2655 2659
f 2655 2658 2654
f 2572 2658 2659
f 2658 2572 2566
f 2913 2660 2400
f 2661 2400 2660
f 2400 2661 2491
f 2662 2491 2661
f 2565 2570 2664
f 2665 2572 2573
f 2572 2665 2659
f 2666 2584 2667
f 2584 2666 2575
f 2574 2666 2668
f 2666 2574 2575
f 2913 2574 2668
f 2574 2913 2495
f 2413 2576 2921
f 2921 2838 2504
f 2577 2504 2838
f 2577 2669 2578
f 2664 2578 2669
f 2578 2664 2496
f 2670 2573 2579
f 2573 2670 2665
f 2670 2671 2672
f 2671 2670 2665
f 2580 2670 2672
f 2670 2580 2579
f 2581 2672 2673
f 2672 2581 2580
f 2674 2675 2667
f 2675 2674 2673
f 2674 2581 2673
f 2581 2674 2582
f 2674 2584 2582
f 2584 2674 2667
f 2588 2676 2677
f 2676 2588 2587
f 2678 2589 2677
f 2589 2678 2590
f 2517 2679 2680
f 2679 2517 2596
f 2597 2680 2681
f 2680 2597 2517
f 2682 2597 2681
f 2597 2682 2518
f 2598 2682 2693
f 2682 2598 2518
f 2599 2693 2683
f 2693 2599 2598
f 2600 2683 2694
f 2683 2600 2599
f 2676 2600 2694
f 2600 2676 2587
f 2684 2676 2677
f 2676 2684 2694
f 2678 2601 2697
f 2601 2678 2590
f 2685 2602 2601
f 2685 2686 2602
f 2603 2687 2604
f 2688 2604 2687
f 2604 2688 2605
f 2689 2605 2688
f 2605 2689 2606
f 2524 2610 2690
f 2524 2690 2611
f 2679 2611 2691
f 2611 2679 2596
f 2706 2679 2680
f 2679 2706 2691
f 2681 2706 2680
f 2692 2681 2682
f 2693 2692 2682
f 2684 2677 2695
f 2696 2677 2678
f 2677 2696 2695
f 2678 2697 2696
f 2697 2601 2698
f 2698 2685 2699
f 2685 2698 2601
f 2686 2699 2685
f 2700 2686 2603
f 2686 2700 2699
f 2700 2687 2701
f 2687 2700 2603
f 2701 2688 2702
f 2688 2701 2687
f 2702 2689 2703
f 2689 2702 2688
f 2689 2612 2703
f 2612 2689 2606
f 2704 2612 2703
f 2612 2704 2613
f 2609 2618 2705
f 2705 2610 2609
f 2768 2610 2690
f 2768 2690 2611
f 2611 2691 2768
f 2699 2700 2707
f 2707 2701 2708
f 2701 2707 2700
f 2714 2701 2702
f 2701 2714 2708
f 2702 2703 2714
f 2703 2704 2709
f 2704 2619 2709
f 2619 2704 2613
f 2531 2710 2711
f 2616 2711 2712
f 2711 2616 2531
f 2617 2616 2712
f 2713 2617 2618
f 2617 2713 2712
f 2618 2705 2713
f 2781 2705 2610
f 2860 2610 2768
f 2610 2860 2781
f 2709 2714 2703
f 2625 2709 2619
f 2717 2777 2623
f 2714 2709 2715
f 2625 2715 2709
f 2716 2628 2627
f 2628 2716 2783
f 2717 2628 2783
f 2628 2717 2623
f 2715 2718 2714
f 2715 2629 2718
f 2629 2715 2625
f 2631 2722 2719
f 2722 2631 2630
f 2716 2631 2719
f 2631 2716 2627
f 2716 2720 2719
f 2724 2718 2721
f 2718 2721 2632
f 2723 2722 2719
f 2724 2721 2725
f 2721 2633 2725
f 2633 2721 2632
f 2635 2728 2876
f 2728 2635 2634
f 2722 2635 2876
f 2635 2722 2630
f 2726 2725 2727
f 2725 2726 2724
f 2725 2637 2727
f 2637 2725 2633
f 2727 2638 2729
f 2638 2727 2637
f 2797 2639 2728
f 2730 2731 2729
f 2731 2730 2732
f 2730 2641 2732
f 2641 2730 2640
f 2730 2638 2640
f 2638 2730 2729
f 2733 2641 2642
f 2641 2733 2732
f 2734 2645 2735
f 2645 2734 2644
f 2734 2642 2644
f 2642 2734 2733
f 2736 2643 2639
f 2737 2645 2647
f 2645 2737 2735
f 2808 2643 2736
f 2643 2808 2646
f 2738 2807 2737
f 2807 2738 2739
f 2738 2648 2739
f 2648 2738 2647
f 2647 2738 2737
f 2648 2740 2739
f 2742 2650 2649
f 2747 2743 2651
f 2743 2740 2651
f 2740 2743 2741
f 2742 2653 2744
f 2653 2742 2649
f 2742 2745 2744
f 2742 2814 2745
f 2747 2657 2746
f 2744 2655 2748
f 2655 2744 2653
f 2749 2744 2745
f 2744 2749 2748
f 2746 2656 2750
f 2656 2746 2657
f 2751 2655 2659
f 2655 2751 2748
f 2751 2749 2752
f 2749 2751 2748
f 2661 2660 2753
f 2661 2916 2662
f 2662 2916 3015
f 2754 2755 2568
f 2569 2755 2830
f 2830 2663 2569
f 2757 2664 2756
f 2664 2757 2565
f 2757 2656 2565
f 2656 2757 2750
f 2758 2659 2665
f 2659 2758 2751
f 2758 2752 2759
f 2752 2758 2751
f 2671 2758 2759
f 2758 2671 2665
f 2759 2760 2761
f 2760 2759 2752
f 2762 2675 2761
f 2675 2762 2667
f 2666 2762 2763
f 2762 2666 2667
f 2668 2763 2764
f 2763 2668 2666
f 2913 2668 2764
f 2831 2663 2576
f 2832 2576 2831
f 2756 2577 2838
f 2577 2756 2669
f 2664 2669 2756
f 2765 2671 2672
f 2671 2765 2759
f 2766 2759 2761
f 2759 2766 2765
f 2673 2765 2766
f 2765 2673 2672
f 2766 2675 2673
f 2675 2766 2761
f 2693 2692 2770
f 2767 2693 2770
f 2693 2767 2683
f 2694 2683 2767
f 2684 2694 2771
f 2695 2771 2841
f 2771 2695 2684
f 2696 2695 2841
f 2696 2843 2697
f 2698 2843 2772
f 2843 2698 2697
f 2691 2860 2706
f 2860 2691 2768
f 2681 2706 2769
f 2681 2692 2769
f 2840 2767 2694
f 2694 2771 2840
f 2772 2698 2846
f 2846 2699 2856
f 2699 2846 2698
f 2773 2699 2856
f 2699 2773 2707
f 2707 2773 2708
f 2712 2711 2774
f 2713 2774 2781
f 2774 2713 2712
f 2781 2705 2713
f 2861 2860 2706
f 2706 2847 2861
f 2775 2706 2769
f 2706 2775 2847
f 2692 2770 2769
f 2714 2773 2708
f 2776 2714 2773
f 2624 2777 2778
f 2710 2778 2779
f 2778 2710 2624
f 2711 2710 2779
f 2780 2711 2774
f 2711 2780 2779
f 2858 2774 2781
f 2774 2858 2780
f 2856 2773 2782
f 2782 2776 2718
f 2776 2782 2773
f 2776 2714 2718
f 2787 2783 2716
f 2717 2783 2784
f 2777 2717 2784
f 2864 2777 2778
f 2777 2864 2784
f 2865 2778 2779
f 2778 2865 2864
f 2718 2854 2782
f 2720 2785 2786
f 2785 2720 2719
f 2787 2720 2786
f 2720 2787 2716
f 2724 2854 2718
f 2723 2790 2874
f 2790 2723 2722
f 2785 2723 2874
f 2723 2785 2719
f 2788 2785 2786
f 2785 2788 2874
f 2789 2724 2854
f 2876 2790 2722
f 2791 2789 2792
f 2789 2791 2854
f 2789 2726 2792
f 2726 2789 2724
f 2793 2726 2792
f 2726 2793 2727
f 2794 2792 2795
f 2792 2794 2791
f 2796 2792 2793
f 2792 2796 2795
f 2796 2731 2795
f 2731 2796 2729
f 2793 2729 2796
f 2729 2793 2727
f 2799 2797 2639
f 2797 2885 2728
f 2798 2731 2732
f 2731 2798 2795
f 2799 2639 2802
f 2798 2733 2800
f 2733 2798 2732
f 2806 2801 2639
f 2801 2802 2639
f 2803 2804 2800
f 2804 2803 2805
f 2803 2735 2805
f 2735 2803 2734
f 2803 2733 2734
f 2733 2803 2800
f 2806 2736 2809
f 2736 2806 2639
f 2807 2735 2737
f 2735 2807 2805
f 2650 2808 2646
f 2808 2809 2736
f 2810 2807 2739
f 2807 2810 2893
f 2899 2650 2808
f 2650 2899 2742
f 2897 2810 2811
f 2810 2741 2811
f 2741 2810 2740
f 2810 2739 2740
f 2742 2899 2815
f 2747 2812 2743
f 2812 2741 2743
f 2741 2812 2811
f 2813 2814 2745
f 2814 2815 2742
f 2747 2816 2817
f 2816 2747 2746
f 2747 2817 2812
f 2813 2749 2818
f 2749 2813 2745
f 2819 2813 2814
f 2813 2819 2818
f 2821 2750 2820
f 2821 2746 2750
f 2746 2821 2816
f 2822 2749 2752
f 2749 2822 2818
f 2823 2818 2819
f 2818 2823 2822
f 2760 2822 2823
f 2822 2760 2752
f 2823 2824 2825
f 2824 2823 2819
f 2660 2826 2827
f 2826 2660 2913
f 2753 2827 2828
f 2827 2753 2660
f 2753 2828 2661
f 2828 2916 2661
f 2567 2662 2829
f 2829 2568 2567
f 2754 2829 2755
f 2829 2754 2568
f 2920 2756 2838
f 2820 2756 2920
f 2756 2820 2757
f 2750 2757 2820
f 2833 2760 2761
f 2760 2833 2823
f 2834 2823 2825
f 2823 2834 2833
f 2762 2833 2834
f 2833 2762 2761
f 2835 2825 2836
f 2825 2835 2834
f 2763 2834 2835
f 2834 2763 2762
f 2837 2836 2913
f 2836 2837 2835
f 2837 2763 2835
f 2763 2837 2764
f 2837 2913 2764
f 2921 2832 2576
f 2767 2770 2839
f 2839 2840 2767
f 2840 2851 2771
f 2841 2771 2851
f 2841 2842 2696
f 2842 2843 2696
f 2772 2843 2844
f 2845 2772 2844
f 2772 2845 2846
f 2775 2847 2931
f 2769 2775 2862
f 2770 2862 2848
f 2862 2770 2769
f 2849 2770 2839
f 2770 2849 2848
f 2850 2839 2840
f 2839 2850 2849
f 2840 2851 2850
f 2922 2851 2841
f 2852 2841 2842
f 2841 2852 2922
f 2852 2843 2853
f 2843 2852 2842
f 2853 2844 2854
f 2844 2853 2843
f 2845 2854 2844
f 2854 2846 2855
f 2846 2854 2845
f 2846 2856 2855
f 2780 2866 2857
f 2866 2780 2779
f 2857 2858 2780
f 2859 2860 2781
f 2862 2931 2775
f 2934 2848 2849
f 2856 2854 2855
f 2856 2854 2782
f 2784 2863 2873
f 2863 2784 2783
f 2873 2864 2784
f 2865 2866 2779
f 2867 2857 2858
f 2857 2867 2866
f 2868 2854 2869
f 2787 2870 2871
f 2870 2787 2786
f 2863 2787 2871
f 2787 2863 2783
f 2872 2863 2873
f 2863 2872 2871
f 2869 2948 2868
f 2788 2874 2875
f 2870 2788 2875
f 2788 2870 2786
f 2953 2870 2871
f 2870 2953 2875
f 2791 2854 2869
f 2790 2876 2877
f 2874 2790 2877
f 2874 2875 2877
f 2878 2869 2879
f 2791 2879 2869
f 2880 2791 2879
f 2876 2728 2881
f 2964 2879 2970
f 2879 2964 2878
f 2970 2879 2882
f 2882 2880 2883
f 2880 2882 2879
f 2880 2794 2883
f 2794 2880 2791
f 2884 2794 2883
f 2794 2884 2795
f 2885 2881 2728
f 2886 2883 2887
f 2883 2886 2882
f 2887 2884 2888
f 2884 2887 2883
f 2884 2798 2888
f 2798 2884 2795
f 2976 2797 2885
f 2797 2976 2799
f 2889 2887 2888
f 2887 2889 2890
f 2889 2804 2890
f 2804 2889 2800
f 2889 2798 2800
f 2798 2889 2888
f 2802 2986 2891
f 2986 2802 2801
f 2799 2802 2891
f 2892 2804 2805
f 2804 2892 2890
f 2986 2806 2985
f 2806 2986 2801
f 2893 2894 2892
f 2894 2893 2895
f 2893 2805 2807
f 2805 2893 2892
f 2809 2896 2989
f 2896 2809 2808
f 2985 2809 2989
f 2809 2985 2806
f 2897 2893 2810
f 2893 2897 2895
f 2899 2896 2808
f 2994 2896 2989
f 2896 2994 2899
f 2900 2812 2901
f 2812 2900 2811
f 2900 2897 2811
f 2897 2900 2898
f 2902 2817 2903
f 2817 2902 2812
f 2812 2902 2901
f 2815 2904 2905
f 2904 2815 2814
f 2998 2815 2905
f 2815 2998 2899
f 2903 2816 2906
f 2816 2903 2817
f 2904 2819 2907
f 2819 2904 2814
f 2907 2905 2908
f 2905 2907 2904
f 2824 2907 2908
f 2907 2824 2819
f 2909 2820 3017
f 2820 2909 2821
f 2816 2821 2906
f 2910 2824 2825
f 2824 2910 2908
f 2910 2911 2912
f 2911 2910 2908
f 2836 2910 2912
f 2910 2836 2825
f 2913 2836 2912
f 2826 2913 2914
f 2827 2914 2915
f 2914 2827 2826
f 2915 2828 2827
f 3079 2916 2828
f 2662 3015 2917
f 2917 2829 2662
f 2917 2755 2829
f 2663 2830 2918
f 2918 2831 2663
f 2920 2838 2919
f 3155 2921 2832
f 2838 2921 2919
f 2850 2934 2851
f 2934 2850 2849
f 2922 2923 2852
f 2924 2852 2923
f 2852 2924 2853
f 2925 2853 2924
f 2853 2925 2854
f 2926 2854 2925
f 2781 2927 2928
f 2927 2781 2858
f 2859 2928 2945
f 2928 2859 2781
f 2929 2859 2945
f 2859 2929 2860
f 2861 2929 2930
f 2929 2861 2860
f 2847 2861 2930
f 2848 2932 2933
f 2932 2848 2862
f 2933 2934 2848
f 2935 2934 2851
f 2936 2851 2922
f 2851 2936 2935
f 2922 2923 2937
f 2937 2924 2938
f 2924 2937 2923
f 2938 2925 2939
f 2925 2938 2924
f 2939 2926 2940
f 2926 2939 2925
f 2926 2854 2940
f 2941 2854 2940
f 2942 2865 2864
f 2866 2942 2943
f 2942 2866 2865
f 2867 2943 2944
f 2943 2867 2866
f 2927 2867 2944
f 2867 2927 2858
f 2927 2928 2944
f 2946 2930 2847
f 2847 2931 2946
f 2958 2932 2933
f 2933 2934 2958
f 2934 2935 3024
f 2935 2936 3024
f 2937 2938 2947
f 2939 2947 2938
f 2948 2939 2940
f 2939 2948 2947
f 2941 2948 2940
f 2941 2868 2948
f 2868 2941 2854
f 2872 2949 2950
f 2949 2872 2871
f 2873 2950 2951
f 2950 2873 2872
f 2942 2873 2951
f 2873 2942 2864
f 2942 2943 2952
f 3019 2943 2944
f 2943 3019 2952
f 3019 2944 2928
f 2928 2945 3019
f 3022 2929 2930
f 3022 2930 2946
f 2946 2931 3022
f 2958 2862 2932
f 3024 2922 2959
f 2922 3024 2936
f 2959 2937 2960
f 2937 2959 2922
f 2960 2947 2963
f 2947 2960 2937
f 2947 2948 2964
f 2953 2949 2871
f 2954 2949 2950
f 2955 2950 2951
f 2950 2955 2954
f 2956 2951 2942
f 2951 2956 2955
f 2942 2952 2956
f 3023 3022 2931
f 2957 2931 2862
f 2931 2957 3023
f 2862 2958 2957
f 3024 2958 2934
f 2964 2948 2869
f 2961 2875 2877
f 2953 2875 2961
f 2962 2953 2949
f 2953 2962 2961
f 2949 2954 2962
f 2963 2947 2968
f 2964 2968 2947
f 2878 2964 2869
f 2876 2965 2966
f 2965 2876 2881
f 2961 2876 2966
f 2876 2961 2877
f 2961 2967 2966
f 2967 2961 2962
f 2968 2964 3037
f 3037 2964 2969
f 2973 2964 2969
f 2964 2973 2970
f 2965 2885 2971
f 2885 2965 2881
f 2972 2965 2966
f 2965 2972 2971
f 2972 2966 2967
f 3042 2969 3040
f 2973 3040 2969
f 2973 2970 2974
f 2970 2886 2974
f 2886 2970 2882
f 2975 2886 2974
f 2886 2975 2887
f 2976 2971 2885
f 2977 2971 2972
f 2971 2977 2976
f 2978 2974 2979
f 2974 2978 2973
f 2979 2975 2980
f 2975 2979 2974
f 2975 2890 2980
f 2890 2975 2887
f 2891 2976 2799
f 2976 2981 2891
f 2982 2976 2977
f 2976 2982 2981
f 2983 2979 2980
f 2979 2983 2984
f 2983 2894 2984
f 2894 2983 2892
f 2983 2890 2892
f 2890 2983 2980
f 2987 2891 2981
f 2891 2987 2986
f 2988 2894 2895
f 2894 2988 2984
f 2990 2985 2986
f 2985 2990 2989
f 2991 2992 2988
f 2992 2991 2993
f 2991 2898 2993
f 2898 2991 2897
f 2991 2895 2897
f 2895 2991 2988
f 2998 2994 2899
f 2995 2989 2990
f 2989 2995 2994
f 2996 2901 2997
f 2901 2996 2900
f 2996 2898 2900
f 2898 2996 2993
f 2998 2995 2999
f 2995 2998 2994
f 2997 2903 3000
f 2903 2997 2902
f 2997 2901 2902
f 3002 2998 2999
f 2998 3002 3001
f 2906 3003 2903
f 2903 3003 3000
f 3004 2905 2908
f 2905 3004 2998
f 3004 3001 3005
f 3001 3004 2998
f 2911 3004 3005
f 3004 2911 2908
f 3005 3002 3006
f 3002 3005 3001
f 3007 3017 3008
f 3017 3007 2909
f 3009 3074 3003
f 3074 3009 3007
f 3009 2909 3007
f 2909 3009 2821
f 3009 2906 2821
f 2906 3009 3003
f 3010 2911 2912
f 2911 3010 3005
f 3010 3006 3011
f 3006 3010 3005
f 2913 3010 3011
f 3010 2913 2912
f 3011 3012 3013
f 3012 3011 3006
f 2914 3011 3013
f 3011 2914 2913
f 2915 3013 3014
f 3013 2915 2914
f 2828 3014 3078
f 3014 2828 2915
f 3078 3079 2828
f 2916 3079 3080
f 3080 3015 2916
f 2917 3015 3082
f 2917 3082 3083
f 2917 3083 3084
f 2755 3084 3085
f 3084 2755 2917
f 2755 3085 3150
f 2830 3150 2918
f 3150 2830 2755
f 2832 2831 3155
f 2919 3086 2920
f 3016 2920 3086
f 3017 3018 3008
f 3018 3017 3016
f 3017 2920 3016
f 2920 3017 2820
f 2955 3020 3021
f 3020 2955 2954
f 2956 3021 2952
f 3021 2956 2955
f 3026 2945 3019
f 2945 3026 2929
f 3027 2929 3026
f 2929 3027 3022
f 3023 3028 2957
f 2958 2957 3028
f 2959 3024 3029
f 3030 2959 3029
f 2959 3030 2960
f 2954 3025 3020
f 3025 2954 2962
f 3039 3020 3021
f 3092 3021 2952
f 3021 3092 3039
f 2952 3019 3092
f 3026 3034 3019
f 3022 3023 3036
f 3023 3028 3036
f 3024 3028 2958
f 3030 2960 3031
f 2960 2963 3031
f 3025 2967 2972
f 2967 3025 2962
f 3039 3025 3020
f 3025 3039 2972
f 3032 3092 3019
f 3019 3033 3032
f 3034 3033 3019
f 3034 3026 3087
f 3035 3026 3027
f 3026 3035 3087
f 3036 3027 3022
f 3029 3093 3024
f 3030 3093 3029
f 3031 3093 3030
f 3031 2963 3094
f 2963 2968 3094
f 3037 2968 3094
f 2972 2977 3038
f 2972 3039 3038
f 3042 3037 2969
f 3042 3043 3040
f 3041 2977 3038
f 3038 3095 3041
f 3043 3040 3044
f 3040 2978 3044
f 2978 3040 2973
f 3045 2978 3044
f 2978 3045 2979
f 3046 2982 2981
f 3041 2982 3046
f 2982 3041 2977
f 3041 3101 3046
f 3047 3044 3048
f 3044 3047 3043
f 3048 3045 3049
f 3045 3048 3044
f 3045 2984 3049
f 2984 3045 2979
f 3050 2987 2986
f 3046 2987 3050
f 2987 3046 2981
f 3046 3109 3050
f 3051 3048 3049
f 3048 3051 3052
f 3051 2992 3052
f 2992 3051 2988
f 3051 2984 2988
f 2984 3051 3049
f 3050 2990 3053
f 2990 3050 2986
f 3050 3114 3053
f 3054 3050 3109
f 3050 3054 3114
f 3055 2992 2993
f 2992 3055 3052
f 3053 2995 3059
f 2995 3053 2990
f 3059 3053 3114
f 3056 3057 3055
f 3057 3056 3058
f 3056 2997 3058
f 2997 3056 2996
f 3056 2993 2996
f 2993 3056 3055
f 2999 3059 2995
f 3060 3061 3058
f 3061 3060 3062
f 3060 3000 3062
f 3000 3060 2997
f 2997 3060 3058
f 3063 2999 3002
f 2999 3063 3059
f 3063 3059 3064
f 3065 3074 3066
f 3074 3065 3003
f 3067 3003 3065
f 3067 3000 3003
f 3000 3067 3062
f 3068 3002 3006
f 3002 3068 3063
f 3068 3064 3069
f 3064 3068 3063
f 3012 3068 3069
f 3068 3012 3006
f 3069 3070 3071
f 3070 3069 3064
f 3072 3018 3073
f 3018 3072 3008
f 3074 3008 3072
f 3008 3074 3007
f 3075 3012 3013
f 3012 3075 3069
f 3075 3071 3076
f 3071 3075 3069
f 3014 3075 3076
f 3075 3014 3013
f 3076 3077 3078
f 3077 3076 3071
f 3076 3078 3014
f 3015 3080 3081
f 3081 3082 3015
f 2918 3150 3151
f 2918 3151 3152
f 2918 3152 3245
f 3245 2831 2918
f 3155 2831 3154
f 3086 2919 3157
f 3086 3159 3016
f 3018 3016 3073
f 3028 3036 3024
f 3164 3024 3163
f 3027 3035 3088
f 3088 3036 3027
f 3089 3036 3024
f 3036 3089 3168
f 3090 3024 3163
f 3024 3090 3089
f 3093 3024 3164
f 3094 3031 3093
f 3039 3096 3097
f 3096 3039 3038
f 3091 3039 3092
f 3039 3091 3097
f 3166 3092 3032
f 3166 3032 3033
f 3166 3034 3167
f 3034 3166 3033
f 3034 3087 3167
f 3035 3088 3087
f 3094 3098 3093
f 3099 3037 3094
f 3037 3099 3042
f 3102 3095 3041
f 3095 3096 3038
f 3099 3105 3094
f 3100 3042 3099
f 3042 3100 3043
f 3101 3102 3041
f 3103 3094 3104
f 3094 3103 3098
f 3105 3104 3094
f 3105 3099 3106
f 3106 3100 3107
f 3100 3106 3099
f 3100 3047 3107
f 3047 3100 3043
f 3108 3047 3107
f 3047 3108 3048
f 3110 3046 3101
f 3046 3110 3109
f 3111 3107 3112
f 3107 3111 3106
f 3112 3108 3113
f 3108 3112 3107
f 3108 3052 3113
f 3052 3108 3048
f 3054 3114 3115
f 3109 3054 3115
f 3116 3109 3110
f 3109 3116 3115
f 3117 3112 3113
f 3112 3117 3118
f 3117 3057 3118
f 3057 3117 3055
f 3113 3055 3117
f 3055 3113 3052
f 3114 3059 3119
f 3120 3114 3115
f 3114 3120 3119
f 3120 3116 3121
f 3116 3120 3115
f 3122 3123 3118
f 3123 3122 3124
f 3122 3061 3124
f 3061 3122 3058
f 3122 3057 3058
f 3057 3122 3118
f 3119 3059 3129
f 3125 3119 3120
f 3119 3125 3129
f 3125 3121 3215
f 3121 3125 3120
f 3126 3127 3124
f 3127 3126 3128
f 3126 3067 3128
f 3067 3126 3062
f 3126 3061 3062
f 3061 3126 3124
f 3129 3059 3064
f 3129 3125 3130
f 3070 3129 3130
f 3129 3070 3064
f 3131 3125 3215
f 3125 3131 3130
f 3132 3133 3128
f 3133 3132 3134
f 3132 3066 3134
f 3066 3132 3065
f 3132 3067 3065
f 3067 3132 3128
f 3135 3070 3071
f 3070 3135 3130
f 3135 3131 3136
f 3131 3135 3130
f 3077 3135 3136
f 3135 3077 3071
f 3137 3073 3138
f 3073 3137 3072
f 3139 3140 3134
f 3140 3139 3137
f 3139 3072 3137
f 3072 3139 3074
f 3139 3066 3074
f 3066 3139 3134
f 3141 3077 3078
f 3077 3141 3136
f 3141 3142 3143
f 3142 3141 3136
f 3079 3141 3143
f 3141 3079 3078
f 3080 3143 3144
f 3143 3080 3079
f 3081 3144 3145
f 3144 3081 3080
f 3082 3145 3146
f 3145 3082 3081
f 3083 3146 3147
f 3146 3083 3082
f 3084 3147 3148
f 3147 3084 3083
f 3085 3148 3149
f 3148 3085 3084
f 3149 3150 3085
f 2831 3245 3153
f 3153 3154 2831
f 3156 2921 3155
f 2921 3156 2919
f 3157 2919 3156
f 3157 3158 3086
f 3159 3086 3158
f 3160 3161 3138
f 3161 3160 3159
f 3159 3160 3016
f 3160 3073 3016
f 3073 3160 3138
f 3090 3089 3162
f 3162 3163 3090
f 3092 3165 3166
f 3165 3092 3091
f 3167 3174 3087
f 3088 3087 3175
f 3036 3175 3257
f 3175 3036 3088
f 3257 3168 3036
f 3169 3089 3162
f 3089 3169 3168
f 3169 3162 3170
f 3170 3163 3179
f 3163 3170 3162
f 3164 3179 3163
f 3096 3171 3172
f 3171 3096 3095
f 3097 3172 3165
f 3172 3097 3096
f 3097 3165 3091
f 3173 3165 3166
f 3167 3187 3166
f 3255 3174 3087
f 3087 3175 3255
f 3176 3169 3177
f 3169 3176 3168
f 3177 3170 3178
f 3170 3177 3169
f 3179 3178 3170
f 3093 3180 3164
f 3189 3098 3093
f 3102 3181 3182
f 3181 3102 3101
f 3171 3102 3182
f 3102 3171 3095
f 3183 3171 3172
f 3171 3183 3182
f 3184 3172 3165
f 3172 3184 3183
f 3184 3173 3185
f 3173 3184 3165
f 3186 3173 3166
f 3173 3186 3185
f 3166 3187 3186
f 3259 3187 3167
f 3179 3180 3196
f 3180 3179 3164
f 3180 3093 3188
f 3189 3188 3093
f 3103 3189 3098
f 3190 3103 3189
f 3103 3190 3104
f 3191 3104 3190
f 3104 3191 3105
f 3192 3105 3191
f 3105 3192 3106
f 3181 3110 3193
f 3110 3181 3101
f 3194 3181 3182
f 3181 3194 3193
f 3194 3183 3195
f 3183 3194 3182
f 3195 3183 3184
f 3184 3185 3195
f 3196 3275 3179
f 3196 3188 3210
f 3188 3196 3180
f 3188 3189 3210
f 3189 3190 3197
f 3197 3191 3198
f 3191 3197 3190
f 3198 3192 3199
f 3192 3198 3191
f 3192 3111 3199
f 3111 3192 3106
f 3200 3111 3199
f 3111 3200 3112
f 3193 3116 3201
f 3116 3193 3110
f 3202 3193 3194
f 3193 3202 3201
f 3203 3194 3195
f 3194 3203 3202
f 3204 3210 3189
f 3204 3197 3205
f 3197 3204 3189
f 3206 3197 3198
f 3197 3206 3205
f 3207 3198 3199
f 3198 3207 3206
f 3208 3199 3200
f 3199 3208 3207
f 3208 3123 3207
f 3123 3208 3118
f 3208 3112 3118
f 3112 3208 3200
f 3201 3121 3215
f 3121 3201 3116
f 3215 3201 3202
f 3209 3202 3203
f 3202 3209 3215
f 3203 3273 3209
f 3210 3204 3211
f 3212 3204 3205
f 3204 3212 3211
f 3213 3205 3206
f 3205 3213 3212
f 3214 3206 3207
f 3206 3214 3213
f 3214 3127 3213
f 3127 3214 3124
f 3214 3123 3124
f 3123 3214 3207
f 3215 3209 3216
f 3282 3209 3273
f 3209 3282 3216
f 3217 3212 3218
f 3212 3217 3211
f 3219 3212 3213
f 3212 3219 3218
f 3219 3133 3218
f 3133 3219 3128
f 3219 3127 3128
f 3127 3219 3213
f 3220 3215 3131
f 3220 3215 3221
f 3221 3216 3222
f 3216 3221 3215
f 3223 3217 3218
f 3217 3223 3224
f 3223 3140 3224
f 3140 3223 3134
f 3223 3133 3134
f 3133 3223 3218
f 3225 3131 3136
f 3131 3225 3220
f 3225 3221 3226
f 3221 3225 3220
f 3142 3225 3226
f 3225 3142 3136
f 3227 3221 3222
f 3221 3227 3226
f 3227 3228 3229
f 3228 3227 3222
f 3230 3161 3231
f 3161 3230 3138
f 3232 3233 3224
f 3233 3232 3230
f 3232 3138 3230
f 3138 3232 3137
f 3232 3140 3137
f 3140 3232 3224
f 3234 3142 3143
f 3142 3234 3226
f 3234 3227 3235
f 3227 3234 3226
f 3144 3234 3235
f 3234 3144 3143
f 3236 3227 3229
f 3227 3236 3235
f 3145 3235 3236
f 3235 3145 3144
f 3236 3237 3238
f 3237 3236 3229
f 3146 3236 3238
f 3236 3146 3145
f 3239 3146 3238
f 3146 3239 3147
f 3148 3239 3240
f 3239 3148 3147
f 3149 3240 3241
f 3240 3149 3148
f 3150 3241 3242
f 3241 3150 3149
f 3151 3242 3243
f 3242 3151 3150
f 3152 3243 3244
f 3243 3152 3151
f 3244 3245 3152
f 3153 3245 3246
f 3247 3153 3246
f 3153 3247 3154
f 3248 3154 3247
f 3154 3248 3155
f 3249 3155 3248
f 3250 3155 3249
f 3155 3250 3156
f 3251 3156 3250
f 3156 3251 3157
f 3252 3157 3251
f 3157 3252 3158
f 3253 3254 3231
f 3254 3253 3252
f 3253 3158 3252
f 3158 3253 3159
f 3253 3161 3159
f 3161 3253 3231
f 3174 3259 3255
f 3259 3174 3167
f 3175 3260 3256
f 3260 3175 3255
f 3257 3175 3256
f 3257 3262 3168
f 3176 3262 3263
f 3262 3176 3168
f 3264 3176 3263
f 3176 3264 3177
f 3265 3177 3264
f 3177 3265 3178
f 3266 3178 3265
f 3178 3266 3179
f 3186 3267 3258
f 3267 3186 3185
f 3187 3258 3259
f 3258 3187 3186
f 3269 3259 3255
f 3255 3260 3269
f 3261 3256 3257
f 3257 3262 3261
f 3279 3179 3266
f 3267 3185 3195
f 3268 3258 3259
f 3258 3268 3267
f 3270 3260 3256
f 3260 3270 3269
f 3271 3264 3272
f 3264 3271 3263
f 3272 3265 3274
f 3265 3272 3264
f 3266 3274 3265
f 3275 3279 3179
f 3267 3203 3273
f 3203 3267 3195
f 3337 3267 3268
f 3274 3266 3357
f 3279 3357 3266
f 3276 3196 3275
f 3196 3276 3210
f 3277 3273 3267
f 3273 3277 3282
f 3278 3267 3337
f 3267 3278 3277
f 3279 3275 3280
f 3280 3276 3287
f 3276 3280 3275
f 3287 3276 3281
f 3276 3210 3281
f 3210 3281 3211
f 3289 3282 3216
f 3283 3277 3278
f 3277 3283 3282
f 3283 3284 3285
f 3284 3283 3278
f 3287 3286 3280
f 3288 3287 3281
f 3281 3217 3288
f 3217 3281 3211
f 3222 3289 3216
f 3289 3228 3222
f 3289 3282 3290
f 3290 3283 3291
f 3283 3290 3282
f 3291 3285 3292
f 3285 3291 3283
f 3293 3288 3294
f 3288 3293 3287
f 3288 3295 3294
f 3295 3233 3294
f 3233 3295 3224
f 3295 3217 3224
f 3217 3295 3288
f 3296 3228 3229
f 3228 3296 3289
f 3296 3290 3297
f 3290 3296 3289
f 3237 3296 3297
f 3296 3237 3229
f 3298 3290 3291
f 3290 3298 3297
f 3299 3291 3292
f 3291 3299 3298
f 3299 3300 3301
f 3300 3299 3292
f 3302 3303 3293
f 3303 3302 3304
f 3302 3254 3304
f 3254 3302 3231
f 3305 3293 3294
f 3293 3305 3302
f 3305 3231 3302
f 3231 3305 3230
f 3305 3233 3230
f 3233 3305 3294
f 3306 3237 3238
f 3237 3306 3297
f 3306 3298 3307
f 3298 3306 3297
f 3239 3306 3307
f 3306 3239 3238
f 3307 3299 3308
f 3299 3307 3298
f 3240 3307 3308
f 3307 3240 3239
f 3309 3299 3301
f 3299 3309 3308
f 3241 3308 3309
f 3308 3241 3240
f 3309 3310 3311
f 3310 3309 3301
f 3242 3309 3311
f 3309 3242 3241
f 3311 3312 3313
f 3312 3311 3310
f 3243 3311 3313
f 3311 3243 3242
f 3314 3243 3313
f 3243 3314 3244
f 3245 3314 3315
f 3314 3245 3244
f 3246 3315 3316
f 3315 3246 3245
f 3317 3246 3316
f 3246 3317 3247
f 3318 3247 3317
f 3247 3318 3248
f 3249 3318 3319
f 3318 3249 3248
f 3320 3321 3322
f 3321 3320 3319
f 3320 3249 3319
f 3249 3320 3250
f 3323 3322 3324
f 3322 3323 3320
f 3323 3250 3320
f 3250 3323 3251
f 3325 3324 3304
f 3324 3325 3323
f 3325 3251 3323
f 3251 3325 3252
f 3325 3254 3252
f 3254 3325 3304
f 3261 3326 3327
f 3326 3261 3256
f 3328 3261 3327
f 3261 3328 3262
f 3329 3262 3328
f 3262 3329 3263
f 3259 3330 3331
f 3330 3259 3268
f 3331 3269 3259
f 3270 3332 3326
f 3332 3270 3269
f 3270 3326 3256
f 3333 3326 3327
f 3334 3327 3328
f 3327 3334 3333
f 3334 3329 3335
f 3329 3334 3328
f 3329 3271 3335
f 3271 3329 3263
f 3336 3271 3335
f 3271 3336 3272
f 3337 3330 3268
f 3338 3330 3331
f 3330 3338 3337
f 3339 3331 3269
f 3331 3339 3338
f 3340 3269 3332
f 3269 3340 3339
f 3341 3332 3326
f 3332 3341 3340
f 3341 3333 3342
f 3333 3341 3326
f 3342 3334 3343
f 3334 3342 3333
f 3343 3335 3344
f 3335 3343 3334
f 3344 3336 3345
f 3336 3344 3335
f 3336 3272 3345
f 3346 3272 3345
f 3272 3346 3274
f 3357 3274 3346
f 3284 3337 3347
f 3337 3284 3278
f 3347 3338 3348
f 3338 3347 3337
f 3348 3339 3349
f 3339 3348 3338
f 3350 3339 3340
f 3339 3350 3349
f 3351 3340 3341
f 3340 3351 3350
f 3351 3342 3352
f 3342 3351 3341
f 3352 3343 3353
f 3343 3352 3342
f 3353 3344 3354
f 3344 3353 3343
f 3355 3344 3345
f 3344 3355 3354
f 3355 3346 3356
f 3346 3355 3345
f 3357 3356 3346
f 3357 3358 3279
f 3359 3279 3358
f 3279 3359 3280
f 3360 3284 3285
f 3284 3360 3347
f 3360 3348 3361
f 3348 3360 3347
f 3361 3349 3362
f 3349 3361 3348
f 3362 3350 3363
f 3350 3362 3349
f 3363 3351 3364
f 3351 3363 3350
f 3364 3352 3365
f 3352 3364 3351
f 3365 3353 3366
f 3353 3365 3352
f 3366 3354 3367
f 3354 3366 3353
f 3367 3355 3368
f 3355 3367 3354
f 3368 3356 3369
f 3356 3368 3355
f 3370 3356 3357
f 3356 3370 3369
f 3370 3358 3371
f 3358 3370 3357
f 3371 3359 3372
f 3359 3371 3358
f 3359 3286 3372
f 3286 3359 3280
f 3373 3286 3372
f 3286 3373 3287
f 3374 3285 3292
f 3285 3374 3360
f 3374 3361 3375
f 3361 3374 3360
f 3300 3374 3375
f 3374 3300 3292
f 3376 3361 3362
f 3361 3376 3375
f 3376 3363 3377
f 3363 3376 3362
f 3377 3364 3378
f 3364 3377 3363
f 3378 3365 3379
f 3365 3378 3364
f 3379 3366 3380
f 3366 3379 3365
f 3380 3367 3381
f 3367 3380 3366
f 3381 3368 3382
f 3368 3381 3367
f 3382 3369 3383
f 3369 3382 3368
f 3384 3369 3370
f 3369 3384 3383
f 3384 3371 3385
f 3371 3384 3370
f 3385 3372 3386
f 3372 3385 3371
f 3386 3373 3387
f 3373 3386 3372
f 3387 3303 3386
f 3303 3387 3293
f 3373 3293 3387
f 3293 3373 3287
f 3388 3300 3301
f 3300 3388 3375
f 3388 3376 3389
f 3376 3388 3375
f 3310 3388 3389
f 3388 3310 3301
f 3389 3377 3390
f 3377 3389 3376
f 3312 3389 3390
f 3389 3312 3310
f 3391 3377 3378
f 3377 3391 3390
f 3391 3379 3392
f 3379 3391 3378
f 3392 3380 3393
f 3380 3392 3379
f 3393 3381 3394
f 3381 3393 3380
f 3394 3382 3395
f 3382 3394 3381
f 3395 3383 3396
f 3383 3395 3382
f 3397 3383 3384
f 3383 3397 3396
f 3397 3321 3396
f 3321 3397 3322
f 3398 3384 3385
f 3384 3398 3397
f 3398 3322 3397
f 3322 3398 3324
f 3399 3385 3386
f 3385 3399 3398
f 3399 3324 3398
f 3324 3399 3304
f 3399 3303 3304
f 3303 3399 3386
f 3400 3312 3313
f 3312 3400 3390
f 3400 3391 3401
f 3391 3400 3390
f 3314 3400 3401
f 3400 3314 3313
f 3401 3392 3402
f 3392 3401 3391
f 3315 3401 3402
f 3401 3315 3314
f 3402 3393 3403
f 3393 3402 3392
f 3316 3402 3403
f 3402 3316 3315
f 3404 3393 3394
f 3393 3404 3403
f 3404 3316 3403
f 3316 3404 3317
f 3405 3394 3395
f 3394 3405 3404
f 3405 3317 3404
f 3317 3405 3318
f 3406 3395 3396
f 3395 3406 3405
f 3406 3318 3405
f 3318 3406 3319
f 3406 3321 3319
f 3321 3406 3396
