# Generated by Visualization Toolkit
v 168.24354553222656 236.56317138671875 129.69833374023438
v 167.6576385498047 235.8512420654297 130.09390258789062
v 168.61085510253906 235.8179931640625 130.0292205810547
v 167.31375122070312 236.3654327392578 129.85455322265625
v 169.3101348876953 236.48092651367188 129.68101501464844
v 169.59048461914062 235.8461151123047 129.94882202148438
v 170.26934814453125 236.48068237304688 129.6854705810547
v 170.37855529785156 235.92782592773438 129.89163208007812
v 171.23709106445312 236.389892578125 129.77586364746094
v 170.88124084472656 235.73367309570312 130.03355407714844
v 171.71519470214844 235.83152770996094 130.07516479492188
v 172.28692626953125 236.48397827148438 129.84840393066406
v 172.61956787109375 235.9530792236328 130.1263885498047
v 172.9816131591797 236.47254943847656 129.9593505859375
v 166.33734130859375 237.4315185546875 129.7605438232422
v 165.8213348388672 236.74842834472656 130.09471130371094
v 166.61170959472656 236.5801544189453 129.92372131347656
v 165.53463745117188 237.35792541503906 129.99586486816406
v 167.42535400390625 237.17120361328125 129.61801147460938
v 168.44256591796875 237.42410278320312 129.4776153564453
v 169.26165771484375 237.27769470214844 129.4844970703125
v 170.20843505859375 237.2493438720703 129.5159149169922
v 171.1565399169922 237.23916625976562 129.58616638183594
v 172.10498046875 237.20433044433594 129.69557189941406
v 173.0153350830078 237.1073455810547 129.8607177734375
v 173.55137634277344 236.7430419921875 130.08209228515625
v 173.61024475097656 237.2007293701172 130.02491760253906
v 165.57785034179688 238.15916442871094 129.90643310546875
v 164.97970581054688 237.6427001953125 130.19659423828125
v 164.94668579101562 238.12646484375 130.15147399902344
v 166.44606018066406 238.26095581054688 129.65933227539062
v 167.08261108398438 237.96395874023438 129.55677795410156
v 168.0736541748047 238.23773193359375 129.46815490722656
v 169.23374938964844 238.15750122070312 129.42019653320312
v 170.21482849121094 238.09298706054688 129.45094299316406
v 171.13446044921875 238.08018493652344 129.5349884033203
v 172.0178680419922 238.03329467773438 129.6613006591797
v 172.8560333251953 237.90292358398438 129.831787109375
v 173.58810424804688 237.6996612548828 130.04812622070312
v 164.95944213867188 238.61065673828125 130.19839477539062
v 165.47218322753906 238.9350128173828 130
v 166.13461303710938 238.92178344726562 129.79696655273438
v 167.1098175048828 238.85133361816406 129.60586547851562
v 168.023193359375 239.162109375 129.54238891601562
v 169.0558319091797 239.1644287109375 129.50892639160156
v 170.17286682128906 238.96759033203125 129.50526428222656
v 171.10702514648438 238.90863037109375 129.5939178466797
v 171.9521026611328 238.85134887695312 129.74085998535156
v 172.74818420410156 238.7111358642578 129.9275665283203
v 165.73728942871094 239.532958984375 130.08840942382812
v 166.5327606201172 239.63461303710938 129.89956665039062
v 167.42652893066406 239.7317657470703 129.75949096679688
v 168.3340606689453 239.83587646484375 129.67941284179688
v 169.17086791992188 240.0757598876953 129.72039794921875
v 170.0618438720703 239.81613159179688 129.67320251464844
v 170.99374389648438 239.69937133789062 129.7446746826172
v 171.82977294921875 239.6192626953125 129.9031982421875
v 166.86672973632812 240.3250732421875 130.15151977539062
v 167.75067138671875 240.40208435058594 130.00296020507812
v 168.50836181640625 240.4082794189453 129.8885498046875
v 169.03538513183594 240.65476989746094 129.99481201171875
v 169.8330841064453 240.55029296875 129.94955444335938
v 170.753173828125 240.42832946777344 129.98037719726562
v 168.0707244873047 235.23934936523438 130.57290649414062
v 167.20074462890625 235.4866943359375 130.47064208984375
v 169.2127227783203 235.285400390625 130.4024200439453
v 170.1642608642578 235.45010375976562 130.21141052246094
v 171.06332397460938 235.29476928710938 130.41439819335938
v 172.2157440185547 235.3023681640625 130.56629943847656
v 173.06277465820312 235.6104736328125 130.46246337890625
v 166.1283416748047 236.10052490234375 130.33631896972656
v 165.76414489746094 235.7034149169922 130.86061096191406
v 166.5171356201172 235.54190063476562 130.6549530029297
v 165.40423583984375 236.29965209960938 130.542236328125
v 166.8599853515625 235.9449462890625 130.18154907226562
v 173.35475158691406 236.1217041015625 130.22743225097656
v 173.76246643066406 235.6897430419922 130.6651153564453
v 174.03912353515625 236.359375 130.44711303710938
v 165.12481689453125 236.94796752929688 130.32046508789062
v 164.7315216064453 236.5647735595703 130.7989044189453
v 164.51239013671875 237.27342224121094 130.61273193359375
v 174.2154083251953 237.24630737304688 130.34974670410156
v 174.75071716308594 236.5893096923828 130.74945068359375
v 175.03799438476562 237.28765869140625 130.76206970214844
v 164.41329956054688 238.1137237548828 130.54295349121094
v 163.95046997070312 237.6306610107422 130.99729919433594
v 163.89263916015625 238.12448120117188 130.9630584716797
v 173.49755859375 238.47775268554688 130.14810180664062
v 174.1892852783203 238.1741943359375 130.40296936035156
v 174.84963989257812 237.9303741455078 130.6877899169922
v 175.3927001953125 237.79141235351562 130.94345092773438
v 175.5865936279297 237.38095092773438 131.05361938476562
v 163.9296112060547 238.61016845703125 131.0078887939453
v 164.4777374267578 238.9471435546875 130.62075805664062
v 165.07325744628906 239.30287170410156 130.3182373046875
v 172.59866333007812 239.47817993164062 130.1121063232422
v 173.33889770507812 239.24440002441406 130.3477020263672
v 174.05984497070312 238.94903564453125 130.59573364257812
v 174.7518768310547 238.65240478515625 130.84532165527344
v 164.6726531982422 239.63865661621094 130.80648803710938
v 165.33055114746094 239.9475860595703 130.5375518798828
v 166.0548553466797 240.178466796875 130.32611083984375
v 171.60281372070312 240.33047485351562 130.125732421875
v 172.36607360839844 240.18870544433594 130.34780883789062
v 173.0897216796875 239.9608917236328 130.6093292236328
v 173.81297302246094 239.6639862060547 130.8819580078125
v 165.69456481933594 240.5362091064453 130.89480590820312
v 166.44090270996094 240.768310546875 130.68727111816406
v 167.27659606933594 240.91159057617188 130.5016632080078
v 168.28744506835938 240.96290588378906 130.31723022460938
v 169.34825134277344 241.17926025390625 130.38775634765625
v 170.376708984375 241.06956481933594 130.31187438964844
v 171.2575225830078 240.98379516601562 130.41290283203125
v 172.04513549804688 240.84967041015625 130.61831665039062
v 172.76022338867188 240.63156127929688 130.8943634033203
v 167.7638397216797 241.41563415527344 130.94845581054688
v 168.58367919921875 241.48870849609375 130.80892944335938
v 169.2895050048828 241.75411987304688 131.0092010498047
v 170.0114288330078 241.55296325683594 130.70159912109375
v 170.80137634277344 241.55857849121094 130.79083251953125
v 171.6417236328125 241.4601593017578 130.94789123535156
v 166.20298767089844 235.15457153320312 131.24668884277344
v 165.42221069335938 235.345458984375 131.4680938720703
v 167.1419219970703 235.01991271972656 131.0303192138672
v 166.6690216064453 234.628662109375 131.7118682861328
v 168.03164672851562 234.74154663085938 131.1520538330078
v 169.07240295410156 234.71820068359375 131.06166076660156
v 169.47750854492188 234.25302124023438 131.65440368652344
v 170.37783813476562 234.4138641357422 131.41763305664062
v 170.1656036376953 234.94390869140625 130.7427520751953
v 171.33509826660156 234.75051879882812 131.03482055664062
v 172.3521270751953 234.7684783935547 131.13377380371094
v 172.88656616210938 234.45062255859375 131.61241149902344
v 173.23130798339844 235.07623291015625 131.008056640625
v 173.84933471679688 234.6142120361328 131.6692352294922
v 174.21957397460938 235.2174072265625 131.22607421875
v 174.7262725830078 234.77334594726562 131.83883666992188
v 175.0245361328125 235.3943634033203 131.47518920898438
v 165.0462646484375 235.92984008789062 131.0924835205078
v 164.700927734375 235.5955352783203 131.7097930908203
v 164.37490844726562 236.21920776367188 131.3685760498047
v 174.5222625732422 235.8668975830078 130.92214965820312
v 175.24459838867188 236.07569885253906 131.21116638183594
v 175.76780700683594 235.60801696777344 131.7487030029297
v 175.934326171875 236.3251495361328 131.50796508789062
v 164.11465454101562 236.90121459960938 131.12631225585938
v 163.75001525878906 236.56944274902344 131.71157836914062
v 163.55238342285156 237.30767822265625 131.5334930419922
v 175.42750549316406 236.78317260742188 131.06700134277344
v 176.04417419433594 237.0801544189453 131.37551879882812
v 176.6133270263672 236.62257385253906 131.81900024414062
v 176.67710876464844 237.42733764648438 131.7201690673828
v 163.46200561523438 238.1670379638672 131.46627807617188
v 175.40142822265625 238.36761474609375 131.0905303955078
v 176.05470275878906 237.9224090576172 131.3663787841797
v 176.68679809570312 237.96392822265625 131.72129821777344
v 163.14479064941406 238.6963348388672 131.91519165039062
v 163.54574584960938 238.95774841308594 131.54248046875
v 162.98159790039062 238.28355407714844 132.0361328125
v 164.0714111328125 239.30075073242188 131.14793395996094
v 174.5406951904297 239.34852600097656 131.14163208007812
v 175.25485229492188 239.0484161376953 131.37457275390625
v 175.94808959960938 238.74423217773438 131.59762573242188
v 176.63307189941406 238.45574951171875 131.85342407226562
v 163.7436065673828 239.59584045410156 131.75921630859375
v 164.33547973632812 239.91712951660156 131.40386962890625
v 164.9914093017578 240.2376251220703 131.1250457763672
v 173.45933532714844 240.3354034423828 131.2080841064453
v 174.18310546875 240.00238037109375 131.5225830078125
v 174.93675231933594 239.67884826660156 131.79165649414062
v 164.70510864257812 240.43539428710938 131.8130645751953
v 165.4402618408203 240.76724243164062 131.62498474121094
v 166.1921844482422 241.0614013671875 131.37173461914062
v 166.92843627929688 241.2694549560547 131.1198272705078
v 172.37820434570312 241.25662231445312 131.1928253173828
v 173.0456085205078 240.96893310546875 131.5313720703125
v 166.8251953125 241.5045928955078 131.843017578125
v 167.4573516845703 241.64471435546875 131.5432586669922
v 168.40435791015625 241.9028778076172 131.56951904296875
v 169.30328369140625 242.1160888671875 131.55206298828125
v 170.13497924804688 242.0095977783203 131.2818603515625
v 171.14324951171875 242.0221710205078 131.41371154785156
v 171.96420288085938 241.8120880126953 131.5357208251953
v 172.61817932128906 241.54830932617188 131.83226013183594
v 169.7323455810547 242.34921264648438 131.94143676757812
v 170.5436248779297 242.3441619873047 131.86422729492188
v 171.08782958984375 242.33128356933594 131.86729431152344
v 171.56431579589844 242.22802734375 131.9531707763672
v 167.15493774414062 234.12893676757812 132.2494659423828
v 166.27716064453125 234.2835235595703 132.3725128173828
v 168.23489379882812 233.93777465820312 132.27984619140625
v 169.23504638671875 233.54249572753906 132.77809143066406
v 170.23623657226562 233.57522583007812 132.65806579589844
v 171.2315216064453 234.0944061279297 131.87811279296875
v 172.00343322753906 233.49676513671875 132.80935668945312
v 172.8791961669922 233.56666564941406 132.81021118164062
v 173.40005493164062 234.055908203125 132.2196807861328
v 173.85317993164062 233.6815948486328 132.85009765625
v 174.3362579345703 234.2049102783203 132.2973175048828
v 174.74171447753906 233.84136962890625 132.9179229736328
v 175.17103576660156 234.36767578125 132.45620727539062
v 164.72303771972656 234.69554138183594 132.78524780273438
v 165.47779846191406 234.46319580078125 132.56932067871094
v 165.8334197998047 234.79624938964844 131.8994140625
v 175.51919555664062 234.9542236328125 132.0703582763672
v 175.94989013671875 234.55010986328125 132.6766815185547
v 176.27328491210938 235.1674041748047 132.32913208007812
v 176.70452880859375 234.7621612548828 132.92420959472656
v 177.005859375 235.40966796875 132.5987091064453
v 164.02317810058594 235.89813232421875 131.99392700195312
v 163.38375854492188 236.2489776611328 132.3444061279297
v 176.48721313476562 235.85845947265625 132.03314208984375
v 177.19464111328125 236.13587951660156 132.3344268798828
v 177.71360778808594 235.67152404785156 132.88235473632812
v 177.8871612548828 236.41928100585938 132.66378784179688
v 163.173095703125 236.97293090820312 132.12667846679688
v 162.77635192871094 236.65757751464844 132.77420043945312
v 162.66281127929688 237.4385223388672 132.59359741210938
v 177.30213928222656 236.9582977294922 132.1719207763672
v 178.0101318359375 237.23568725585938 132.5679168701172
v 178.54190063476562 236.70960998535156 133.01824951171875
v 178.64649963378906 237.4713134765625 132.95570373535156
v 163.0547637939453 237.7039031982422 131.99908447265625
v 162.70838928222656 238.05995178222656 132.4195098876953
v 177.34597778320312 237.94985961914062 132.17333984375
v 178.22080993652344 237.95126342773438 132.6769561767578
v 178.67845153808594 237.9547119140625 132.95623779296875
v 162.7595672607422 238.71070861816406 132.5179443359375
v 163.22055053710938 239.24183654785156 132.1526641845703
v 176.43675231933594 239.12179565429688 132.1870880126953
v 177.17132568359375 238.8402557373047 132.41033935546875
v 177.91917419433594 238.6025390625 132.7003936767578
v 178.59312438964844 238.3975372314453 133.02130126953125
v 162.92933654785156 239.44137573242188 132.89479064941406
v 163.49644470214844 239.84024047851562 132.4718780517578
v 164.07022094726562 240.136474609375 132.06549072265625
v 174.4515838623047 240.26573181152344 132.30198669433594
v 176.83926391601562 239.44252014160156 132.84825134277344
v 177.60816955566406 239.2352752685547 133.0290069580078
v 163.93133544921875 240.3305206298828 132.7916717529297
v 164.4383087158203 240.52464294433594 132.4248046875
v 165.14889526367188 240.88162231445312 132.54940795898438
v 166.115966796875 241.27464294433594 132.29708862304688
v 173.21701049804688 241.2041015625 132.2757568359375
v 166.8844757080078 241.64285278320312 132.53985595703125
v 167.63604736328125 241.8825225830078 132.3259735107422
v 168.48489379882812 242.21778869628906 132.4183807373047
v 169.00631713867188 242.29638671875 132.0776824951172
v 172.2048797607422 242.0199737548828 132.14093017578125
v 172.72622680664062 241.7351531982422 132.5088653564453
v 168.90353393554688 242.3963623046875 132.4840087890625
v 169.34066772460938 242.46339416503906 132.49388122558594
v 170.0782470703125 242.501953125 132.47056579589844
v 170.96466064453125 242.45449829101562 132.41171264648438
v 171.7852020263672 242.32569885253906 132.6101531982422
v 172.3326416015625 242.1036834716797 132.6342315673828
v 167.23440551757812 233.4609832763672 133.33607482910156
v 168.10482788085938 233.2334747314453 133.52464294433594
v 175.1005401611328 233.58502197265625 133.4451904296875
v 165.16253662109375 234.15164184570312 133.24789428710938
v 165.95018005371094 233.96185302734375 133.04550170898438
v 165.68722534179688 233.65570068359375 133.74365234375
v 175.5325927734375 234.0097198486328 133.0601348876953
v 176.29258728027344 234.1823272705078 133.2886962890625
v 164.00390625 234.96742248535156 133.0233154296875
v 163.68179321289062 234.65769958496094 133.69155883789062
v 163.3157958984375 235.2609100341797 133.30746459960938
v 177.43653869628906 235.00367736816406 133.179443359375
v 177.7825469970703 234.64404296875 133.7769317626953
v 178.1359100341797 235.2679901123047 133.45021057128906
v 163.012939453125 235.9208221435547 132.9989471435547
v 162.65353393554688 235.576171875 133.65408325195312
v 162.3847198486328 236.298583984375 133.42764282226562
v 178.38621520996094 235.95266723632812 133.1903533935547
v 178.79969787597656 235.5588836669922 133.75015258789062
v 179.01583862304688 236.27084350585938 133.5298309326172
v 162.16488647460938 237.14781188964844 133.32110595703125
v 161.8023681640625 236.66575622558594 133.90579223632812
v 161.71253967285156 237.18341064453125 133.8348388671875
v 179.13650512695312 237.05911254882812 133.39805603027344
v 179.60581970214844 236.63568115234375 133.90744018554688
v 179.68673706054688 237.42691040039062 133.81410217285156
v 161.73165893554688 237.70706176757812 133.78810119628906
v 162.28121948242188 238.08999633789062 133.0865936279297
v 179.16493225097656 237.9405517578125 133.3701934814453
v 179.6981964111328 237.94888305664062 133.79566955566406
v 161.84230041503906 238.47622680664062 133.83668518066406
v 162.3764190673828 238.9468231201172 133.32188415527344
v 178.3466339111328 239.01669311523438 133.24917602539062
v 179.02188110351562 238.73272705078125 133.52249145507812
v 179.63223266601562 238.42471313476562 133.87002563476562
v 162.6515655517578 239.5948944091797 133.71929931640625
v 163.34820556640625 240.0721435546875 133.3779296875
v 177.12559509277344 239.698486328125 133.56654357910156
v 177.91392517089844 239.53147888183594 133.71844482421875
v 178.689208984375 239.3219757080078 133.8857879638672
v 164.48773193359375 240.7003936767578 133.133544921875
v 165.10623168945312 240.98826599121094 133.4930877685547
v 165.9227294921875 241.2862548828125 133.3567352294922
v 166.5917510986328 241.55328369140625 133.02919006347656
v 167.3916015625 241.81484985351562 133.28298950195312
v 168.26300048828125 242.13430786132812 133.10595703125
v 172.5677947998047 241.9138641357422 133.08103942871094
v 168.89222717285156 242.3874969482422 132.8696746826172
v 169.0016326904297 242.29444885253906 133.51385498046875
v 169.55381774902344 242.48489379882812 133.04098510742188
v 170.3600311279297 242.50733947753906 133.091552734375
v 171.19215393066406 242.4427490234375 133.18646240234375
v 171.8070068359375 242.33773803710938 133.15977478027344
v 172.16952514648438 242.21995544433594 132.96873474121094
v 172.1417694091797 242.11160278320312 133.44317626953125
v 166.30038452148438 233.2050018310547 134.27975463867188
v 165.43882751464844 233.3641357421875 134.4678192138672
v 168.94544982910156 232.85426330566406 134.0928497314453
v 169.953369140625 232.8188934326172 134.03338623046875
v 171.2297821044922 232.81358337402344 133.99546813964844
v 171.8687286376953 232.4837188720703 134.65643310546875
v 172.8213653564453 232.5078125 134.7250213623047
v 173.4820556640625 232.87986755371094 134.11610412597656
v 174.2467803955078 232.9239044189453 134.25547790527344
v 176.04322814941406 233.3392791748047 134.37820434570312
v 164.11842346191406 234.09388732910156 134.14183044433594
v 164.6234130859375 233.56906127929688 134.65069580078125
v 176.58119201660156 233.84344482421875 133.92556762695312
v 177.3528594970703 234.06381225585938 134.1598663330078
v 178.0902557373047 234.31517028808594 134.40533447265625
v 162.6589813232422 234.61761474609375 134.6552276611328
v 162.30667114257812 235.2308349609375 134.31190490722656
v 178.48257446289062 234.9153289794922 134.0459442138672
v 162.01654052734375 235.91796875 134.06134033203125
v 161.65103149414062 235.5538330078125 134.7018585205078
v 161.40965270996094 236.29759216308594 134.51528930664062
v 179.4302978515625 235.88633728027344 134.08758544921875
v 179.8035888671875 235.53855895996094 134.68856811523438
v 180.03506469726562 236.25509643554688 134.46511840820312
v 161.2751922607422 237.198974609375 134.4009246826172
v 160.83258056640625 236.62777709960938 135.02349853515625
v 160.725341796875 237.2616424560547 135.05392456054688
v 180.16763305664062 237.04965209960938 134.328369140625
v 180.6233367919922 236.650146484375 134.87896728515625
v 180.71533203125 237.4419708251953 134.7860107421875
v 160.9247283935547 237.7353973388672 134.8533477783203
v 161.33982849121094 238.05052185058594 134.38516235351562
v 180.19833374023438 237.94454956054688 134.29244995117188
v 180.72964477539062 237.96197509765625 134.769287109375
v 161.526611328125 238.73672485351562 134.55288696289062
v 162.068115234375 239.15296936035156 134.08189392089844
v 179.4058837890625 239.06088256835938 134.11866760253906
v 180.05833435058594 238.7438201904297 134.4407501220703
v 180.6612091064453 238.43240356445312 134.8388671875
v 161.8915557861328 239.33067321777344 134.86375427246094
v 162.3949737548828 239.6393280029297 134.43397521972656
v 163.04734802246094 240.0913543701172 134.40170288085938
v 177.22402954101562 239.88351440429688 134.38723754882812
v 178.096435546875 239.7423858642578 134.50247192382812
v 178.93736267089844 239.55865478515625 134.61404418945312
v 179.712646484375 239.3280792236328 134.80047607421875
v 163.69027709960938 240.42880249023438 134.0570068359375
v 166.3131103515625 241.37083435058594 134.22337341308594
v 166.74998474121094 241.5756072998047 133.75338745117188
v 167.43321228027344 241.71507263183594 134.1043701171875
v 168.37547302246094 241.92222595214844 134.10000610351562
v 169.3260498046875 242.13973999023438 134.10467529296875
v 171.9323272705078 241.91732788085938 134.05149841308594
v 169.81002807617188 242.3740692138672 133.66183471679688
v 170.16065979003906 242.087646484375 134.3179473876953
v 170.6211700439453 242.37318420410156 133.70726013183594
v 171.12220764160156 242.10211181640625 134.15126037597656
v 171.1341552734375 242.3580322265625 133.68679809570312
v 171.57603454589844 242.26963806152344 133.62489318847656
v 169.3666534423828 232.1953125 135.4183349609375
v 170.37660217285156 232.17068481445312 135.3412628173828
v 166.58392333984375 232.5014190673828 135.67623901367188
v 167.82257080078125 232.6556854248047 134.79913330078125
v 174.95611572265625 232.44003295898438 135.5542449951172
v 175.49493408203125 232.87216186523438 134.9287872314453
v 176.67431640625 232.75570678710938 135.8447723388672
v 177.1890411376953 233.23057556152344 135.30419921875
v 162.7405242919922 233.79022216796875 135.82054138183594
v 163.52882385253906 233.5240936279297 135.61109924316406
v 162.33209228515625 234.321533203125 135.35768127441406
v 177.96725463867188 233.45257568359375 135.51734924316406
v 178.71221923828125 233.7016143798828 135.76084899902344
v 179.116943359375 234.27642822265625 135.3486328125
v 161.9630584716797 234.90248107910156 134.98492431640625
v 161.62745666503906 234.60060119628906 135.67530822753906
v 161.29273986816406 235.20884704589844 135.3553924560547
v 179.487548828125 234.88690185546875 134.98814392089844
v 180.15904235839844 235.2083740234375 135.32643127441406
v 161.0260467529297 235.8882598876953 135.12957763671875
v 160.66554260253906 235.52813720703125 135.74391174316406
v 160.4591522216797 236.1986541748047 135.5720672607422
v 180.43576049804688 235.89453125 135.06126403808594
v 180.81634521484375 235.54931640625 135.6859130859375
v 181.05517578125 236.27000427246094 135.4595489501953
v 160.29185485839844 236.9249725341797 135.5942840576172
v 160.02578735351562 236.40957641601562 135.9578094482422
v 159.8287353515625 236.8013916015625 136.126953125
v 181.20071411132812 237.06358337402344 135.32308959960938
v 181.66319274902344 236.6415557861328 135.87796020507812
v 181.7710418701172 237.43246459960938 135.79086303710938
v 160.49240112304688 237.75868225097656 135.49847412109375
v 161.0032196044922 238.31069946289062 135.03915405273438
v 181.2359161376953 237.95477294921875 135.28863525390625
v 181.78709411621094 237.9586944580078 135.77857971191406
v 160.71266174316406 238.50889587402344 135.7969970703125
v 161.30123901367188 238.94285583496094 135.34249877929688
v 180.42074584960938 239.0615692138672 135.07916259765625
v 181.07550048828125 238.7503662109375 135.43373107910156
v 181.69728088378906 238.4365997314453 135.846435546875
v 161.8057861328125 239.49566650390625 135.739013671875
v 162.5226593017578 239.88092041015625 135.2642822265625
v 163.21824645996094 240.2809295654297 135.23886108398438
v 178.18727111816406 239.88751220703125 135.3732452392578
v 179.08958435058594 239.73973083496094 135.43014526367188
v 179.9279022216797 239.55291748046875 135.56524658203125
v 180.7001495361328 239.32908630371094 135.7858428955078
v 163.7423858642578 240.5092010498047 134.81961059570312
v 163.7862548828125 240.53158569335938 135.67855834960938
v 164.355224609375 240.7307586669922 135.2653350830078
v 167.8004150390625 241.57925415039062 134.7777099609375
v 170.145751953125 241.7818603515625 134.82235717773438
v 170.7655792236328 241.7411651611328 134.7945098876953
v 171.621826171875 241.6304473876953 134.69766235351562
v 165.37022399902344 232.48414611816406 136.4249267578125
v 168.0700225830078 232.0172882080078 136.1659698486328
v 170.4621124267578 231.5071258544922 136.87310791015625
v 171.84518432617188 231.57791137695312 136.69493103027344
v 172.8204345703125 231.59213256835938 136.7976531982422
v 173.74703979492188 231.6664276123047 136.86114501953125
v 162.41070556640625 233.61334228515625 136.45272827148438
v 164.0696258544922 233.0294647216797 136.15907287597656
v 177.48590087890625 232.94801330566406 136.02574157714844
v 179.0111083984375 233.41806030273438 136.4674835205078
v 161.32586669921875 234.3206024169922 136.38229370117188
v 179.4340057373047 233.9760284423828 136.03810119628906
v 180.13990783691406 234.27194213867188 136.341552734375
v 160.9546661376953 234.8972930908203 136.0255584716797
v 160.65380859375 234.61329650878906 136.7162322998047
v 160.32980346679688 235.21522521972656 136.38246154785156
v 181.17417907714844 235.21446228027344 136.32760620117188
v 160.10906982421875 235.8553009033203 136.12660217285156
v 159.7617645263672 235.56797790527344 136.7491455078125
v 159.61643981933594 236.29464721679688 136.5084991455078
v 181.82574462890625 235.5337677001953 136.6752471923828
v 182.08193969726562 236.23109436035156 136.44725036621094
v 159.4532928466797 237.00424194335938 136.62185668945312
v 159.139892578125 236.57513427734375 137.02743530273438
v 159.1177520751953 236.96566772460938 137.0113983154297
v 159.9339141845703 237.38255310058594 136.10044860839844
v 182.25547790527344 237.005615234375 136.3187255859375
v 182.6776885986328 236.55157470703125 136.8513641357422
v 182.8355255126953 237.29254150390625 136.7845916748047
v 159.61451721191406 237.69256591796875 136.69403076171875
v 160.14151000976562 238.075439453125 136.2372283935547
v 182.3105010986328 237.9286346435547 136.30987548828125
v 183.0032196044922 237.9149627685547 136.91078186035156
v 183.31005859375 237.53228759765625 137.21092224121094
v 183.32371520996094 237.91647338867188 137.2058868408203
v 160.44515991210938 238.70425415039062 136.57113647460938
v 161.1446533203125 239.1634521484375 136.3053741455078
v 181.4158477783203 239.07069396972656 136.08123779296875
v 182.08807373046875 238.76515197753906 136.44284057617188
v 182.72166442871094 238.4984588623047 136.8656768798828
v 161.79945373535156 239.63941955566406 136.5635528564453
v 162.42623901367188 239.92626953125 136.2875213623047
v 163.13116455078125 240.2506866455078 136.00242614746094
v 163.852783203125 240.5023956298828 136.54539489746094
v 173.35890197753906 240.32199096679688 136.41807556152344
v 177.230712890625 240.05181884765625 136.3203887939453
v 178.20883178710938 239.98255920410156 136.30455017089844
v 179.1553955078125 239.87710571289062 136.32046508789062
v 180.05117797851562 239.73440551757812 136.40286254882812
v 180.89114379882812 239.5539093017578 136.5613555908203
v 181.67515563964844 239.3338165283203 136.78672790527344
v 164.5423583984375 240.7213592529297 136.0982208251953
v 165.39173889160156 240.78231811523438 136.5775146484375
v 166.27626037597656 240.89736938476562 136.2471466064453
v 167.3389129638672 240.98126220703125 136.07611083984375
v 169.6369171142578 240.44699096679688 136.6855010986328
v 170.6112518310547 240.41058349609375 136.59153747558594
v 171.55514526367188 240.38343811035156 136.53640747070312
v 168.29417419433594 231.51499938964844 137.373046875
v 166.22576904296875 231.91839599609375 137.29415893554688
v 174.62794494628906 231.778564453125 136.93215942382812
v 177.16024780273438 232.2294464111328 137.34506225585938
v 177.97348022460938 232.42860412597656 137.5155792236328
v 163.1898956298828 232.88919067382812 137.22401428222656
v 163.6608428955078 232.51272583007812 137.68582153320312
v 178.52798461914062 232.9036102294922 136.9582977294922
v 180.02857971191406 233.42108154296875 137.4544677734375
v 161.07089233398438 234.05230712890625 137.112060546875
v 181.15122985839844 234.2799072265625 137.34085083007812
v 160.0274200439453 234.93324279785156 137.0537567138672
v 159.75636291503906 234.67469787597656 137.75424194335938
v 159.44383239746094 235.2842254638672 137.4187774658203
v 181.83139038085938 234.57559204101562 137.648193359375
v 159.23829650878906 235.9414825439453 137.16429138183594
v 158.8914337158203 235.67918395996094 137.8345184326172
v 158.7664337158203 236.37037658691406 137.6307830810547
v 182.44996643066406 235.84555053710938 137.03297424316406
v 182.7841339111328 235.50135803222656 137.64552307128906
v 183.03839111328125 236.1758575439453 137.41305541992188
v 158.8526153564453 236.9673309326172 137.4189453125
v 159.16400146484375 237.3597869873047 137.10255432128906
v 183.2196807861328 236.88491821289062 137.27194213867188
v 183.5823211669922 236.5775146484375 137.84002685546875
v 183.65748596191406 237.3201904296875 137.71734619140625
v 158.8224334716797 237.57522583007812 137.71243286132812
v 159.3262176513672 237.97286987304688 137.326904296875
v 159.869140625 238.33326721191406 136.94041442871094
v 183.23423767089844 238.28285217285156 137.26580810546875
v 183.54373168945312 237.9239959716797 137.5486297607422
v 159.6318817138672 238.5868682861328 137.65403747558594
v 160.770751953125 239.16136169433594 137.02627563476562
v 182.38685607910156 239.0882568359375 137.0771942138672
v 182.99752807617188 238.82699584960938 137.43173217773438
v 183.49221801757812 238.4967803955078 137.82769775390625
v 161.44140625 239.5873260498047 137.3401336669922
v 162.35733032226562 239.95042419433594 137.26565551757812
v 163.97666931152344 240.4495391845703 137.4493408203125
v 169.23887634277344 240.0995330810547 137.34384155273438
v 169.68333435058594 239.7310028076172 137.93104553222656
v 170.26866149902344 239.98170471191406 137.31884765625
v 170.41355895996094 239.64724731445312 137.94102478027344
v 170.94252014160156 239.72952270507812 137.71861267089844
v 171.22682189941406 240.00843811035156 137.17787170410156
v 171.6647186279297 239.7083740234375 137.83270263671875
v 177.202392578125 240.06272888183594 137.297119140625
v 178.19216918945312 240.03448486328125 137.2709197998047
v 179.16859436035156 239.97181701660156 137.25523376464844
v 180.11073303222656 239.8668212890625 137.30020141601562
v 181.03392028808594 239.7147979736328 137.4170684814453
v 181.8971710205078 239.5198974609375 137.5397491455078
v 182.61781311035156 239.29928588867188 137.73583984375
v 164.64833068847656 240.63771057128906 137.00006103515625
v 166.1647186279297 240.67510986328125 137.16429138183594
v 176.5362548828125 231.80821228027344 137.9539337158203
v 162.11183166503906 232.99755859375 138.080078125
v 179.78860473632812 232.6527557373047 138.69667053222656
v 160.15524291992188 234.10443115234375 138.16270446777344
v 159.49879455566406 234.4350128173828 138.48135375976562
v 160.61749267578125 233.55947875976562 138.631591796875
v 181.76707458496094 233.6929931640625 138.74050903320312
v 159.14727783203125 235.031494140625 138.1176300048828
v 158.55392456054688 235.423828125 138.5300750732422
v 182.48583984375 234.87164306640625 137.9596405029297
v 183.1121063232422 235.1860809326172 138.28921508789062
v 158.36019897460938 236.13656616210938 138.30772399902344
v 183.37498474121094 235.85069274902344 138.0171356201172
v 183.9339141845703 236.26589965820312 138.44686889648438
v 158.31259155273438 237.01266479492188 138.20228576660156
v 157.83999633789062 236.56610107421875 138.80838012695312
v 157.81092834472656 237.06431579589844 138.75706481933594
v 184.09860229492188 237.10787963867188 138.3878173828125
v 157.87203979492188 237.55052185058594 138.80880737304688
v 158.4398193359375 237.87417602539062 138.37461853027344
v 183.92352294921875 237.96038818359375 138.24668884277344
v 184.35324096679688 237.70672607421875 138.81935119628906
v 184.5240478515625 237.2804412841797 138.98410034179688
v 158.70977783203125 238.54808044433594 138.68080139160156
v 169.28038024902344 239.51524353027344 138.68099975585938
v 168.4208526611328 239.686767578125 138.57728576660156
v 170.1109619140625 239.50347900390625 138.3971710205078
v 170.94906616210938 239.48992919921875 138.40704345703125
v 171.95065307617188 239.48507690429688 138.63162231445312
v 183.1998291015625 239.0470733642578 138.072021484375
v 183.70379638671875 238.7550506591797 138.59521484375
v 160.64193725585938 239.57693481445312 138.59365844726562
v 161.282958984375 239.71621704101562 138.2350311279297
v 167.99053955078125 239.97828674316406 138.102783203125
v 173.47947692871094 239.79791259765625 138.0451202392578
v 176.22874450683594 239.9979248046875 138.22439575195312
v 177.20135498046875 240.02847290039062 138.2810516357422
v 178.21173095703125 240.04376220703125 138.2315216064453
v 179.18411254882812 240.01840209960938 138.19627380371094
v 180.16134643554688 239.9349365234375 138.2709197998047
v 181.258056640625 239.78585815429688 138.42303466796875
v 182.1646270751953 239.5842742919922 138.1809844970703
v 182.77102661132812 239.41390991210938 138.4239959716797
v 183.28453063964844 239.20040893554688 138.63076782226562
v 164.76319885253906 240.52731323242188 137.81069946289062
v 164.9203338623047 240.3732452392578 138.545654296875
v 165.43426513671875 240.4793701171875 138.1547088623047
v 165.26133728027344 231.41940307617188 139.3260498046875
v 168.26565551757812 230.9899139404297 138.9973602294922
v 170.60157775878906 230.53041076660156 139.77223205566406
v 172.43389892578125 230.56546020507812 139.53863525390625
v 162.39710998535156 232.30804443359375 139.4320831298828
v 163.9658203125 231.89674377441406 139.0028076171875
v 160.39527893066406 233.33299255371094 139.40907287597656
v 161.6414031982422 232.55345153808594 139.67294311523438
v 181.3170928955078 233.1449737548828 139.19325256347656
v 159.24021911621094 234.2021484375 139.2318115234375
v 182.46188354492188 233.9730682373047 139.0238494873047
v 158.85662841796875 234.78831481933594 138.84056091308594
v 158.225341796875 235.15658569335938 139.2361602783203
v 183.44761657714844 234.88400268554688 138.95904541015625
v 184.06436157226562 235.24282836914062 139.32154846191406
v 157.97572326660156 235.83450317382812 138.9747314453125
v 157.41876220703125 236.2572479248047 139.4241943359375
v 184.28453063964844 235.9545135498047 139.07107543945312
v 184.66940307617188 235.66494750976562 139.73545837402344
v 184.80580139160156 236.4371337890625 139.53196716308594
v 157.34434509277344 237.10720825195312 139.30763244628906
v 156.87648010253906 236.64633178710938 139.87208557128906
v 156.83546447753906 237.14987182617188 139.8039093017578
v 184.4340362548828 236.67835998535156 138.9284210205078
v 184.78062438964844 237.06643676757812 139.37879943847656
v 156.8695068359375 237.64059448242188 139.82574462890625
v 157.44154357910156 237.93324279785156 139.38694763183594
v 158.05613708496094 238.2450714111328 139.00619506835938
v 184.21669006347656 238.29757690429688 139.05316162109375
v 184.7209014892578 237.8001708984375 139.59561157226562
v 157.66441345214844 238.60543823242188 139.63572692871094
v 158.36366271972656 238.85887145996094 139.35610961914062
v 159.0968780517578 239.1119384765625 139.1148681640625
v 170.19480895996094 239.34109497070312 139.0422821044922
v 183.8869171142578 238.85662841796875 139.4133758544922
v 184.33384704589844 238.50489807128906 139.77972412109375
v 160.44374084472656 239.7823944091797 139.504638671875
v 164.29360961914062 240.20985412597656 139.10629272460938
v 174.38861083984375 239.67848205566406 139.1174774169922
v 176.27767944335938 239.88311767578125 139.16787719726562
v 178.3649139404297 240.0240478515625 139.0211181640625
v 179.19679260253906 240.0022430419922 139.20863342285156
v 180.2293701171875 239.93841552734375 139.32583618164062
v 182.13404846191406 239.6421661376953 139.0418701171875
v 182.989990234375 239.39987182617188 139.09767150878906
v 183.49935913085938 239.13619995117188 139.07606506347656
v 183.37677001953125 239.23318481445312 139.6795196533203
v 165.53573608398438 240.31346130371094 138.69873046875
v 163.5521240234375 231.47525024414062 140.593994140625
v 166.18931579589844 230.9028778076172 140.2728271484375
v 178.00360107421875 231.30020141601562 140.46258544921875
v 162.95433044433594 231.87966918945312 139.9991455078125
v 183.02101135253906 233.39749145507812 140.43626403808594
v 183.4391326904297 233.97415161132812 140.0194549560547
v 184.109375 234.28359985351562 140.3370819091797
v 157.9062957763672 234.8842315673828 139.94888305664062
v 157.26318359375 235.22561645507812 140.31954956054688
v 184.76565551757812 234.6132049560547 140.67808532714844
v 185.0526580810547 235.32749938964844 140.4023895263672
v 157.017578125 235.90818786621094 140.0500030517578
v 156.638427734375 235.57455444335938 140.6875762939453
v 156.43798828125 236.3065948486328 140.46078491210938
v 185.2972412109375 236.2004852294922 140.2477264404297
v 185.66534423828125 235.7095489501953 140.85916137695312
v 185.8316650390625 236.38397216796875 140.81655883789062
v 156.34092712402344 237.1758270263672 140.3340301513672
v 155.8669891357422 236.67604064941406 140.89761352539062
v 155.8088836669922 237.19073486328125 140.8335723876953
v 185.2062225341797 237.10321044921875 140.0316925048828
v 185.6627960205078 236.84490966796875 140.57322692871094
v 155.83006286621094 237.69386291503906 140.8462371826172
v 156.40028381347656 238.02635192871094 140.37936401367188
v 157.00872802734375 238.34043884277344 139.9718475341797
v 185.19284057617188 237.81382751464844 140.37109375
v 185.64471435546875 237.47561645507812 140.74041748046875
v 155.95657348632812 238.40982055664062 140.95726013183594
v 156.5966339111328 238.71153259277344 140.58595275878906
v 157.28782653808594 238.95790100097656 140.2886199951172
v 158.02394104003906 239.16761779785156 140.04165649414062
v 158.7738800048828 239.36090087890625 139.8203125
v 168.07180786132812 239.30372619628906 140.11705017089844
v 184.69509887695312 238.4181365966797 140.55372619628906
v 156.9550018310547 239.28147888183594 140.97024536132812
v 163.1754913330078 240.26402282714844 140.5134735107422
v 165.75938415527344 239.6273956298828 140.6944580078125
v 174.67657470703125 239.57589721679688 139.7270965576172
v 175.51971435546875 239.6529083251953 139.87734985351562
v 175.74310302734375 239.45729064941406 140.66983032226562
v 177.14437866210938 239.7827606201172 140.28956604003906
v 178.13536071777344 239.90879821777344 140.09718322753906
v 179.36412048339844 239.9250946044922 140.41746520996094
v 181.19256591796875 239.79039001464844 140.33395385742188
v 182.51556396484375 239.4803009033203 140.6058349609375
v 182.67745971679688 239.49356079101562 139.80076599121094
v 172.23703002929688 230.01138305664062 141.07810974121094
v 174.09744262695312 229.672607421875 141.9548797607422
v 162.58645629882812 231.4978485107422 141.5980987548828
v 165.03883361816406 230.9149169921875 141.04000854492188
v 179.04446411132812 231.26426696777344 141.40850830078125
v 161.99366760253906 231.91233825683594 141.01565551757812
v 159.23858642578125 233.1969757080078 141.2744598388672
v 158.51190185546875 233.49337768554688 141.55752563476562
v 182.53903198242188 232.85205078125 140.900146484375
v 184.01141357421875 233.399658203125 141.44735717773438
v 158.02796936035156 234.03988647460938 141.08387756347656
v 157.32945251464844 234.34336853027344 141.393310546875
v 156.93881225585938 234.930419921875 141.00296020507812
v 156.29100036621094 235.25245666503906 141.34022521972656
v 185.40721130371094 234.9588623046875 141.04791259765625
v 185.75205993652344 234.60960388183594 141.69760131835938
v 186.02984619140625 235.32493591308594 141.45526123046875
v 156.02871704101562 235.9324188232422 141.06866455078125
v 155.66217041015625 235.58412170410156 141.69561767578125
v 155.43521118164062 236.30804443359375 141.4796142578125
v 186.26316833496094 236.16307067871094 141.38319396972656
v 186.6112060546875 235.680908203125 141.89089965820312
v 186.70968627929688 236.2177734375 141.84307861328125
v 155.31289672851562 237.173828125 141.36517333984375
v 154.867919921875 236.64801025390625 141.9222869873047
v 154.79507446289062 237.14666748046875 141.86428833007812
v 186.11166381835938 237.0210418701172 141.1920623779297
v 186.6934051513672 236.8383331298828 141.89906311035156
v 154.81466674804688 237.64779663085938 141.87147521972656
v 155.3637237548828 238.03196716308594 141.39596557617188
v 185.38800048828125 238.11019897460938 141.04556274414062
v 185.9461669921875 237.79104614257812 141.4070587158203
v 186.39393615722656 237.5118408203125 141.77911376953125
v 155.56475830078125 238.7269287109375 141.55206298828125
v 156.2306671142578 239.03427124023438 141.21934509277344
v 165.60508728027344 239.4502410888672 141.54351806640625
v 181.65382385253906 239.55592346191406 141.70790100097656
v 184.9036865234375 238.57937622070312 141.51048278808594
v 185.5883331298828 238.31764221191406 141.7939453125
v 155.90713500976562 239.3004913330078 141.8483123779297
v 156.6490020751953 239.55947875976562 141.66131591796875
v 162.23146057128906 240.52235412597656 141.05384826660156
v 179.31971740722656 239.8360137939453 141.50296020507812
v 180.09759521484375 239.84255981445312 141.23486328125
v 162.25405883789062 240.9296112060547 141.67880249023438
v 173.20225524902344 229.45523071289062 142.40835571289062
v 175.74449157714844 229.62802124023438 142.77259826660156
v 177.9302215576172 230.4080810546875 142.5513153076172
v 161.650390625 231.5472869873047 142.64268493652344
v 182.26710510253906 232.0875244140625 142.169189453125
v 156.3861083984375 234.36207580566406 142.41275024414062
v 185.41529846191406 233.97506713867188 142.05055236816406
v 155.98402404785156 234.94627380371094 142.0122833251953
v 186.38682556152344 234.9479217529297 142.06541442871094
v 186.74009704589844 234.60316467285156 142.70974731445312
v 186.99380493164062 235.32615661621094 142.4695587158203
v 155.05587768554688 235.92454528808594 142.08340454101562
v 154.72500610351562 235.59103393554688 142.71812438964844
v 154.47857666015625 236.2924346923828 142.5010986328125
v 187.15484619140625 236.19308471679688 142.36705017089844
v 187.55386352539062 235.681396484375 142.90545654296875
v 187.62774658203125 236.17230224609375 142.8477783203125
v 154.33731079101562 237.12802124023438 142.37867736816406
v 153.9402313232422 236.64898681640625 142.93011474609375
v 153.86366271972656 237.124267578125 142.8511199951172
v 187.16275024414062 236.95738220214844 142.5039520263672
v 187.59388732910156 236.63897705078125 142.89700317382812
v 153.84768676757812 237.62908935546875 142.86228942871094
v 154.3710174560547 237.9800262451172 142.39964294433594
v 154.9442596435547 238.37071228027344 141.95635986328125
v 186.1779022216797 238.0391082763672 142.0733184814453
v 186.74667358398438 237.6546630859375 142.5089569091797
v 154.5584259033203 238.70272827148438 142.52960205078125
v 155.22010803222656 239.01722717285156 142.1568603515625
v 166.21531677246094 239.0408172607422 142.1310272216797
v 165.9399871826172 238.85047912597656 142.89891052246094
v 166.72389221191406 238.68728637695312 142.71102905273438
v 165.41693115234375 239.3036346435547 142.36734008789062
v 167.2655487060547 238.6210479736328 142.64224243164062
v 167.86280822753906 238.5861053466797 142.6824951171875
v 171.26898193359375 238.82989501953125 141.8765411376953
v 175.14752197265625 238.6053924560547 142.73800659179688
v 176.54043579101562 238.80616760253906 142.91152954101562
v 184.3733673095703 238.8343505859375 142.04193115234375
v 185.05343627929688 238.63941955566406 142.31930541992188
v 185.76492309570312 238.42092895507812 142.49452209472656
v 186.2863006591797 238.1892547607422 142.62545776367188
v 155.6274871826172 239.57432556152344 142.49102783203125
v 159.24697875976562 240.38308715820312 141.9077606201172
v 160.8400421142578 240.77577209472656 141.87847900390625
v 163.52049255371094 240.71112060546875 141.90817260742188
v 164.75379943847656 239.72781372070312 142.69354248046875
v 178.27537536621094 239.59083557128906 142.19903564453125
v 178.9446258544922 239.70571899414062 142.22389221191406
v 179.8848419189453 239.7248077392578 142.29571533203125
v 180.81134033203125 239.68067932128906 141.93898010253906
v 160.46524047851562 241.1253662109375 142.50184631347656
v 162.26614379882812 241.4969024658203 142.2700653076172
v 163.08419799804688 241.27293395996094 142.2761688232422
v 161.6006317138672 242.085693359375 142.79635620117188
v 162.3332977294922 242.4386444091797 142.9019012451172
v 163.04087829589844 242.01759338378906 142.84072875976562
v 163.58592224121094 241.88784790039062 143.25462341308594
v 161.83717346191406 242.78195190429688 143.2019500732422
v 162.38536071777344 242.96279907226562 143.2649688720703
v 162.798095703125 242.74002075195312 143.18850708007812
v 163.28228759765625 242.5511932373047 143.43341064453125
v 173.19744873046875 229.15814208984375 143.14781188964844
v 174.0133514404297 228.76962280273438 144.0739288330078
v 161.47393798828125 231.3636474609375 143.46615600585938
v 184.0756378173828 232.3092803955078 143.39744567871094
v 185.29257202148438 233.10194396972656 143.19314575195312
v 156.14308166503906 234.0860595703125 143.13980102539062
v 156.61341857910156 233.54974365234375 143.62118530273438
v 186.40635681152344 233.9632568359375 143.05319213867188
v 187.0746612548828 234.2813262939453 143.3766632080078
v 155.06044006347656 234.96041870117188 143.02899169921875
v 154.79310607910156 234.68894958496094 143.73895263671875
v 154.42495727539062 235.29713439941406 143.3907928466797
v 187.36256408691406 234.9569549560547 143.08590698242188
v 187.70822143554688 234.62655639648438 143.7274627685547
v 187.9290771484375 235.33128356933594 143.4878692626953
v 154.13002014160156 235.9541778564453 143.1205291748047
v 153.80282592773438 235.6713104248047 143.78717041015625
v 153.55764770507812 236.36740112304688 143.5375213623047
v 188.0348358154297 236.1377716064453 143.37525939941406
v 188.40940856933594 235.63470458984375 143.9027862548828
v 188.46156311035156 236.0776824951172 143.8555908203125
v 153.4534454345703 237.160888671875 143.3243865966797
v 187.37071228027344 237.3037567138672 143.05282592773438
v 187.9073944091797 236.9141387939453 143.4862823486328
v 188.40573120117188 236.50929260253906 143.9222869873047
v 153.30514526367188 238.0518798828125 143.4273681640625
v 152.8607177734375 237.5996856689453 143.85678100585938
v 152.8244171142578 238.1251678466797 143.83840942382812
v 153.93133544921875 238.3848876953125 142.94473266601562
v 166.53414916992188 238.48089599609375 143.42478942871094
v 165.73849487304688 238.6434783935547 143.6485137939453
v 186.94168090820312 237.86257934570312 143.3648681640625
v 187.5390625 237.52862548828125 143.78871154785156
v 152.88072204589844 238.62669372558594 143.8840789794922
v 153.49156188964844 238.85108947753906 143.49549865722656
v 154.1714324951172 239.0927734375 143.1183319091797
v 165.22036743164062 239.146484375 143.15081787109375
v 164.6407928466797 239.5869903564453 143.5084686279297
v 170.45851135253906 238.59642028808594 142.89385986328125
v 178.05335998535156 239.1634979248047 143.3681182861328
v 184.2987060546875 238.80589294433594 142.92788696289062
v 185.27183532714844 238.59596252441406 143.09388732910156
v 185.9993133544922 238.39369201660156 143.112548828125
v 186.50880432128906 238.12631225585938 143.0372772216797
v 186.36241149902344 238.2399139404297 143.64459228515625
v 153.75698852539062 239.54766845703125 143.71575927734375
v 157.2186737060547 240.49642944335938 143.1046142578125
v 158.85142517089844 240.72630310058594 142.73980712890625
v 159.6895751953125 240.91543579101562 142.62643432617188
v 178.52540588378906 239.484375 142.86863708496094
v 179.26565551757812 239.5829315185547 143.03009033203125
v 180.02642822265625 239.56019592285156 143.26991271972656
v 180.76846313476562 239.55426025390625 142.8463592529297
v 157.71676635742188 240.93502807617188 143.55120849609375
v 158.54185485839844 241.10174560546875 143.4071502685547
v 159.3337860107422 241.29600524902344 143.25064086914062
v 160.07937622070312 241.5196990966797 143.07516479492188
v 161.14266967773438 242.49464416503906 143.26156616210938
v 163.72067260742188 242.073486328125 143.83876037597656
v 160.79600524902344 242.8284149169922 143.76182556152344
v 161.49905395507812 243.02163696289062 143.63511657714844
v 162.10667419433594 243.1292266845703 143.54417419433594
v 162.75514221191406 243.0520782470703 143.66885375976562
v 163.4167938232422 242.7480926513672 144.02444458007812
v 173.45071411132812 228.58609008789062 144.57936096191406
v 174.2280731201172 228.6044158935547 144.5630340576172
v 167.2661590576172 229.3628387451172 144.32395935058594
v 166.53005981445312 229.42727661132812 144.53643798828125
v 172.80189514160156 228.84642028808594 143.96282958984375
v 174.65924072265625 228.85902404785156 144.0279541015625
v 162.84805297851562 230.7294464111328 143.84417724609375
v 183.80091857910156 231.55084228515625 144.65982055664062
v 157.11473083496094 233.048583984375 144.13880920410156
v 154.52650451660156 234.4347686767578 144.46969604492188
v 155.6546173095703 233.57374572753906 144.62057495117188
v 187.3915557861328 233.98275756835938 144.05923461914062
v 153.49073791503906 235.405517578125 144.4876708984375
v 188.27200317382812 234.97569274902344 144.08702087402344
v 188.62701416015625 234.68710327148438 144.721435546875
v 188.69317626953125 235.2895050048828 144.40496826171875
v 153.18971252441406 236.07568359375 144.20338439941406
v 188.7930450439453 235.93678283691406 144.37217712402344
v 152.98294067382812 236.81358337402344 143.9760284423828
v 152.58351135253906 236.48785400390625 144.62283325195312
v 152.4034881591797 237.2691650390625 144.4246826171875
v 188.17205810546875 237.13694763183594 144.15792846679688
v 188.7538604736328 236.66497802734375 144.57049560546875
v 152.3294677734375 238.2073516845703 144.3217315673828
v 151.7060546875 238.35220336914062 144.8649444580078
v 165.54331970214844 238.40003967285156 144.4207000732422
v 171.21182250976562 238.21253967285156 144.40057373046875
v 186.86065673828125 238.0179443359375 144.27462768554688
v 187.70933532714844 237.67251586914062 144.60227966308594
v 188.44329833984375 237.30555725097656 144.88211059570312
v 151.9107208251953 238.8515625 144.7132110595703
v 152.4203643798828 239.0933380126953 144.37367248535156
v 153.046142578125 239.352294921875 144.03707885742188
v 165.03778076171875 238.93585205078125 143.90176391601562
v 164.79727172851562 238.71075439453125 144.6448211669922
v 181.30303955078125 239.09576416015625 144.13717651367188
v 184.4943389892578 238.47314453125 144.68301391601562
v 184.82371520996094 238.59747314453125 143.84188842773438
v 151.94068908691406 239.52662658691406 144.88270568847656
v 152.58865356445312 239.8291015625 144.57286071777344
v 153.3154754638672 240.02719116210938 144.29873657226562
v 155.99822998046875 240.6759490966797 143.84278869628906
v 156.83932495117188 240.7718505859375 143.6665802001953
v 178.76377868652344 239.3245391845703 143.5927276611328
v 179.025390625 239.1219024658203 144.23512268066406
v 179.44395446777344 239.42044067382812 143.76004028320312
v 180.04452514648438 239.38262939453125 143.96388244628906
v 180.71617126464844 239.38885498046875 143.6494903564453
v 180.541259765625 239.1781768798828 144.29893493652344
v 152.87570190429688 240.50209045410156 144.8449249267578
v 153.69842529296875 240.63372802734375 144.61456298828125
v 155.31639099121094 241.01283264160156 144.45428466796875
v 156.36538696289062 241.15480041503906 144.29222106933594
v 157.28746032714844 241.30970764160156 144.1403350830078
v 158.1634979248047 241.50950622558594 143.99278259277344
v 158.9797821044922 241.73268127441406 143.82456970214844
v 157.676025390625 241.94732666015625 144.52456665039062
v 160.1037139892578 242.6326446533203 143.96231079101562
v 163.7631072998047 242.22238159179688 144.56549072265625
v 160.51870727539062 243.1107940673828 144.3785858154297
v 161.18243408203125 243.1588897705078 144.13900756835938
v 162.01219177246094 243.19171142578125 144.17474365234375
v 162.95260620117188 243.04258728027344 144.38021850585938
v 163.5147705078125 242.7917938232422 144.52650451660156
v 175.99801635742188 250.3330841064453 145.3843231201172
v 175.57020568847656 250.0441436767578 145.63815307617188
v 175.95826721191406 249.97506713867188 145.49542236328125
v 175.41453552246094 250.50863647460938 145.5704345703125
v 175.81344604492188 250.86155700683594 145.42428588867188
v 175.38491821289062 250.8530731201172 145.57872009277344
v 176.3850860595703 250.71348571777344 145.32545471191406
v 176.6569366455078 250.4276580810547 145.3364715576172
v 175.55931091308594 251.1284942626953 145.67747497558594
v 175.9210205078125 251.18548583984375 145.52471923828125
v 172.1636505126953 228.4070587158203 145.3411102294922
v 169.57803344726562 228.57472229003906 145.74502563476562
v 175.69981384277344 228.75416564941406 144.81820678710938
v 175.8840789794922 228.51705932617188 145.5743865966797
v 181.11529541015625 230.22499084472656 145.36900329589844
v 182.4714813232422 230.86639404296875 144.9903564453125
v 154.6925811767578 233.62030029296875 145.64320373535156
v 154.2577362060547 234.18496704101562 145.21054077148438
v 188.37643432617188 234.01588439941406 145.0773162841797
v 153.19110107421875 235.13955688476562 145.2013702392578
v 189.15789794921875 235.2102813720703 145.04232788085938
v 189.6493682861328 234.76116943359375 145.78823852539062
v 189.71923828125 235.4276885986328 145.57394409179688
v 152.22950744628906 236.15769958496094 145.28042602539062
v 189.34999084472656 236.07464599609375 145.1468963623047
v 189.92941284179688 235.8935546875 145.7422637939453
v 151.4195556640625 237.24813842773438 145.42982482910156
v 189.1076202392578 236.89132690429688 145.24368286132812
v 151.30450439453125 238.03021240234375 145.29591369628906
v 150.8861541748047 237.64871215820312 145.82981872558594
v 150.87554931640625 238.34884643554688 145.67648315429688
v 165.22889709472656 238.13975524902344 145.18080139160156
v 164.7975616455078 237.87950134277344 145.8767547607422
v 165.62762451171875 237.70123291015625 145.81455993652344
v 164.45957946777344 238.4344024658203 145.3903350830078
v 166.97463989257812 237.66395568847656 145.56884765625
v 168.66384887695312 237.6605987548828 145.8627166748047
v 170.9453125 237.99977111816406 145.29095458984375
v 176.15460205078125 237.85169982910156 145.1431884765625
v 175.63772583007812 237.56875610351562 145.82717895507812
v 176.95428466796875 237.70664978027344 145.57545471191406
v 184.12420654296875 238.26177978515625 145.63241577148438
v 186.1649169921875 238.23513793945312 144.9927520751953
v 187.09112548828125 238.04537963867188 145.2613525390625
v 187.98788452148438 237.80982971191406 145.42431640625
v 151.3114471435547 238.95762634277344 145.2840118408203
v 150.70899963378906 238.8826141357422 145.84190368652344
v 163.82803344726562 238.80856323242188 145.74130249023438
v 178.6450653076172 238.6849822998047 144.71514892578125
v 179.52627563476562 238.8763885498047 144.77699279785156
v 150.85475158691406 239.6024627685547 145.8336944580078
v 151.47108459472656 239.95166015625 145.4202880859375
v 152.1415252685547 240.28433227539062 145.09799194335938
v 163.89205932617188 240.30795288085938 144.97743225097656
v 179.58395385742188 239.24586486816406 144.26612854003906
v 179.97215270996094 239.17344665527344 144.43540954589844
v 155.05517578125 241.54849243164062 145.0127716064453
v 155.84483337402344 241.5895538330078 144.85040283203125
v 156.75875854492188 241.7350616455078 144.69053649902344
v 163.74661254882812 241.33888244628906 145.22288513183594
v 163.47000122070312 241.11227416992188 145.88771057128906
v 154.49574279785156 241.97711181640625 145.36935424804688
v 155.33262634277344 242.09259033203125 145.29116821289062
v 156.19219970703125 242.22100830078125 145.15577697753906
v 157.11036682128906 242.426025390625 144.99252319335938
v 163.71987915039062 242.18313598632812 145.22879028320312
v 155.62269592285156 242.78564453125 145.51138305664062
v 158.499755859375 243.43856811523438 145.17236328125
v 159.35903930664062 243.44131469726562 145.1149444580078
v 161.1372833251953 243.2277374267578 145.01467895507812
v 162.3331298828125 242.96304321289062 145.2123260498047
v 163.26438903808594 242.8236083984375 144.97288513183594
v 163.6678924560547 242.59608459472656 144.89495849609375
v 157.83787536621094 243.87689208984375 145.5314178466797
v 158.56076049804688 243.945068359375 145.5738525390625
v 159.02867126464844 243.7830810546875 145.4890899658203
v 188.28253173828125 245.28086853027344 145.96621704101562
v 187.6986846923828 244.7999725341797 146.12747192382812
v 188.18557739257812 244.73739624023438 146.05921936035156
v 187.4744873046875 245.47265625 145.98342895507812
v 188.69151306152344 244.739501953125 146.08621215820312
v 189.06565856933594 245.32737731933594 146.03768920898438
v 187.27735900878906 246.21434020996094 145.90521240234375
v 186.6873016357422 245.64569091796875 146.08197021484375
v 186.47178649902344 246.3790283203125 145.95399475097656
v 188.07701110839844 246.05133056640625 145.9302978515625
v 188.82626342773438 245.90924072265625 146.02342224121094
v 189.39889526367188 245.78892517089844 146.15855407714844
v 189.6351776123047 245.4037322998047 146.2089385986328
v 186.28109741210938 247.1259765625 145.90003967285156
v 185.67611694335938 246.5684356689453 146.07049560546875
v 185.4544677734375 247.30770874023438 145.96084594726562
v 187.0962677001953 246.96070861816406 145.90309143066406
v 187.8890838623047 246.7869415283203 145.9816131591797
v 188.64019775390625 246.58177185058594 146.126708984375
v 185.2366943359375 248.05142211914062 145.93272399902344
v 184.62742614746094 247.51412963867188 146.060302734375
v 184.39004516601562 248.24386596679688 145.95738220214844
v 186.0771026611328 247.86697387695312 145.93431091308594
v 186.88914489746094 247.68785095214844 145.98654174804688
v 187.66122436523438 247.49559020996094 146.115478515625
v 176.04148864746094 249.76991271972656 145.7603759765625
v 175.44732666015625 249.8157196044922 146.0878448486328
v 183.32737731933594 249.1180877685547 145.92776489257812
v 182.73391723632812 248.6557159423828 146.06491088867188
v 183.55563354492188 248.44223022460938 145.99951171875
v 182.4828643798828 249.32814025878906 145.94259643554688
v 184.1571044921875 248.9446258544922 145.9497833251953
v 184.99205017089844 248.7683563232422 146.00088500976562
v 185.8214569091797 248.57778930664062 146.0696563720703
v 186.6165313720703 248.37588500976562 146.16806030273438
v 175.19044494628906 250.23695373535156 145.8734893798828
v 176.48500061035156 250.0457763671875 145.47596740722656
v 177.07957458496094 249.77308654785156 145.84803771972656
v 177.27935791015625 250.35557556152344 145.5047607421875
v 178.19033813476562 250.2721710205078 145.71038818359375
v 178.2069549560547 249.68128967285156 146.02342224121094
v 179.24607849121094 250.1376495361328 145.8271942138672
v 178.99317932128906 249.58970642089844 146.08981323242188
v 179.77517700195312 249.69093322753906 146.00816345214844
v 182.12088012695312 249.97434997558594 145.96124267578125
v 181.66943359375 249.60203552246094 145.93643188476562
v 181.2078094482422 250.09666442871094 145.2657470703125
v 183.0719451904297 249.71873474121094 145.98341369628906
v 183.88172912597656 249.5695037841797 146.05633544921875
v 184.68284606933594 249.41656494140625 146.17581176757812
v 175.17083740234375 250.7644805908203 145.93048095703125
v 176.38385009765625 251.10208129882812 145.48817443847656
v 177.00881958007812 250.82672119140625 145.45425415039062
v 177.9662628173828 250.93348693847656 145.7229461669922
v 179.02877807617188 250.78131103515625 145.82896423339844
v 179.9475860595703 250.66366577148438 145.88815307617188
v 180.74356079101562 250.49107360839844 145.9297637939453
v 182.85556030273438 250.14830017089844 146.16224670410156
v 182.40000915527344 250.3631134033203 146.27047729492188
v 175.50108337402344 251.3146209716797 146.19757080078125
v 176.08639526367188 251.38194274902344 145.81365966796875
v 177.04302978515625 251.3608856201172 145.86363220214844
v 177.90602111816406 251.46083068847656 146.09510803222656
v 178.70179748535156 251.3272247314453 146.141845703125
v 179.59580993652344 251.181640625 146.1809539794922
v 168.33535766601562 228.50450134277344 146.3948516845703
v 173.97433471679688 227.73191833496094 147.0864715576172
v 176.0796661376953 228.27186584472656 146.38180541992188
v 176.95497131347656 228.4235076904297 146.5491485595703
v 166.0777130126953 228.9895477294922 146.1206512451172
v 166.94712829589844 228.85765075683594 145.95062255859375
v 177.5628204345703 228.82464599609375 145.93960571289062
v 179.1865234375 229.18751525878906 146.31353759765625
v 162.2653350830078 230.13848876953125 146.22457885742188
v 182.15530395507812 230.18760681152344 146.32545471191406
v 160.71533203125 230.56802368164062 146.66421508789062
v 183.49876403808594 230.8440399169922 145.96365356445312
v 158.80154418945312 231.67767333984375 145.83921813964844
v 155.91015625 232.83132934570312 145.87887573242188
v 189.73402404785156 233.6811981201172 146.77101135253906
v 190.0830841064453 234.3789825439453 146.4477996826172
v 190.7948760986328 234.6864013671875 146.82363891601562
v 190.3442840576172 236.22735595703125 146.15182495117188
v 191.70433044433594 235.4794464111328 147.07371520996094
v 151.05442810058594 236.85955810546875 146.02645874023438
v 150.72586059570312 236.49322509765625 146.65237426757812
v 150.50172424316406 237.27647399902344 146.4335479736328
v 165.06307983398438 237.4810791015625 146.48532104492188
v 164.3736572265625 237.667236328125 146.43655395507812
v 165.98719787597656 237.37391662597656 146.50894165039062
v 167.99908447265625 237.42471313476562 146.494140625
v 178.16073608398438 237.46746826171875 146.2893524169922
v 150.35008239746094 238.28555297851562 146.292236328125
v 149.96871948242188 237.71243286132812 146.92025756835938
v 149.82763671875 238.4473419189453 146.91033935546875
v 164.07687377929688 238.10548400878906 146.07521057128906
v 163.73289489746094 237.79269409179688 146.6898193359375
v 163.4261016845703 238.43890380859375 146.39283752441406
v 170.49241638183594 237.77935791015625 146.1824188232422
v 172.2425079345703 237.76722717285156 146.2189178466797
v 174.48336791992188 237.4203643798828 146.55409240722656
v 182.1455841064453 238.08595275878906 146.0272216796875
v 183.23228454589844 238.0255889892578 146.2534637451172
v 187.46951293945312 238.19300842285156 146.1593780517578
v 149.96627807617188 238.95008850097656 146.69888305664062
v 150.34442138671875 239.23867797851562 146.28298950195312
v 149.96437072753906 239.66732788085938 146.8126678466797
v 150.45352172851562 240.06365966796875 146.38107299804688
v 151.04554748535156 240.43287658691406 145.97348022460938
v 163.1256561279297 240.57763671875 146.37921142578125
v 150.63494873046875 240.8728485107422 146.56044006347656
v 151.2806854248047 241.23089599609375 146.19427490234375
v 151.9870147705078 241.51898193359375 145.89035034179688
v 162.8459930419922 241.2057342529297 146.7537841796875
v 163.1981201171875 241.46493530273438 146.26419067382812
v 163.54815673828125 241.77076721191406 145.73899841308594
v 151.49705505371094 242.07359313964844 146.4811553955078
v 153.04147338867188 242.54733276367188 145.9169464111328
v 162.6725311279297 241.9405517578125 146.6137237548828
v 163.2575225830078 242.03054809570312 146.02239990234375
v 163.50494384765625 242.26141357421875 145.62005615234375
v 191.95872497558594 242.21194458007812 146.8534393310547
v 191.4389190673828 241.84059143066406 146.87904357910156
v 152.45777893066406 243.32447814941406 146.427978515625
v 153.280029296875 243.46536254882812 146.15182495117188
v 156.84945678710938 243.74464416503906 145.57867431640625
v 159.54014587402344 243.7620086669922 145.90640258789062
v 160.38851928710938 243.40440368652344 146.09278869628906
v 162.2904052734375 242.56491088867188 146.1611785888672
v 163.04635620117188 242.4995880126953 145.705322265625
v 163.53785705566406 242.5424041748047 145.2844696044922
v 191.1898193359375 243.18714904785156 146.7333221435547
v 190.53939819335938 242.51747131347656 146.81869506835938
v 190.31834411621094 243.33094787597656 146.65982055664062
v 192.05088806152344 242.9955596923828 146.8366241455078
v 192.601318359375 242.58200073242188 146.94711303710938
v 192.66998291015625 243.08224487304688 146.96200561523438
v 151.98800659179688 244.08253479003906 147.0280303955078
v 152.70068359375 244.1988067626953 146.63653564453125
v 153.48011779785156 244.33729553222656 146.4276885986328
v 154.25611877441406 244.5732421875 146.36451721191406
v 155.1339874267578 244.22012329101562 146.0502471923828
v 156.21307373046875 244.3501434326172 145.9442596435547
v 157.26254272460938 244.40426635742188 145.9048309326172
v 158.2770233154297 244.32566833496094 146.0493927001953
v 158.93121337890625 244.05455017089844 145.90847778320312
v 188.152099609375 244.23680114746094 146.32131958007812
v 187.71786499023438 243.64837646484375 146.81732177734375
v 188.5454864501953 243.50546264648438 146.6690216064453
v 187.3113250732422 244.29995727539062 146.5161590576172
v 189.04855346679688 244.1407012939453 146.3398895263672
v 189.42140197753906 243.4209442138672 146.62583923339844
v 190.05133056640625 244.2371063232422 146.4751739501953
v 191.01370239257812 244.00083923339844 146.69729614257812
v 191.85960388183594 243.79095458984375 146.87506103515625
v 192.61647033691406 243.56414794921875 147.04811096191406
v 152.34178161621094 244.6997528076172 147.15733337402344
v 152.9866943359375 244.84210205078125 146.97084045410156
v 153.7476806640625 244.9539337158203 146.8397674560547
v 154.40113830566406 245.05172729492188 146.77093505859375
v 154.86141967773438 244.86846923828125 146.47718811035156
v 155.6320343017578 244.89065551757812 146.4086151123047
v 156.66876220703125 244.97119140625 146.40126037597656
v 157.70384216308594 244.8450164794922 146.42189025878906
v 186.9557342529297 244.948486328125 146.27224731445312
v 186.56094360351562 244.5001678466797 146.74493408203125
v 186.21682739257812 245.16107177734375 146.47378540039062
v 189.45323181152344 244.82601928710938 146.2001495361328
v 190.142822265625 245.13238525390625 146.44863891601562
v 190.86990356445312 244.8074951171875 146.740966796875
v 191.6707305908203 244.5443572998047 147.00662231445312
v 157.30149841308594 245.1918182373047 146.80691528320312
v 157.7428741455078 245.08389282226562 146.7739715576172
v 185.92474365234375 245.85057067871094 146.245849609375
v 185.51487731933594 245.42543029785156 146.72442626953125
v 185.18968200683594 246.0965576171875 146.46253967285156
v 189.31942749023438 246.3208770751953 146.315185546875
v 189.94789123535156 245.88754272460938 146.5199432373047
v 190.68772888183594 245.55821228027344 146.8886260986328
v 184.89266967773438 246.7927703857422 146.23606872558594
v 184.46786499023438 246.3722686767578 146.70977783203125
v 184.1182861328125 247.04339599609375 146.422607421875
v 188.3930206298828 247.26187133789062 146.3177032470703
v 189.08164978027344 246.96856689453125 146.56170654296875
v 189.7316436767578 246.6122283935547 146.831787109375
v 183.0089111328125 247.97259521484375 146.29641723632812
v 182.57887268066406 247.55894470214844 146.78439331054688
v 183.34884643554688 247.30352783203125 146.6074676513672
v 182.21414184570312 248.21261596679688 146.42889404296875
v 183.81068420410156 247.73880004882812 146.175048828125
v 187.3565673828125 248.1598358154297 146.33262634277344
v 188.0524139404297 247.91098022460938 146.6031036376953
v 188.73269653320312 247.59254455566406 146.90460205078125
v 176.1656494140625 249.4539031982422 146.3368682861328
v 175.42056274414062 249.60311889648438 146.74810791015625
v 177.27593994140625 249.1977996826172 146.5744171142578
v 178.41656494140625 249.19668579101562 146.48313903808594
v 179.30841064453125 249.20118713378906 146.41058349609375
v 180.5719757080078 248.6267852783203 146.71273803710938
v 181.4071807861328 248.45443725585938 146.572265625
v 185.48097229003906 249.22775268554688 146.31442260742188
v 186.25241088867188 249.0049285888672 146.45660400390625
v 186.9617462158203 248.76393127441406 146.6402130126953
v 187.60751342773438 248.5060577392578 146.92356872558594
v 175.06069946289062 250.21588134765625 146.3616180419922
v 180.61837768554688 249.75559997558594 145.94862365722656
v 181.2078094482422 250.09666442871094 146.26412963867188
v 181.83184814453125 250.394287109375 146.26040649414062
v 183.51185607910156 250.08067321777344 146.29234313964844
v 184.27659606933594 249.9582977294922 146.4568328857422
v 185.03041076660156 249.7914276123047 146.6737060546875
v 185.78515625 249.55661010742188 146.8599395751953
v 175.04896545410156 250.86209106445312 146.61558532714844
v 180.39767456054688 251.00868225097656 146.24981689453125
v 181.2119903564453 250.75807189941406 146.4254150390625
v 182.04721069335938 250.7036590576172 146.62803649902344
v 182.90496826171875 250.5064697265625 146.6608123779297
v 183.76101684570312 250.38436889648438 146.87283325195312
v 175.46240234375 251.5038299560547 146.94178771972656
v 176.3545684814453 251.69590759277344 146.488525390625
v 177.34457397460938 251.71046447753906 146.38873291015625
v 178.1083221435547 251.7262420654297 146.61138916015625
v 179.087890625 251.6333770751953 146.81077575683594
v 179.95262145996094 251.4025421142578 146.6381378173828
v 180.6202850341797 251.28204345703125 146.8720245361328
v 171.07012939453125 227.9796600341797 147.1696014404297
v 172.85595703125 227.82977294921875 146.94068908691406
v 175.44680786132812 227.9188232421875 147.04229736328125
v 161.2618865966797 230.1347198486328 147.20094299316406
v 162.0520477294922 229.9263916015625 146.99586486816406
v 159.1673583984375 231.00148010253906 147.16944885253906
v 153.44268798828125 233.3899383544922 147.42958068847656
v 188.83226013183594 232.54037475585938 147.6453857421875
v 190.7633056640625 233.65191650390625 147.71888732910156
v 191.15672302246094 234.2748260498047 147.3847198486328
v 151.3055877685547 235.18118286132812 147.2678985595703
v 150.99884033203125 235.81272888183594 146.93728637695312
v 150.4175262451172 236.16094970703125 147.30545043945312
v 191.5330047607422 236.47181701660156 146.86488342285156
v 192.83888244628906 235.53640747070312 147.69705200195312
v 193.59866333007812 235.7736358642578 147.96531677246094
v 193.76551818847656 236.5167999267578 147.7658233642578
v 150.16830444335938 236.89218139648438 147.0681915283203
v 149.85269165039062 236.5791473388672 147.73553466796875
v 149.63076782226562 237.3712615966797 147.5583038330078
v 164.2606964111328 237.32936096191406 147.12405395507812
v 163.40040588378906 237.5461883544922 147.23765563964844
v 165.30311584472656 237.1394805908203 147.24026489257812
v 177.0006103515625 236.9691162109375 147.15408325195312
v 176.67604064941406 236.69993591308594 147.8945770263672
v 178.22830200195312 236.70770263671875 147.7442626953125
v 178.84237670898438 236.73902893066406 147.82298278808594
v 191.41250610351562 237.30235290527344 146.8856201171875
v 192.23770141601562 236.85092163085938 147.15460205078125
v 193.89834594726562 237.351318359375 147.6323699951172
v 194.49058532714844 236.70753479003906 148.03204345703125
v 194.64334106445312 237.4971160888672 147.8954315185547
v 149.4828338623047 238.24298095703125 147.46556091308594
v 161.93934631347656 238.55050659179688 147.7996826171875
v 162.6461944580078 237.75328063964844 147.6194610595703
v 162.48072814941406 238.45484924316406 147.2584991455078
v 161.985595703125 237.7998046875 148.12802124023438
v 163.03890991210938 238.07125854492188 146.9667205810547
v 169.86558532714844 237.39791870117188 147.5489044189453
v 171.1826629638672 237.6581573486328 146.85321044921875
v 171.63946533203125 237.46286010742188 147.525390625
v 182.8267364501953 237.4715576171875 147.6595001220703
v 185.06781005859375 238.0964813232422 147.4032440185547
v 187.03488159179688 238.48779296875 147.0017852783203
v 190.09658813476562 238.20945739746094 146.80291748046875
v 194.1311492919922 238.3332977294922 147.57521057128906
v 194.82835388183594 238.2058563232422 147.85830688476562
v 149.53994750976562 239.1910858154297 147.3202362060547
v 161.8189697265625 239.23822021484375 147.8046112060547
v 187.55899047851562 238.9451904296875 147.6173553466797
v 188.37986755371094 239.08082580566406 147.42697143554688
v 189.11875915527344 239.27915954589844 147.3290557861328
v 190.05801391601562 239.10122680664062 147.12330627441406
v 191.1924591064453 239.50730895996094 147.1366729736328
v 193.49301147460938 239.10804748535156 147.3595428466797
v 194.12173461914062 239.12306213378906 147.502685546875
v 194.76258850097656 239.1229705810547 147.76644897460938
v 195.27908325195312 238.5543975830078 148.1169891357422
v 195.30557250976562 239.12069702148438 148.08656311035156
v 149.64527893066406 240.04959106445312 147.33218383789062
v 150.06874084472656 240.46829223632812 146.96400451660156
v 161.86138916015625 239.86024475097656 147.91773986816406
v 189.5093994140625 240.05792236328125 147.41567993164062
v 190.4400177001953 239.9819793701172 147.21734619140625
v 193.1571807861328 240.11351013183594 147.2752227783203
v 194.15330505371094 239.9417266845703 147.52001953125
v 194.8807830810547 240.06983947753906 147.81463623046875
v 195.3226318359375 239.70802307128906 148.09912109375
v 149.67088317871094 240.76414489746094 147.59336853027344
v 150.22509765625 241.2487030029297 147.18531799316406
v 193.93417358398438 241.06192016601562 147.4665069580078
v 194.73707580566406 240.86422729492188 147.79014587402344
v 162.14450073242188 241.91036987304688 147.37384033203125
v 192.41697692871094 241.826416015625 146.97361755371094
v 193.05270385742188 242.2052764892578 147.11358642578125
v 193.8402557373047 242.19541931152344 147.44065856933594
v 194.6566162109375 241.80747985839844 147.81866455078125
v 151.03054809570312 243.23402404785156 147.43092346191406
v 160.44125366210938 243.19509887695312 147.2742919921875
v 161.13546752929688 242.6503143310547 147.50390625
v 188.08828735351562 242.9559326171875 147.1421356201172
v 188.87754821777344 242.77394104003906 146.97998046875
v 193.2822265625 243.07110595703125 147.23995971679688
v 194.0855255126953 243.03997802734375 147.62701416015625
v 194.63494873046875 242.6719512939453 147.9043731689453
v 151.3172607421875 243.93850708007812 147.5340118408203
v 158.98251342773438 244.19937133789062 146.7367401123047
v 158.38064575195312 244.6126708984375 146.717041015625
v 186.60821533203125 243.46475219726562 147.6489715576172
v 192.43862915039062 244.27835083007812 147.24037170410156
v 193.15966796875 243.96058654785156 147.4627227783203
v 193.86618041992188 243.6683807373047 147.72857666015625
v 194.53005981445312 243.388916015625 148.04693603515625
v 151.7740020751953 244.73358154296875 147.78488159179688
v 152.61483764648438 245.0908966064453 147.66775512695312
v 153.46054077148438 245.19390869140625 147.53335571289062
v 154.28964233398438 245.2406005859375 147.39077758789062
v 155.13941955566406 245.22084045410156 147.08103942871094
v 155.99288940429688 245.24508666992188 146.89996337890625
v 156.64694213867188 245.33714294433594 147.1387939453125
v 158.10235595703125 244.90757751464844 147.05819702148438
v 185.86514282226562 244.77146911621094 147.01451110839844
v 185.2051544189453 245.08290100097656 147.32286071777344
v 191.41763305664062 245.24942016601562 147.22238159179688
v 192.14727783203125 244.95413208007812 147.5308074951172
v 192.85853576660156 244.6447296142578 147.7993927001953
v 193.55471801757812 244.3251190185547 148.0359649658203
v 157.23190307617188 245.34036254882812 147.56008911132812
v 157.74156188964844 245.156005859375 147.3135223388672
v 184.83558654785156 245.72308349609375 147.01272583007812
v 190.38597106933594 246.24171447753906 147.15223693847656
v 182.2382354736328 247.1939697265625 147.39602661132812
v 183.74224853515625 246.6580047607422 146.95863342285156
v 189.3817596435547 247.22584533691406 147.1889190673828
v 189.99632263183594 246.86045837402344 147.51373291015625
v 190.6165008544922 246.49966430664062 147.8817138671875
v 180.99583435058594 248.00881958007812 147.1342010498047
v 181.45269775390625 247.4250030517578 147.5879364013672
v 188.26089477539062 248.21932983398438 147.45054626464844
v 188.98968505859375 247.75103759765625 147.65017700195312
v 176.21591186523438 249.03004455566406 147.1840362548828
v 175.36175537109375 249.3611297607422 147.52696228027344
v 177.1357421875 248.76513671875 147.28985595703125
v 177.9532928466797 248.78216552734375 147.09730529785156
v 178.85923767089844 248.76638793945312 146.96287536621094
v 179.347900390625 248.30142211914062 147.4625701904297
v 179.7213897705078 248.71405029296875 146.8411102294922
v 186.4835662841797 249.2916717529297 147.03662109375
v 187.09347534179688 249.02792358398438 147.32057189941406
v 187.63047790527344 248.75035095214844 147.63121032714844
v 175.0035400390625 250.13560485839844 147.0853729248047
v 184.4969482421875 250.23233032226562 147.05824279785156
v 185.17373657226562 250.0667266845703 147.48751831054688
v 185.9824981689453 249.69651794433594 147.4561004638672
v 186.51148986816406 249.4818572998047 147.7783966064453
v 175.007568359375 250.90164184570312 147.404052734375
v 181.43557739257812 251.10911560058594 147.14486694335938
v 182.30563354492188 250.92164611816406 147.35040283203125
v 183.17214965820312 250.72616577148438 147.47854614257812
v 184.00132751464844 250.54266357421875 147.6214141845703
v 184.56353759765625 250.35986328125 147.50820922851562
v 175.42324829101562 251.62896728515625 147.78640747070312
v 176.22496032714844 251.9413604736328 147.4242706298828
v 177.2165985107422 251.93899536132812 147.0515594482422
v 178.17718505859375 251.93673706054688 147.40748596191406
v 178.9820556640625 251.8624725341797 147.64450073242188
v 179.8556365966797 251.6502227783203 147.441162109375
v 180.75868225097656 251.47354125976562 147.7142791748047
v 173.3262481689453 227.3886260986328 148.45046997070312
v 175.15664672851562 227.48150634765625 148.3057861328125
v 176.7442169189453 227.64697265625 148.79205322265625
v 177.3594512939453 227.99826049804688 148.14208984375
v 179.61834716796875 228.75718688964844 147.88511657714844
v 182.0125732421875 229.34735107421875 148.44406127929688
v 185.50445556640625 230.85076904296875 147.95623779296875
v 187.03759765625 231.3024139404297 148.4295654296875
v 189.82644653320312 232.54177856445312 148.62387084960938
v 190.3141326904297 233.07855224609375 148.14292907714844
v 151.35397338867188 234.26393127441406 148.33189392089844
v 191.7974395751953 233.61312866210938 148.6891632080078
v 192.23394775390625 234.2032928466797 148.29039001464844
v 150.71632385253906 234.58348083496094 148.64739990234375
v 150.39889526367188 235.20957946777344 148.29483032226562
v 192.59652709960938 234.840576171875 147.96119689941406
v 193.33673095703125 235.09190368652344 148.2335205078125
v 193.6924591064453 234.70858764648438 148.8413848876953
v 194.04905700683594 235.32456970214844 148.5044403076172
v 150.112548828125 235.86744689941406 147.98841857910156
v 149.80850219726562 235.60154724121094 148.6977081298828
v 177.26329040527344 236.46054077148438 148.6651153564453
v 176.32968139648438 236.551513671875 148.52003479003906
v 178.23095703125 236.53311157226562 148.3084716796875
v 179.18853759765625 236.5028533935547 148.68063354492188
v 180.11412048339844 236.6337890625 148.56370544433594
v 194.31109619140625 235.98411560058594 148.23519897460938
v 194.69041442871094 235.5958709716797 148.79379272460938
v 194.936279296875 236.2548828125 148.5410919189453
v 149.3036346435547 237.07286071777344 148.23495483398438
v 162.50604248046875 237.17425537109375 148.3714141845703
v 162.05657958984375 236.99461364746094 149.04127502441406
v 162.64956665039062 236.76084899902344 148.9683074951172
v 161.70989990234375 237.5142059326172 148.680908203125
v 163.1471710205078 236.78363037109375 148.64157104492188
v 163.4759063720703 237.10838317871094 147.91932678222656
v 163.91136169433594 236.67176818847656 148.69732666015625
v 164.5543975830078 236.90878295898438 147.9590606689453
v 164.87930297851562 236.59967041015625 148.78028869628906
v 165.53477478027344 236.83554077148438 148.05661010742188
v 166.31488037109375 236.81591796875 148.19882202148438
v 175.8087921142578 236.77529907226562 147.9364776611328
v 175.58937072753906 236.60052490234375 148.7078399658203
v 181.41720581054688 237.00936889648438 148.17759704589844
v 195.1089324951172 236.98513793945312 148.349609375
v 195.46551513671875 236.63845825195312 148.9280548095703
v 195.61387634277344 237.4384765625 148.74929809570312
v 149.11334228515625 237.935302734375 148.12025451660156
v 148.7840576171875 237.60813903808594 148.77989196777344
v 148.63580322265625 238.47982788085938 148.70407104492188
v 161.39402770996094 238.2947998046875 148.50140380859375
v 161.14976501464844 237.90077209472656 149.1046142578125
v 160.97630310058594 238.451416015625 149.04518127441406
v 170.49232482910156 237.43438720703125 147.647216796875
v 184.48214721679688 237.79893493652344 147.9710693359375
v 185.26901245117188 238.102783203125 148.439453125
v 195.22174072265625 237.75347900390625 148.20120239257812
v 195.6221466064453 238.18408203125 148.52508544921875
v 148.98568725585938 238.95069885253906 148.12799072265625
v 148.57928466796875 239.07667541503906 148.6873321533203
v 161.08987426757812 238.89356994628906 148.83729553222656
v 161.47813415527344 239.23486328125 148.33200073242188
v 186.58657836914062 239.0224609375 148.6126708984375
v 188.65782165527344 239.7757568359375 147.67300415039062
v 195.7490997314453 239.14306640625 148.58004760742188
v 148.61959838867188 239.67356872558594 148.68763732910156
v 149.17034912109375 240.0533905029297 148.00990295410156
v 161.16957092285156 239.5745086669922 149.06715393066406
v 195.34014892578125 240.58572387695312 148.15113830566406
v 195.72775268554688 240.1407470703125 148.50233459472656
v 148.73373413085938 240.55023193359375 148.7704315185547
v 149.26809692382812 241.04054260253906 148.27259826660156
v 161.9264678955078 241.392822265625 148.19992065429688
v 195.30091857910156 241.4669647216797 148.2108917236328
v 195.8604278564453 241.0596160888672 148.73822021484375
v 149.47817993164062 241.8263702392578 148.51841735839844
v 150.03408813476562 242.3327178955078 148.1088104248047
v 161.96514892578125 241.74673461914062 147.89793395996094
v 187.20462036132812 242.01333618164062 148.24090576171875
v 195.23780822753906 242.295166015625 148.28146362304688
v 195.70106506347656 241.91366577148438 148.65667724609375
v 150.7400360107422 243.63613891601562 147.98855590820312
v 161.6475830078125 242.1591033935547 147.775634765625
v 186.94696044921875 242.77203369140625 147.95932006835938
v 195.1292266845703 243.03028869628906 148.4117889404297
v 195.67291259765625 242.59678649902344 148.83201599121094
v 150.49459838867188 244.00344848632812 148.6681671142578
v 151.0069580078125 244.41148376464844 148.2322540283203
v 158.61758422851562 244.56698608398438 147.54820251464844
v 185.93197631835938 243.785400390625 147.96823120117188
v 194.2315216064453 244.0106964111328 148.29176330566406
v 194.87266540527344 243.67994689941406 148.6175537109375
v 151.370849609375 244.9678955078125 148.6460418701172
v 152.2565460205078 245.1813507080078 148.51412963867188
v 153.24659729003906 245.27963256835938 148.41856384277344
v 154.17425537109375 245.3064422607422 148.26959228515625
v 155.9940185546875 245.39285278320312 147.82415771484375
v 156.73582458496094 245.43067932128906 147.89501953125
v 158.2052459716797 244.90362548828125 147.986572265625
v 193.78326416015625 244.572998046875 148.73092651367188
v 194.4512176513672 244.24337768554688 148.97152709960938
v 157.2051239013672 245.37051391601562 148.5001220703125
v 157.73031616210938 245.18692016601562 148.25428771972656
v 183.87498474121094 245.73240661621094 147.99697875976562
v 181.1339874267578 247.09654235839844 148.2547149658203
v 189.56793212890625 247.38833618164062 147.91864013671875
v 190.1198272705078 247.05133056640625 148.3047332763672
v 179.8476104736328 247.80075073242188 147.9569854736328
v 188.6885986328125 248.1360626220703 148.36460876464844
v 175.88258361816406 248.75119018554688 148.0087890625
v 175.2960205078125 249.08314514160156 148.20289611816406
v 187.1072235107422 249.1891326904297 148.2729034423828
v 187.93087768554688 248.6710205078125 148.51763916015625
v 174.9694061279297 249.92706298828125 148.00692749023438
v 185.7718505859375 249.90040588378906 148.26895141601562
v 185.02841186523438 250.237548828125 148.30508422851562
v 186.4356689453125 249.60086059570312 148.52243041992188
v 174.9950408935547 250.93649291992188 148.2742919921875
v 181.62704467773438 251.27166748046875 148.17333984375
v 184.03900146484375 250.60525512695312 148.32875061035156
v 184.54444885253906 250.4167938232422 147.98226928710938
v 175.4369659423828 251.69798278808594 148.6815185546875
v 176.18743896484375 252.06065368652344 148.3758087158203
v 177.30316162109375 252.10096740722656 148.1344451904297
v 179.39952087402344 251.86102294921875 148.37571716308594
v 180.8842010498047 251.54454040527344 148.52134704589844
v 173.97760009765625 227.20347595214844 149.07652282714844
v 167.15150451660156 227.86734008789062 149.1619110107422
v 159.66798400878906 229.6300811767578 149.7228240966797
v 183.5809783935547 229.7630157470703 148.8611297607422
v 186.04876708984375 230.5113525390625 149.42857360839844
v 153.38650512695312 232.323974609375 149.39425659179688
v 154.9259490966797 231.8468017578125 148.93045043945312
v 151.4843292236328 233.40057373046875 149.4867401123047
v 152.89605712890625 232.83865356445312 148.91433715820312
v 191.31735229492188 233.0604248046875 149.14520263671875
v 151.0756072998047 233.98033142089844 149.04685974121094
v 150.81698608398438 233.7254638671875 149.78285217285156
v 150.43701171875 234.32188415527344 149.36830139160156
v 192.7841339111328 233.57447814941406 149.6932373046875
v 193.2613983154297 234.12649536132812 149.2415771484375
v 193.95106506347656 234.4051055908203 149.51312255859375
v 149.8275604248047 234.70416259765625 149.73944091796875
v 194.35931396484375 234.9853057861328 149.1197052001953
v 194.59312438964844 234.73214721679688 149.806396484375
v 194.9593048095703 235.32931518554688 149.4330596923828
v 149.23843383789062 236.04710388183594 149.1597900390625
v 162.34234619140625 236.69570922851562 149.5782470703125
v 161.7764892578125 236.9611358642578 149.64505004882812
v 163.19644165039062 236.5274658203125 149.44200134277344
v 164.2406005859375 236.3971405029297 149.5552215576172
v 176.4817352294922 236.3749237060547 149.4000244140625
v 178.2235565185547 236.34605407714844 149.1475067138672
v 178.97882080078125 236.30787658691406 149.5415802001953
v 180.99623107910156 236.5089874267578 149.60826110839844
v 195.24200439453125 235.9505157470703 149.12884521484375
v 195.4928741455078 235.76535034179688 149.7978515625
v 195.6670684814453 236.34579467773438 149.4872589111328
v 148.99151611328125 236.7916717529297 148.93833923339844
v 148.703125 236.52748107910156 149.66281127929688
v 148.48439025878906 237.3070526123047 149.47052001953125
v 161.4504852294922 237.33843994140625 149.3530731201172
v 160.99966430664062 237.79042053222656 149.79786682128906
v 168.50265502929688 236.80990600585938 148.9709014892578
v 170.19644165039062 237.00181579589844 148.8596649169922
v 183.14694213867188 237.01344299316406 149.27700805664062
v 184.7183074951172 237.5537109375 149.6205291748047
v 195.95993041992188 237.1202850341797 149.5263214111328
v 148.31565856933594 238.1676483154297 149.34249877929688
v 160.8526153564453 238.3795166015625 149.60531616210938
v 185.97662353515625 238.6336669921875 149.14463806152344
v 196.04054260253906 238.21957397460938 149.20419311523438
v 148.22633361816406 239.18597412109375 149.27880859375
v 147.9124298095703 238.68154907226562 149.935791015625
v 147.84146118164062 239.4082489013672 149.97068786621094
v 160.9051971435547 238.99044799804688 149.4006805419922
v 186.4754180908203 239.3436279296875 149.25518798828125
v 196.22715759277344 239.18038940429688 149.31661987304688
v 147.96395874023438 239.87539672851562 149.7613067626953
v 148.27740478515625 240.13404846191406 149.2948760986328
v 161.04443359375 239.68991088867188 149.78265380859375
v 161.33348083496094 240.3833465576172 149.42149353027344
v 186.55116271972656 240.18402099609375 149.5743408203125
v 187.04661560058594 240.41586303710938 148.88409423828125
v 196.17166137695312 240.126220703125 149.14747619628906
v 148.0172882080078 240.5276641845703 149.908935546875
v 148.41497802734375 240.9119110107422 149.43479919433594
v 148.92127990722656 241.3461151123047 148.96263122558594
v 186.41067504882812 241.22055053710938 149.53489685058594
v 196.2970733642578 241.04368591308594 149.37118530273438
v 148.66360473632812 241.60243225097656 149.6607666015625
v 149.19989013671875 242.05067443847656 149.23355102539062
v 196.1671142578125 241.9434356689453 149.33328247070312
v 196.5265350341797 241.4375457763672 149.89883422851562
v 196.4886016845703 241.9644775390625 149.92843627929688
v 159.8607177734375 243.33685302734375 149.09213256835938
v 195.4654541015625 243.3001708984375 149.01524353027344
v 195.98558044433594 242.8551025390625 149.4643096923828
v 196.38568115234375 242.4522705078125 149.97483825683594
v 150.45985412597656 244.35980224609375 149.2875213623047
v 150.7559814453125 244.6732177734375 148.8857879638672
v 158.70046997070312 244.4961395263672 148.688232421875
v 195.0900421142578 243.9015350341797 149.33065795898438
v 195.69070434570312 243.50721740722656 149.72607421875
v 150.6639862060547 244.7741241455078 149.2797393798828
v 151.04481506347656 244.98622131347656 149.287353515625
v 151.843505859375 245.1851806640625 149.3404541015625
v 152.98138427734375 245.279541015625 149.4948272705078
v 156.60552978515625 245.42523193359375 148.7494659423828
v 183.99853515625 244.86680603027344 149.09629821777344
v 183.31985473632812 245.211181640625 149.4680938720703
v 194.581787109375 244.39344787597656 149.7400665283203
v 157.17868041992188 245.37159729003906 149.49740600585938
v 157.7208251953125 245.19647216796875 149.31663513183594
v 181.9999542236328 246.04441833496094 149.38673400878906
v 181.25363159179688 246.39646911621094 149.3303680419922
v 191.3264923095703 246.28192138671875 149.15457153320312
v 190.79739379882812 246.73876953125 149.67684936523438
v 177.02139282226562 247.91835021972656 149.1207733154297
v 177.62200927734375 247.49526977539062 149.64410400390625
v 188.5060577392578 248.3577117919922 149.32774353027344
v 189.64927673339844 247.5888671875 149.21974182128906
v 175.63284301757812 248.57127380371094 148.7075653076172
v 175.39183044433594 248.4213104248047 149.4142608642578
v 175.08187866210938 249.1216278076172 148.82772827148438
v 174.856201171875 250.02047729492188 148.9638671875
v 185.1676025390625 250.175537109375 149.07176208496094
v 184.47129821777344 250.4122772216797 149.57794189453125
v 186.0064239501953 249.8107452392578 149.31956481933594
v 186.70101928710938 249.47586059570312 149.05628967285156
v 174.9971466064453 251.0042724609375 149.2080535888672
v 181.35321044921875 251.41795349121094 149.33853149414062
v 183.83506774902344 250.65936279296875 149.024658203125
v 175.46022033691406 251.74969482421875 149.61598205566406
v 176.17852783203125 252.10989379882812 149.3301544189453
v 177.12889099121094 252.1801300048828 149.2305145263672
v 178.14442443847656 252.0840301513672 149.2285919189453
v 180.5865936279297 251.64852905273438 149.08067321777344
v 167.330078125 227.52308654785156 150.39015197753906
v 174.25436401367188 226.70721435546875 150.81541442871094
v 176.0502166748047 227.0309295654297 150.4302520751953
v 165.15081787109375 227.8961181640625 150.2047576904297
v 160.24139404296875 229.19044494628906 150.28640747070312
v 161.66163635253906 228.5752716064453 150.70339965820312
v 182.4214630126953 228.9742431640625 150.0290985107422
v 183.96697998046875 229.37191772460938 150.4670867919922
v 158.134033203125 230.0475616455078 150.1827850341797
v 154.46766662597656 231.37847900390625 150.47445678710938
v 156.5990753173828 230.48423767089844 150.65921020507812
v 153.91200256347656 231.8397216796875 149.91302490234375
v 189.55230712890625 231.81077575683594 149.91664123535156
v 191.03207397460938 232.29991149902344 150.40972900390625
v 151.24839782714844 233.15673828125 150.24008178710938
v 151.7255859375 232.62022399902344 150.72047424316406
v 192.27879333496094 233.0485076904297 150.1802520751953
v 149.58018493652344 234.47642517089844 150.49156188964844
v 193.6844940185547 233.62510681152344 150.73129272460938
v 194.1623992919922 234.164306640625 150.24362182617188
v 194.79798889160156 234.52554321289062 150.55850219726562
v 149.25027465820312 235.1238555908203 150.17074584960938
v 195.18450927734375 235.12591552734375 150.1508331298828
v 195.72726440429688 235.59249877929688 150.5628204345703
v 148.712158203125 235.57431030273438 150.65109252929688
v 161.877685546875 236.84400939941406 150.27099609375
v 162.57711791992188 236.5308074951172 150.30776977539062
v 163.55450439453125 236.2808837890625 150.50897216796875
v 165.3228302001953 236.18894958496094 150.232177734375
v 175.21926879882812 236.33056640625 150.55764770507812
v 177.29132080078125 236.21612548828125 150.2928466796875
v 178.22364807128906 236.22352600097656 150.00216674804688
v 180.1721954345703 236.29632568359375 150.41526794433594
v 195.99993896484375 236.3855743408203 150.2044219970703
v 148.22100830078125 237.02471923828125 150.18711853027344
v 161.30238342285156 237.3149871826172 150.18643188476562
v 160.92303466796875 237.81980895996094 150.4394073486328
v 182.65855407714844 236.74325561523438 149.8136444091797
v 184.19009399414062 237.14328002929688 150.08914184570312
v 184.88218688964844 237.40882873535156 150.405517578125
v 196.3023223876953 237.1279296875 150.26800537109375
v 148.03724670410156 237.82760620117188 150.02488708496094
v 147.8010711669922 237.5294647216797 150.74301147460938
v 147.66183471679688 238.35667419433594 150.62322998046875
v 160.8118438720703 238.33087158203125 150.3190155029297
v 185.7779541015625 238.3722381591797 150.2084503173828
v 196.37527465820312 237.8551025390625 150.0472412109375
v 196.59181213378906 237.5715789794922 150.7969970703125
v 196.69435119628906 238.44700622558594 150.72398376464844
v 147.61300659179688 239.21548461914062 150.5702362060547
v 160.86666870117188 239.07232666015625 150.14651489257812
v 186.2221221923828 239.22772216796875 149.9706268310547
v 196.46888732910156 238.7764434814453 149.9384307861328
v 196.75267028808594 239.3955535888672 150.64425659179688
v 147.7228240966797 240.10302734375 150.47152709960938
v 161.0253143310547 239.6997833251953 150.25831604003906
v 161.2927703857422 240.42263793945312 150.30401611328125
v 196.5233154296875 239.71310424804688 149.88485717773438
v 196.76300048828125 240.3323211669922 150.5662841796875
v 147.88768005371094 240.85812377929688 150.5117645263672
v 148.20303344726562 241.21095275878906 150.10671997070312
v 161.4119110107422 241.34268188476562 150.32647705078125
v 186.14450073242188 240.8114013671875 150.46731567382812
v 196.54061889648438 240.60989379882812 149.86056518554688
v 196.71827697753906 241.0921173095703 150.42308044433594
v 148.09046936035156 241.44264221191406 150.84754943847656
v 148.51637268066406 241.82806396484375 150.40805053710938
v 149.00515747070312 242.2117462158203 149.97796630859375
v 161.248046875 241.78195190429688 149.93875122070312
v 196.6631622314453 241.95114135742188 150.5897674560547
v 160.47071838378906 242.8243865966797 150.26853942871094
v 160.8777313232422 242.3153839111328 149.6824188232422
v 185.09454345703125 242.97900390625 150.14706420898438
v 196.17901611328125 243.09576416015625 150.12843322753906
v 196.4818878173828 242.71449279785156 150.564453125
v 184.1282196044922 244.04405212402344 150.21800231933594
v 195.21168518066406 244.07113647460938 150.3077850341797
v 195.89190673828125 243.56524658203125 150.42080688476562
v 196.27757263183594 243.2144775390625 150.83963012695312
v 150.7476043701172 244.71853637695312 149.69590759277344
v 150.9448699951172 244.5876007080078 150.4183807373047
v 151.371826171875 245.00537109375 149.9630126953125
v 152.325439453125 245.17831420898438 150.2904510498047
v 153.11595153808594 245.26158142089844 150.32061767578125
v 183.48651123046875 244.4263916015625 150.6011199951172
v 183.0678253173828 244.97950744628906 150.20394897460938
v 194.62887573242188 244.46630859375 150.2683868408203
v 157.1244659423828 245.4014892578125 150.33197021484375
v 157.69564819335938 245.2523193359375 150.46905517578125
v 182.61328125 245.50210571289062 149.79908752441406
v 182.38043212890625 245.2507781982422 150.48382568359375
v 178.1720428466797 247.01446533203125 150.13555908203125
v 178.65130615234375 246.49864196777344 150.6024169921875
v 190.28921508789062 247.14849853515625 150.33050537109375
v 175.21844482421875 248.18032836914062 150.0573272705078
v 174.8924560546875 248.9988555908203 149.790283203125
v 187.62020874023438 248.92286682128906 150.26803588867188
v 174.78277587890625 250.1070098876953 149.94583129882812
v 186.61448669433594 249.50790405273438 149.8457489013672
v 186.5517120361328 249.47393798828125 150.7223663330078
v 175.00401306152344 251.0988006591797 150.20205688476562
v 175.4542236328125 251.821533203125 150.5207061767578
v 176.1359100341797 252.1352996826172 150.24961853027344
v 177.08950805664062 252.19520568847656 150.2274627685547
v 178.11415100097656 252.08901977539062 150.20382690429688
v 179.81845092773438 251.785400390625 150.29148864746094
v 173.42539978027344 226.6075439453125 151.4944305419922
v 175.1576385498047 226.6187286376953 151.45559692382812
v 168.45591735839844 227.1640167236328 151.51210021972656
v 175.82644653320312 226.67935180664062 151.66871643066406
v 176.34304809570312 226.93353271484375 151.09475708007812
v 163.097412109375 228.04319763183594 151.1339111328125
v 158.50038146972656 229.39654541015625 151.49346923828125
v 182.5948028564453 228.80130004882812 150.84507751464844
v 182.73313903808594 228.64105224609375 151.68067932128906
v 184.13340759277344 229.20648193359375 151.27650451660156
v 190.05648803710938 231.49819946289062 151.3787841796875
v 152.96624755859375 231.85153198242188 150.9377899169922
v 152.77743530273438 231.64552307128906 151.73049926757812
v 191.22366333007812 232.08981323242188 151.19219970703125
v 150.3767852783203 233.2818145751953 151.3157501220703
v 192.47073364257812 232.81948852539062 150.96401977539062
v 192.64251708984375 232.63232421875 151.7759246826172
v 149.95494079589844 233.86227416992188 150.87376403808594
v 149.3673553466797 234.25282287597656 151.26327514648438
v 194.98428344726562 234.34454345703125 151.3629913330078
v 149.01824951171875 234.89735412597656 150.93234252929688
v 148.81736755371094 234.67547607421875 151.71421813964844
v 195.3897705078125 234.9365692138672 150.93167114257812
v 195.56980895996094 234.76107788085938 151.74996948242188
v 195.92376708984375 235.38587951660156 151.3741455078125
v 148.21929931640625 236.05564880371094 151.15597534179688
v 162.05189514160156 236.73422241210938 150.90740966796875
v 162.63900756835938 236.47117614746094 151.18685913085938
v 163.3797149658203 236.17933654785156 151.59585571289062
v 164.3468017578125 236.02760314941406 151.17593383789062
v 165.29788208007812 236.05300903320312 150.79351806640625
v 167.3005828857422 236.0283966064453 151.30442810058594
v 172.11282348632812 236.31373596191406 151.60552978515625
v 174.48199462890625 236.30177307128906 151.20761108398438
v 179.2305145263672 236.17245483398438 151.23861694335938
v 182.9276123046875 236.48086547851562 151.41188049316406
v 196.2058563232422 236.08016967773438 151.0692901611328
v 147.99545288085938 236.7705078125 150.9097442626953
v 147.77268981933594 236.58485412597656 151.6598663330078
v 161.05743408203125 237.6497039794922 150.86705017089844
v 161.4857940673828 237.21142578125 151.07264709472656
v 183.6332244873047 236.7766571044922 150.69625854492188
v 183.8013153076172 236.6286163330078 151.5515594482422
v 184.40553283691406 236.98910522460938 150.90135192871094
v 184.62269592285156 236.83897399902344 151.72250366210938
v 185.0956268310547 237.26795959472656 151.18955993652344
v 196.4292755126953 236.80699157714844 150.87741088867188
v 196.5871124267578 236.6075439453125 151.6402130126953
v 196.70228576660156 237.2584228515625 151.4120635986328
v 147.4038543701172 238.05648803710938 151.47325134277344
v 160.89108276367188 238.20974731445312 151.06146240234375
v 185.45895385742188 237.76837158203125 150.7454376220703
v 185.68040466308594 237.66006469726562 151.57447814941406
v 185.88473510742188 238.2051239013672 151.13314819335938
v 196.86801147460938 238.13587951660156 151.6230010986328
v 147.3961944580078 238.9019775390625 151.20872497558594
v 160.913330078125 238.90084838867188 150.89682006835938
v 186.1463623046875 239.03067016601562 151.0673065185547
v 196.9236297607422 239.17376708984375 151.49710083007812
v 147.39358520507812 239.85147094726562 151.46034240722656
v 161.0911102294922 239.6405029296875 150.7168426513672
v 196.92955017089844 240.16708374023438 151.42535400390625
v 147.72369384765625 240.9061737060547 151.3478546142578
v 185.91806030273438 240.94778442382812 151.34725952148438
v 196.86090087890625 241.2133026123047 151.2630615234375
v 148.06983947753906 241.6299591064453 151.5717010498047
v 148.50595092773438 242.0580291748047 151.24801635742188
v 161.53817749023438 242.0453338623047 151.28167724609375
v 196.7938690185547 241.97756958007812 151.35943603515625
v 159.88754272460938 243.51632690429688 150.76998901367188
v 160.5228729248047 243.0988311767578 151.07823181152344
v 196.5931854248047 242.6816864013672 151.3882293701172
v 151.17503356933594 244.42343139648438 151.2418975830078
v 160.0506134033203 243.74456787109375 151.52212524414062
v 160.7315216064453 243.42318725585938 151.75718688964844
v 195.84129333496094 243.69944763183594 151.30148315429688
v 195.12672424316406 244.20291137695312 151.24415588378906
v 196.31683349609375 243.2568359375 151.35552978515625
v 151.63575744628906 244.89141845703125 150.7789764404297
v 151.86550903320312 244.73147583007812 151.5776824951172
v 152.3000946044922 245.04519653320312 151.1175079345703
v 158.3275909423828 245.00921630859375 151.2729034423828
v 182.80751037597656 244.74378967285156 150.91526794433594
v 182.0757598876953 244.99533081054688 151.13082885742188
v 192.77859497070312 245.42276000976562 151.08079528808594
v 194.62452697753906 244.49488830566406 150.8258056640625
v 194.59938049316406 244.48919677734375 151.6820068359375
v 156.7217559814453 245.5006866455078 151.5496063232422
v 157.85934448242188 245.2872314453125 151.5462646484375
v 180.46292114257812 245.32009887695312 151.39688110351562
v 181.29331970214844 245.19424438476562 151.25848388671875
v 181.6450958251953 245.48558044433594 150.6376495361328
v 191.2733154296875 246.38702392578125 151.37838745117188
v 177.41213989257812 246.29371643066406 151.39305114746094
v 175.9791717529297 247.03343200683594 151.03468322753906
v 173.88946533203125 247.55795288085938 151.7055206298828
v 174.2066192626953 247.25656127929688 151.57395935058594
v 174.3235321044922 247.7943878173828 151.36715698242188
v 173.75485229492188 247.2332305908203 151.8585968017578
v 174.79873657226562 248.2015838623047 150.71165466308594
v 188.50958251953125 248.2971649169922 151.3197479248047
v 189.66845703125 247.58595275878906 150.77944946289062
v 189.64923095703125 247.52725219726562 151.7101287841797
v 173.936767578125 248.0311737060547 151.8929901123047
v 187.22219848632812 249.07423400878906 151.1549530029297
v 185.1184539794922 250.0090789794922 151.1880340576172
v 175.01182556152344 251.28024291992188 151.27389526367188
v 181.2579803466797 251.35861206054688 151.33941650390625
v 175.50189208984375 251.93490600585938 151.2261505126953
v 175.96507263183594 252.14511108398438 150.93203735351562
v 176.86801147460938 252.19741821289062 151.2486572265625
v 178.0969696044922 252.06719970703125 151.23974609375
v 180.68247985839844 251.56106567382812 150.88087463378906
v 174.36117553710938 226.39987182617188 152.59754943847656
v 175.2150115966797 226.48765563964844 152.3174285888672
v 176.0414581298828 226.60198974609375 152.35690307617188
v 176.560791015625 226.82333374023438 151.87281799316406
v 176.67654418945312 226.71377563476562 152.69757080078125
v 161.24240112304688 228.15548706054688 152.2523651123047
v 162.0491180419922 227.99346923828125 152.0759735107422
v 162.6881103515625 227.68040466308594 152.72235107421875
v 163.556884765625 227.561767578125 152.60951232910156
v 179.5519256591797 227.7841339111328 151.98313903808594
v 159.8692626953125 228.7457733154297 151.85430908203125
v 183.63626098632812 228.70774841308594 152.72889709472656
v 185.6492462158203 229.65879821777344 151.8560028076172
v 153.33233642578125 231.19610595703125 152.2750701904297
v 189.9810791015625 231.2314910888672 152.20872497558594
v 192.1064910888672 232.18942260742188 152.30421447753906
v 149.58627319335938 233.4399871826172 152.46070861816406
v 150.84193420410156 232.7354736328125 151.79974365234375
v 150.66384887695312 232.54383850097656 152.60943603515625
v 194.01373291015625 233.28257751464844 152.39393615722656
v 149.1824951171875 234.03610229492188 152.05628967285156
v 194.5197296142578 233.7949676513672 151.85848999023438
v 195.71804809570312 234.61077880859375 152.59027099609375
v 148.2989044189453 235.1419219970703 152.21441650390625
v 196.086181640625 235.21617126464844 152.19664001464844
v 147.8101806640625 235.65521240234375 152.74124145507812
v 147.5515594482422 236.40650939941406 152.4672088623047
v 161.9851837158203 236.88038635253906 151.65072631835938
v 162.59849548339844 236.54075622558594 152.1041259765625
v 163.26731872558594 236.1795654296875 152.51837158203125
v 164.08352661132812 235.9059295654297 152.07192993164062
v 163.87283325195312 235.8572540283203 152.8768768310547
v 164.56663513183594 235.71487426757812 152.52423095703125
v 165.1693115234375 235.82884216308594 151.76126098632812
v 165.30044555664062 235.6283416748047 152.6500244140625
v 166.3311004638672 235.75990295410156 152.07077026367188
v 165.97364807128906 235.57217407226562 152.8731231689453
v 166.75677490234375 235.62762451171875 152.80845642089844
v 167.5970001220703 235.71144104003906 152.91024780273438
v 168.20460510253906 235.89138793945312 152.3483123779297
v 172.23458862304688 236.19142150878906 152.7235870361328
v 175.255615234375 236.18365478515625 152.28414916992188
v 178.1986083984375 236.12925720214844 151.90896606445312
v 182.0688934326172 236.2733612060547 152.27040100097656
v 184.03585815429688 236.50086975097656 152.55809020996094
v 184.8870086669922 236.75912475585938 152.444580078125
v 196.3756866455078 235.88156127929688 151.88600158691406
v 196.5101776123047 235.7395782470703 152.72186279296875
v 196.72882080078125 236.49180603027344 152.48760986328125
v 147.3414306640625 237.2919921875 152.16302490234375
v 161.129638671875 237.84535217285156 151.51063537597656
v 161.54058837890625 237.4905242919922 151.9910125732422
v 162.03927612304688 237.09312438964844 152.49603271484375
v 185.3186798095703 237.1221160888672 151.98580932617188
v 185.48040771484375 236.99697875976562 152.80648803710938
v 185.8999786376953 237.5152587890625 152.42408752441406
v 196.88267517089844 237.4082794189453 152.2761993408203
v 147.10118103027344 238.13687133789062 152.2833709716797
v 161.0140838623047 238.27496337890625 151.6373291015625
v 161.3524169921875 238.3048095703125 152.20538330078125
v 186.19564819335938 238.322265625 152.09524536132812
v 186.3393096923828 237.93504333496094 152.9474639892578
v 186.48001098632812 238.44757080078125 152.9131317138672
v 197.02593994140625 238.33843994140625 152.53091430664062
v 147.0929718017578 239.02871704101562 152.12449645996094
v 146.8751983642578 238.59707641601562 152.84967041015625
v 146.86289978027344 239.1138916015625 152.7970733642578
v 161.064453125 238.7251739501953 151.59246826171875
v 161.46133422851562 239.157470703125 152.09996032714844
v 186.30859375 239.25584411621094 152.09288024902344
v 186.4449920654297 238.856689453125 152.67507934570312
v 197.0447998046875 239.1058349609375 152.40357971191406
v 146.9095458984375 239.60726928710938 152.84982299804688
v 147.12399291992188 239.93313598632812 152.34521484375
v 161.2420196533203 239.4625701904297 151.416748046875
v 161.72535705566406 240.01092529296875 151.8848876953125
v 186.23126220703125 239.92831420898438 152.37461853027344
v 186.40496826171875 239.44911193847656 152.88385009765625
v 197.0387420654297 240.06134033203125 152.3646240234375
v 147.3966064453125 240.71426391601562 152.4239501953125
v 162.5484619140625 241.1413116455078 152.1972198486328
v 162.94488525390625 241.42784118652344 152.41452026367188
v 185.4594268798828 241.4097900390625 152.63360595703125
v 196.96734619140625 241.04885864257812 152.3107452392578
v 147.886474609375 241.48448181152344 152.3180694580078
v 148.40322875976562 242.04371643066406 152.14019775390625
v 161.98703002929688 242.21083068847656 151.83082580566406
v 162.56979370117188 241.93301391601562 152.15972900390625
v 196.80593872070312 242.04861450195312 152.161376953125
v 148.91551208496094 242.45652770996094 151.80393981933594
v 148.94015502929688 242.42431640625 152.66273498535156
v 162.99212646484375 242.6744384765625 152.55001831054688
v 184.47348022460938 242.50405883789062 152.66061401367188
v 184.03421020507812 243.08450317382812 152.2273712158203
v 196.5770263671875 242.80526733398438 152.2839813232422
v 152.1527557373047 244.5416259765625 152.33883666992188
v 159.56686401367188 244.3577117919922 151.95069885253906
v 161.04843139648438 243.84378051757812 152.4050750732422
v 162.6937255859375 243.50161743164062 152.7823944091797
v 195.296630859375 244.05123901367188 152.1970977783203
v 195.9448699951172 243.61715698242188 152.2441864013672
v 196.3162078857422 243.2552947998047 151.90023803710938
v 196.27835083007812 243.23257446289062 152.71878051757812
v 152.62142944335938 244.95921325683594 151.7965087890625
v 153.4173126220703 245.1312713623047 151.98782348632812
v 154.96157836914062 245.3412628173828 152.66680908203125
v 155.75682067871094 245.47483825683594 152.3521728515625
v 158.27655029296875 245.2050018310547 152.415771484375
v 179.56683349609375 244.49832153320312 152.70565795898438
v 192.51548767089844 245.51068115234375 152.25619506835938
v 156.97015380859375 245.5396270751953 152.3030548095703
v 157.5897674560547 245.44285583496094 152.3848114013672
v 173.56838989257812 246.94418334960938 152.2584686279297
v 174.11392211914062 246.46022033691406 152.39979553222656
v 173.98422241210938 246.92312622070312 151.92051696777344
v 173.4473114013672 246.56942749023438 152.7022247314453
v 174.62680053710938 246.78683471679688 151.80857849121094
v 173.51856994628906 247.51724243164062 152.22312927246094
v 188.34164428710938 248.26632690429688 152.44696044921875
v 187.09579467773438 249.00120544433594 152.19557189941406
v 186.38482666015625 249.29039001464844 152.5179901123047
v 185.762451171875 249.6607666015625 151.88438415527344
v 175.32200622558594 251.8082275390625 151.9447784423828
v 176.02151489257812 252.14187622070312 151.67430114746094
v 176.7404327392578 252.17677307128906 152.2005615234375
v 177.8601531982422 252.05763244628906 152.38723754882812
v 179.06765747070312 251.84942626953125 152.1872100830078
v 172.16607666015625 226.43685913085938 153.3012237548828
v 174.79917907714844 226.3284454345703 153.36441040039062
v 175.84205627441406 226.45675659179688 153.28048706054688
v 167.11265563964844 226.9779510498047 153.1537322998047
v 168.68954467773438 226.65512084960938 153.76101684570312
v 169.59121704101562 226.57708740234375 153.72134399414062
v 170.5230255126953 226.5177459716797 153.6606903076172
v 179.04660034179688 227.35281372070312 153.53256225585938
v 159.49197387695312 228.36557006835938 153.4680938720703
v 179.67120361328125 227.6571044921875 152.85824584960938
v 182.9442596435547 228.37220764160156 153.4220733642578
v 183.75682067871094 228.59136962890625 153.626953125
v 158.9108428955078 228.7733612060547 152.88380432128906
v 188.87425231933594 230.42648315429688 153.5347442626953
v 153.70826721191406 230.57357788085938 153.65597534179688
v 191.0747833251953 231.44732666015625 153.31277465820312
v 150.48255920410156 232.37205505371094 153.4637908935547
v 151.86851501464844 231.7354278564453 152.82118225097656
v 150.02098083496094 232.8890380859375 152.92979431152344
v 194.1557159423828 233.15736389160156 153.26324462890625
v 194.79605102539062 233.52691650390625 153.59414672851562
v 149.0113983154297 233.84242248535156 152.8742218017578
v 148.4621124267578 234.2984619140625 153.35043334960938
v 195.2814483642578 234.04896545410156 153.06590270996094
v 147.6284637451172 235.4829559326172 153.55709838867188
v 164.45680236816406 235.66468811035156 153.28749084472656
v 163.76966857910156 235.88600158691406 153.51768493652344
v 165.30548095703125 235.54905700683594 153.4409942626953
v 166.12850952148438 235.52059936523438 153.49073791503906
v 166.92140197753906 235.56031799316406 153.52906799316406
v 167.65882873535156 235.65516662597656 153.71946716308594
v 196.21157836914062 235.07589721679688 153.03585815429688
v 196.60580444335938 235.61375427246094 153.58506774902344
v 162.6355438232422 236.75364685058594 153.08985900878906
v 163.28184509277344 236.21327209472656 153.35491943359375
v 171.27687072753906 236.14288330078125 153.30625915527344
v 173.26589965820312 236.1750030517578 153.32211303710938
v 174.2342071533203 236.1721649169922 153.13909912109375
v 176.83767700195312 236.14283752441406 153.36595153808594
v 181.1801300048828 236.15914916992188 153.25762939453125
v 183.154296875 236.27078247070312 153.3136444091797
v 183.92042541503906 236.35873413085938 153.48985290527344
v 184.82037353515625 236.61167907714844 153.39541625976562
v 185.59474182128906 236.9532470703125 153.5196990966797
v 196.82948303222656 236.37930297851562 153.38043212890625
v 147.13856506347656 236.9771270751953 153.06471252441406
v 161.7567596435547 237.7479705810547 152.75741577148438
v 162.1549530029297 237.37693786621094 153.1702880859375
v 186.07217407226562 237.4030303955078 153.31210327148438
v 186.44142150878906 237.88084411621094 153.55613708496094
v 196.97882080078125 237.24314880371094 153.2610626220703
v 146.9635467529297 237.79525756835938 152.93556213378906
v 146.81146240234375 237.55538940429688 153.73959350585938
v 146.73031616210938 238.37527465820312 153.62884521484375
v 161.77708435058594 238.3523712158203 152.94522094726562
v 162.11520385742188 237.99911499023438 153.41427612304688
v 186.55484008789062 238.35531616210938 153.49899291992188
v 197.07394409179688 238.17953491210938 153.2664337158203
v 146.7596435546875 239.22476196289062 153.45997619628906
v 161.7130889892578 238.8528594970703 152.6896209716797
v 162.26412963867188 238.9091033935547 153.36170959472656
v 186.5448760986328 238.97056579589844 153.3757781982422
v 197.11451721191406 239.11216735839844 153.30844116210938
v 146.85357666015625 239.93072509765625 153.4787139892578
v 147.04464721679688 240.29234313964844 153.02706909179688
v 161.98147583007812 239.54312133789062 152.5825653076172
v 186.143310546875 240.1806640625 153.1795196533203
v 186.41116333007812 239.58958435058594 153.53785705566406
v 197.0952911376953 240.03875732421875 153.31845092773438
v 147.00308227539062 240.46351623535156 153.7985382080078
v 147.25064086914062 240.82484436035156 153.3520050048828
v 163.99949645996094 240.8113250732422 153.46229553222656
v 164.26620483398438 241.6052703857422 153.15573120117188
v 185.76303100585938 240.8773193359375 153.086669921875
v 185.3538818359375 241.32574462890625 153.4940643310547
v 197.00975036621094 240.97540283203125 153.3251953125
v 147.65614318847656 241.3308868408203 153.26084899902344
v 148.3238067626953 241.94830322265625 153.19908142089844
v 163.7681884765625 242.3313751220703 152.86058044433594
v 164.60043334960938 242.27975463867188 153.160400390625
v 164.8587646484375 241.72850036621094 153.34097290039062
v 184.93186950683594 241.91342163085938 153.07171630859375
v 184.32472229003906 242.30923461914062 153.52735900878906
v 196.83090209960938 241.8809356689453 153.25926208496094
v 149.63104248046875 242.77078247070312 152.9750213623047
v 151.25831604003906 243.52249145507812 153.28660583496094
v 163.46983337402344 243.2913360595703 152.9726104736328
v 164.29913330078125 243.07252502441406 153.19422912597656
v 183.02572631835938 243.26658630371094 153.19358825683594
v 196.57814025878906 242.6597137451172 153.0736083984375
v 196.16558837890625 243.19406127929688 153.56704711914062
v 152.46595764160156 244.29510498046875 153.09022521972656
v 159.43777465820312 244.8156280517578 152.80462646484375
v 163.13877868652344 243.96875 153.19058227539062
v 163.93785095214844 244.0142364501953 153.4547576904297
v 178.29904174804688 244.30482482910156 153.42820739746094
v 180.0360870361328 244.0216522216797 153.22323608398438
v 180.59173583984375 243.578857421875 153.76950073242188
v 181.5041046142578 243.4849853515625 153.64149475097656
v 195.1280975341797 244.02279663085938 153.2347869873047
v 195.77476501464844 243.65182495117188 152.9994659423828
v 152.9347686767578 244.8060302734375 152.55026245117188
v 153.6355438232422 245.02011108398438 152.65939331054688
v 154.25497436523438 245.04359436035156 153.1107940673828
v 154.01998901367188 244.6363983154297 153.69442749023438
v 154.64244079589844 244.857666015625 153.77392578125
v 154.96055603027344 245.20523071289062 153.35606384277344
v 155.6233367919922 245.3829345703125 153.2625274658203
v 158.45782470703125 245.2638397216797 153.359375
v 159.13845825195312 245.16502380371094 153.72425842285156
v 160.19485473632812 244.91566467285156 153.52674865722656
v 161.29794311523438 244.78440856933594 153.558349609375
v 162.2451171875 244.78077697753906 153.6721954345703
v 163.1501922607422 244.63168334960938 153.6597900390625
v 163.96676635742188 244.82489013671875 153.91177368164062
v 177.8157196044922 244.8172607421875 152.95135498046875
v 193.03762817382812 245.1058807373047 153.31068420410156
v 156.4510040283203 245.5291290283203 153.0713348388672
v 157.18270874023438 245.556396484375 153.21934509277344
v 157.8114471435547 245.44171142578125 153.43087768554688
v 163.4845733642578 245.15748596191406 154.1311492919922
v 163.9803466796875 245.3241424560547 154.3015899658203
v 173.15966796875 247.04867553710938 152.76405334472656
v 190.14791870117188 246.99899291992188 153.12486267089844
v 173.1893310546875 247.75682067871094 152.95980834960938
v 173.53948974609375 248.6422576904297 153.18482971191406
v 174.02525329589844 249.28927612304688 153.04083251953125
v 174.3460235595703 249.71298217773438 152.55467224121094
v 186.2578887939453 249.1807403564453 153.4032745361328
v 187.55067443847656 248.5203857421875 153.64263916015625
v 174.4705352783203 250.57960510253906 152.7650909423828
v 184.07843017578125 250.050537109375 153.3101348876953
v 174.60020446777344 251.31668090820312 153.02157592773438
v 175.04861450195312 251.72503662109375 152.67132568359375
v 175.836181640625 252.06784057617188 152.68199157714844
v 176.93968200683594 252.12533569335938 153.0918426513672
v 177.87063598632812 252.00816345214844 153.43260192871094
v 173.35806274414062 226.2571258544922 154.0667266845703
v 175.1011505126953 226.2738037109375 154.32058715820312
v 176.0601043701172 226.38592529296875 154.3942108154297
v 160.0836639404297 227.98817443847656 154.05397033691406
v 160.7263946533203 227.64910888671875 154.67030334472656
v 154.27969360351562 230.15147399902344 154.24925231933594
v 189.01687622070312 230.2701416015625 154.37533569335938
v 152.23875427246094 231.0941925048828 154.16949462890625
v 150.2556915283203 232.23300170898438 154.44786071777344
v 150.99578857421875 231.86961364746094 153.991943359375
v 193.18345642089844 232.3604278564453 154.25198364257812
v 149.2464141845703 233.13381958007812 154.12686157226562
v 148.6873779296875 233.55792236328125 154.5867919921875
v 148.29539489746094 234.15948486328125 154.20645141601562
v 195.9338836669922 234.3368377685547 154.3040771484375
v 147.7834014892578 234.67144775390625 154.7127227783203
v 164.0081329345703 235.82571411132812 153.92068481445312
v 164.6089630126953 235.68321228027344 154.06666564941406
v 165.47903442382812 235.58897399902344 154.2779541015625
v 166.3248748779297 235.52122497558594 154.08689880371094
v 166.94332885742188 235.56454467773438 154.27316284179688
v 167.55116271972656 235.6499786376953 154.44613647460938
v 196.30357360839844 234.93670654296875 153.88873291015625
v 196.66549682617188 235.4667510986328 154.46514892578125
v 147.1938934326172 236.03448486328125 154.10446166992188
v 162.9740447998047 236.76023864746094 153.953857421875
v 163.4983367919922 236.23561096191406 154.12342834472656
v 168.39894104003906 235.81971740722656 154.1493377685547
v 170.51283264160156 236.10888671875 153.92379760742188
v 172.19076538085938 236.24237060546875 154.6648406982422
v 175.05682373046875 236.18429565429688 153.97337341308594
v 177.36404418945312 236.18699645996094 154.49998474121094
v 179.45083618164062 236.11874389648438 154.00558471679688
v 180.3474884033203 236.12478637695312 154.35801696777344
v 181.53109741210938 236.14605712890625 154.2667236328125
v 182.5526123046875 236.19415283203125 154.23672485351562
v 183.48715209960938 236.279541015625 154.22242736816406
v 184.23597717285156 236.4024658203125 154.10787963867188
v 184.8561248779297 236.59750366210938 154.42872619628906
v 185.3812713623047 236.81234741210938 154.04861450195312
v 196.8946990966797 236.276123046875 154.31536865234375
v 146.97335815429688 236.77313232421875 153.89060974121094
v 146.83950805664062 236.6251678466797 154.71224975585938
v 146.6865234375 237.40211486816406 154.5714874267578
v 162.55078125 237.46524047851562 153.86318969726562
v 185.9311981201172 237.2598114013672 154.17410278320312
v 186.3330078125 237.68988037109375 153.94541931152344
v 197.04296875 237.17349243164062 154.2178955078125
v 146.6121063232422 238.1925811767578 154.45994567871094
v 162.5384979248047 238.27488708496094 154.0302734375
v 186.51654052734375 238.2254180908203 154.1600799560547
v 197.12152099609375 238.12571716308594 154.21156311035156
v 146.64169311523438 239.02536010742188 154.39132690429688
v 162.76602172851562 238.88429260253906 154.08956909179688
v 186.5570526123047 238.8406982421875 154.07052612304688
v 146.799072265625 239.92123413085938 154.26943969726562
v 162.9613494873047 239.53228759765625 153.73800659179688
v 163.27297973632812 239.19725036621094 154.42132568359375
v 163.7403106689453 239.96176147460938 154.06407165527344
v 186.16725158691406 239.97439575195312 154.16500854492188
v 186.47718811035156 239.36160278320312 153.9743194580078
v 197.11558532714844 240.03541564941406 154.26060485839844
v 146.99168395996094 240.50967407226562 154.34478759765625
v 147.35519409179688 241.0193328857422 154.25794982910156
v 185.76144409179688 240.70127868652344 153.8539276123047
v 185.24667358398438 241.18252563476562 154.3510284423828
v 197.01589965820312 240.9306640625 154.3021697998047
v 147.93359375 241.6181182861328 153.99948120117188
v 148.55958557128906 242.00469970703125 154.3581085205078
v 149.27183532714844 242.36634826660156 154.3425750732422
v 167.31787109375 242.23985290527344 154.16177368164062
v 167.6339111328125 241.76388549804688 154.5526885986328
v 167.98924255371094 242.41273498535156 154.32618713378906
v 184.1816864013672 242.10899353027344 154.3441162109375
v 196.82244873046875 241.78468322753906 154.28277587890625
v 166.75025939941406 243.30654907226562 153.95143127441406
v 167.51409912109375 242.97193908691406 154.0736083984375
v 168.2960662841797 242.9826202392578 154.23196411132812
v 168.72808837890625 242.6273651123047 154.53387451171875
v 168.94970703125 243.29525756835938 154.3647003173828
v 183.7615509033203 242.5399169921875 153.9364776611328
v 196.4738311767578 242.6125030517578 154.15069580078125
v 196.00502014160156 243.19989013671875 154.3208465576172
v 167.449462890625 243.89344787597656 154.13723754882812
v 168.303466796875 243.6316680908203 154.1885528564453
v 169.19085693359375 244.03468322753906 154.30039978027344
v 169.7210693359375 243.5680694580078 154.53839111328125
v 170.0565643310547 244.23036193847656 154.3887481689453
v 195.62876892089844 243.6053009033203 153.84825134277344
v 195.527587890625 243.4913330078125 154.6761474609375
v 155.3721923828125 245.0679473876953 153.90138244628906
v 156.27749633789062 245.28518676757812 154.02032470703125
v 158.16275024414062 245.3251495361328 154.25155639648438
v 158.9855194091797 245.29298400878906 154.59014892578125
v 159.91519165039062 245.2779083251953 154.61502075195312
v 160.97476196289062 245.22618103027344 154.40065002441406
v 161.9325714111328 245.22171020507812 154.29019165039062
v 162.81605529785156 245.20486450195312 154.2080841064453
v 164.57620239257812 245.15774536132812 154.22825622558594
v 166.1448211669922 245.0384063720703 154.3821563720703
v 167.31942749023438 244.83148193359375 154.38267517089844
v 168.50042724609375 244.6271209716797 154.3312225341797
v 169.66708374023438 244.80398559570312 154.3212890625
v 170.43429565429688 244.79339599609375 154.31190490722656
v 170.8500213623047 244.38780212402344 154.47935485839844
v 171.1200714111328 245.03546142578125 154.3033905029297
v 175.56163024902344 244.44309997558594 154.49237060546875
v 192.49856567382812 245.27767944335938 154.27655029296875
v 156.87969970703125 245.52032470703125 153.80458068847656
v 157.215087890625 245.36233520507812 154.34983825683594
v 157.33363342285156 245.5325164794922 153.88229370117188
v 157.61965942382812 245.4717559814453 154.07542419433594
v 162.5745849609375 245.5994110107422 154.88926696777344
v 163.4949951171875 245.6226043701172 154.69876098632812
v 164.3730926513672 245.6915740966797 154.6934051513672
v 165.26614379882812 245.58262634277344 154.61720275878906
v 167.20164489746094 245.8044891357422 154.7926025390625
v 169.38845825195312 245.5682373046875 154.5183868408203
v 170.4475555419922 245.52008056640625 154.3498992919922
v 166.0840301513672 246.4047088623047 155.2391357421875
v 172.10374450683594 246.8642120361328 153.9827880859375
v 189.32931518554688 247.36032104492188 154.33218383789062
v 171.57614135742188 247.47833251953125 154.45753479003906
v 172.86520385742188 248.1757354736328 153.67730712890625
v 171.73106384277344 248.47801208496094 154.68736267089844
v 172.4407958984375 248.7705078125 154.3029022216797
v 173.1155242919922 249.1195068359375 153.9199981689453
v 173.71441650390625 249.5548553466797 153.58509826660156
v 174.15338134765625 250.0292510986328 153.2272186279297
v 173.2889862060547 250.1014404296875 154.08274841308594
v 184.8164520263672 249.67152404785156 153.85523986816406
v 174.32534790039062 251.4317626953125 153.54855346679688
v 181.02622985839844 251.09039306640625 154.34188842773438
v 173.42947387695312 251.8265838623047 154.52914428710938
v 174.9127960205078 251.86280822753906 153.50074768066406
v 175.94288635253906 252.1248321533203 153.8319549560547
v 178.20297241210938 251.89625549316406 154.34884643554688
v 179.7521514892578 251.5757293701172 153.80477905273438
v 179.6783905029297 251.52993774414062 154.62646484375
v 168.6188507080078 226.4242706298828 155.31773376464844
v 169.5595703125 226.30667114257812 155.5642547607422
v 171.25071716308594 226.2424774169922 155.4061737060547
v 173.29873657226562 226.20016479492188 154.89271545410156
v 174.25494384765625 226.18304443359375 155.21429443359375
v 176.24606323242188 226.34576416015625 155.45692443847656
v 177.13865661621094 226.51748657226562 155.2738037109375
v 177.75430297851562 226.64324951171875 155.6317596435547
v 154.1021728515625 229.96212768554688 155.0580596923828
v 154.69239807128906 229.545166015625 155.65660095214844
v 188.43927001953125 229.89634704589844 154.9521942138672
v 188.56146240234375 229.76559448242188 155.7895965576172
v 189.69044494628906 230.3421173095703 155.4658660888672
v 152.0780792236328 230.9263458251953 155.00433349609375
v 149.69549560546875 232.4143524169922 155.35690307617188
v 150.75311279296875 231.54666137695312 155.70010375976562
v 193.82510375976562 232.5035400390625 155.56198120117188
v 148.55152893066406 233.43939208984375 155.47816467285156
v 195.04684448242188 233.30960083007812 155.37803649902344
v 147.6539764404297 234.54129028320312 155.58203125
v 195.6455535888672 233.70738220214844 155.6990203857422
v 196.0344696044922 234.21871948242188 155.17520141601562
v 147.32843017578125 235.2025146484375 155.2209014892578
v 164.0428466796875 236.02081298828125 154.53271484375
v 164.70944213867188 235.86178588867188 154.8089141845703
v 165.35348510742188 235.77728271484375 155.03768920898438
v 166.15892028808594 235.6392822265625 154.8419952392578
v 166.97702026367188 235.66786193847656 154.97608947753906
v 167.71417236328125 235.79132080078125 155.04994201660156
v 196.3749237060547 234.79156494140625 154.73504638671875
v 196.46502685546875 234.72129821777344 155.61575317382812
v 196.68223571777344 235.27137756347656 155.21990966796875
v 147.05612182617188 235.8918914794922 154.92019653320312
v 146.74072265625 236.49024963378906 155.54388427734375
v 163.2598114013672 236.80628967285156 154.56381225585938
v 163.67755126953125 236.56045532226562 154.87478637695312
v 164.24949645996094 236.3238525390625 155.1980743408203
v 164.9385528564453 236.13389587402344 155.4444580078125
v 168.56809997558594 236.0350799560547 155.25880432128906
v 170.33790588378906 236.18138122558594 154.77488708496094
v 171.2062530517578 236.29885864257812 155.16416931152344
v 173.08457946777344 236.35757446289062 155.34762573242188
v 174.22044372558594 236.26133728027344 154.77566528320312
v 176.3123016357422 236.3050079345703 155.32931518554688
v 177.2391357421875 236.3067626953125 155.6561279296875
v 180.17474365234375 236.1575469970703 155.5458221435547
v 182.20887756347656 236.21974182128906 155.23928833007812
v 183.1799774169922 236.3071746826172 155.17347717285156
v 184.17575073242188 236.46449279785156 155.02554321289062
v 184.9390106201172 236.7200469970703 155.16415405273438
v 185.44735717773438 236.94305419921875 154.7635498046875
v 196.932373046875 236.12228393554688 155.3756866455078
v 146.59490966796875 237.3017578125 155.44650268554688
v 163.0133056640625 237.364990234375 154.55210876464844
v 163.5073699951172 237.28077697753906 155.13133239746094
v 185.352783203125 237.10072326660156 155.54949951171875
v 185.878662109375 237.49220275878906 155.07586669921875
v 186.28660583496094 237.86007690429688 154.58078002929688
v 197.08192443847656 237.12796020507812 155.21702575683594
v 146.5369110107422 238.12823486328125 155.324462890625
v 162.83311462402344 237.93063354492188 154.47430419921875
v 163.32476806640625 238.044677734375 155.0169219970703
v 186.1238555908203 238.2954559326172 155.34449768066406
v 186.4242706298828 238.2852020263672 154.72140502929688
v 197.14991760253906 238.11297607421875 155.21051025390625
v 146.5606689453125 238.8055877685547 155.1346893310547
v 163.0017852783203 238.53135681152344 154.57435607910156
v 163.55337524414062 238.81863403320312 154.97598266601562
v 186.43003845214844 238.72132873535156 154.7256317138672
v 186.12820434570312 239.1785888671875 155.3150177001953
v 197.15228271484375 239.1101837158203 155.25160217285156
v 146.71058654785156 239.6655731201172 155.3170623779297
v 163.82481384277344 239.4217071533203 154.7288055419922
v 164.2030029296875 239.1446533203125 155.23391723632812
v 164.49815368652344 239.91346740722656 154.67718505859375
v 164.95274353027344 239.43862915039062 155.41738891601562
v 186.3568115234375 239.36241149902344 154.58749389648438
v 185.9680633544922 239.90162658691406 155.07012939453125
v 146.99827575683594 240.45936584472656 154.94032287597656
v 147.40301513671875 240.9987030029297 155.35704040527344
v 166.449462890625 241.14352416992188 154.49044799804688
v 168.036865234375 241.30267333984375 155.1678466796875
v 185.6572723388672 240.55970764160156 154.72853088378906
v 185.4642791748047 240.39759826660156 155.5453643798828
v 185.0933380126953 241.0186004638672 155.188720703125
v 197.0189971923828 240.8119659423828 155.1002960205078
v 147.90455627441406 241.51866149902344 154.846435546875
v 147.9249267578125 241.41661071777344 155.74569702148438
v 148.398193359375 241.79794311523438 155.24244689941406
v 149.97276306152344 242.40403747558594 155.54397583007812
v 168.41989135742188 241.97109985351562 154.80068969726562
v 169.18936157226562 242.2111358642578 155.0667724609375
v 184.64878845214844 241.587890625 154.78158569335938
v 184.4684600830078 241.3890380859375 155.5899658203125
v 183.982421875 241.91217041015625 155.14535522460938
v 196.79441833496094 241.66773986816406 155.3406524658203
v 154.0662078857422 243.45130920410156 155.48753356933594
v 181.52655029296875 242.4967498779297 155.67453002929688
v 182.69866943359375 242.61676025390625 154.80674743652344
v 183.2248077392578 242.1646728515625 155.42689514160156
v 183.4937744140625 242.39320373535156 154.62319946289062
v 196.0672149658203 242.93063354492188 155.14276123046875
v 195.42933654785156 243.35032653808594 155.5414276123047
v 196.5461883544922 242.33563232421875 155.01229858398438
v 155.7505340576172 243.8370361328125 155.7013702392578
v 170.50473022460938 243.77337646484375 154.72183227539062
v 176.0736541748047 243.90383911132812 154.95303344726562
v 175.6625213623047 243.48287963867188 155.4990692138672
v 175.207275390625 244.0407257080078 155.06924438476562
v 176.91928100585938 243.74769592285156 154.83680725097656
v 177.46023559570312 243.22116088867188 155.34054565429688
v 156.72756958007812 244.93165588378906 154.82598876953125
v 157.66012573242188 245.06402587890625 155.00186157226562
v 158.20144653320312 244.84613037109375 155.6792449951172
v 158.5089569091797 245.18824768066406 155.0796356201172
v 158.86570739746094 245.07928466796875 155.6285400390625
v 159.2890625 245.2699432373047 155.21609497070312
v 160.06890869140625 245.33482360839844 155.4961395263672
v 160.86825561523438 245.39312744140625 155.4034423828125
v 161.70237731933594 245.50753784179688 155.06324768066406
v 171.65084838867188 244.588134765625 154.5321807861328
v 172.3570098876953 244.8032989501953 154.47743225097656
v 173.0975341796875 244.67849731445312 154.6344757080078
v 173.28726196289062 244.05731201171875 155.25286865234375
v 174.3072967529297 244.08941650390625 155.19361877441406
v 160.60646057128906 245.38833618164062 155.78598022460938
v 160.96725463867188 245.3857879638672 155.92955017089844
v 162.31146240234375 245.8119354248047 155.64170837402344
v 163.17279052734375 246.00653076171875 155.4891357421875
v 164.04588317871094 246.12721252441406 155.3211669921875
v 164.8923797607422 246.16458129882812 155.17820739746094
v 167.54063415527344 246.51849365234375 155.18833923339844
v 170.17127990722656 246.3651123046875 154.64566040039062
v 170.8956298828125 246.2631072998047 154.4002685546875
v 164.60797119140625 246.61468505859375 155.8798065185547
v 169.67503356933594 248.320068359375 155.823974609375
v 171.15695190429688 249.27183532714844 155.27235412597656
v 172.0774383544922 250.5142822265625 154.90576171875
v 170.87979125976562 251.18429565429688 155.8749542236328
v 171.513671875 251.2972869873047 155.39613342285156
v 172.22215270996094 251.41746520996094 155.02362060546875
v 172.90272521972656 251.6048583984375 154.69415283203125
v 180.3247528076172 251.27572631835938 155.0507049560547
v 171.06158447265625 252.0203399658203 155.80499267578125
v 171.63230895996094 252.0180206298828 155.6290740966797
v 172.48435974121094 251.99957275390625 155.31874084472656
v 173.10276794433594 252.05889892578125 154.97457885742188
v 173.71766662597656 252.12828063964844 154.96249389648438
v 174.7982177734375 252.12681579589844 154.751220703125
v 176.02755737304688 252.14202880859375 154.9806671142578
v 177.1163787841797 252.02984619140625 155.1638946533203
v 178.94935607910156 251.70001220703125 155.01284790039062
v 171.10557556152344 252.3531494140625 155.82949829101562
v 170.95196533203125 252.4144287109375 155.8553466796875
v 175.23825073242188 226.20626831054688 156.31686401367188
v 176.88870239257812 226.41412353515625 156.21998596191406
v 159.6617889404297 227.52072143554688 156.5981903076172
v 182.46421813964844 227.84649658203125 155.96241760253906
v 188.68109130859375 229.6660919189453 156.65322875976562
v 153.1912078857422 230.0341796875 156.1224365234375
v 152.47117614746094 230.3193359375 156.39723205566406
v 153.77157592773438 229.60118103027344 156.71255493164062
v 151.92535400390625 230.77191162109375 155.85296630859375
v 150.12313842773438 231.9121856689453 156.0292205810547
v 149.00787353515625 232.87051391601562 155.90003967285156
v 195.21682739257812 233.22853088378906 156.40086364746094
v 195.8140411376953 233.6936798095703 156.5022735595703
v 196.1534881591797 234.1486053466797 156.08091735839844
v 196.57089233398438 234.70901489257812 156.57821655273438
v 147.22630310058594 235.07095336914062 156.111328125
v 165.71710205078125 235.95663452148438 155.5194091796875
v 166.42349243164062 235.8190155029297 155.44322204589844
v 167.04861450195312 235.9116668701172 155.60263061523438
v 167.72592163085938 236.01336669921875 155.6791229248047
v 196.82899475097656 235.4916229248047 156.1846923828125
v 146.95179748535156 235.76141357421875 155.74359130859375
v 146.8645477294922 235.70433044433594 156.6475372314453
v 146.69444274902344 236.31951904296875 156.2674102783203
v 163.99049377441406 236.9137420654297 155.4527130126953
v 164.59835815429688 236.69281005859375 155.734619140625
v 165.35008239746094 236.46302795410156 155.92813110351562
v 166.25863647460938 236.234619140625 155.9822235107422
v 167.18943786621094 236.34661865234375 156.18130493164062
v 168.1207733154297 236.31588745117188 156.08599853515625
v 171.2974090576172 236.54896545410156 156.09381103515625
v 172.33050537109375 236.539794921875 156.09075927734375
v 173.16043090820312 236.59178161621094 156.2587432861328
v 174.20924377441406 236.47015380859375 155.8667449951172
v 175.34750366210938 236.5038299560547 156.09591674804688
v 179.15423583984375 236.2073516845703 155.9171905517578
v 180.1772918701172 236.23182678222656 156.58241271972656
v 181.15834045410156 236.24407958984375 156.3264617919922
v 183.00701904296875 236.41860961914062 156.12832641601562
v 183.88723754882812 236.56651306152344 155.99984741210938
v 184.69366455078125 236.7925567626953 155.83554077148438
v 197.03846740722656 236.38705444335938 156.39877319335938
v 146.5279998779297 237.1815185546875 156.45172119140625
v 163.95103454589844 237.4454345703125 155.609130859375
v 164.34640502929688 237.2327880859375 155.822998046875
v 165.0383758544922 237.1947479248047 156.12228393554688
v 168.4575653076172 236.67755126953125 156.4956817626953
v 168.98960876464844 236.8531494140625 156.6623992919922
v 172.52642822265625 236.7474365234375 156.61383056640625
v 172.9889373779297 236.8535919189453 156.8054962158203
v 176.8444061279297 236.6616668701172 156.8987274169922
v 185.13490295410156 237.27639770507812 156.2794189453125
v 185.67935180664062 237.6790771484375 155.86170959472656
v 146.49058532714844 238.11672973632812 156.2753448486328
v 163.77505493164062 237.84231567382812 155.4786376953125
v 164.3857879638672 237.86715698242188 155.856201171875
v 165.27854919433594 238.04336547851562 156.2437286376953
v 185.77423095703125 238.21485900878906 156.11082458496094
v 197.15887451171875 238.11538696289062 156.22930908203125
v 146.5694122314453 239.0444793701172 156.09149169921875
v 163.9407501220703 238.4337921142578 155.45870971679688
v 164.6549072265625 238.6739959716797 155.77037048339844
v 165.41477966308594 238.920654296875 156.00413513183594
v 185.785888671875 238.87843322753906 156.08839416503906
v 197.14334106445312 239.1121826171875 156.27703857421875
v 146.76333618164062 239.8673553466797 156.25538635253906
v 165.7535858154297 239.6746063232422 155.60708618164062
v 166.15972900390625 239.14682006835938 156.18234252929688
v 166.5316162109375 239.838623046875 155.82005310058594
v 166.92428588867188 239.32066345214844 156.35174560546875
v 167.73321533203125 239.48165893554688 156.5410919189453
v 185.7093048095703 239.6977996826172 155.83961486816406
v 185.2119903564453 240.16195678710938 156.2701873779297
v 197.0593719482422 240.09408569335938 156.28330993652344
v 147.01248168945312 240.41302490234375 155.86492919921875
v 147.03717041015625 240.36715698242188 156.75509643554688
v 147.43975830078125 240.9220733642578 156.2921905517578
v 147.9996795654297 241.32557678222656 156.63571166992188
v 168.91371154785156 240.40045166015625 156.46029663085938
v 184.89578247070312 240.81275939941406 155.96267700195312
v 184.2676239013672 241.1468048095703 156.3475799560547
v 196.89401245117188 241.08042907714844 156.13641357421875
v 148.5567626953125 241.7548065185547 155.9983673095703
v 150.12982177734375 242.29269409179688 156.45254516601562
v 171.84080505371094 241.57955932617188 156.6493682861328
v 172.44163513183594 242.25244140625 156.3764190673828
v 173.2516632080078 242.1076202392578 156.53697204589844
v 176.47601318359375 241.73858642578125 156.8555145263672
v 182.0354461669922 242.1708984375 156.21339416503906
v 182.8904266357422 241.89846801757812 156.29588317871094
v 183.76364135742188 241.67897033691406 155.94839477539062
v 196.6190948486328 241.89462280273438 156.28192138671875
v 153.3887481689453 243.02288818359375 156.14283752441406
v 155.26681518554688 243.42091369628906 156.194580078125
v 155.9697265625 243.51565551757812 156.44747924804688
v 171.37498474121094 242.99334716796875 155.67794799804688
v 172.22796630859375 243.0270538330078 155.89599609375
v 173.3164825439453 242.8206024169922 156.14532470703125
v 175.23162841796875 243.07647705078125 155.9095458984375
v 176.02154541015625 242.8706512451172 155.9626922607422
v 178.00901794433594 242.8037567138672 155.78543090820312
v 195.89559936523438 242.85836791992188 156.146728515625
v 196.39479064941406 242.39105224609375 155.83285522460938
v 196.26856994628906 242.3367156982422 156.70108032226562
v 156.56861877441406 243.97686767578125 155.96795654296875
v 156.77088928222656 243.65411376953125 156.71456909179688
v 157.26956176757812 244.04591369628906 156.3128204345703
v 172.49929809570312 243.68060302734375 155.5003662109375
v 173.02061462402344 243.4597625732422 155.744140625
v 173.8555450439453 243.53375244140625 155.69586181640625
v 159.5066375732422 245.12945556640625 155.89930725097656
v 160.33631896972656 245.2034454345703 156.15171813964844
v 161.5670623779297 245.5498046875 155.8059539794922
v 161.24002075195312 245.10470581054688 156.248046875
v 161.29994201660156 245.51512145996094 156.2304229736328
v 162.8582763671875 246.18992614746094 156.35598754882812
v 163.7509307861328 246.45724487304688 156.07870483398438
v 164.3169403076172 246.9137725830078 156.6360626220703
v 165.1588592529297 247.1334991455078 156.44534301757812
v 165.98995971679688 247.3070526123047 156.2499542236328
v 169.25807189941406 247.74618530273438 155.6603546142578
v 189.69239807128906 246.83462524414062 155.9836883544922
v 165.65577697753906 247.6368865966797 156.90927124023438
v 166.40289306640625 247.8529052734375 156.72450256347656
v 167.1899871826172 248.03118896484375 156.5113983154297
v 188.63079833984375 247.54017639160156 155.78756713867188
v 167.6414794921875 248.63699340820312 156.8614044189453
v 168.45211791992188 248.87220764160156 156.62611389160156
v 169.3426971435547 249.9469757080078 156.82000732421875
v 170.29188537597656 251.07369995117188 156.5668182373047
v 170.80857849121094 251.86590576171875 156.27281188964844
v 172.0650177001953 252.14768981933594 156.23590087890625
v 171.19476318359375 252.2654571533203 156.079345703125
v 173.04928588867188 252.19781494140625 155.7034454345703
v 173.95494079589844 252.2029266357422 155.9349822998047
v 177.9812774658203 251.8590087890625 156.54653930664062
v 178.93704223632812 251.64599609375 156.1436309814453
v 170.93161010742188 252.3244171142578 155.966552734375
v 170.97962951660156 252.4652862548828 155.91229248046875
v 171.98329162597656 226.1356658935547 157.08815002441406
v 173.07774353027344 226.13235473632812 157.0975341796875
v 176.1103973388672 226.2724151611328 157.21714782714844
v 182.55670166015625 227.75198364257812 156.81057739257812
v 182.6713104248047 227.68157958984375 157.68162536621094
v 153.6089324951172 229.4401397705078 157.55352783203125
v 155.1134490966797 228.95579528808594 157.06690979003906
v 155.66989135742188 228.57550048828125 157.66539001464844
v 188.03671264648438 229.34828186035156 157.34730529785156
v 152.31912231445312 230.17555236816406 157.25100708007812
v 150.4429168701172 231.3394012451172 157.4107208251953
v 149.949462890625 231.82876586914062 156.91259765625
v 149.32691955566406 232.2432861328125 157.29823303222656
v 148.8662872314453 232.77279663085938 156.82054138183594
v 195.1020050048828 232.98805236816406 157.24066162109375
v 195.69012451171875 233.43580627441406 157.34422302246094
v 147.93421936035156 233.78460693359375 156.8137969970703
v 147.853271484375 233.6888427734375 157.65023803710938
v 147.564208984375 234.1929931640625 157.20785522460938
v 196.26683044433594 234.10821533203125 157.13685607910156
v 196.6751251220703 234.7559356689453 157.46116638183594
v 146.77928161621094 235.71058654785156 157.65057373046875
v 196.87579345703125 235.40065002441406 157.27047729492188
v 146.5753936767578 236.56381225585938 157.22779846191406
v 165.75204467773438 236.76307678222656 156.26402282714844
v 166.40919494628906 236.7639617919922 156.41909790039062
v 167.02279663085938 236.8796844482422 156.5665740966797
v 167.74427795410156 236.76898193359375 156.54110717773438
v 170.50128173828125 236.73158264160156 156.5130615234375
v 171.0228729248047 236.87875366210938 156.75827026367188
v 171.79180908203125 236.81744384765625 156.6785888671875
v 173.7249298095703 236.78416442871094 156.67578125
v 174.50491333007812 236.6953582763672 156.55038452148438
v 175.02508544921875 236.7935333251953 156.7812957763672
v 177.48330688476562 236.58560180664062 156.978759765625
v 179.1112823486328 236.3500518798828 157.07594299316406
v 180.24180603027344 236.33009338378906 157.5703125
v 181.1796417236328 236.3441619873047 157.25819396972656
v 182.0836944580078 236.4510498046875 157.10426330566406
v 182.92906188964844 236.5957489013672 156.99685668945312
v 183.72474670410156 236.76242065429688 156.84213256835938
v 184.47079467773438 236.97886657714844 156.6048126220703
v 197.03799438476562 236.2522735595703 157.2128448486328
v 146.4422149658203 237.4435577392578 157.44692993164062
v 165.7997283935547 237.30287170410156 156.45138549804688
v 166.491455078125 237.3307342529297 156.6387481689453
v 167.30178833007812 237.4613494873047 156.7640838623047
v 168.37510681152344 237.28013610839844 156.84796142578125
v 169.33724975585938 237.28448486328125 156.9998321533203
v 170.27772521972656 237.17401123046875 157.0392608642578
v 171.21896362304688 237.28842163085938 157.20559692382812
v 172.28553771972656 237.12425231933594 157.10169982910156
v 173.19871520996094 237.22113037109375 157.21177673339844
v 174.28208923339844 237.10035705566406 157.127197265625
v 175.3426513671875 237.15013122558594 157.2879180908203
v 176.9561767578125 236.91830444335938 157.43850708007812
v 183.54812622070312 237.02639770507812 157.58511352539062
v 184.2375946044922 237.25985717773438 157.29542541503906
v 184.8731231689453 237.54425048828125 156.9242401123047
v 185.41253662109375 237.86453247070312 156.50457763671875
v 197.12799072265625 237.17117309570312 157.23434448242188
v 146.45167541503906 238.1255340576172 157.27357482910156
v 165.980224609375 237.8066864013672 156.55935668945312
v 166.55078125 237.95787048339844 156.6837921142578
v 167.1286163330078 238.1695098876953 156.78274536132812
v 167.88381958007812 238.0879669189453 156.9186553955078
v 168.92648315429688 238.0631866455078 157.15623474121094
v 172.4705352783203 237.5513916015625 157.4375762939453
v 172.92697143554688 237.74916076660156 157.54051208496094
v 185.1179656982422 238.26922607421875 157.00306701660156
v 185.55548095703125 238.39691162109375 156.5227508544922
v 146.54373168945312 238.9480743408203 157.14378356933594
v 165.95858764648438 238.42575073242188 156.4369354248047
v 166.64544677734375 238.63339233398438 156.5773468017578
v 167.40016174316406 238.7639617919922 156.72735595703125
v 168.26641845703125 238.8560028076172 156.93505859375
v 169.22314453125 239.01113891601562 157.22378540039062
v 185.41502380371094 238.80821228027344 156.68804931640625
v 184.97998046875 239.05404663085938 157.1285400390625
v 197.11654663085938 239.10189819335938 157.28604125976562
v 146.7383575439453 239.71871948242188 157.01046752929688
v 147.0572967529297 240.27862548828125 157.64662170410156
v 168.57859802246094 239.65960693359375 156.76724243164062
v 169.39454650878906 239.8878936767578 156.9861297607422
v 172.2897186279297 240.02503967285156 157.47906494140625
v 172.97462463378906 239.7259063720703 157.61453247070312
v 173.08514404296875 240.2838134765625 157.4177703857422
v 172.52847290039062 239.4658966064453 157.6622772216797
v 185.3830108642578 239.43389892578125 156.5194091796875
v 184.89627075195312 239.85739135742188 156.91433715820312
v 197.01754760742188 240.04437255859375 157.2975311279297
v 147.4866943359375 240.83448791503906 157.22232055664062
v 169.7270965576172 240.6040496826172 156.67701721191406
v 170.192626953125 240.10787963867188 157.1494903564453
v 171.2234649658203 240.18812561035156 157.30087280273438
v 171.3455352783203 240.981689453125 156.90463256835938
v 174.24342346191406 241.01768493652344 157.1490936279297
v 174.890625 240.40496826171875 157.49517822265625
v 184.65321350097656 240.54652404785156 156.66270446777344
v 184.3577117919922 240.2290496826172 157.28990173339844
v 184.033203125 240.8503875732422 157.04522705078125
v 196.84249877929688 240.927978515625 157.2093048095703
v 149.4733428955078 241.96229553222656 157.17689514160156
v 174.94093322753906 241.8238525390625 156.74188232421875
v 179.07705688476562 241.91981506347656 157.12445068359375
v 180.18699645996094 242.00486755371094 157.03302001953125
v 181.17440795898438 241.82080078125 157.3228759765625
v 182.93695068359375 241.53416442871094 157.0306396484375
v 183.57772827148438 241.39833068847656 156.70828247070312
v 183.35498046875 241.0871124267578 157.39642333984375
v 196.58485412597656 241.70945739746094 157.03695678710938
v 196.1758270263672 242.18707275390625 157.53646850585938
v 153.583740234375 242.79318237304688 156.9911651611328
v 153.76573181152344 242.61900329589844 157.78604125976562
v 154.31973266601562 242.8536376953125 157.19932556152344
v 156.13101196289062 243.25245666503906 157.28143310546875
v 156.96060180664062 243.42823791503906 157.52296447753906
v 195.7714080810547 242.7332000732422 157.0203094482422
v 158.17745971679688 243.9864501953125 157.2666015625
v 158.91995239257812 244.36273193359375 157.20840454101562
v 160.46353149414062 244.989501953125 156.97586059570312
v 161.63136291503906 245.55621337890625 156.76454162597656
v 161.82786560058594 245.6195831298828 157.6062774658203
v 162.2987518310547 245.95924377441406 157.01963806152344
v 162.9854736328125 246.37290954589844 157.2355194091797
v 163.55006408691406 246.64364624023438 156.81976318359375
v 164.0148162841797 246.96759033203125 157.29049682617188
v 164.9066619873047 247.39907836914062 157.3048858642578
v 189.07949829101562 246.98464965820312 157.1824951171875
v 165.5150909423828 247.78598022460938 157.33224487304688
v 166.02337646484375 248.0205841064453 157.33151245117188
v 166.8243865966797 248.40115356445312 157.23863220214844
v 167.41270446777344 248.94874572753906 157.4735565185547
v 168.10231018066406 249.30795288085938 157.27520751953125
v 168.7392578125 249.5765838623047 156.9842987060547
v 185.7432861328125 248.70010375976562 156.84222412109375
v 168.6075897216797 249.817138671875 157.44497680664062
v 169.02650451660156 250.08102416992188 157.29739379882812
v 169.6638641357422 250.63693237304688 157.27700805664062
v 170.20640563964844 251.2576446533203 157.1704864501953
v 180.26528930664062 251.1309814453125 157.1713104248047
v 170.56446838378906 251.61038208007812 156.8518524169922
v 170.69290161132812 251.5346221923828 157.41555786132812
v 171.2061004638672 251.9372100830078 156.83128356933594
v 171.42576599121094 251.6775360107422 157.72811889648438
v 171.9962921142578 251.9585723876953 157.2110595703125
v 172.98988342285156 252.08006286621094 156.9769744873047
v 176.12477111816406 252.05044555664062 157.17001342773438
v 177.0714111328125 251.98333740234375 157.23040771484375
v 178.77932739257812 251.66786193847656 157.2093048095703
v 162.3386993408203 226.52545166015625 158.35899353027344
v 169.00144958496094 226.16641235351562 157.97653198242188
v 176.14175415039062 226.26698303222656 158.19320678710938
v 177.81289672851562 226.542236328125 158.24378967285156
v 160.7165069580078 226.69798278808594 158.71527099609375
v 181.95191955566406 227.44403076171875 158.38633728027344
v 183.4475555419922 227.8841552734375 157.99301147460938
v 154.18670654296875 229.0264892578125 158.128662109375
v 189.0354766845703 229.58712768554688 158.3151397705078
v 151.50238037109375 230.3768310546875 158.4245147705078
v 152.73265075683594 229.59735107421875 158.6680450439453
v 189.54928588867188 229.8759307861328 157.8100128173828
v 189.62646484375 229.80088806152344 158.69815063476562
v 150.96144104003906 230.85494995117188 157.90802001953125
v 149.2163848876953 232.14173889160156 158.18270874023438
v 194.77178955078125 232.56475830078125 158.58741760253906
v 148.23785400390625 233.1239013671875 158.1284942626953
v 147.8008575439453 233.5948028564453 158.55690002441406
v 195.82791137695312 233.38967895507812 158.35797119140625
v 147.4393768310547 234.2406463623047 158.00625610351562
v 196.17210388183594 233.8341064453125 157.95860290527344
v 196.59719848632812 234.50448608398438 158.29087829589844
v 147.0160369873047 235.00177001953125 158.400634765625
v 146.71383666992188 235.74134826660156 158.46546936035156
v 196.89697265625 235.35694885253906 158.2460479736328
v 146.55899047851562 236.39332580566406 158.27537536621094
v 178.48638916015625 236.68028259277344 158.02545166015625
v 179.42501831054688 236.4652862548828 158.10772705078125
v 180.2777862548828 236.45639038085938 158.45501708984375
v 181.13427734375 236.4661407470703 158.13038635253906
v 182.0045928955078 236.603759765625 157.93460083007812
v 182.8095245361328 236.80612182617188 157.7842559814453
v 197.0482177734375 236.21795654296875 158.2048797607422
v 146.44137573242188 237.2231903076172 158.23057556152344
v 169.73361206054688 237.69308471679688 157.28880310058594
v 170.3969268798828 237.7444610595703 157.427490234375
v 170.992919921875 237.84173583984375 157.540283203125
v 171.72731018066406 237.6808624267578 157.48226928710938
v 173.6783447265625 237.68325805664062 157.52162170410156
v 174.5843505859375 237.666259765625 157.5840301513672
v 175.35906982421875 237.72354125976562 157.74551391601562
v 177.18716430664062 237.32440185546875 158.14117431640625
v 177.8387451171875 237.08189392089844 158.37213134765625
v 182.57676696777344 237.0267791748047 158.51852416992188
v 183.2696075439453 237.322509765625 158.26890563964844
v 183.92613220214844 237.62326049804688 157.9134521484375
v 184.54779052734375 237.89788818359375 157.48171997070312
v 197.11817932128906 237.1556396484375 158.21705627441406
v 146.42840576171875 238.0719757080078 158.27210998535156
v 169.75665283203125 238.27142333984375 157.44052124023438
v 170.45742797851562 238.319580078125 157.60128784179688
v 171.22076416015625 238.3043212890625 157.65232849121094
v 172.17926025390625 238.1769561767578 157.6442413330078
v 173.07437133789062 238.2915802001953 157.6873321533203
v 173.97445678710938 238.3011932373047 157.73678588867188
v 174.8722381591797 238.28456115722656 157.84999084472656
v 175.76617431640625 238.25807189941406 158.04551696777344
v 183.4916229248047 238.016357421875 158.52728271484375
v 184.14608764648438 238.42112731933594 157.98143005371094
v 184.70233154296875 238.49600219726562 157.47711181640625
v 197.12281799316406 238.1260223388672 158.24729919433594
v 146.5464324951172 238.91018676757812 158.1973876953125
v 169.9514617919922 238.8127899169922 157.5155487060547
v 170.619140625 238.99232482910156 157.61012268066406
v 171.50852966308594 238.89892578125 157.68299865722656
v 172.37905883789062 238.90499877929688 157.70977783203125
v 173.27996826171875 239.05459594726562 157.7302703857422
v 174.28846740722656 238.98516845703125 157.8068084716797
v 176.08580017089844 239.04315185546875 158.20211791992188
v 183.5271453857422 238.85581970214844 158.58169555664062
v 184.05453491210938 239.25926208496094 158.01010131835938
v 184.51722717285156 238.95010375976562 157.63734436035156
v 197.07046508789062 239.08338928222656 158.26864624023438
v 146.7521209716797 239.6576385498047 157.95425415039062
v 147.0602264404297 240.19601440429688 158.47409057617188
v 169.93551635742188 239.42823791503906 157.377197265625
v 170.55337524414062 239.65524291992188 157.45265197753906
v 171.0862579345703 239.46774291992188 157.57858276367188
v 171.79986572265625 239.512939453125 157.60821533203125
v 173.711181640625 239.69082641601562 157.64659118652344
v 174.60536193847656 239.68441772460938 157.7218475341797
v 176.3485870361328 239.86366271972656 158.08526611328125
v 183.37159729003906 239.85549926757812 158.4298858642578
v 184.04666137695312 239.89752197265625 157.80531311035156
v 184.51657104492188 239.55580139160156 157.4823455810547
v 196.95819091796875 239.9875946044922 158.2548065185547
v 147.5431671142578 240.7519073486328 158.30079650878906
v 148.22280883789062 241.227294921875 158.54884338378906
v 177.50811767578125 240.77113342285156 158.03726196289062
v 183.73733520507812 240.47479248046875 157.7022247314453
v 183.01380920410156 240.73110961914062 158.0699005126953
v 196.7751007080078 240.81399536132812 158.1501007080078
v 148.8085479736328 241.59617614746094 157.88746643066406
v 150.55181884765625 242.1447296142578 158.0850067138672
v 153.0865020751953 242.40965270996094 158.50076293945312
v 179.13783264160156 241.16845703125 158.39459228515625
v 179.64218139648438 241.60008239746094 157.78692626953125
v 180.17449951171875 241.20681762695312 158.57232666015625
v 180.60401916503906 241.6195068359375 157.82423400878906
v 181.25909423828125 241.26112365722656 158.35630798339844
v 181.20602416992188 241.59234619140625 157.82699584960938
v 181.77203369140625 241.50967407226562 157.75408935546875
v 182.20407104492188 241.0301513671875 158.28761291503906
v 182.59469604492188 241.31912231445312 157.619140625
v 196.51327514648438 241.5504913330078 157.91558837890625
v 196.0760498046875 242.03025817871094 158.3705596923828
v 154.83131408691406 242.59767150878906 158.6598663330078
v 155.46990966796875 242.89093017578125 157.9520263671875
v 156.32049560546875 243.06149291992188 158.14450073242188
v 157.93714904785156 243.50318908691406 158.6012725830078
v 195.06358337402344 242.94256591796875 158.12733459472656
v 195.54083251953125 242.4329071044922 158.685791015625
v 159.21908569335938 244.16336059570312 158.21205139160156
v 160.57089233398438 244.867919921875 157.91268920898438
v 162.0258331298828 245.61724853515625 158.387451171875
v 163.72825622558594 246.82034301757812 157.7672119140625
v 164.26339721679688 247.08604431152344 157.915771484375
v 164.9495086669922 247.4399871826172 158.1878204345703
v 188.96466064453125 246.86325073242188 158.05081176757812
v 165.5399627685547 247.83656311035156 157.7731170654297
v 166.3153533935547 248.2542724609375 158.0553741455078
v 167.00831604003906 248.73854064941406 157.9146728515625
v 167.37240600585938 249.03501892089844 157.88204956054688
v 168.38035583496094 249.70501708984375 157.78433227539062
v 169.0727081298828 250.16307067871094 157.98861694335938
v 169.79092407226562 250.674560546875 158.07997131347656
v 170.21726989746094 251.0976104736328 157.7602081298828
v 172.3176727294922 251.73121643066406 158.17706298828125
v 174.3131561279297 251.98301696777344 158.2744903564453
v 176.15260314941406 252.03187561035156 158.17530822753906
v 177.99554443359375 251.85682678222656 158.5342254638672
v 160.4430694580078 226.59732055664062 159.4195098876953
v 171.28753662109375 226.0615997314453 159.32606506347656
v 175.1806640625 226.1846923828125 159.21229553222656
v 177.00730895996094 226.37869262695312 159.23182678222656
v 159.9042205810547 226.84938049316406 158.8970947265625
v 181.96456909179688 227.38929748535156 159.3133087158203
v 154.59336853027344 228.5094757080078 159.52500915527344
v 156.2595977783203 227.9345703125 159.22503662109375
v 152.6122589111328 229.4833984375 159.52517700195312
v 154.01829528808594 228.88998413085938 158.9623260498047
v 188.0598907470703 229.15533447265625 159.41921997070312
v 189.62158203125 229.70298767089844 159.64443969726562
v 151.42625427246094 230.2417449951172 159.3143768310547
v 150.25054931640625 231.1023712158203 159.15603637695312
v 149.69908142089844 231.47718811035156 159.59242248535156
v 149.16578674316406 232.01649475097656 159.1214141845703
v 194.21408081054688 232.16162109375 159.22496032714844
v 148.20582580566406 233.00491333007812 159.0577392578125
v 147.8423614501953 233.4275665283203 159.41171264648438
v 195.94949340820312 233.38043212890625 159.27291870117188
v 147.42520141601562 234.1260223388672 159.17649841308594
v 196.31024169921875 233.897216796875 158.81324768066406
v 196.67686462402344 234.53436279296875 159.4217529296875
v 146.7950439453125 235.46975708007812 159.05191040039062
v 147.03282165527344 234.8926239013672 159.52627563476562
v 196.89886474609375 235.32266235351562 159.2478790283203
v 146.6127166748047 236.11663818359375 159.1481170654297
v 178.92031860351562 236.72613525390625 158.69485473632812
v 179.5696563720703 236.62181091308594 158.90284729003906
v 180.24954223632812 236.6382598876953 159.181640625
v 180.99180603027344 236.63067626953125 158.915283203125
v 181.811279296875 236.77633666992188 158.70851135253906
v 197.04241943359375 236.2170867919922 159.20803833007812
v 146.472412109375 236.923583984375 159.15989685058594
v 177.595458984375 237.64259338378906 158.85208129882812
v 178.3111114501953 237.17759704589844 158.98651123046875
v 182.24530029296875 237.2593231201172 159.20687866210938
v 182.8836669921875 237.61941528320312 158.93386840820312
v 197.09454345703125 237.15626525878906 159.21240234375
v 146.42152404785156 237.7731170654297 159.2078399658203
v 177.56773376464844 238.3305206298828 159.2750701904297
v 182.94837951660156 238.404296875 159.20071411132812
v 197.0774688720703 238.11293029785156 159.227783203125
v 146.52784729003906 238.7225341796875 159.42869567871094
v 177.40443420410156 238.97515869140625 159.1058807373047
v 182.9734649658203 239.224853515625 159.12493896484375
v 197.00527954101562 239.04605102539062 159.22064208984375
v 146.84239196777344 239.70291137695312 159.1409912109375
v 147.32017517089844 240.44590759277344 159.23965454101562
v 178.2328643798828 240.08172607421875 159.24609375
v 182.7506103515625 239.83712768554688 159.10052490234375
v 196.87838745117188 239.9168243408203 159.1675262451172
v 147.8524627685547 240.9297637939453 159.2833251953125
v 178.63607788085938 240.67518615722656 158.8737030029297
v 179.45437622070312 240.82989501953125 159.08206176757812
v 180.2030792236328 240.78488159179688 159.34375
v 180.95494079589844 240.84986877441406 159.11549377441406
v 181.81057739257812 240.71200561523438 158.95169067382812
v 182.59434509277344 240.4126434326172 158.7494659423828
v 182.19033813476562 240.117431640625 159.36257934570312
v 196.68673706054688 240.70486450195312 159.0306854248047
v 148.87762451171875 241.53855895996094 158.8404083251953
v 148.87660217285156 241.4730682373047 159.74673461914062
v 149.4545440673828 241.73013305664062 159.20510864257812
v 153.21514892578125 242.3038330078125 159.36106872558594
v 154.12022399902344 242.38014221191406 159.40603637695312
v 195.95753479003906 241.87710571289062 159.19268798828125
v 195.40087890625 242.28622436523438 159.5213623046875
v 196.4200439453125 241.40737915039062 158.7698974609375
v 196.30442810058594 241.26193237304688 159.59666442871094
v 155.8214874267578 242.6136016845703 159.6330108642578
v 156.49961853027344 242.91432189941406 159.01126098632812
v 158.76512145996094 243.65016174316406 159.67721557617188
v 159.37864685058594 244.03204345703125 159.10736083984375
v 160.6773223876953 244.7403106689453 158.82716369628906
v 186.99330139160156 247.80892944335938 159.0428009033203
v 167.4397735595703 248.98074340820312 158.4144287109375
v 170.3959503173828 250.88819885253906 158.55303955078125
v 171.15126037597656 251.0928955078125 158.99510192871094
v 173.60629272460938 251.80441284179688 159.33168029785156
v 175.23919677734375 252.0059356689453 159.192626953125
v 177.135498046875 251.98208618164062 159.22093200683594
v 177.963623046875 251.86537170410156 159.52503967285156
v 178.78443908691406 251.66079711914062 159.2001495361328
v 161.46112060546875 226.23995971679688 160.52989196777344
v 171.50949096679688 226.02223205566406 160.13247680664062
v 176.98463439941406 226.37469482421875 160.25604248046875
v 156.56947326660156 227.53561401367188 160.59002685546875
v 155.13917541503906 228.1366729736328 160.28652954101562
v 153.85806274414062 228.78585815429688 159.8009796142578
v 153.7792205810547 228.69752502441406 160.69241333007812
v 189.52276611328125 229.58790588378906 160.49366760253906
v 151.98927307128906 229.69442749023438 160.52029418945312
v 150.24864196777344 230.97085571289062 160.09620666503906
v 149.78567504882812 231.31431579589844 160.45077514648438
v 148.6911163330078 232.33753967285156 160.46009826660156
v 195.08013916015625 232.5349578857422 160.2630615234375
v 148.21365356445312 232.90573120117188 160.13104248046875
v 147.72706604003906 233.57769775390625 160.19422912597656
v 195.51869201660156 232.9158935546875 159.77749633789062
v 195.5714569091797 232.86988830566406 160.67254638671875
v 196.03439331054688 233.36117553710938 160.17373657226562
v 147.33795166015625 234.2679901123047 160.2805938720703
v 196.39312744140625 233.89312744140625 159.74331665039062
v 196.4275665283203 233.83950805664062 160.57366943359375
v 196.68545532226562 234.44863891601562 160.3522491455078
v 146.7772674560547 235.60475158691406 159.8649444580078
v 147.0260009765625 234.9847412109375 160.51788330078125
v 196.88365173339844 235.2554931640625 160.26608276367188
v 179.0201873779297 236.9893798828125 159.35763549804688
v 179.7305908203125 236.87342834472656 159.5539093017578
v 180.22576904296875 236.83200073242188 159.62310791015625
v 180.7449951171875 236.86773681640625 159.56088256835938
v 181.5182647705078 236.99795532226562 159.40440368652344
v 197.00634765625 236.18710327148438 160.22125244140625
v 146.45431518554688 237.32974243164062 159.97161865234375
v 178.03427124023438 237.8878173828125 159.51824951171875
v 178.63104248046875 237.55856323242188 159.77272033691406
v 179.32518005371094 237.32281494140625 159.9700164794922
v 180.2145538330078 237.244140625 160.05967712402344
v 181.1273193359375 237.30209350585938 159.98179626464844
v 181.84121704101562 237.54037475585938 159.82286071777344
v 182.4416046142578 237.88519287109375 159.56195068359375
v 197.04550170898438 237.14035034179688 160.18528747558594
v 146.4549560546875 238.02743530273438 160.23541259765625
v 177.9826202392578 238.46963500976562 159.75079345703125
v 178.47540283203125 238.2871856689453 160.09759521484375
v 181.94815063476562 238.2483367919922 160.114013671875
v 182.45401000976562 238.4640655517578 159.75209045410156
v 197.0101318359375 238.07693481445312 160.17042541503906
v 146.5296630859375 238.69053649902344 160.5360870361328
v 177.801025390625 238.84329223632812 159.5739288330078
v 178.3157196044922 239.00843811035156 159.9741668701172
v 182.09835815429688 238.99342346191406 160.00685119628906
v 182.6177215576172 238.90457153320312 159.58583068847656
v 196.91897583007812 238.97731018066406 160.13101196289062
v 146.76881408691406 239.44638061523438 160.4818115234375
v 147.2041473388672 240.21923828125 160.17352294921875
v 177.94818115234375 239.41326904296875 159.49041748046875
v 178.59234619140625 239.73707580566406 159.8072052001953
v 182.44680786132812 239.47886657714844 159.57041931152344
v 181.83523559570312 239.73565673828125 159.8787384033203
v 196.77737426757812 239.8158416748047 160.0407257080078
v 147.62863159179688 240.70201110839844 159.96490478515625
v 148.2034149169922 241.09620666503906 160.1899871826172
v 178.9662322998047 240.34727478027344 159.49261474609375
v 179.34947204589844 239.96351623535156 160.0305938720703
v 179.72254943847656 240.47727966308594 159.67669677734375
v 180.26576232910156 240.04615783691406 160.1348876953125
v 180.22071838378906 240.51034545898438 159.7525177001953
v 180.71669006347656 240.4755401611328 159.70652770996094
v 181.12411499023438 239.9701385498047 160.062255859375
v 181.4695281982422 240.35256958007812 159.56759643554688
v 196.57647705078125 240.5774688720703 159.87351989746094
v 196.44569396972656 240.4210968017578 160.6914825439453
v 196.16831970214844 241.10060119628906 160.4158172607422
v 150.4295196533203 241.9088897705078 160.20504760742188
v 154.19692993164062 242.29298400878906 160.28704833984375
v 155.91983032226562 242.51528930664062 160.4880828857422
v 195.8166961669922 241.7212371826172 160.0222625732422
v 156.675537109375 242.67991638183594 160.72608947753906
v 157.24241638183594 242.9384307861328 160.20245361328125
v 158.77650451660156 243.53115844726562 160.61660766601562
v 194.11322021484375 243.0464630126953 160.19203186035156
v 160.1668243408203 244.2356414794922 160.32937622070312
v 162.2609405517578 245.38226318359375 160.1671905517578
v 191.0955047607422 244.9832000732422 160.13157653808594
v 163.9384307861328 246.3724822998047 160.15701293945312
v 166.02529907226562 247.552001953125 160.3823699951172
v 167.77317810058594 248.61798095703125 160.52345275878906
v 171.37826538085938 250.91456604003906 159.99441528320312
v 175.25584411621094 251.99917602539062 160.20240783691406
v 176.225341796875 252.03150939941406 160.17434692382812
v 177.1119384765625 251.98924255371094 160.18460083007812
v 178.64039611816406 251.6947479248047 160.3262481689453
v 159.3792266845703 226.52456665039062 161.27993774414062
v 176.08282470703125 226.2318572998047 161.2738494873047
v 156.37945556640625 227.4955291748047 161.3254852294922
v 158.84552001953125 226.7494659423828 160.8092498779297
v 179.43997192382812 226.89837646484375 161.23101806640625
v 154.54603576660156 228.28216552734375 161.20533752441406
v 155.2951202392578 227.9368133544922 161.19815063476562
v 150.8506317138672 230.43324279785156 161.45382690429688
v 151.8365936279297 229.76388549804688 161.700927734375
v 149.62515258789062 231.4356231689453 161.25238037109375
v 148.49424743652344 232.55291748046875 161.01991271972656
v 194.21035766601562 231.92929077148438 161.16763305664062
v 195.57643127441406 232.81536865234375 161.6133575439453
v 148.0699920654297 233.12571716308594 161.21630859375
v 147.62631225585938 233.78282165527344 160.98313903808594
v 196.1060791015625 233.38076782226562 161.115966796875
v 196.4385223388672 233.808837890625 161.0856170654297
v 196.40553283691406 233.8484344482422 161.62612915039062
v 196.61778259277344 234.23269653320312 161.09454345703125
v 147.0159149169922 235.15615844726562 161.30030822753906
v 196.80479431152344 234.9945526123047 161.1668701171875
v 146.66978454589844 236.3275909423828 161.15489196777344
v 196.91943359375 236.0583953857422 161.32260131835938
v 146.5331573486328 237.18675231933594 160.9947509765625
v 179.0386505126953 237.8850555419922 160.2972412109375
v 179.62451171875 237.6693572998047 160.37442016601562
v 180.1591033935547 237.88385009765625 160.53907775878906
v 180.76641845703125 237.67129516601562 160.3783721923828
v 181.3674774169922 237.86785888671875 160.30776977539062
v 196.9597930908203 237.07423400878906 161.1387176513672
v 146.5089569091797 238.08363342285156 161.22752380371094
v 178.99920654296875 238.40274047851562 160.4755859375
v 179.51983642578125 238.17478942871094 160.58822631835938
v 180.02120971679688 238.4209442138672 160.6941680908203
v 180.74351501464844 238.29345703125 160.60939025878906
v 181.39273071289062 238.4163055419922 160.4788360595703
v 196.91314697265625 237.995361328125 161.0649871826172
v 146.60337829589844 238.84634399414062 161.3521728515625
v 178.78895568847656 238.799072265625 160.36343383789062
v 179.4414825439453 238.8184051513672 160.5911407470703
v 180.23345947265625 238.9281463623047 160.66485595703125
v 180.9951171875 238.98716735839844 160.56582641601562
v 181.62757873535156 238.79307556152344 160.37281799316406
v 196.80740356445312 238.86587524414062 160.99147033691406
v 146.7920379638672 239.44912719726562 161.4884033203125
v 147.16583251953125 240.07626342773438 161.3237762451172
v 178.99490356445312 239.3451690673828 160.2759246826172
v 179.76016235351562 239.47293090820312 160.4490203857422
v 180.42494201660156 239.44593811035156 160.52523803710938
v 180.86878967285156 239.5986328125 160.3951416015625
v 181.4593505859375 239.36285400390625 160.29275512695312
v 196.6536865234375 239.6769561767578 160.8745574951172
v 196.5070343017578 239.50282287597656 161.674560546875
v 196.29673767089844 240.23985290527344 161.49232482910156
v 147.6796112060547 240.6698760986328 160.818603515625
v 148.25177001953125 241.06080627441406 161.26461791992188
v 148.7752227783203 241.32948303222656 161.59129333496094
v 196.02230834960938 240.92074584960938 161.2370147705078
v 149.52423095703125 241.62890625 161.23194885253906
v 151.35528564453125 242.0067901611328 161.2784881591797
v 155.1237030029297 242.31651306152344 161.2546844482422
v 155.9547882080078 242.4395751953125 161.3922119140625
v 195.66238403320312 241.55743408203125 160.88916015625
v 158.0926055908203 243.16236877441406 161.275634765625
v 193.90692138671875 242.9560089111328 161.23709106445312
v 191.50579833984375 244.4140167236328 161.5586395263672
v 161.38955688476562 244.7944793701172 161.0701446533203
v 163.56704711914062 245.97247314453125 161.16676330566406
v 165.2930145263672 246.95172119140625 161.18382263183594
v 169.25132751464844 249.36578369140625 161.26295471191406
v 172.19261169433594 251.1353759765625 161.4243621826172
v 172.85032653808594 251.4361114501953 161.69146728515625
v 180.227783203125 251.08456420898438 161.15805053710938
v 173.51516723632812 251.69790649414062 161.04534912109375
v 175.31076049804688 252.0001220703125 161.21875
v 176.22613525390625 252.0336151123047 161.1526641845703
v 177.9051513671875 251.87185668945312 161.1562042236328
v 178.72354125976562 251.66529846191406 161.4945831298828
v 170.14540100097656 225.5847930908203 162.43923950195312
v 158.7648468017578 226.59686279296875 162.60247802734375
v 160.35842895507812 226.21290588378906 162.23443603515625
v 162.5917205810547 225.7732391357422 162.70297241210938
v 155.914794921875 227.60501098632812 162.45263671875
v 158.02464294433594 226.866943359375 162.0882568359375
v 180.2808380126953 227.0437469482422 162.2096710205078
v 183.0623321533203 227.49227905273438 162.26402282714844
v 153.7957763671875 228.61801147460938 162.25131225585938
v 155.21847534179688 227.92311096191406 162.13912963867188
v 184.27098083496094 227.81094360351562 162.15762329101562
v 188.234619140625 229.03738403320312 162.1712188720703
v 189.7800750732422 229.6278839111328 162.22006225585938
v 150.08660888671875 231.08941650390625 162.23773193359375
v 149.48779296875 231.58758544921875 162.0568389892578
v 149.10679626464844 232.01023864746094 162.4352264404297
v 195.07432556152344 232.3963165283203 162.36273193359375
v 195.58578491210938 232.7949981689453 162.2478790283203
v 147.7582244873047 233.70391845703125 161.86538696289062
v 148.21221923828125 233.08505249023438 162.34788513183594
v 195.98094177246094 233.27838134765625 162.17066955566406
v 147.50839233398438 234.3329315185547 162.41664123535156
v 196.36280822753906 233.99330139160156 162.4853973388672
v 196.6389923095703 234.5275115966797 161.87417602539062
v 196.77713012695312 235.451171875 162.1916046142578
v 146.7099609375 236.49903869628906 161.91050720214844
v 146.96783447265625 235.7996368408203 162.53578186035156
v 146.5997772216797 237.33343505859375 162.0312042236328
v 196.84158325195312 237.01063537597656 162.0429229736328
v 146.58689880371094 238.15167236328125 162.15237426757812
v 196.78392028808594 237.86717224121094 161.91464233398438
v 146.71580505371094 238.97378540039062 162.3078155517578
v 196.66848754882812 238.7090606689453 161.80709838867188
v 196.50485229492188 238.5160369873047 162.5926055908203
v 196.3402557373047 239.30479431152344 162.45281982421875
v 146.93844604492188 239.66539001464844 162.0596160888672
v 147.2878875732422 240.11607360839844 162.37667846679688
v 147.7289276123047 240.62730407714844 161.83627319335938
v 148.3155059814453 241.02525329589844 162.2325439453125
v 148.9781494140625 241.36932373046875 162.3422088623047
v 195.87139892578125 240.7364044189453 162.0540771484375
v 149.71446228027344 241.65606689453125 162.25425720214844
v 150.48406982421875 241.84808349609375 162.25086975097656
v 155.12661743164062 242.26609802246094 162.219482421875
v 156.5665283203125 242.51564025878906 162.50262451171875
v 195.12831115722656 241.70138549804688 162.234130859375
v 195.54161071777344 241.36773681640625 161.75344848632812
v 157.32632446289062 242.7933807373047 162.15379333496094
v 158.8203582763672 243.43544006347656 162.23464965820312
v 194.06991577148438 242.64439392089844 162.25975036621094
v 160.68154907226562 244.35665893554688 162.43878173828125
v 162.82290649414062 245.44737243652344 162.65541076660156
v 166.6854705810547 247.69558715820312 161.7093048095703
v 168.34030151367188 248.6549835205078 162.36351013183594
v 172.24649047851562 251.1127166748047 162.35552978515625
v 179.47784423828125 251.3987274169922 162.21827697753906
v 173.5072479248047 251.65245056152344 162.16497802734375
v 174.43663024902344 251.87802124023438 162.23594665527344
v 176.2003173828125 252.034423828125 162.12289428710938
v 177.0980682373047 251.98731994628906 162.09600830078125
v 177.98655700683594 251.85244750976562 162.19580078125
v 171.14466857910156 225.50741577148438 163.27462768554688
v 159.51544189453125 226.37074279785156 163.223876953125
v 161.38987731933594 225.8903045654297 163.2975311279297
v 155.64801025390625 227.736328125 162.9729461669922
v 157.07501220703125 227.17503356933594 163.05528259277344
v 157.98712158203125 226.85777282714844 163.24057006835938
v 183.661865234375 227.5729522705078 163.5928955078125
v 154.32325744628906 228.4281768798828 163.17713928222656
v 155.01272583007812 228.07933044433594 163.22032165527344
v 152.59432983398438 229.41641235351562 162.9334716796875
v 153.88287353515625 228.7661895751953 163.63259887695312
v 189.28662109375 229.38914489746094 163.19703674316406
v 150.73382568359375 230.63804626464844 162.80422973632812
v 151.3686981201172 230.2462615966797 163.1798095703125
v 149.65614318847656 231.5501251220703 162.89999389648438
v 150.24839782714844 231.1198272705078 163.30946350097656
v 193.60821533203125 231.47702026367188 163.4624786376953
v 148.70928955078125 232.54299926757812 162.87826538085938
v 149.24107360839844 232.06417846679688 163.3626708984375
v 194.31619262695312 231.89048767089844 163.18141174316406
v 195.02032470703125 232.38772583007812 163.46214294433594
v 195.5557098388672 232.8348846435547 162.88040161132812
v 147.89918518066406 233.69143676757812 162.80833435058594
v 148.33978271484375 233.14671325683594 163.2850341796875
v 195.9766082763672 233.5150146484375 163.2758331298828
v 148.0196533203125 233.79489135742188 163.64202880859375
v 196.33412170410156 234.2375946044922 163.24412536621094
v 196.5769805908203 234.72732543945312 162.7354736328125
v 147.34414672851562 235.02987670898438 163.12454223632812
v 196.45529174804688 234.84718322753906 163.51255798339844
v 196.64132690429688 235.4080047607422 163.09274291992188
v 146.79421997070312 236.61160278320312 162.77320861816406
v 147.07839965820312 235.95323181152344 163.41461181640625
v 196.71522521972656 236.09921264648438 162.91046142578125
v 146.69068908691406 237.406982421875 162.9089813232422
v 146.9040069580078 236.74032592773438 163.57142639160156
v 196.53347778320312 236.56256103515625 163.56004333496094
v 146.68894958496094 238.17526245117188 163.0454864501953
v 196.62631225585938 237.69253540039062 162.72103881835938
v 146.81019592285156 238.854736328125 163.29710388183594
v 146.9747772216797 239.52488708496094 162.83677673339844
v 147.3634033203125 240.01266479492188 163.2901611328125
v 147.80447387695312 240.56857299804688 162.83248901367188
v 148.4709014892578 240.9882354736328 163.30816650390625
v 149.249267578125 241.4261932373047 163.21694946289062
v 195.7084197998047 240.56556701660156 162.86851501464844
v 195.24874877929688 241.0885467529297 163.4222412109375
v 149.87611389160156 241.68218994140625 163.00302124023438
v 155.18531799316406 242.24114990234375 163.2356414794922
v 156.7686004638672 242.55703735351562 163.2103729248047
v 194.2916717529297 242.2633819580078 163.2618408203125
v 158.2169952392578 243.12973022460938 163.2528533935547
v 193.14697265625 243.134521484375 163.27120971679688
v 190.1715087890625 245.03590393066406 163.1198272705078
v 190.69017028808594 244.6207733154297 163.6434783935547
v 164.7965850830078 246.44114685058594 163.619873046875
v 166.0790557861328 247.1804962158203 163.1617431640625
v 172.9117889404297 251.40174865722656 163.25987243652344
v 180.17727661132812 251.09495544433594 163.1675567626953
v 174.4517364501953 251.87261962890625 163.24508666992188
v 175.29217529296875 251.99378967285156 163.18772888183594
v 176.21493530273438 252.0304412841797 163.1644287109375
v 178.25350952148438 251.79470825195312 163.21713256835938
v 162.56166076660156 225.6333770751953 164.2024688720703
v 161.82119750976562 225.73562622070312 164.25225830078125
v 163.50267028808594 225.54713439941406 164.07080078125
v 165.09591674804688 225.4317626953125 164.59295654296875
v 168.44949340820312 225.29849243164062 164.1144561767578
v 169.85411071777344 225.2720489501953 164.33938598632812
v 170.97683715820312 225.3589324951172 164.2074432373047
v 172.9595947265625 225.57208251953125 164.46826171875
v 158.7334747314453 226.6176300048828 163.87118530273438
v 159.31951904296875 226.45065307617188 164.22694396972656
v 174.1951141357422 225.81263732910156 164.2453155517578
v 176.06387329101562 226.139892578125 164.2332305908203
v 156.35911560058594 227.5599365234375 164.1381378173828
v 157.13340759277344 227.24676513671875 164.05657958984375
v 179.4381103515625 226.87054443359375 164.10098266601562
v 182.06919860839844 227.23980712890625 164.20187377929688
v 155.22950744628906 228.1450958251953 164.23416137695312
v 184.48300170898438 227.78904724121094 163.93740844726562
v 154.0247039794922 228.9109344482422 164.45474243164062
v 188.4047393798828 229.0786895751953 164.45208740234375
v 189.62139892578125 229.52041625976562 163.94857788085938
v 150.86195373535156 230.7318878173828 163.7112579345703
v 152.14060974121094 230.0499725341797 164.35372924804688
v 149.80477905273438 231.6355743408203 163.79623413085938
v 150.3957061767578 231.24879455566406 164.18408203125
v 151.01104736328125 230.89544677734375 164.52622985839844
v 193.88424682617188 231.63587951660156 164.0400390625
v 148.84048461914062 232.647705078125 163.7666473388672
v 149.3853759765625 232.2001953125 164.21194458007812
v 149.9630889892578 231.8017578125 164.61289978027344
v 194.47451782226562 232.05767822265625 164.31822204589844
v 195.06497192382812 232.51324462890625 164.23861694335938
v 195.4857635498047 232.8871612548828 163.77752685546875
v 148.47433471679688 233.2882843017578 164.12583923339844
v 148.9943389892578 232.81488037109375 164.58364868164062
v 195.37123107910156 232.9520721435547 164.59925842285156
v 195.75350952148438 233.3983154296875 164.16358947753906
v 147.72972106933594 234.5171661376953 163.89988708496094
v 148.15626525878906 233.9773712158203 164.439697265625
v 196.10043334960938 234.2525177001953 164.17735290527344
v 147.4573211669922 235.40394592285156 164.18385314941406
v 196.51251220703125 235.436767578125 163.68240356445312
v 147.16433715820312 236.20755004882812 164.1011199951172
v 146.82470703125 237.4928436279297 163.7159881591797
v 147.08160400390625 236.86830139160156 164.32826232910156
v 146.83395385742188 238.22348022460938 163.8625946044922
v 147.03224182128906 237.66561889648438 164.48472595214844
v 196.11407470703125 238.0470733642578 164.1614227294922
v 146.9482879638672 238.83547973632812 164.05755615234375
v 147.0707244873047 239.40536499023438 163.679443359375
v 147.2097930908203 239.27630615234375 164.40272521972656
v 147.4718017578125 239.87181091308594 164.12698364257812
v 195.7787628173828 239.6578826904297 163.8475799560547
v 147.86306762695312 240.43838500976562 163.76101684570312
v 147.9695281982422 240.28529357910156 164.5880584716797
v 148.33580017089844 240.7364501953125 164.21868896484375
v 149.00465393066406 241.15402221679688 164.28799438476562
v 195.0927276611328 240.93746948242188 164.29934692382812
v 149.7666015625 241.57290649414062 163.8557891845703
v 150.58590698242188 241.77392578125 164.27899169921875
v 151.4922637939453 241.95120239257812 164.06829833984375
v 156.3101806640625 242.4227294921875 164.10662841796875
v 156.9650421142578 242.61257934570312 163.971435546875
v 194.19515991210938 242.1223602294922 164.37066650390625
v 158.45579528808594 243.2349853515625 164.249267578125
v 190.66517639160156 244.5574188232422 164.60537719726562
v 189.52000427246094 245.39512634277344 164.1971435546875
v 166.77113342285156 247.51390075683594 164.65765380859375
v 172.93594360351562 251.39102172851562 164.2557830810547
v 173.64735412597656 251.65817260742188 164.26602172851562
v 174.41641235351562 251.8603973388672 164.22900390625
v 175.279052734375 251.98573303222656 164.19903564453125
v 176.34185791015625 252.02162170410156 164.3828582763672
v 177.30906677246094 251.96885681152344 164.39694213867188
v 178.77915954589844 251.64572143554688 164.18423461914062
v 161.84310913085938 225.75689697265625 164.77923583984375
v 162.4716033935547 225.6618194580078 165.0496368408203
v 163.35841369628906 225.5545196533203 164.89707946777344
v 164.3878631591797 225.47190856933594 165.14988708496094
v 166.3573455810547 225.3279266357422 165.46910095214844
v 168.0936737060547 225.24514770507812 165.05303955078125
v 169.1471405029297 225.20144653320312 165.26014709472656
v 170.1741180419922 225.2193145751953 165.27203369140625
v 171.2135467529297 225.27162170410156 165.31161499023438
v 171.999755859375 225.3270263671875 165.44314575195312
v 173.66226196289062 225.6057891845703 165.6553955078125
v 158.79209899902344 226.68978881835938 164.73794555664062
v 161.28900146484375 225.9533233642578 165.2255096435547
v 161.92935180664062 225.83761596679688 165.57266235351562
v 156.6331787109375 227.612060546875 164.87811279296875
v 158.27308654785156 226.9894561767578 165.2182159423828
v 158.89743041992188 226.8276824951172 165.5644073486328
v 183.2563934326172 227.43202209472656 165.3318634033203
v 155.40992736816406 228.30441284179688 165.0701904296875
v 156.10928344726562 228.03744506835938 165.38589477539062
v 185.5459442138672 228.12374877929688 165.23236083984375
v 152.8125 229.73403930664062 164.65589904785156
v 154.9058837890625 228.81451416015625 165.53851318359375
v 152.32174682617188 230.2539825439453 165.1282501220703
v 190.32183837890625 229.88230895996094 165.47169494628906
v 191.1448211669922 230.24859619140625 165.1927947998047
v 151.20904541015625 231.1049346923828 165.2789306640625
v 193.11158752441406 231.30120849609375 165.4151153564453
v 149.5589141845703 232.39329528808594 165.00099182128906
v 150.15863037109375 232.01844787597656 165.37515258789062
v 194.2816925048828 232.0944366455078 165.36489868164062
v 194.87132263183594 232.51089477539062 164.98031616210938
v 148.6456756591797 233.4741973876953 164.92135620117188
v 149.1903076171875 233.02330017089844 165.3596954345703
v 195.2244873046875 233.06956481933594 165.41098022460938
v 195.66912841796875 233.5916748046875 164.92005920410156
v 147.89370727539062 234.705322265625 164.72265625
v 148.35006713867188 234.17086791992188 165.22593688964844
v 195.8483428955078 234.35964965820312 165.29039001464844
v 147.73324584960938 235.34286499023438 164.99990844726562
v 148.1100311279297 234.88450622558594 165.48446655273438
v 196.1196746826172 235.17063903808594 164.82205200195312
v 147.45249938964844 236.13235473632812 164.88693237304688
v 147.33900451660156 237.070068359375 165.11166381835938
v 195.93162536621094 237.14593505859375 165.22821044921875
v 147.04872131347656 238.41665649414062 164.55088806152344
v 147.35406494140625 238.02163696289062 165.3018798828125
v 147.08656311035156 238.86630249023438 164.52294921875
v 147.36854553222656 238.9350128173828 165.05142211914062
v 195.54061889648438 238.5033416748047 165.54296875
v 147.63621520996094 239.68653869628906 164.8906707763672
v 148.16705322265625 240.1338348388672 165.3722381591797
v 195.273681640625 239.95579528808594 165.1383819580078
v 148.5449981689453 240.67819213867188 164.9666748046875
v 149.1953887939453 241.0430908203125 165.33712768554688
v 194.9453582763672 240.69845581054688 165.23757934570312
v 149.75704956054688 241.44996643066406 164.8335723876953
v 149.8717498779297 241.345947265625 165.73114013671875
v 150.37841796875 241.63833618164062 165.23294067382812
v 155.07664489746094 242.23353576660156 165.27304077148438
v 156.0075225830078 242.37782287597656 165.08026123046875
v 194.61148071289062 241.48098754882812 164.8469696044922
v 194.1105194091797 241.98544311523438 165.3126220703125
v 158.20872497558594 243.1359100341797 165.3091583251953
v 193.21859741210938 242.83349609375 165.25108337402344
v 193.6084747314453 242.4076385498047 165.7229766845703
v 185.42662048339844 248.2824249267578 165.28265380859375
v 183.522705078125 249.43678283691406 165.2086944580078
v 172.90786743164062 251.3703155517578 165.27725219726562
v 180.1815948486328 251.0900115966797 165.20457458496094
v 174.39109802246094 251.84898376464844 165.19525146484375
v 175.26905822753906 251.9755859375 165.23263549804688
v 176.19398498535156 252.01416015625 165.58680725097656
v 177.1295928955078 251.9762420654297 165.25120544433594
v 178.6962432861328 251.66900634765625 165.1499786376953
v 162.7504425048828 225.71263122558594 165.72158813476562
v 165.25640869140625 225.48094177246094 166.23866271972656
v 169.26309204101562 225.19354248046875 166.2492218017578
v 170.40347290039062 225.2138671875 166.38824462890625
v 171.5408935546875 225.2652130126953 166.14419555664062
v 173.02200317382812 225.4688262939453 166.2863311767578
v 160.3269805908203 226.45191955566406 166.19970703125
v 162.10015869140625 225.979736328125 166.40248107910156
v 163.8622589111328 225.73631286621094 166.63003540039062
v 174.48973083496094 225.7734832763672 166.25694274902344
v 157.42686462402344 227.6317901611328 166.03839111328125
v 159.02780151367188 227.03248596191406 166.40585327148438
v 179.1780242919922 226.76524353027344 166.2042236328125
v 182.95156860351562 227.3745880126953 166.17462158203125
v 183.72714233398438 227.56698608398438 166.27125549316406
v 155.61268615722656 228.528564453125 165.8308868408203
v 157.01075744628906 228.03726196289062 166.4415740966797
v 185.1620635986328 228.01971435546875 166.00277709960938
v 153.7161102294922 229.66160583496094 165.72312927246094
v 189.08241271972656 229.4482879638672 166.1165313720703
v 153.99180603027344 229.9258270263672 166.44482421875
v 190.20315551757812 229.90982055664062 166.29571533203125
v 191.6236114501953 230.5394287109375 166.01377868652344
v 151.46218872070312 231.35191345214844 166.00772094726562
v 152.8701629638672 230.75746154785156 166.58416748046875
v 192.39739990234375 230.9977569580078 166.15830993652344
v 193.13815307617188 231.4497528076172 166.2065887451172
v 193.6710662841797 231.72918701171875 165.80934143066406
v 149.77671813964844 232.6273193359375 165.75584411621094
v 150.39993286132812 232.27420043945312 166.11166381835938
v 193.5395965576172 231.8610076904297 166.62240600585938
v 194.12673950195312 232.21847534179688 166.24435424804688
v 194.70191955566406 232.61996459960938 165.8380126953125
v 148.86732482910156 233.69183349609375 165.69090270996094
v 149.433349609375 233.26893615722656 166.1105499267578
v 195.05419921875 233.2278289794922 166.2194061279297
v 195.50025939941406 233.72149658203125 165.75570678710938
v 148.59225463867188 234.39755249023438 165.98468017578125
v 149.13375854492188 233.94776916503906 166.43753051757812
v 195.31414794921875 233.90182495117188 166.49685668945312
v 195.6387939453125 234.3455352783203 166.03834533691406
v 147.8927764892578 235.63922119140625 165.63670349121094
v 148.35476684570312 235.14260864257812 166.21682739257812
v 195.80186462402344 235.20803833007812 165.91986083984375
v 147.71315002441406 236.47291564941406 165.74607849121094
v 195.77806091308594 236.1138153076172 166.04135131835938
v 147.62680053710938 237.3294677734375 165.886962890625
v 147.99859619140625 236.79588317871094 166.5153045654297
v 195.53549194335938 236.55331420898438 166.57203674316406
v 195.43185424804688 237.41665649414062 166.47047424316406
v 147.6630401611328 238.02012634277344 166.0591583251953
v 147.91163635253906 237.6273651123047 166.57949829101562
v 147.70823669433594 238.72438049316406 165.95179748535156
v 147.8620147705078 239.47950744628906 165.66085815429688
v 148.1033935546875 239.28952026367188 166.41819763183594
v 148.3823699951172 239.95252990722656 166.15744018554688
v 194.9840087890625 240.0266571044922 165.929931640625
v 148.75474548339844 240.54434204101562 165.8018035888672
v 148.9529571533203 240.37147521972656 166.61155700683594
v 149.38414001464844 240.91168212890625 166.20477294921875
v 150.0497283935547 241.23513793945312 166.56768798828125
v 194.67808532714844 240.77618408203125 166.03915405273438
v 150.6171417236328 241.6021270751953 165.99191284179688
v 151.55699157714844 241.8194122314453 166.2140350341797
v 152.4985809326172 241.98660278320312 165.97793579101562
v 154.78225708007812 242.21580505371094 166.3034210205078
v 156.68605041503906 242.57830810546875 165.83615112304688
v 194.00238037109375 241.8384552001953 166.16940307617188
v 193.49229431152344 242.283447265625 166.57228088378906
v 194.46900939941406 241.35450744628906 165.71824645996094
v 194.31304931640625 241.20449829101562 166.49899291992188
v 158.10214233398438 243.12393188476562 166.31130981445312
v 193.07640075683594 242.80612182617188 165.99725341796875
v 160.84091186523438 244.4156494140625 166.29103088378906
v 185.39930725097656 248.2683868408203 166.30899047851562
v 183.5358123779297 249.4256591796875 166.2124481201172
v 171.6358642578125 250.68923950195312 166.2298583984375
v 172.90704345703125 251.35833740234375 166.28016662597656
v 179.3746337890625 251.42640686035156 166.31369018554688
v 173.640380859375 251.64041137695312 166.2019500732422
v 175.2777099609375 251.9635009765625 166.24427795410156
v 176.19166564941406 252.00169372558594 166.61338806152344
v 177.9415283203125 251.84774780273438 166.0528106689453
v 168.33900451660156 225.26622009277344 167.1654052734375
v 169.29962158203125 225.2349090576172 167.23834228515625
v 170.20083618164062 225.27322387695312 167.54098510742188
v 171.21205139160156 225.28713989257812 167.0919952392578
v 172.89413452148438 225.49070739746094 167.22267150878906
v 161.42782592773438 226.33522033691406 167.08128356933594
v 162.29530334472656 226.16029357910156 167.24490356445312
v 176.9913787841797 226.2869873046875 167.0132293701172
v 159.23670959472656 227.25027465820312 167.22312927246094
v 160.0059051513672 226.9910430908203 167.4886474609375
v 182.86111450195312 227.39151000976562 167.09068298339844
v 157.289306640625 228.2896728515625 167.1470947265625
v 158.00453186035156 228.03213500976562 167.4300994873047
v 186.09182739257812 228.46826171875 167.15306091308594
v 186.6602783203125 228.6409912109375 166.79156494140625
v 155.4420623779297 229.35850524902344 166.97047424316406
v 189.49673461914062 229.8584747314453 167.48187255859375
v 190.35421752929688 230.1453094482422 167.1808624267578
v 191.11598205566406 230.4931640625 167.21368408203125
v 153.9243621826172 230.77719116210938 167.53628540039062
v 192.25033569335938 231.1682891845703 167.2550048828125
v 192.9164276123047 231.50787353515625 166.9173126220703
v 150.67849731445312 232.56553649902344 166.83363342285156
v 152.06382751464844 231.94802856445312 167.43490600585938
v 193.34898376464844 232.029052734375 167.3868865966797
v 193.950439453125 232.3917236328125 167.03857421875
v 194.52479553222656 232.7882537841797 166.65081787109375
v 149.71575927734375 233.55020141601562 166.83999633789062
v 150.98001098632812 232.88232421875 167.54037475585938
v 194.30821228027344 232.99374389648438 167.40240478515625
v 194.848876953125 233.434814453125 166.97625732421875
v 149.43174743652344 234.23516845703125 167.1610565185547
v 195.08140563964844 234.19248962402344 167.19520568847656
v 195.48854064941406 234.64988708496094 166.61734008789062
v 148.63983154296875 235.42855834960938 166.9512939453125
v 149.1754150390625 234.95455932617188 167.43968200683594
v 195.2279052734375 235.20150756835938 167.29197692871094
v 195.57318115234375 235.1808319091797 166.6266326904297
v 148.4467315673828 236.25064086914062 167.1317138671875
v 195.58258056640625 235.7258758544922 166.6098175048828
v 195.32009887695312 236.13516235351562 167.13766479492188
v 148.3297882080078 237.20640563964844 167.3157196044922
v 147.9141082763672 238.3658905029297 166.57223510742188
v 148.16651916503906 238.03414916992188 167.1146697998047
v 195.05238342285156 238.01351928710938 167.0684051513672
v 147.9695587158203 238.8341522216797 166.53659057617188
v 148.31326293945312 238.86233520507812 167.15933227539062
v 194.92117309570312 238.87713623046875 166.916748046875
v 194.64700317382812 238.6144256591797 167.63279724121094
v 148.590087890625 239.7227020263672 166.93174743652344
v 149.14505004882812 240.18130493164062 167.40322875976562
v 194.7631072998047 239.7139892578125 166.77886962890625
v 194.34410095214844 240.24490356445312 167.3916778564453
v 149.56390380859375 240.7563934326172 167.02549743652344
v 150.20594787597656 241.0960693359375 167.39720153808594
v 194.55996704101562 240.5043487548828 166.67025756835938
v 194.13450622558594 240.98995971679688 167.2339630126953
v 150.758056640625 241.50413513183594 166.87818908691406
v 150.87107849121094 241.3780059814453 167.7162628173828
v 151.39175415039062 241.67677307128906 167.17578125
v 155.3820037841797 242.32888793945312 167.15435791015625
v 156.12820434570312 242.4795379638672 167.1260223388672
v 193.85618591308594 241.6695556640625 166.97708129882812
v 193.3394317626953 242.13845825195312 167.41860961914062
v 157.24136352539062 242.83168029785156 167.26780700683594
v 164.9312286376953 246.45144653320312 167.2946319580078
v 166.31471252441406 247.19833374023438 167.04383850097656
v 173.04359436035156 251.38067626953125 167.33302307128906
v 180.1865997314453 251.0761260986328 167.29635620117188
v 173.79954528808594 251.67562866210938 166.91844177246094
v 174.4746856689453 251.82870483398438 167.06475830078125
v 176.21180725097656 251.99334716796875 167.5641632080078
v 177.0532684326172 251.9466094970703 167.2635040283203
v 178.73875427246094 251.63763427734375 166.78843688964844
v 167.57000732421875 225.44546508789062 168.15341186523438
v 168.5228271484375 225.32833862304688 167.9447784423828
v 169.28988647460938 225.3372039794922 168.16934204101562
v 171.03170776367188 225.38157653808594 168.05162048339844
v 173.6208038330078 225.66233825683594 167.73793029785156
v 160.79690551757812 226.74815368652344 167.7200927734375
v 161.61404418945312 226.54092407226562 167.91439819335938
v 165.9044952392578 225.80331420898438 168.5731201171875
v 178.00318908691406 226.53558349609375 168.13864135742188
v 160.22305297851562 227.21331787109375 168.26119995117188
v 160.99459838867188 226.97462463378906 168.5037384033203
v 182.8901824951172 227.46861267089844 168.03488159179688
v 183.63954162597656 227.6447296142578 167.81304931640625
v 159.0070037841797 228.0184783935547 168.4434356689453
v 184.3978271484375 228.00160217285156 168.44412231445312
v 157.20664978027344 229.14794921875 168.23228454589844
v 188.10423278808594 229.47389221191406 168.0501708984375
v 189.23260498046875 229.95513916015625 168.18685913085938
v 190.88385009765625 230.5972137451172 167.9301300048828
v 191.5906982421875 230.87969970703125 167.65164184570312
v 191.3877716064453 231.08053588867188 168.4115447998047
v 192.06741333007812 231.37351989746094 168.0787353515625
v 192.71990966796875 231.68927001953125 167.72540283203125
v 152.37757873535156 232.27427673339844 168.12249755859375
v 153.85862731933594 231.69541931152344 168.59323120117188
v 193.11672973632812 232.2513885498047 168.11276245117188
v 193.7267303466797 232.60220336914062 167.77157592773438
v 150.64242553710938 233.5182647705078 167.90097045898438
v 151.9792938232422 232.904296875 168.5281524658203
v 193.44920349121094 232.85775756835938 168.45040893554688
v 194.03733825683594 233.23324584960938 168.0986328125
v 194.5858154296875 233.67584228515625 167.6918487548828
v 194.26351928710938 233.93955993652344 168.3669891357422
v 194.7561798095703 234.4590301513672 167.91500854492188
v 149.48529052734375 235.244873046875 168.13095092773438
v 150.0585479736328 234.83937072753906 168.54124450683594
v 194.74253845214844 235.2299041748047 168.1836700439453
v 149.25015258789062 235.99063110351562 168.34548950195312
v 194.9170684814453 236.1527862548828 167.87744140625
v 148.69825744628906 237.20706176757812 168.03921508789062
v 149.06744384765625 236.7642822265625 168.50103759765625
v 194.77023315429688 237.03482055664062 167.98886108398438
v 148.57705688476562 238.06236267089844 167.91607666015625
v 194.41152954101562 237.48194885253906 168.43533325195312
v 148.70164489746094 238.89492797851562 167.9658660888672
v 194.21255493164062 239.16587829589844 168.18495178222656
v 148.8258819580078 239.52017211914062 167.7003936767578
v 149.0920867919922 239.31875610351562 168.42257690429688
v 149.3562774658203 239.98435974121094 168.17254638671875
v 149.73902893066406 240.5831756591797 167.8270721435547
v 150.36468505859375 240.9337921142578 168.20484924316406
v 151.02999877929688 241.23110961914062 168.52810668945312
v 193.894287109375 240.7685089111328 167.9467010498047
v 152.5665740966797 241.8163299560547 168.15805053710938
v 193.6606903076172 241.48471069335938 167.74607849121094
v 193.4065704345703 241.2838592529297 168.46258544921875
v 193.1434783935547 241.97216796875 168.21986389160156
v 156.73388671875 242.7548828125 168.5255584716797
v 192.7727508544922 242.60487365722656 167.81710815429688
v 192.2025146484375 243.0297088623047 168.2415313720703
v 160.7481231689453 244.43202209472656 167.98403930664062
v 163.39830017089844 245.73509216308594 168.36053466796875
v 186.96224975585938 247.00962829589844 168.11892700195312
v 183.5524139404297 249.4119415283203 168.27536010742188
v 184.83729553222656 248.654541015625 168.32102966308594
v 172.31674194335938 250.9943084716797 168.19241333007812
v 179.3933563232422 251.3612823486328 168.4734649658203
v 180.84109497070312 250.7563018798828 168.2232208251953
v 174.5753631591797 251.7990264892578 168.1892547607422
v 175.59739685058594 251.94349670410156 168.21385192871094
v 176.84207153320312 251.9416961669922 168.22438049316406
v 178.7470703125 251.60214233398438 167.80401611328125
v 166.72315979003906 225.6742401123047 168.7708282470703
v 167.4123077392578 225.6139678955078 169.0390167236328
v 168.35043334960938 225.5047607421875 168.93165588378906
v 170.1859893798828 225.51210021972656 169.09176635742188
v 171.7794952392578 225.56024169921875 168.7145233154297
v 172.68882751464844 225.64739990234375 168.63824462890625
v 162.60812377929688 226.6052703857422 168.8376922607422
v 163.4560089111328 226.45001220703125 168.9423828125
v 166.1929168701172 225.91001892089844 169.29000854492188
v 170.66404724121094 225.66122436523438 169.62515258789062
v 176.08920288085938 226.25367736816406 169.14447021484375
v 159.72837829589844 227.7305145263672 168.73138427734375
v 160.46578979492188 227.4620361328125 169.0079803466797
v 162.0067596435547 227.02735900878906 169.4569549560547
v 178.5670166015625 226.78123474121094 169.55865478515625
v 182.01779174804688 227.3955078125 169.0685272216797
v 183.65489196777344 227.77545166015625 168.74742126464844
v 160.0191192626953 227.99794006347656 169.44944763183594
v 183.54708862304688 227.9200439453125 169.6132049560547
v 184.3079071044922 228.16732788085938 169.34886169433594
v 185.04185485839844 228.42893981933594 169.0406494140625
v 158.22999572753906 229.1832275390625 169.22079467773438
v 158.9243927001953 228.8747100830078 169.53648376464844
v 188.35885620117188 230.06105041503906 169.25137329101562
v 190.0304412841797 230.63662719726562 168.9981689453125
v 190.67066955566406 230.81382751464844 168.70741271972656
v 190.4180908203125 231.08111572265625 169.3955078125
v 191.12525939941406 231.33502197265625 169.11309814453125
v 191.8166046142578 231.62074279785156 168.79385375976562
v 155.72413635253906 231.6016845703125 169.7246551513672
v 191.49789428710938 231.91885375976562 169.45376586914062
v 192.8289031982422 232.52598571777344 168.7830810546875
v 192.4803924560547 232.85829162597656 169.41819763183594
v 193.11485290527344 233.1728057861328 169.08799743652344
v 193.71148681640625 233.52496337890625 168.74778747558594
v 150.65750122070312 234.4805145263672 168.911865234375
v 193.33370971679688 233.88394165039062 169.36233520507812
v 193.8957977294922 234.2772216796875 168.9906463623047
v 194.38888549804688 234.687255859375 168.57579040527344
v 149.7909698486328 235.5477294921875 168.80308532714844
v 194.01205444335938 235.18673706054688 169.14451599121094
v 194.44241333007812 235.19998168945312 168.6610870361328
v 149.55435180664062 236.3129425048828 169.00387573242188
v 150.09481811523438 235.88604736328125 169.4766387939453
v 194.4755401611328 235.75791931152344 168.61476135253906
v 194.04998779296875 236.1613006591797 169.13299560546875
v 148.9423828125 237.55267333984375 168.55926513671875
v 149.37448120117188 237.1469268798828 169.12159729003906
v 193.5310516357422 237.5088348388672 169.5454864501953
v 194.47377014160156 236.6243896484375 168.53103637695312
v 148.8914337158203 238.08331298828125 168.55398559570312
v 149.28785705566406 238.0935516357422 169.15354919433594
v 148.94216918945312 238.59506225585938 168.53590393066406
v 149.385498046875 238.99952697753906 169.09141540527344
v 193.86355590820312 238.83653259277344 168.82228088378906
v 149.60569763183594 239.74493408203125 168.90992736816406
v 193.74798583984375 239.70266723632812 168.71939086914062
v 149.9359893798828 240.3867950439453 168.6053009033203
v 150.17288208007812 240.14659118652344 169.3592071533203
v 150.5490264892578 240.74142456054688 168.9915771484375
v 151.19322204589844 241.04579162597656 169.3362274169922
v 193.6003875732422 240.5243682861328 168.6117706298828
v 193.10516357421875 241.02780151367188 169.11630249023438
v 151.7462615966797 241.4722900390625 168.8136444091797
v 151.86239624023438 241.30108642578125 169.64114379882812
v 152.37478637695312 241.62953186035156 169.1186981201172
v 192.89239501953125 241.76824951171875 168.9451446533203
v 192.6042938232422 242.42701721191406 168.66412353515625
v 192.3672332763672 242.20742797851562 169.40060424804688
v 192.06472778320312 242.83697509765625 169.09561157226562
v 191.21762084960938 243.68443298339844 169.13925170898438
v 191.65982055664062 243.40138244628906 168.70338439941406
v 191.5384521484375 243.21701049804688 169.51429748535156
v 189.2769775390625 245.28582763671875 169.21356201171875
v 185.3597412109375 248.28819274902344 169.2838897705078
v 171.7113494873047 250.61940002441406 168.8453826904297
v 173.18438720703125 251.31436157226562 169.30484008789062
v 180.7241973876953 250.776123046875 169.34922790527344
v 173.73077392578125 251.55543518066406 168.793701171875
v 173.75238037109375 251.49343872070312 169.6618194580078
v 175.0740966796875 251.83460998535156 169.1218719482422
v 176.22225952148438 251.90428161621094 169.19512939453125
v 177.37062072753906 251.8356475830078 169.12728881835938
v 178.14096069335938 251.7063446044922 169.12901306152344
v 168.2469482421875 225.66375732421875 169.66981506347656
v 167.21864318847656 225.9460906982422 170.15457153320312
v 169.272216796875 225.87661743164062 170.51788330078125
v 171.24151611328125 225.9053955078125 170.46298217773438
v 175.154052734375 226.24720764160156 170.1205291748047
v 177.722900390625 226.63543701171875 169.77471923828125
v 160.7503204345703 227.73406982421875 169.73426818847656
v 161.5023956298828 227.50164794921875 169.98837280273438
v 162.28172302246094 227.2921600341797 170.19476318359375
v 163.0913543701172 227.0942840576172 170.3555145263672
v 181.07901000976562 227.3514404296875 170.07887268066406
v 182.74462890625 227.69874572753906 169.80809020996094
v 161.8121795654297 227.7854766845703 170.70556640625
v 182.5789337158203 227.8560028076172 170.64259338378906
v 183.3610382080078 228.08755493164062 170.43197631835938
v 184.1164093017578 228.34786987304688 170.16517639160156
v 184.8491668701172 228.6215362548828 169.85894775390625
v 187.25303649902344 230.13092041015625 170.21714782714844
v 188.86276245117188 230.57992553710938 169.77957153320312
v 189.6735076904297 230.82919311523438 169.59620666503906
v 156.4591827392578 231.3635711669922 170.0093231201172
v 189.29164123535156 231.14659118652344 170.2792205810547
v 190.06019592285156 231.38702392578125 170.0460662841797
v 190.7930450439453 231.6418914794922 169.77005004882812
v 190.39886474609375 231.99842834472656 170.4116973876953
v 191.1155242919922 232.26849365234375 170.09286499023438
v 154.9384307861328 232.79295349121094 170.53826904296875
v 155.69943237304688 232.56976318359375 170.77952575683594
v 192.07835388183594 233.24331665039062 170.03909301757812
v 191.64443969726562 233.6588897705078 170.6441650390625
v 192.91078186035156 234.31961059570312 169.95382690429688
v 193.48236083984375 234.6526336669922 169.57249450683594
v 193.04347229003906 235.2476348876953 170.1335906982422
v 193.55026245117188 235.18215942382812 169.66744995117188
v 193.57574462890625 235.74227905273438 169.67709350585938
v 193.1033477783203 236.17738342285156 170.1540985107422
v 149.70697021484375 237.55715942382812 169.74026489257812
v 193.0718231201172 237.05169677734375 170.1153106689453
v 149.64566040039062 238.11068725585938 169.73350524902344
v 149.9932861328125 238.11068725585938 170.2020263671875
v 193.000244140625 237.98678588867188 170.0470428466797
v 149.7158966064453 238.64405822753906 169.7301025390625
v 150.27003479003906 238.9800262451172 170.39401245117188
v 192.86868286132812 239.05929565429688 169.99807739257812
v 192.33224487304688 239.24273681640625 170.56410217285156
v 149.90277099609375 239.429931640625 169.62791442871094
v 150.45623779296875 239.85365295410156 170.09751892089844
v 192.9545135498047 239.89425659179688 169.72132873535156
v 150.7670135498047 240.51119995117188 169.75584411621094
v 151.0236053466797 240.2576904296875 170.4910125732422
v 151.3900146484375 240.83163452148438 170.11178588867188
v 192.25367736816406 241.09454345703125 170.2113800048828
v 154.924072265625 242.20840454101562 170.422607421875
v 192.07113647460938 241.91717529296875 170.06675720214844
v 191.8387451171875 242.6162567138672 169.83956909179688
v 191.54379272460938 242.35093688964844 170.52565002441406
v 191.298828125 243.03526306152344 170.26841735839844
v 190.32659912109375 244.2058563232422 170.16226196289062
v 189.7577362060547 244.80311584472656 169.9778289794922
v 189.26968383789062 245.16683959960938 170.3577880859375
v 166.0884552001953 247.07371520996094 170.062744140625
v 185.18389892578125 248.41622924804688 170.24253845214844
v 168.62974548339844 248.66970825195312 169.81996154785156
v 181.5096435546875 250.4120635986328 170.22555541992188
v 172.32135009765625 250.8289794921875 170.14430236816406
v 173.85853576660156 251.42984008789062 170.5423126220703
v 180.3007354736328 250.9240264892578 170.1927947998047
v 174.4873046875 251.6741943359375 169.91098022460938
v 175.35821533203125 251.79551696777344 170.129150390625
v 177.08323669433594 251.79946899414062 170.13082885742188
v 166.29153442382812 226.46046447753906 171.09132385253906
v 167.1886444091797 226.22732543945312 170.9664306640625
v 172.23565673828125 226.1414031982422 171.1654815673828
v 173.0249481201172 226.16055297851562 170.96470642089844
v 165.01657104492188 226.94927978515625 171.43222045898438
v 176.60574340820312 226.77420043945312 171.5713348388672
v 178.3461456298828 227.04164123535156 171.27796936035156
v 181.7717742919922 227.6578369140625 170.8014678955078
v 181.60414123535156 227.8397674560547 171.608154296875
v 182.39300537109375 228.04718017578125 171.44371032714844
v 183.14964294433594 228.2858428955078 171.222412109375
v 184.35569763183594 229.0748748779297 171.3799591064453
v 157.49806213378906 231.39405822753906 171.0007781982422
v 188.1391143798828 231.2729949951172 171.13543701171875
v 189.6619110107422 231.74966430664062 170.69351196289062
v 156.42955017089844 232.31544494628906 171.05404663085938
v 157.7909393310547 231.6774139404297 171.70066833496094
v 189.2532196044922 232.1337127685547 171.30718994140625
v 189.55465698242188 232.77810668945312 171.61679077148438
v 190.2593231201172 233.0560302734375 171.32125854492188
v 190.9597625732422 233.35186767578125 170.98968505859375
v 152.62493896484375 234.4416046142578 170.9131317138672
v 154.85028076171875 233.72154235839844 171.63540649414062
v 155.59979248046875 233.48045349121094 171.8623046875
v 190.53012084960938 233.7742919921875 171.552978515625
v 191.85086059570312 234.41024780273438 170.86587524414062
v 152.23983764648438 235.06175231933594 171.28994750976562
v 191.98757934570312 235.18785095214844 171.02926635742188
v 192.4631805419922 235.42552185058594 170.69854736328125
v 151.27720642089844 236.10296630859375 171.25677490234375
v 192.6722412109375 235.8999786376953 170.57052612304688
v 150.67343139648438 237.2444305419922 171.1026611328125
v 151.0690460205078 236.82452392578125 171.48779296875
v 192.0806884765625 237.08657836914062 171.0869140625
v 150.55364990234375 238.09811401367188 171.02244567871094
v 191.58177185058594 237.57186889648438 171.52113342285156
v 150.701416015625 238.9375457763672 171.0717315673828
v 150.7793426513672 239.58663940429688 170.8031768798828
v 151.10171508789062 239.31338500976562 171.44171142578125
v 151.30914306640625 239.9911346435547 171.19085693359375
v 191.42556762695312 240.39337158203125 171.36691284179688
v 151.89492797851562 240.34716796875 171.58583068847656
v 152.28475952148438 240.91250610351562 171.21322631835938
v 152.79290771484375 241.3910369873047 170.69761657714844
v 152.98504638671875 241.21498107910156 171.54559326171875
v 153.57818603515625 241.6588134765625 170.95016479492188
v 155.69432067871094 242.42544555664062 171.38128662109375
v 191.72711181640625 241.5758514404297 170.69110107421875
v 191.20460510253906 242.05267333984375 171.16326904296875
v 191.00302124023438 242.80929565429688 170.9894561767578
v 190.7286834716797 243.5045928955078 170.69520568847656
v 190.45062255859375 243.2957305908203 171.46652221679688
v 190.15367126464844 243.984130859375 171.175048828125
v 189.75180053710938 244.61207580566406 170.82443237304688
v 162.7121124267578 245.64181518554688 171.5767822265625
v 164.9976348876953 246.55824279785156 171.4734649658203
v 166.3397979736328 247.20912170410156 171.00839233398438
v 185.4555206298828 248.1888427734375 171.37527465820312
v 184.20323181152344 249.04222106933594 171.17161560058594
v 182.87774658203125 249.75094604492188 171.26174926757812
v 174.0421905517578 251.37754821777344 171.46371459960938
v 179.2466278076172 251.22927856445312 171.2655792236328
v 178.41236877441406 251.43487548828125 171.44725036621094
v 174.66476440429688 251.6180419921875 170.82119750976562
v 175.54478454589844 251.71478271484375 171.1991729736328
v 176.218505859375 251.7590789794922 171.23167419433594
v 177.77503967285156 251.6383514404297 170.8105010986328
v 168.43646240234375 226.40164184570312 172.036376953125
v 171.38050842285156 226.3671417236328 172.17922973632812
v 174.1414794921875 226.5363006591797 172.08619689941406
v 175.75389099121094 226.65927124023438 171.70201110839844
v 165.2779541015625 227.17872619628906 172.1887664794922
v 166.91148376464844 226.85130310058594 172.5358123779297
v 176.30264282226562 226.9040985107422 172.24957275390625
v 177.16522216796875 227.11219787597656 172.35731506347656
v 179.0504608154297 227.3611297607422 171.9480743408203
v 179.9226837158203 227.5017852783203 171.83050537109375
v 180.5747528076172 227.8760223388672 172.50567626953125
v 182.18618774414062 228.27191162109375 172.208740234375
v 182.93011474609375 228.5166778564453 171.98471069335938
v 183.64796447753906 228.78775024414062 171.7036895751953
v 183.39866638183594 229.05198669433594 172.4375457763672
v 184.49884033203125 229.94151306152344 172.45623779296875
v 188.11924743652344 232.2745819091797 172.0826873779297
v 156.32456970214844 233.2027587890625 172.1200714111328
v 189.13453674316406 233.1718292236328 172.14013671875
v 153.65829467773438 234.52101135253906 171.84950256347656
v 189.40386962890625 233.874267578125 172.36085510253906
v 190.79795837402344 234.55604553222656 171.7181854248047
v 151.88333129882812 235.7139129638672 171.62655639648438
v 152.54202270507812 235.38656616210938 171.96205139160156
v 153.23663330078125 235.1181640625 172.26058959960938
v 190.3983612060547 235.2161102294922 172.2017364501953
v 191.06085205078125 235.27899169921875 171.7620849609375
v 151.59873962402344 236.40841674804688 171.89584350585938
v 152.20587158203125 236.04214477539062 172.2788848876953
v 191.05848693847656 236.1932373046875 171.9190216064453
v 191.58908081054688 236.16452026367188 171.52960205078125
v 150.95236206054688 237.56915283203125 171.59442138671875
v 151.41595458984375 237.1666259765625 172.067626953125
v 191.60829162597656 236.71749877929688 171.52540588378906
v 150.914306640625 238.0781707763672 171.60459899902344
v 151.34808349609375 238.05690002441406 172.1249542236328
v 150.9708251953125 238.58392333984375 171.57400512695312
v 151.43397521972656 238.94651794433594 172.0382537841797
v 190.88479614257812 239.0233917236328 172.0716552734375
v 151.6162109375 239.6943817138672 171.85586547851562
v 151.95201110839844 239.3717498779297 172.4908905029297
v 152.18572998046875 240.07794189453125 172.28350830078125
v 152.52334594726562 240.68966674804688 171.98101806640625
v 191.01629638671875 240.95506286621094 171.7251434326172
v 153.8220672607422 241.3304901123047 172.70785522460938
v 156.4157257080078 242.68759155273438 172.44483947753906
v 157.7842254638672 243.3663330078125 172.34312438964844
v 190.67140197753906 242.54592895507812 171.64443969726562
v 190.13160705566406 243.04734802246094 172.1317596435547
v 189.9022979736328 243.77755737304688 171.9463653564453
v 160.78195190429688 244.82943725585938 172.4648895263672
v 189.60235595703125 244.4326629638672 171.66397094726562
v 189.3685760498047 244.22825622558594 172.40931701660156
v 189.06539916992188 244.85580444335938 172.10565185546875
v 188.2354278564453 245.6977081298828 172.1978302001953
v 188.67152404785156 245.41424560546875 171.7332000732422
v 188.5569610595703 245.22906494140625 172.5537109375
v 165.43931579589844 246.7838592529297 172.3650360107422
v 185.34884643554688 248.2292938232422 172.58517456054688
v 184.17495727539062 249.0335693359375 172.1687469482422
v 171.6742401123047 250.335205078125 172.47674560546875
v 181.5145721435547 250.3906707763672 172.2080841064453
v 172.4499053955078 250.7110137939453 172.1434326171875
v 173.5007781982422 251.08114624023438 172.4025421142578
v 179.97640991210938 250.958251953125 172.19345092773438
v 174.95892333984375 251.45379638671875 172.4449005126953
v 176.21780395507812 251.64918518066406 171.9456024169922
v 177.00965881347656 251.60952758789062 171.97496032714844
v 177.4926300048828 251.47894287109375 172.42933654785156
v 168.6448974609375 226.61802673339844 172.70169067382812
v 169.99378967285156 226.59951782226562 172.86590576171875
v 172.86083984375 226.5834197998047 172.6487274169922
v 168.05694580078125 226.95989990234375 173.3566436767578
v 170.14169311523438 226.8562774658203 173.5391387939453
v 171.1956787109375 226.95013427734375 173.80438232421875
v 172.30853271484375 226.8090057373047 173.37588500976562
v 173.48562622070312 226.86793518066406 173.35801696777344
v 174.29689025878906 226.90652465820312 173.24891662597656
v 177.9526824951172 227.4699249267578 172.92144775390625
v 179.71368408203125 227.72093200683594 172.6183624267578
v 165.7755584716797 227.67910766601562 173.70220947265625
v 178.56459045410156 227.84567260742188 173.51318359375
v 180.3096160888672 228.13177490234375 173.25282287597656
v 181.14700317382812 228.31253051757812 173.11569213867188
v 181.93959045410156 228.52737426757812 172.9426727294922
v 182.6861114501953 228.7762451171875 172.71844482421875
v 182.4012908935547 229.05905151367188 173.42587280273438
v 183.1156005859375 229.3394775390625 173.1461639404297
v 183.80894470214844 229.63912963867188 172.8154296875
v 161.75392150878906 229.69142150878906 173.67579650878906
v 158.70318603515625 231.59811401367188 172.77972412109375
v 184.4759979248047 230.9517822265625 173.42274475097656
v 187.71107482910156 232.7141876220703 172.61231994628906
v 188.98275756835938 234.27540588378906 172.79151916503906
v 189.62335205078125 234.680908203125 172.56214904785156
v 152.8623809814453 235.7422332763672 172.6243438720703
v 189.78494262695312 235.4774627685547 172.7077178955078
v 151.96084594726562 236.7578582763672 172.51014709472656
v 152.56858825683594 236.4176025390625 172.91403198242188
v 153.21788024902344 236.12831115722656 173.2745819091797
v 151.82164001464844 237.5321044921875 172.6361083984375
v 152.37477111816406 237.18763732910156 173.1072998046875
v 152.9738311767578 236.83688354492188 173.53477478027344
v 151.78045654296875 238.06149291992188 172.66592407226562
v 152.27645874023438 238.13851928710938 173.1753692626953
v 151.81932067871094 238.59848022460938 172.62025451660156
v 152.3159637451172 239.04147338867188 173.08169555664062
v 152.49888610839844 239.79156494140625 172.9425506591797
v 189.24815368652344 240.09031677246094 173.6400604248047
v 152.78030395507812 240.45262145996094 172.71359252929688
v 153.0600128173828 240.1967010498047 173.39894104003906
v 153.38638305664062 240.8120880126953 173.13014221191406
v 189.45437622070312 242.08436584472656 173.26461791992188
v 189.99757385253906 241.9054718017578 172.689453125
v 156.62405395507812 242.7422637939453 173.20892333984375
v 189.79531860351562 242.7068328857422 172.7183837890625
v 189.5970916748047 243.519287109375 172.6185302734375
v 188.86300659179688 244.63465881347656 172.8557586669922
v 188.59414672851562 244.3673095703125 173.57373046875
v 188.42782592773438 244.9693603515625 173.25819396972656
v 166.7358856201172 247.4272918701172 172.960693359375
v 186.37010192871094 247.31216430664062 173.2206573486328
v 184.08177185058594 249.03628540039062 173.29315185546875
v 182.20169067382812 250.0615997314453 173.21437072753906
v 173.5150909423828 250.97193908691406 173.58302307128906
v 175.25662231445312 251.37571716308594 173.10366821289062
v 180.76258850097656 250.6698760986328 173.19886779785156
v 175.7054901123047 251.52008056640625 172.59242248535156
v 176.2188720703125 251.39425659179688 173.336181640625
v 175.96435546875 227.46823120117188 173.9720458984375
v 176.85943603515625 227.59469604492188 173.81161499023438
v 164.4197235107422 228.36009216308594 174.04312133789062
v 177.40943908691406 228.00144958496094 174.3975830078125
v 179.13534545898438 228.27227783203125 174.09628295898438
v 180.8450927734375 228.60011291503906 173.8229522705078
v 181.64730834960938 228.81101989746094 173.64913940429688
v 163.16571044921875 229.1290283203125 174.26583862304688
v 179.6873321533203 228.74961853027344 174.62718200683594
v 181.32525634765625 229.1205291748047 174.31919860839844
v 182.0806884765625 229.36102294921875 174.10289001464844
v 182.7936248779297 229.64193725585938 173.82760620117188
v 160.65484619140625 230.5999755859375 173.7652587890625
v 182.44488525390625 229.95697021484375 174.47357177734375
v 183.12510681152344 230.2733917236328 174.15061950683594
v 183.79808044433594 230.61532592773438 173.7900848388672
v 159.9148406982422 231.8411865234375 174.5052490234375
v 183.68894958496094 231.67567443847656 174.6422882080078
v 158.92225646972656 232.79661560058594 174.52685546875
v 152.83865356445312 237.64105224609375 173.70509338378906
v 154.0051727294922 236.9132537841797 174.53091430664062
v 188.86117553710938 237.46957397460938 173.86630249023438
v 152.83168029785156 238.35752868652344 173.79930114746094
v 153.3365020751953 238.17013549804688 174.31625366210938
v 188.36441040039062 237.94773864746094 174.3865509033203
v 152.66204833984375 238.81842041015625 173.56764221191406
v 153.17437744140625 239.03851318359375 174.10897827148438
v 188.35206604003906 239.095703125 174.50143432617188
v 152.8261260986328 239.48524475097656 173.54664611816406
v 153.36993408203125 239.89645385742188 174.0403594970703
v 153.6361541748047 240.58714294433594 173.8477020263672
v 153.93202209472656 240.3289031982422 174.52928161621094
v 154.23294067382812 240.9705352783203 174.26014709472656
v 188.47547912597656 241.38673400878906 174.41207885742188
v 154.6726531982422 241.5239715576172 173.79144287109375
v 155.36941528320312 241.90171813964844 174.02890014648438
v 157.95266723632812 243.38946533203125 174.23513793945312
v 188.86683654785156 242.6968231201172 173.8507843017578
v 159.27645874023438 244.08924865722656 174.24899291992188
v 159.93321228027344 244.41488647460938 174.5435028076172
v 188.32591247558594 244.0101318359375 174.1875457763672
v 161.0047149658203 244.96295166015625 174.09405517578125
v 163.16098022460938 245.93768310546875 174.24630737304688
v 187.6663055419922 245.7063446044922 173.8773651123047
v 187.184814453125 246.26011657714844 174.16177368164062
v 186.71075439453125 246.87689208984375 173.9673614501953
v 168.17430114746094 248.23204040527344 174.16123962402344
v 185.61146545410156 247.87303161621094 174.2415008544922
v 184.70718383789062 248.60287475585938 173.80886840820312
v 171.3134002685547 250.10023498535156 174.22470092773438
v 181.48876953125 250.3621368408203 174.2490692138672
v 168.55702209472656 227.51194763183594 174.82276916503906
v 169.48678588867188 227.47479248046875 174.92575073242188
v 171.24545288085938 227.517822265625 175.11581420898438
v 173.16213989257812 227.51504516601562 174.94667053222656
v 174.8307647705078 227.58677673339844 174.73135375976562
v 167.18270874023438 227.95289611816406 175.24081420898438
v 168.86465454101562 227.83157348632812 175.5814666748047
v 172.6226806640625 227.80491638183594 175.59469604492188
v 173.53564453125 227.90248107910156 175.68077087402344
v 174.3470458984375 227.83718872070312 175.3813018798828
v 176.27252197265625 228.16355895996094 175.27430725097656
v 177.96453857421875 228.46127319335938 174.9386444091797
v 162.7140655517578 229.69337463378906 174.6632080078125
v 164.1608123779297 229.19119262695312 175.23501586914062
v 164.9127197265625 228.96466064453125 175.5058135986328
v 178.52293395996094 228.98953247070312 175.43284606933594
v 179.38804626464844 229.12234497070312 175.24522399902344
v 180.1997528076172 229.259521484375 175.08279418945312
v 180.9839630126953 229.4557647705078 174.9369659423828
v 181.73695373535156 229.6852569580078 174.73782348632812
v 161.6146240234375 230.58148193359375 174.72683715820312
v 162.31459045410156 230.2911376953125 175.02938842773438
v 163.02496337890625 230.02333068847656 175.3361053466797
v 181.3584747314453 230.04135131835938 175.32345581054688
v 182.07257080078125 230.296630859375 175.07785034179688
v 182.75022888183594 230.6032257080078 174.76702880859375
v 160.5829620361328 231.51612854003906 174.79867553710938
v 161.26809692382812 231.20492553710938 175.08612060546875
v 182.3514404296875 230.9639129638672 175.3477020263672
v 160.26528930664062 232.15162658691406 175.15347290039062
v 183.28411865234375 232.04624938964844 175.2098388671875
v 157.51951599121094 234.35679626464844 174.89483642578125
v 185.1537322998047 234.17469787597656 175.0705108642578
v 185.45315551757812 234.8735809326172 175.3131561279297
v 154.64434814453125 236.57127380371094 174.8806610107422
v 156.0176544189453 235.9238739013672 175.4600372314453
v 186.3836212158203 235.90492248535156 175.29742431640625
v 187.03042602539062 236.26885986328125 175.0186004638672
v 153.84808349609375 237.66737365722656 174.74530029296875
v 154.40869140625 237.27166748046875 175.14932250976562
v 155.0204315185547 236.89378356933594 175.51808166503906
v 187.20591735839844 237.07154846191406 175.17665100097656
v 187.79928588867188 237.47303771972656 174.8056640625
v 154.28140258789062 238.05343627929688 175.34095764160156
v 187.31019592285156 237.95550537109375 175.3037109375
v 153.6298065185547 238.8525848388672 174.68472290039062
v 154.21890258789062 239.03565979003906 175.36004638671875
v 153.74114990234375 239.56028747558594 174.6705780029297
v 154.29371643066406 240.0208282470703 175.19952392578125
v 187.4097900390625 240.0653076171875 175.4556884765625
v 154.50352478027344 240.74327087402344 174.97879028320312
v 154.85499572753906 241.34849548339844 174.61668395996094
v 155.08644104003906 241.13430786132812 175.37669372558594
v 155.5015411376953 241.72525024414062 174.93417358398438
v 156.13319396972656 242.07504272460938 175.30564880371094
v 187.98516845703125 242.2205352783203 174.9185791015625
v 156.7342529296875 242.61537170410156 174.7957000732422
v 157.43675231933594 242.96826171875 175.23629760742188
v 158.2441864013672 243.4663848876953 175.12242126464844
v 187.43423461914062 242.7254638671875 175.53176879882812
v 187.52178955078125 245.49053955078125 174.68080139160156
v 187.27337646484375 245.29168701171875 175.45091247558594
v 187.0781707763672 245.9900360107422 175.1672821044922
v 186.72787475585938 246.66029357910156 174.80197143554688
v 186.2571258544922 247.05943298339844 175.28646850585938
v 167.2361297607422 247.8052520751953 175.24313354492188
v 168.61473083496094 248.49462890625 175.0165252685547
v 184.61351013183594 248.4253387451172 175.5591278076172
v 185.85389709472656 247.55235290527344 174.9359893798828
v 184.1084442138672 248.8662109375 175.02163696289062
v 183.370361328125 249.30621337890625 175.27552795410156
v 171.52621459960938 250.19468688964844 175.31007385253906
v 182.14002990722656 250.01878356933594 175.1844024658203
v 172.53321838378906 250.61163330078125 175.08367919921875
v 177.2012176513672 251.158203125 175.25291442871094
v 179.1357421875 250.98886108398438 175.19039916992188
v 180.5668182373047 250.67823791503906 174.94900512695312
v 170.4913787841797 227.79188537597656 175.66213989257812
v 166.33685302734375 228.63038635253906 176.07420349121094
v 168.3237762451172 228.2791290283203 176.35206604003906
v 171.1070098876953 227.93948364257812 175.92869567871094
v 174.18226623535156 228.24053955078125 176.17991638183594
v 175.1062774658203 228.322021484375 176.06103515625
v 163.7422332763672 229.7719268798828 175.63514709472656
v 164.4669952392578 229.52783203125 175.92355346679688
v 165.1974334716797 229.2877655029297 176.2055206298828
v 165.91893005371094 229.06028747558594 176.4727783203125
v 176.50108337402344 228.98733520507812 176.46617126464844
v 177.3050079345703 229.1818084716797 176.2714385986328
v 179.12335205078125 229.6351776123047 175.90234375
v 179.8892822265625 229.59107971191406 175.57168579101562
v 180.5921630859375 229.81495666503906 175.4968719482422
v 162.68310546875 230.64544677734375 175.68991088867188
v 164.10926818847656 230.13088989257812 176.29205322265625
v 179.24525451660156 230.24351501464844 176.39552307128906
v 180.90821838378906 230.4473876953125 175.87278747558594
v 181.66043090820312 230.68226623535156 175.6416778564453
v 161.6664581298828 231.5563201904297 175.73265075683594
v 163.1002960205078 231.02923583984375 176.33436584472656
v 179.6220703125 230.79510498046875 176.64276123046875
v 180.4270782470703 230.94241333007812 176.40853881835938
v 181.20175170898438 231.135498046875 176.17295837402344
v 181.9130401611328 231.37930297851562 175.8958740234375
v 182.1326446533203 232.13294982910156 176.1089324951172
v 183.06863403320312 233.2678985595703 175.95864868164062
v 184.03811645507812 234.39022827148438 175.86334228515625
v 185.09361267089844 235.29470825195312 175.7397918701172
v 185.95729064941406 236.27383422851562 175.71676635742188
v 154.8161163330078 237.60333251953125 175.78302001953125
v 155.39395141601562 237.2078399658203 176.1540985107422
v 156.0290985107422 236.87643432617188 176.47805786132812
v 185.1442413330078 237.0832061767578 176.4727783203125
v 185.89569091796875 237.10731506347656 176.0416259765625
v 186.70245361328125 237.55233764648438 175.66407775878906
v 154.75538635253906 238.4033203125 176.02322387695312
v 155.20452880859375 237.89146423339844 176.39720153808594
v 186.8546600341797 238.3611297607422 175.73336791992188
v 154.75228881835938 239.11788940429688 176.0749969482422
v 154.70924377441406 239.76036071777344 175.86721801757812
v 155.1116180419922 239.51380920410156 176.4744415283203
v 155.1974639892578 240.21934509277344 176.30763244628906
v 186.8349151611328 240.0491180419922 175.97047424316406
v 154.8332061767578 240.4906005859375 175.66110229492188
v 155.380859375 240.8883819580078 176.07403564453125
v 186.3076934814453 241.03671264648438 176.52622985839844
v 155.6787567138672 241.49749755859375 175.7518768310547
v 155.94985961914062 241.26043701171875 176.4691619873047
v 156.2790985107422 241.84841918945312 176.14291381835938
v 186.47447204589844 242.12794494628906 176.4620361328125
v 156.7439727783203 242.39723205566406 175.73721313476562
v 156.88473510742188 242.1984100341797 176.54518127441406
v 157.2747039794922 242.65818786621094 176.16563415527344
v 187.49609375 244.2474822998047 175.42831420898438
v 162.15985107421875 245.4432830810547 176.3671875
v 186.5475616455078 244.5835723876953 176.51901245117188
v 186.9624786376953 244.99195861816406 176.02584838867188
v 187.3239288330078 244.7017822265625 175.60865783691406
v 186.81369018554688 245.75328063964844 175.9773406982422
v 164.7934112548828 246.7247772216797 176.47837829589844
v 186.615234375 246.44285583496094 175.66078186035156
v 186.37059020996094 246.24913024902344 176.36163330078125
v 186.0988311767578 246.87879943847656 176.10435485839844
v 185.1132354736328 247.9062957763672 176.04986572265625
v 184.47540283203125 248.3110809326172 176.4417266845703
v 185.72470092773438 247.470947265625 175.69131469726562
v 183.31918334960938 249.1765899658203 176.3517303466797
v 170.5535888671875 249.67172241210938 176.243896484375
v 171.2468719482422 250.05064392089844 176.2855987548828
v 181.40512084960938 250.2427520751953 176.4620819091797
v 182.7489013671875 249.62428283691406 175.8426055908203
v 178.13539123535156 251.05178833007812 176.1136474609375
v 179.82577514648438 250.7974090576172 176.19862365722656
v 180.66900634765625 250.58871459960938 175.84432983398438
v 166.6744842529297 228.83792114257812 176.67689514160156
v 167.56649780273438 228.69578552246094 176.93153381347656
v 168.3627166748047 228.63853454589844 177.07469177246094
v 169.25352478027344 228.60475158691406 177.0430145263672
v 172.1985321044922 228.4744873046875 176.77081298828125
v 173.84515380859375 228.62405395507812 176.86676025390625
v 174.79542541503906 228.68682861328125 176.76214599609375
v 175.68186950683594 228.81138610839844 176.62738037109375
v 165.5244903564453 229.59902954101562 176.8571014404297
v 166.24009704589844 229.33935546875 177.1049041748047
v 166.9767608642578 229.13238525390625 177.3240966796875
v 168.74862670898438 228.9438934326172 177.5528106689453
v 169.50704956054688 229.02536010742188 177.64625549316406
v 170.27626037597656 228.91131591796875 177.4532012939453
v 171.26910400390625 228.7275390625 177.16677856445312
v 173.26751708984375 229.0166473388672 177.4650115966797
v 174.32020568847656 229.1290283203125 177.49569702148438
v 175.3277130126953 229.18331909179688 177.2950439453125
v 176.1603546142578 229.33615112304688 177.10601806640625
v 176.93833923339844 229.5414276123047 176.90036010742188
v 164.50262451171875 230.48818969726562 176.91065979003906
v 165.19052124023438 230.19862365722656 177.18792724609375
v 165.8819122314453 229.9080352783203 177.4495391845703
v 176.56625366210938 229.90431213378906 177.50152587890625
v 178.0736846923828 230.39059448242188 177.0516357421875
v 177.63690185546875 230.78665161132812 177.59901428222656
v 179.15182495117188 231.29318237304688 177.15570068359375
v 180.7271728515625 231.66351318359375 176.67515563964844
v 178.66148376464844 231.7550506591797 177.65554809570312
v 181.60995483398438 232.61065673828125 176.62315368652344
v 180.23196411132812 233.09552001953125 177.52459716796875
v 161.79103088378906 233.6575927734375 177.6121368408203
v 159.24185180664062 235.10704040527344 177.1733856201172
v 158.14321899414062 236.0073699951172 177.25579833984375
v 158.86978149414062 235.73147583007812 177.50563049316406
v 155.75660705566406 237.55067443847656 176.7714385986328
v 156.38160705566406 237.2129669189453 177.09210205078125
v 157.05479431152344 236.91848754882812 177.36387634277344
v 157.76663208007812 236.63868713378906 177.60467529296875
v 155.12319946289062 238.35179138183594 176.513427734375
v 155.55511474609375 238.3666534423828 176.97576904296875
v 156.13265991210938 237.88726806640625 177.35260009765625
v 155.1018524169922 238.8165740966797 176.53863525390625
v 155.4910430908203 239.17987060546875 176.99252319335938
v 184.4711151123047 238.79949951171875 177.5194549560547
v 185.72142028808594 239.55838012695312 176.8163299560547
v 155.5666961669922 239.9122772216797 176.90505981445312
v 155.94882202148438 239.5674591064453 177.44276428222656
v 156.08523559570312 240.31578063964844 177.32752990722656
v 155.72012329101562 240.61631774902344 176.7223358154297
v 156.2847900390625 241.0123748779297 177.12879943847656
v 185.203369140625 241.14544677734375 177.45327758789062
v 156.5468292236328 241.63906860351562 176.86940002441406
v 156.8905029296875 241.4217529296875 177.53927612304688
v 157.17153930664062 242.03384399414062 177.26785278320312
v 158.20181274414062 242.9800262451172 177.2084503173828
v 186.0826873779297 243.095947265625 176.88671875
v 158.73464965820312 243.49728393554688 176.69113159179688
v 158.87350463867188 243.3463897705078 177.54559326171875
v 186.0414276123047 244.142822265625 176.98983764648438
v 161.26708984375 244.8696746826172 177.21136474609375
v 185.53170776367188 244.64895629882812 177.44448852539062
v 186.0650634765625 245.02598571777344 176.98944091796875
v 186.5310821533203 245.35879516601562 176.49899291992188
v 186.09364318847656 245.83767700195312 176.87789916992188
v 186.49826049804688 245.82496643066406 176.45721435546875
v 164.56277465820312 246.59860229492188 177.02369689941406
v 185.79446411132812 246.61839294433594 176.86404418945312
v 166.81369018554688 247.733642578125 177.42588806152344
v 184.91494750976562 247.74288940429688 176.8519287109375
v 184.28128051757812 248.1129913330078 177.20997619628906
v 185.52308654785156 247.31948852539062 176.49786376953125
v 185.23207092285156 247.13162231445312 177.174560546875
v 183.8358154296875 248.67868041992188 176.82164001464844
v 183.19488525390625 249.0164031982422 177.1852264404297
v 171.805419921875 250.3037872314453 177.36203002929688
v 182.0279998779297 249.82110595703125 177.04644775390625
v 181.35060119628906 250.1195068359375 177.379638671875
v 182.68402099609375 249.50502014160156 176.7272491455078
v 182.5458526611328 249.3378448486328 177.52056884765625
v 173.45578002929688 250.84906005859375 177.06631469726562
v 176.4132537841797 251.07510375976562 177.4219970703125
v 179.17437744140625 250.8693389892578 176.98324584960938
v 180.09022521972656 250.66213989257812 177.18898010253906
v 180.70303344726562 250.4925079345703 176.83921813964844
v 180.6665496826172 250.38304138183594 177.71763610839844
v 168.07472229003906 228.8885498046875 177.42823791503906
v 167.6072540283203 229.0579071044922 177.52645874023438
v 166.59109497070312 229.64706420898438 177.67703247070312
v 167.32687377929688 229.4664764404297 177.85719299316406
v 168.20053100585938 229.3688201904297 177.962890625
v 169.16746520996094 229.38548278808594 178.03021240234375
v 170.08001708984375 229.39540100097656 178.00172424316406
v 172.37217712402344 229.49879455566406 178.01263427734375
v 174.22784423828125 229.58099365234375 178.06825256347656
v 174.97637939453125 229.6231689453125 177.9595947265625
v 175.80386352539062 229.7095947265625 177.71939086914062
v 165.57730102539062 230.53997802734375 177.73634338378906
v 166.27670288085938 230.25210571289062 177.9714813232422
v 166.9903564453125 230.00900268554688 178.1549072265625
v 169.6381072998047 229.8859405517578 178.40966796875
v 171.44781494140625 229.85121154785156 178.31793212890625
v 171.9534149169922 230.07530212402344 178.4755859375
v 173.71701049804688 229.9608154296875 178.4259490966797
v 175.4459228515625 230.10287475585938 178.25497436523438
v 176.17434692382812 230.2923126220703 178.0688934326172
v 176.90809631347656 230.52536010742188 177.8382110595703
v 164.61219787597656 231.51345825195312 177.74488830566406
v 165.30638122558594 231.2223358154297 177.98974609375
v 176.47555541992188 230.94769287109375 178.38174438476562
v 163.6063690185547 232.47410583496094 177.7747039794922
v 165.7971954345703 231.68824768066406 178.4498291015625
v 177.46876525878906 231.9179229736328 178.39527893066406
v 162.53216552734375 233.39920043945312 177.8352508544922
v 161.85781860351562 234.74908447265625 178.4469451904297
v 159.23451232910156 236.1124725341797 178.0651397705078
v 156.73788452148438 237.57383728027344 177.65481567382812
v 157.4114227294922 237.29795837402344 177.91294860839844
v 158.14129638671875 237.03558349609375 178.1405792236328
v 158.88356018066406 236.7734375 178.3470001220703
v 181.48785400390625 236.8182373046875 178.41824340820312
v 156.05322265625 238.4879608154297 177.5468292236328
v 156.5254669189453 238.26446533203125 177.86019897460938
v 157.11782836914062 237.97793579101562 178.1429443359375
v 183.1281280517578 238.16000366210938 178.11795043945312
v 155.85263061523438 238.92559814453125 177.4164276123047
v 156.42076110839844 239.08682250976562 177.93267822265625
v 183.30908203125 238.93507385253906 178.31114196777344
v 184.60792541503906 239.6401824951172 177.66554260253906
v 156.49249267578125 239.97718811035156 177.877685546875
v 183.43690490722656 239.72012329101562 178.46148681640625
v 184.00479125976562 240.15159606933594 178.19117736816406
v 184.66685485839844 240.5467529296875 177.78997802734375
v 156.66209411621094 240.73658752441406 177.74176025390625
v 157.08322143554688 240.41390991210938 178.27688598632812
v 157.28448486328125 241.14663696289062 178.15318298339844
v 184.11534118652344 241.05001831054688 178.22328186035156
v 157.5201873779297 241.82769775390625 177.9472198486328
v 184.1338653564453 241.9467010498047 178.247314453125
v 184.75665283203125 242.13438415527344 177.84814453125
v 157.8123016357422 242.43211364746094 177.64535522460938
v 158.14974975585938 242.21060180664062 178.33192443847656
v 158.44822692871094 242.8113250732422 177.9876251220703
v 159.07583618164062 243.15921020507812 178.28396606445312
v 184.93983459472656 243.18673706054688 177.77723693847656
v 159.53594970703125 243.6871795654297 177.83538818359375
v 160.20777893066406 244.00967407226562 178.130615234375
v 160.8952178955078 244.32540893554688 178.4599609375
v 184.27272033691406 244.05665588378906 178.2193603515625
v 184.9464111328125 244.32594299316406 177.84185791015625
v 162.1365509033203 245.14219665527344 178.296875
v 183.60507202148438 244.69943237304688 178.5618896484375
v 184.37109375 245.1530303955078 178.19662475585938
v 185.07156372070312 245.14295959472656 177.7865753173828
v 185.56199645996094 245.48883056640625 177.4136505126953
v 184.15283203125 246.06031799316406 178.29791259765625
v 184.9204559326172 246.0607452392578 177.81910705566406
v 185.57736206054688 246.13880920410156 177.32005310058594
v 165.22645568847656 246.85714721679688 178.1665802001953
v 184.19277954101562 246.91226196289062 178.11996459960938
v 184.9058380126953 246.8612823486328 177.6510772705078
v 185.33128356933594 246.5875244140625 177.4106903076172
v 167.29188537597656 247.9506378173828 178.29811096191406
v 184.6289520263672 247.4634552001953 177.5169677734375
v 183.9659423828125 247.79226684570312 177.8703155517578
v 182.96961975097656 248.78440856933594 177.9044647216797
v 182.31192016601562 249.1111602783203 178.22674560546875
v 183.6304473876953 248.45692443847656 177.5638885498047
v 183.28509521484375 248.1422576904297 178.2039794921875
v 171.26022338867188 250.04151916503906 178.2718048095703
v 171.9659423828125 250.33407592773438 178.50343322753906
v 181.2136688232422 249.96339416503906 178.17713928222656
v 180.515380859375 250.24545288085938 178.50852966308594
v 181.88525390625 249.65542602539062 177.84210205078125
v 172.66824340820312 250.61903381347656 177.8337860107422
v 173.6024169921875 250.83726501464844 178.19851684570312
v 174.66714477539062 250.9864044189453 178.15765380859375
v 175.4889373779297 251.0154266357422 178.30828857421875
v 178.07237243652344 250.923828125 178.0980224609375
v 179.026611328125 250.79359436035156 178.06134033203125
v 179.9123077392578 250.61122131347656 177.9384002685547
v 167.7291259765625 229.88058471679688 178.2893829345703
v 168.24623107910156 229.85060119628906 178.36624145507812
v 168.7899169921875 229.85365295410156 178.39129638671875
v 174.4957733154297 229.9575653076172 178.3902587890625
v 174.97494506835938 229.99826049804688 178.34893798828125
v 166.77789306640625 230.67391967773438 178.41368103027344
v 167.44012451171875 230.40545654296875 178.50035095214844
v 168.3184356689453 230.45716857910156 178.6526641845703
v 169.18443298339844 230.3275604248047 178.66270446777344
v 169.98316955566406 230.48631286621094 178.71939086914062
v 173.16357421875 230.64390563964844 178.84156799316406
v 174.0739288330078 230.38784790039062 178.71372985839844
v 174.8658905029297 230.47914123535156 178.676513671875
v 175.705078125 230.73248291015625 178.59286499023438
v 167.58200073242188 231.20726013183594 178.7964324951172
v 168.5474395751953 231.33900451660156 178.96810913085938
v 169.2547149658203 230.97943115234375 178.90286254882812
v 170.25424194335938 231.2675018310547 179.00070190429688
v 172.37220764160156 231.21237182617188 179.06478881835938
v 174.1036376953125 231.12026977539062 179.09860229492188
v 175.13848876953125 231.31300354003906 179.10183715820312
v 175.99520874023438 231.43258666992188 178.89288330078125
v 176.74668884277344 231.65301513671875 178.65281677246094
v 166.3929443359375 232.29421997070312 178.85572814941406
v 173.12606811523438 232.156982421875 179.4701690673828
v 173.82223510742188 231.9372100830078 179.45599365234375
v 175.5524444580078 231.92678833007812 179.30999755859375
v 176.25479125976562 232.1453094482422 179.1232452392578
v 176.9890899658203 232.4038543701172 178.8804473876953
v 171.0986785888672 232.95849609375 179.48313903808594
v 176.45101928710938 232.92642211914062 179.3111572265625
v 162.66012573242188 234.54039001464844 178.63360595703125
v 169.0951385498047 233.83726501464844 179.64706420898438
v 171.7164764404297 233.68658447265625 179.71145629882812
v 178.240234375 234.1309356689453 178.90965270996094
v 160.7577362060547 235.66651916503906 178.5406036376953
v 161.55274963378906 235.4549560546875 178.7483673095703
v 165.9285888671875 234.72341918945312 179.56141662597656
v 179.0217742919922 235.26702880859375 178.95068359375
v 159.63858032226562 236.57455444335938 178.57472229003906
v 161.2705078125 236.1925506591797 179.02931213378906
v 162.11097717285156 236.01971435546875 179.22132873535156
v 157.81137084960938 237.76004028320312 178.39498901367188
v 158.60223388671875 237.51565551757812 178.62118530273438
v 159.29322814941406 237.19859313964844 178.7606658935547
v 160.09979248046875 237.25376892089844 179.08038330078125
v 156.96478271484375 238.6766815185547 178.29208374023438
v 157.5086669921875 238.4042205810547 178.51266479492188
v 158.282470703125 238.45591735839844 178.83958435058594
v 159.3400421142578 238.02963256835938 179.09722900390625
v 160.20408630371094 238.0507354736328 179.4050750732422
v 181.17625427246094 238.0999298095703 179.09217834472656
v 181.9103240966797 238.3604736328125 178.85325622558594
v 156.93338012695312 239.16265869140625 178.3575897216797
v 157.5656280517578 239.21255493164062 178.68368530273438
v 158.28623962402344 239.2158203125 179.01698303222656
v 159.02529907226562 239.15208435058594 179.278564453125
v 159.96136474609375 238.77931213378906 179.5227508544922
v 181.32736206054688 238.90394592285156 179.2909393310547
v 182.0315399169922 239.19171142578125 179.0546875
v 156.96408081054688 239.6634521484375 178.34054565429688
v 157.5126190185547 240.04046630859375 178.65602111816406
v 158.3260040283203 240.03688049316406 179.0780792236328
v 159.17018127441406 239.99391174316406 179.4663848876953
v 182.0669403076172 240.14869689941406 179.225830078125
v 183.50311279296875 240.2364959716797 178.5345458984375
v 157.73867797851562 240.74449157714844 178.67098999023438
v 158.3922576904297 241.0767822265625 179.0478057861328
v 158.9728546142578 240.7034149169922 179.41317749023438
v 182.32102966308594 241.17709350585938 179.17584228515625
v 183.05580139160156 241.17605590820312 178.83917236328125
v 157.9271240234375 241.522216796875 178.55796813964844
v 158.5919952392578 241.8625946044922 178.966552734375
v 182.17401123046875 242.19639587402344 179.20895385742188
v 181.53250122070312 241.5302276611328 179.5060272216797
v 158.75575256347656 242.57217407226562 178.6520538330078
v 159.1609344482422 242.26962280273438 179.19708251953125
v 159.3616180419922 242.89633178710938 178.92063903808594
v 182.81057739257812 242.8822479248047 178.9099578857422
v 159.71932983398438 243.47764587402344 178.5621337890625
v 160.00399780273438 243.18394470214844 179.19969177246094
v 160.40028381347656 243.7775421142578 178.87327575683594
v 161.10792541503906 244.0851287841797 179.22943115234375
v 180.37921142578125 244.1178741455078 179.6647186279297
v 161.5931396484375 244.64830017089844 178.81396484375
v 162.9577178955078 245.3101348876953 179.48941040039062
v 179.95863342285156 245.23365783691406 179.80381774902344
v 181.2064971923828 245.0357208251953 179.37754821777344
v 182.9349365234375 245.31089782714844 178.8450164794922
v 164.88002014160156 246.449462890625 179.4971466064453
v 179.75393676757812 245.7769317626953 179.92921447753906
v 183.619873046875 246.4407958984375 178.5556182861328
v 165.43690490722656 246.8690185546875 178.93572998046875
v 166.1254119873047 247.20957946777344 179.2722625732422
v 181.2420196533203 247.06460571289062 179.52615356445312
v 183.6012420654297 246.9411163330078 178.50833129882812
v 166.68447875976562 247.58909606933594 178.82870483398438
v 181.3963165283203 247.74569702148438 179.50698852539062
v 182.0059814453125 248.1400146484375 179.11428833007812
v 182.7734832763672 247.7176971435547 178.7398681640625
v 183.50518798828125 247.4281005859375 178.40830993652344
v 170.0958709716797 249.39112854003906 179.230712890625
v 182.59608459472656 248.4774627685547 178.5386505126953
v 181.96969604492188 248.85020446777344 178.83673095703125
v 171.37843322753906 250.01312255859375 179.17601013183594
v 172.07763671875 250.25473022460938 179.38885498046875
v 181.000244140625 249.75157165527344 178.88360595703125
v 180.3059844970703 250.0326690673828 179.24024963378906
v 181.66355895996094 249.4408721923828 178.54403686523438
v 181.3755645751953 249.18154907226562 179.13145446777344
v 172.71331787109375 250.5712432861328 178.81716918945312
v 173.42428588867188 250.68690490722656 179.24114990234375
v 174.29856872558594 250.83200073242188 179.0600128173828
v 175.25550842285156 250.89393615722656 179.03692626953125
v 176.18463134765625 250.90135192871094 179.01402282714844
v 177.1195526123047 250.873046875 178.95919799804688
v 177.89688110351562 250.84620666503906 178.83407592773438
v 178.8342742919922 250.65643310546875 179.06468200683594
v 179.751220703125 250.48184204101562 178.80093383789062
v 174.60336303710938 231.81607055664062 179.4277801513672
v 175.0929718017578 231.8258056640625 179.4041748046875
v 174.41403198242188 232.5019073486328 179.6496124267578
v 175.07479858398438 232.2837677001953 179.55532836914062
v 175.7105255126953 232.62416076660156 179.4910125732422
v 175.0468292236328 233.04238891601562 179.72137451171875
v 175.80003356933594 233.4690399169922 179.64952087402344
v 170.17271423339844 234.22872924804688 179.8111572265625
v 172.41192626953125 234.3383331298828 179.9320068359375
v 174.91400146484375 234.08197021484375 179.9010467529297
v 165.6726837158203 235.52056884765625 179.83523559570312
v 167.3262939453125 235.1860809326172 179.9745330810547
v 169.37887573242188 235.2275390625 180.18814086914062
v 171.24609375 235.46617126464844 180.3103485107422
v 172.24497985839844 235.19821166992188 180.19662475585938
v 173.2032928466797 234.79806518554688 180.08941650390625
v 176.83168029785156 235.5128173828125 179.7777557373047
v 162.74346923828125 236.66896057128906 179.67068481445312
v 163.63233947753906 236.54934692382812 179.84432983398438
v 165.4178009033203 236.28787231445312 180.13162231445312
v 171.2134552001953 236.089111328125 180.60398864746094
v 175.1861572265625 236.8141632080078 180.44529724121094
v 176.19204711914062 237.0457763671875 180.30731201171875
v 160.77230834960938 238.58651733398438 179.72169494628906
v 164.0284881591797 237.98439025878906 180.53561401367188
v 178.09432983398438 238.21226501464844 180.16600036621094
v 178.93821716308594 238.36093139648438 179.9561767578125
v 163.0210418701172 238.9629364013672 180.51406860351562
v 180.76101684570312 239.48268127441406 179.65570068359375
v 159.6657257080078 240.44161987304688 179.6876678466797
v 160.306640625 240.13101196289062 179.87144470214844
v 181.3833770751953 240.31886291503906 179.56475830078125
v 158.8755645751953 241.3500518798828 179.32321166992188
v 159.41104125976562 241.1951141357422 179.59146118164062
v 178.4876251220703 240.7898406982422 180.63552856445312
v 159.105712890625 241.73251342773438 179.37557983398438
v 159.66790771484375 241.82012939453125 179.61090087890625
v 160.50637817382812 242.07379150390625 179.9567413330078
v 159.79061889648438 242.53318786621094 179.45680236816406
v 160.3882293701172 242.83840942382812 179.69761657714844
v 160.70858764648438 243.4423065185547 179.54833984375
v 161.4314727783203 243.76736450195312 179.93287658691406
v 161.8054962158203 244.423095703125 179.5978240966797
v 162.10134887695312 244.1724395751953 180.28475952148438
v 162.4716033935547 244.77581787109375 179.9397430419922
v 163.12060546875 245.11798095703125 180.23756408691406
v 178.54896545410156 245.14744567871094 180.45620727539062
v 164.29649353027344 245.9679412841797 180.0247802734375
v 164.98292541503906 246.29217529296875 180.2739715576172
v 179.2563934326172 246.1427459716797 180.20579528808594
v 166.23582458496094 247.10337829589844 180.0953826904297
v 180.05078125 247.2545623779297 180.04318237304688
v 166.88111877441406 247.3942413330078 180.408203125
v 167.3131103515625 247.76263427734375 180.0808868408203
v 180.1731719970703 248.0454559326172 180.09457397460938
v 180.8551025390625 248.24407958984375 179.77789306640625
v 181.41868591308594 248.3301239013672 179.48260498046875
v 168.66925048828125 248.5935821533203 179.71018981933594
v 169.34893798828125 248.9122314453125 179.97264099121094
v 170.04872131347656 249.19261169433594 180.24874877929688
v 180.22508239746094 248.92410278320312 180.0328369140625
v 181.06690979003906 248.81568908691406 179.56689453125
v 181.60853576660156 248.6719970703125 179.26390075683594
v 170.73878479003906 249.6328125 179.73683166503906
v 171.52919006347656 249.82595825195312 180.08506774902344
v 172.2939910888672 250.11593627929688 180.02528381347656
v 180.70103454589844 249.4402313232422 179.49267578125
v 180.00160217285156 249.72479248046875 179.86212158203125
v 172.77166748046875 250.43038940429688 179.61581420898438
v 172.95474243164062 250.1457061767578 180.2600860595703
v 173.3737030029297 250.48257446289062 179.87564086914062
v 174.0841064453125 250.59080505371094 179.82449340820312
v 175.1436309814453 250.60914611816406 179.8961181640625
v 176.12083435058594 250.68028259277344 179.78660583496094
v 177.0618438720703 250.656494140625 179.75401306152344
v 178.10191345214844 250.58509826660156 179.67759704589844
v 178.97535705566406 250.375244140625 179.85107421875
v 179.59564208984375 250.2630615234375 179.57363891601562
v 179.35667419433594 249.98231506347656 180.15408325195312
v 169.4709930419922 236.60198974609375 180.95620727539062
v 170.22145080566406 237.02188110351562 181.17831420898438
v 173.79898071289062 237.49905395507812 180.95294189453125
v 166.10414123535156 238.06724548339844 181.25303649902344
v 166.93319702148438 237.91172790527344 181.3603973388672
v 167.78469848632812 237.7797088623047 181.4407196044922
v 171.68594360351562 237.80360412597656 181.45249938964844
v 165.02272033691406 238.94398498535156 181.31753540039062
v 176.83709716796875 239.45401000976562 180.9633331298828
v 162.56307983398438 241.40933227539062 180.92355346679688
v 163.98231506347656 240.8180389404297 181.41162109375
v 177.82443237304688 241.3546600341797 180.9441375732422
v 162.47073364257812 242.23959350585938 181.0077667236328
v 163.83204650878906 241.62112426757812 181.51239013671875
v 176.4450225830078 241.4964599609375 181.47691345214844
v 176.4370880126953 242.34194946289062 181.43215942382812
v 178.6216583251953 242.1690216064453 180.63824462890625
v 161.8021697998047 243.01248168945312 180.6387939453125
v 162.41110229492188 243.13946533203125 180.99766540527344
v 163.06753540039062 242.7285614013672 181.3483428955078
v 176.36875915527344 243.26869201660156 181.3632049560547
v 175.63235473632812 242.5777130126953 181.62258911132812
v 178.0822296142578 243.1058349609375 180.7951202392578
v 161.87413024902344 243.49533081054688 180.5256805419922
v 162.48043823242188 243.92005920410156 180.84107971191406
v 162.73463439941406 244.54843139648438 180.59912109375
v 163.07896423339844 244.2787628173828 181.1140899658203
v 163.3831024169922 244.87435913085938 180.8701934814453
v 163.7824249267578 245.44284057617188 180.49574279785156
v 164.08865356445312 245.1528778076172 181.10433959960938
v 164.47438049316406 245.75057983398438 180.72723388671875
v 165.19618225097656 246.0360870361328 180.94097900390625
v 177.9403839111328 246.3118133544922 180.75994873046875
v 165.67950439453125 246.6034698486328 180.5247344970703
v 165.94654846191406 246.28599548339844 181.14134216308594
v 166.38272094726562 246.88723754882812 180.77371215820312
v 167.10525512695312 247.13294982910156 181.00856018066406
v 178.19036865234375 247.1735382080078 180.76010131835938
v 178.8282470703125 247.48194885253906 180.588623046875
v 167.53750610351562 247.67002868652344 180.65054321289062
v 167.87071228027344 247.33831787109375 181.2279510498047
v 168.25479125976562 247.93280029296875 180.8839874267578
v 173.4896697998047 248.30514526367188 181.4911346435547
v 176.316162109375 247.72406005859375 181.14410400390625
v 177.00384521484375 248.2295684814453 181.03746032714844
v 178.0758819580078 248.1953582763672 180.84921264648438
v 179.01113891601562 248.18536376953125 180.61044311523438
v 179.59889221191406 248.49429321289062 180.39920043945312
v 168.74591064453125 248.4469451904297 180.48565673828125
v 169.0087432861328 248.15528869628906 181.13209533691406
v 169.45846557617188 248.70558166503906 180.74598693847656
v 170.18142700195312 248.90219116210938 180.96243286132812
v 173.24114990234375 248.9399871826172 181.30462646484375
v 177.1445770263672 249.0232696533203 180.95059204101562
v 177.98858642578125 249.16781616210938 180.84036254882812
v 178.93235778808594 248.9967498779297 180.64013671875
v 179.60870361328125 248.98423767089844 180.40298461914062
v 170.75106811523438 249.37648010253906 180.54794311523438
v 170.89845275878906 249.0241241455078 181.15292358398438
v 171.4387664794922 249.42135620117188 180.8577880859375
v 172.27859497070312 249.6934051513672 180.6732635498047
v 173.3212127685547 249.5956268310547 180.870361328125
v 172.58779907226562 249.1717071533203 181.21331787109375
v 175.3207244873047 249.67562866210938 180.8339385986328
v 176.2814483642578 249.6998748779297 180.81187438964844
v 177.27572631835938 249.82740783691406 180.7055206298828
v 178.32447814941406 249.70355224609375 180.65196228027344
v 179.0156707763672 249.68203735351562 180.502197265625
v 179.5621795654297 249.41944885253906 180.32989501953125
v 173.78724670410156 250.2014617919922 180.36819458007812
v 174.69505310058594 250.24644470214844 180.41030883789062
v 175.53416442871094 250.1876983642578 180.52195739746094
v 176.22335815429688 250.29478454589844 180.40699768066406
v 176.92201232910156 250.38800048828125 180.29054260253906
v 177.77682495117188 250.25270080566406 180.33615112304688
v 178.6544647216797 250.13697814941406 180.2993927001953
v 168.63043212890625 237.72715759277344 181.51083374023438
v 169.21353149414062 237.7338104248047 181.55319213867188
v 169.83338928222656 237.7529296875 181.54611206054688
v 165.7594451904297 238.76007080078125 181.4757080078125
v 166.5913848876953 238.65045166015625 181.60516357421875
v 167.4861602783203 238.50479125976562 181.68417358398438
v 168.2520294189453 238.2909393310547 181.69754028320312
v 169.15382385253906 238.34901428222656 181.75888061523438
v 171.1847686767578 238.3509521484375 181.7178497314453
v 172.8304443359375 238.63243103027344 181.63217163085938
v 173.7213897705078 238.69009399414062 181.5285186767578
v 164.86009216308594 239.6739501953125 181.48468017578125
v 165.47157287597656 239.36329650878906 181.60325622558594
v 166.3125457763672 239.5139617919922 181.8011474609375
v 167.30662536621094 239.35690307617188 181.88897705078125
v 168.40260314941406 239.15333557128906 181.9274139404297
v 170.2578582763672 239.2229766845703 182.01036071777344
v 172.07550048828125 239.35032653808594 181.91195678710938
v 173.20993041992188 239.48875427246094 181.83535766601562
v 174.1141815185547 239.24420166015625 181.6692352294922
v 174.83929443359375 239.49415588378906 181.59506225585938
v 175.64450073242188 239.7383575439453 181.4604034423828
v 165.6651153564453 240.19583129882812 181.80706787109375
v 167.2700653076172 240.2489013671875 182.04083251953125
v 168.21453857421875 240.1842041015625 182.0887451171875
v 169.25167846679688 240.07540893554688 182.1189727783203
v 171.17166137695312 240.1204071044922 182.09866333007812
v 173.2650146484375 240.5251922607422 182.00277709960938
v 174.15211486816406 239.98092651367188 181.8240509033203
v 175.1544189453125 240.38470458984375 181.71490478515625
v 176.01902770996094 240.4110107421875 181.52725219726562
v 176.57974243164062 240.4987335205078 181.3626708984375
v 164.5952606201172 241.3988494873047 181.71990966796875
v 165.49200439453125 241.22669982910156 181.90431213378906
v 166.4403533935547 241.12510681152344 182.0477752685547
v 170.234375 240.7587890625 182.18360900878906
v 172.52842712402344 241.23391723632812 182.1165771484375
v 174.26644897460938 241.0315704345703 181.91493225097656
v 175.19332885742188 241.19705200195312 181.78627014160156
v 175.8441619873047 241.01734924316406 181.64378356933594
v 176.4005126953125 240.89297485351562 181.4837188720703
v 163.7357635498047 242.41310119628906 181.58714294433594
v 164.3530731201172 242.1053009033203 181.7498016357422
v 165.18231201171875 242.2887420654297 181.9388427734375
v 166.2534637451172 242.1232452392578 182.08677673339844
v 167.23928833007812 242.0164031982422 182.17352294921875
v 168.0308380126953 241.8672637939453 182.21127319335938
v 170.40267944335938 242.01275634765625 182.2204132080078
v 172.25390625 242.1182403564453 182.13792419433594
v 172.98851013183594 241.92994689941406 182.08363342285156
v 173.91534423828125 242.1171112060547 181.95870971679688
v 163.07102966308594 243.3652801513672 181.37496948242188
v 163.66378784179688 243.20138549804688 181.5992431640625
v 164.39892578125 242.8579559326172 181.80459594726562
v 165.05178833007812 243.24862670898438 181.93849182128906
v 165.8822021484375 243.14999389648438 182.0569305419922
v 166.90245056152344 243.0642547607422 182.15138244628906
v 169.04385375976562 243.3157196044922 182.2284698486328
v 170.1297149658203 243.3062744140625 182.22715759277344
v 172.22291564941406 243.06956481933594 182.1151123046875
v 162.86972045898438 243.7457275390625 181.2124481201172
v 163.44178771972656 243.85902404785156 181.45530700683594
v 164.3175048828125 243.80911254882812 181.71934509277344
v 165.2817840576172 244.01414489746094 181.89759826660156
v 166.2332305908203 244.05470275878906 182.0188751220703
v 167.244873046875 244.0384063720703 182.1014862060547
v 171.14944458007812 244.1365203857422 182.18170166015625
v 163.78219604492188 244.49253845214844 181.36326599121094
v 164.60118103027344 244.67852783203125 181.5755615234375
v 165.47377014160156 244.8461456298828 181.73947143554688
v 166.38314819335938 244.9388427734375 181.86402893066406
v 167.33615112304688 244.98159790039062 181.9615020751953
v 168.31727600097656 245.01475524902344 182.04212951660156
v 170.00906372070312 245.29112243652344 182.1348114013672
v 170.84945678710938 245.1417236328125 182.14938354492188
v 171.84817504882812 245.06631469726562 182.08824157714844
v 172.92469787597656 245.0589599609375 181.9384765625
v 164.85031127929688 245.40130615234375 181.30491638183594
v 165.65359497070312 245.6065673828125 181.47569274902344
v 166.50120544433594 245.75296020507812 181.62388610839844
v 167.40182495117188 245.8445281982422 181.75799560546875
v 168.34141540527344 245.90878295898438 181.88125610351562
v 169.26820373535156 245.982666015625 181.98416137695312
v 170.19447326660156 246.0478973388672 182.04718017578125
v 171.25234985351562 246.20700073242188 182.03334045410156
v 173.19801330566406 246.00660705566406 181.83872985839844
v 166.73529052734375 246.4874725341797 181.33038330078125
v 167.57460021972656 246.63743591308594 181.51071166992188
v 168.45838928222656 246.74884033203125 181.67926025390625
v 169.3644561767578 246.84494018554688 181.8184356689453
v 170.26332092285156 246.97381591796875 181.9004669189453
v 170.99082946777344 247.21664428710938 181.9043426513672
v 171.9589080810547 247.14215087890625 181.88238525390625
v 172.99319458007812 246.8016815185547 181.80728149414062
v 168.68255615234375 247.5059356689453 181.4337921142578
v 169.51712036132812 247.65167236328125 181.60104370117188
v 170.3359832763672 247.7998809814453 181.70606994628906
v 171.16773986816406 247.92041015625 181.74664306640625
v 171.99234008789062 248.1355743408203 181.69461059570312
v 172.82168579101562 247.7219696044922 181.7105255126953
v 169.77606201171875 248.33644104003906 181.31996154785156
v 170.55604553222656 248.47866821289062 181.45335388183594
v 171.31503295898438 248.61068725585938 181.5190887451172
v 171.9952392578125 248.82449340820312 181.45436096191406
v 172.70486450195312 248.52708435058594 181.52944946289062
v 171.48275756835938 249.07186889648438 181.2799530029297
v 171.938720703125 249.27383422851562 181.14736938476562
f 1 2 3
f 2 1 4
f 5 3 6
f 3 5 1
f 7 6 8
f 6 7 5
f 9 8 10
f 8 9 7
f 9 11 12
f 11 9 10
f 12 13 14
f 13 12 11
f 15 16 17
f 16 15 18
f 19 17 4
f 17 19 15
f 19 1 20
f 1 19 4
f 21 1 5
f 1 21 20
f 22 5 7
f 5 22 21
f 23 7 9
f 7 23 22
f 24 9 12
f 9 24 23
f 25 12 14
f 12 25 24
f 25 26 27
f 26 25 14
f 28 29 18
f 29 28 30
f 28 15 31
f 15 28 18
f 32 15 19
f 15 32 31
f 33 19 20
f 19 33 32
f 34 20 21
f 20 34 33
f 35 21 22
f 21 35 34
f 36 22 23
f 22 36 35
f 37 23 24
f 23 37 36
f 38 24 25
f 24 38 37
f 39 25 27
f 25 39 38
f 40 28 41
f 28 40 30
f 42 28 31
f 28 42 41
f 43 31 32
f 31 43 42
f 43 33 44
f 33 43 32
f 45 33 34
f 33 45 44
f 46 34 35
f 34 46 45
f 47 35 36
f 35 47 46
f 48 36 37
f 36 48 47
f 49 37 38
f 37 49 48
f 50 42 51
f 42 50 41
f 51 43 52
f 43 51 42
f 52 44 53
f 44 52 43
f 53 45 54
f 45 53 44
f 55 45 46
f 45 55 54
f 56 46 47
f 46 56 55
f 57 47 48
f 47 57 56
f 58 52 59
f 52 58 51
f 59 53 60
f 53 59 52
f 60 54 61
f 54 60 53
f 62 54 55
f 54 62 61
f 63 55 56
f 55 63 62
f 64 2 65
f 2 64 3
f 66 3 64
f 3 66 6
f 67 6 66
f 6 67 8
f 10 67 68
f 67 10 8
f 11 68 69
f 68 11 10
f 13 69 70
f 69 13 11
f 71 72 73
f 72 71 74
f 71 16 74
f 16 71 17
f 75 73 65
f 73 75 71
f 75 17 71
f 17 75 4
f 75 2 4
f 2 75 65
f 76 13 14
f 13 76 70
f 76 77 78
f 77 76 70
f 26 76 78
f 76 26 14
f 79 80 74
f 80 79 81
f 79 29 81
f 29 79 18
f 79 16 18
f 16 79 74
f 82 26 27
f 26 82 78
f 82 83 84
f 83 82 78
f 85 86 81
f 86 85 87
f 85 29 30
f 29 85 81
f 39 88 89
f 88 39 38
f 82 39 89
f 39 82 27
f 90 82 84
f 82 90 89
f 91 84 92
f 84 91 90
f 93 85 94
f 85 93 87
f 85 40 94
f 40 85 30
f 95 40 94
f 40 95 41
f 49 96 97
f 96 49 48
f 88 49 97
f 49 88 38
f 98 88 89
f 88 98 97
f 99 89 90
f 89 99 98
f 100 95 101
f 95 100 94
f 95 50 101
f 50 95 41
f 102 50 101
f 50 102 51
f 57 103 104
f 103 57 56
f 96 57 104
f 57 96 48
f 105 96 97
f 96 105 104
f 106 97 98
f 97 106 105
f 107 102 108
f 102 107 101
f 102 58 108
f 58 102 51
f 109 58 108
f 58 109 59
f 110 59 109
f 59 110 60
f 61 110 111
f 110 61 60
f 62 111 112
f 111 62 61
f 63 112 113
f 112 63 62
f 103 63 113
f 63 103 56
f 114 103 104
f 103 114 113
f 115 104 105
f 104 115 114
f 116 110 117
f 110 116 109
f 117 111 118
f 111 117 110
f 119 111 112
f 111 119 118
f 120 112 113
f 112 120 119
f 121 113 114
f 113 121 120
f 122 72 123
f 72 122 73
f 124 125 126
f 125 124 122
f 124 73 122
f 73 124 65
f 64 124 126
f 124 64 65
f 127 126 128
f 127 64 126
f 64 127 66
f 127 129 130
f 129 127 128
f 130 66 127
f 66 130 67
f 131 129 194
f 129 131 130
f 68 130 131
f 130 68 67
f 132 131 194
f 69 131 132
f 131 69 68
f 132 133 134
f 134 69 132
f 69 134 70
f 134 135 136
f 135 134 133
f 77 134 136
f 134 77 70
f 136 137 138
f 137 136 135
f 139 140 123
f 140 139 141
f 139 80 141
f 80 139 74
f 139 72 74
f 72 139 123
f 142 77 78
f 77 142 136
f 142 138 143
f 138 142 136
f 83 142 143
f 142 83 78
f 143 144 145
f 144 143 138
f 146 147 141
f 147 146 148
f 146 86 148
f 86 146 81
f 146 80 81
f 80 146 141
f 149 83 84
f 83 149 143
f 149 145 150
f 145 149 143
f 92 149 150
f 149 92 84
f 150 151 152
f 151 150 145
f 153 86 87
f 86 153 148
f 91 154 155
f 154 91 90
f 155 92 91
f 92 155 150
f 155 152 156
f 152 155 150
f 157 153 158
f 153 157 159
f 153 93 158
f 93 153 87
f 160 93 158
f 93 160 94
f 99 161 162
f 161 99 98
f 154 99 162
f 99 154 90
f 163 154 155
f 154 163 162
f 164 155 156
f 155 164 163
f 165 160 166
f 160 165 158
f 160 100 166
f 100 160 94
f 167 100 166
f 100 167 101
f 106 168 169
f 168 106 105
f 161 106 169
f 106 161 98
f 170 161 162
f 161 170 169
f 162 163 170
f 171 167 172
f 167 171 166
f 167 107 172
f 107 167 101
f 173 107 172
f 107 173 108
f 174 108 173
f 108 174 109
f 115 175 176
f 175 115 114
f 168 115 176
f 115 168 105
f 177 174 178
f 174 177 173
f 174 116 178
f 116 174 109
f 179 116 178
f 116 179 117
f 118 179 180
f 179 118 117
f 181 118 180
f 118 181 119
f 120 181 182
f 181 120 119
f 121 182 183
f 182 121 120
f 175 121 183
f 121 175 114
f 184 175 176
f 175 184 183
f 185 181 186
f 181 185 180
f 186 182 187
f 182 186 181
f 188 182 183
f 182 188 187
f 257 189 190
f 189 125 190
f 125 189 126
f 191 257 258
f 257 191 189
f 191 126 189
f 191 192 128
f 192 191 258
f 128 126 191
f 193 128 192
f 128 193 129
f 194 129 193
f 132 194 195
f 195 196 197
f 133 195 197
f 195 133 132
f 197 198 199
f 198 197 196
f 135 197 199
f 197 135 133
f 199 200 201
f 200 199 198
f 137 199 201
f 199 137 135
f 140 202 203
f 202 140 210
f 204 203 190
f 203 204 140
f 204 123 140
f 123 204 122
f 204 125 122
f 125 204 190
f 205 137 138
f 137 205 201
f 205 206 207
f 206 205 201
f 144 205 207
f 205 144 138
f 207 208 209
f 208 207 206
f 210 147 211
f 147 210 141
f 210 140 141
f 212 144 145
f 144 212 207
f 212 209 213
f 209 212 207
f 151 212 213
f 212 151 145
f 213 214 215
f 214 213 209
f 216 217 211
f 217 216 218
f 216 147 148
f 147 216 211
f 219 151 152
f 151 219 213
f 219 215 220
f 215 219 213
f 220 221 222
f 221 220 215
f 223 218 216
f 218 223 224
f 223 159 224
f 159 223 153
f 223 148 153
f 148 223 216
f 225 152 156
f 152 225 219
f 225 220 226
f 220 225 219
f 226 222 227
f 222 226 220
f 228 159 157
f 159 228 224
f 229 157 228
f 157 229 158
f 164 230 231
f 230 164 163
f 225 164 231
f 164 225 156
f 232 225 226
f 225 232 231
f 233 226 227
f 226 233 232
f 234 229 235
f 229 234 228
f 229 165 235
f 165 229 158
f 236 165 235
f 165 236 166
f 237 170 169
f 163 170 238
f 230 163 238
f 238 230 231
f 239 231 232
f 231 239 238
f 240 236 241
f 236 240 235
f 236 171 241
f 171 236 166
f 242 171 241
f 171 242 172
f 243 172 242
f 172 243 173
f 244 168 176
f 237 168 244
f 168 237 169
f 243 177 245
f 177 243 173
f 246 177 245
f 177 246 178
f 179 246 247
f 246 179 178
f 248 179 247
f 179 248 180
f 184 249 250
f 249 184 183
f 244 184 250
f 184 244 176
f 251 248 252
f 248 251 247
f 248 185 252
f 185 248 180
f 253 185 252
f 185 253 186
f 254 186 253
f 186 254 187
f 188 254 255
f 254 188 187
f 249 188 255
f 188 249 183
f 256 249 250
f 249 256 255
f 193 195 194
f 196 195 319
f 198 319 320
f 319 198 196
f 200 320 259
f 320 200 198
f 260 202 322
f 202 260 203
f 261 262 257
f 262 261 260
f 261 203 260
f 203 261 190
f 261 257 190
f 263 200 201
f 200 263 259
f 263 259 264
f 206 263 264
f 263 206 201
f 208 264 325
f 264 208 206
f 265 266 322
f 266 265 267
f 265 211 267
f 211 265 210
f 265 202 210
f 202 265 322
f 268 208 209
f 208 268 325
f 268 269 270
f 269 268 325
f 214 268 270
f 268 214 209
f 271 272 267
f 272 271 273
f 271 217 273
f 217 271 211
f 211 271 267
f 274 214 215
f 214 274 270
f 274 275 276
f 275 274 270
f 221 274 276
f 274 221 215
f 277 278 273
f 278 277 279
f 277 217 218
f 217 277 273
f 280 221 222
f 221 280 276
f 280 281 282
f 281 280 276
f 283 277 284
f 277 283 279
f 284 218 224
f 218 284 277
f 285 222 227
f 222 285 280
f 285 282 286
f 282 285 280
f 287 284 288
f 284 287 283
f 284 228 288
f 228 284 224
f 233 289 290
f 289 233 232
f 285 233 290
f 233 285 227
f 291 285 286
f 285 291 290
f 288 234 292
f 234 288 228
f 293 234 292
f 234 293 235
f 294 170 237
f 294 238 170
f 239 294 295
f 294 239 238
f 289 239 295
f 239 289 232
f 296 289 290
f 289 296 295
f 293 240 358
f 240 293 235
f 297 240 358
f 240 297 241
f 242 297 298
f 297 242 241
f 299 242 298
f 242 299 243
f 244 294 237
f 300 243 245
f 243 300 299
f 301 245 300
f 245 301 246
f 302 246 301
f 246 302 247
f 250 303 244
f 304 247 251
f 247 304 302
f 304 305 306
f 305 304 302
f 252 304 306
f 304 252 251
f 253 306 307
f 306 253 252
f 254 307 308
f 307 254 253
f 255 308 309
f 308 255 254
f 310 311 303
f 311 310 309
f 310 255 309
f 255 310 256
f 303 256 310
f 256 303 250
f 312 262 313
f 262 312 257
f 258 257 374
f 314 258 374
f 258 314 192
f 315 192 314
f 192 315 193
f 316 372 317
f 372 316 315
f 316 193 315
f 193 316 195
f 316 317 195
f 195 318 319
f 318 195 317
f 260 323 313
f 323 260 322
f 262 260 313
f 324 259 264
f 259 324 321
f 324 325 264
f 269 325 326
f 272 327 266
f 327 272 328
f 272 266 267
f 329 269 270
f 269 329 326
f 275 329 333
f 329 275 270
f 330 331 328
f 331 330 332
f 330 278 332
f 278 330 273
f 330 272 273
f 272 330 328
f 333 275 276
f 333 334 335
f 281 333 335
f 333 281 276
f 336 337 332
f 337 336 338
f 336 278 279
f 278 336 332
f 339 281 282
f 281 339 335
f 339 340 341
f 340 339 335
f 342 336 343
f 336 342 338
f 336 283 343
f 283 336 279
f 344 282 286
f 282 344 339
f 344 341 345
f 341 344 339
f 343 287 346
f 287 343 283
f 347 287 346
f 287 347 288
f 291 348 349
f 348 291 290
f 344 291 349
f 291 344 286
f 350 344 345
f 344 350 349
f 351 347 352
f 347 351 346
f 347 292 352
f 292 347 288
f 353 292 352
f 292 353 293
f 295 354 355
f 354 295 294
f 296 355 356
f 355 296 295
f 348 296 356
f 296 348 290
f 357 348 349
f 348 357 356
f 293 358 353
f 298 358 359
f 358 298 297
f 359 299 298
f 303 294 244
f 294 303 424
f 360 299 300
f 299 360 359
f 361 360 359
f 301 360 361
f 360 301 300
f 362 301 361
f 301 362 302
f 305 362 363
f 362 305 302
f 303 311 364
f 365 305 306
f 305 365 363
f 365 366 367
f 366 365 363
f 307 365 367
f 365 307 306
f 367 368 369
f 368 367 366
f 308 367 369
f 367 308 307
f 370 368 364
f 368 370 369
f 370 308 369
f 308 370 309
f 370 311 309
f 311 370 364
f 371 314 426
f 314 371 315
f 372 315 371
f 323 425 313
f 313 425 312
f 373 312 425
f 312 373 257
f 374 257 373
f 314 374 426
f 320 375 376
f 375 320 319
f 259 320 376
f 321 376 377
f 376 321 259
f 324 377 378
f 377 324 321
f 327 379 380
f 379 327 381
f 322 380 323
f 380 322 327
f 322 266 327
f 324 325 378
f 325 382 326
f 382 325 378
f 326 383 384
f 383 326 382
f 329 326 384
f 385 386 381
f 386 385 387
f 385 331 387
f 331 385 328
f 385 327 328
f 327 385 381
f 388 329 333
f 329 388 384
f 389 388 384
f 334 388 389
f 388 334 333
f 390 391 387
f 391 390 392
f 390 337 392
f 337 390 332
f 390 331 332
f 331 390 387
f 393 334 335
f 334 393 389
f 393 394 395
f 394 393 389
f 340 393 395
f 393 340 335
f 396 397 392
f 397 396 398
f 396 337 338
f 337 396 392
f 399 340 341
f 340 399 395
f 399 400 401
f 400 399 395
f 402 338 342
f 338 402 396
f 403 342 402
f 342 403 343
f 404 341 345
f 341 404 399
f 404 401 405
f 401 404 399
f 406 403 407
f 403 406 402
f 403 346 407
f 346 403 343
f 350 408 409
f 408 350 349
f 404 350 409
f 350 404 345
f 410 404 405
f 404 410 409
f 407 351 411
f 351 407 346
f 412 351 411
f 351 412 352
f 353 412 413
f 412 353 352
f 355 354 414
f 356 414 415
f 414 356 355
f 357 415 416
f 415 357 356
f 408 357 416
f 357 408 349
f 417 408 409
f 408 417 416
f 418 353 358
f 353 418 413
f 418 419 420
f 419 418 413
f 358 418 420
f 358 420 359
f 361 359 421
f 421 362 361
f 422 362 421
f 362 422 363
f 422 366 363
f 423 366 422
f 366 423 368
f 424 368 423
f 368 424 364
f 424 303 364
f 425 484 373
f 426 373 484
f 373 426 374
f 371 483 427
f 483 371 426
f 371 427 372
f 428 372 427
f 372 428 317
f 317 428 429
f 318 429 430
f 429 318 317
f 319 430 485
f 430 319 318
f 485 375 319
f 485 376 375
f 377 376 486
f 488 379 431
f 379 488 380
f 432 380 488
f 380 432 323
f 425 323 432
f 433 377 378
f 377 433 486
f 382 433 490
f 433 382 378
f 383 490 434
f 490 383 382
f 431 386 435
f 386 431 381
f 431 379 381
f 436 383 384
f 383 436 434
f 437 436 434
f 389 436 437
f 436 389 384
f 438 439 435
f 439 438 440
f 438 391 440
f 391 438 387
f 438 386 387
f 386 438 435
f 389 394 437
f 441 394 437
f 442 443 440
f 443 442 444
f 442 397 444
f 397 442 392
f 442 391 392
f 391 442 440
f 441 394 395
f 441 445 446
f 400 441 446
f 441 400 395
f 447 448 444
f 448 447 449
f 444 398 447
f 398 444 397
f 450 398 447
f 398 450 396
f 451 400 401
f 400 451 446
f 451 452 453
f 452 451 446
f 454 450 455
f 450 454 447
f 450 402 455
f 402 450 396
f 456 401 405
f 401 456 451
f 456 453 457
f 453 456 451
f 457 458 459
f 458 457 453
f 455 406 460
f 406 455 402
f 461 406 460
f 406 461 407
f 410 462 463
f 462 410 409
f 456 410 463
f 410 456 405
f 464 456 457
f 456 464 463
f 461 411 465
f 411 461 407
f 466 411 465
f 411 466 412
f 467 412 466
f 412 467 413
f 419 467 468
f 467 419 413
f 470 294 424
f 470 354 294
f 414 470 471
f 470 414 354
f 415 471 472
f 471 415 414
f 416 472 473
f 472 416 415
f 417 473 474
f 473 417 416
f 462 417 474
f 417 462 409
f 475 462 463
f 462 475 474
f 476 419 420
f 419 476 468
f 420 476 477
f 478 420 477
f 420 478 359
f 479 359 478
f 359 479 421
f 421 479 571
f 421 571 422
f 480 422 571
f 423 481 482
f 481 423 480
f 423 422 480
f 424 482 528
f 482 424 423
f 424 528 469
f 483 426 484
f 433 486 487
f 488 425 432
f 425 488 489
f 433 490 487
f 437 434 491
f 492 439 494
f 439 492 435
f 492 431 435
f 441 437 493
f 495 494 496
f 494 443 496
f 443 494 440
f 494 439 440
f 441 445 493
f 445 497 501
f 497 445 493
f 498 499 496
f 499 498 500
f 498 448 500
f 448 498 444
f 498 443 444
f 443 498 496
f 501 445 446
f 501 502 503
f 452 501 503
f 501 452 446
f 504 448 449
f 448 504 500
f 505 449 504
f 449 505 447
f 506 452 453
f 452 506 503
f 506 507 508
f 507 506 503
f 458 506 508
f 506 458 453
f 509 505 510
f 505 509 504
f 505 454 510
f 454 505 447
f 511 454 510
f 454 511 455
f 459 512 513
f 512 459 457
f 513 458 459
f 458 513 508
f 514 511 515
f 511 514 510
f 511 460 515
f 460 511 455
f 460 515 461
f 464 516 517
f 516 464 463
f 512 464 517
f 464 512 457
f 518 512 513
f 512 518 517
f 519 461 465
f 461 519 515
f 520 465 519
f 465 520 466
f 468 466 520
f 466 468 467
f 522 563 523
f 563 522 571
f 571 522 480
f 524 523 525
f 523 524 522
f 524 480 522
f 480 524 481
f 524 526 527
f 526 524 525
f 527 481 524
f 481 527 482
f 528 527 526
f 528 482 527
f 470 469 573
f 469 470 424
f 470 573 529
f 471 529 530
f 529 471 470
f 472 530 531
f 530 472 471
f 473 531 532
f 531 473 472
f 474 532 533
f 532 474 473
f 475 533 534
f 533 475 474
f 516 475 534
f 475 516 463
f 535 516 517
f 516 535 534
f 536 468 476
f 468 536 521
f 477 536 584
f 536 477 476
f 537 477 584
f 477 537 478
f 571 478 537
f 478 571 479
f 485 430 538
f 484 489 590
f 489 484 425
f 376 485 538
f 538 486 376
f 490 487 540
f 539 492 543
f 492 539 431
f 488 589 489
f 589 488 539
f 488 431 539
f 540 490 434
f 540 491 434
f 541 495 542
f 495 541 494
f 494 541 492
f 492 541 543
f 493 491 437
f 493 544 497
f 544 493 491
f 497 544 547
f 545 499 546
f 499 545 496
f 545 495 496
f 495 545 542
f 547 497 501
f 502 547 548
f 547 502 501
f 549 499 500
f 499 549 546
f 550 502 503
f 502 550 548
f 550 598 551
f 598 550 548
f 507 550 551
f 550 507 503
f 552 553 549
f 553 552 554
f 552 500 504
f 500 552 549
f 555 507 508
f 507 555 551
f 556 552 557
f 552 556 554
f 552 509 557
f 509 552 504
f 558 508 513
f 508 558 555
f 559 555 560
f 555 559 558
f 561 509 514
f 509 561 557
f 514 509 510
f 563 562 523
f 564 523 562
f 523 564 525
f 565 525 564
f 525 565 526
f 528 565 566
f 565 528 526
f 518 567 568
f 567 518 517
f 558 518 568
f 518 558 513
f 569 515 570
f 515 569 514
f 515 519 570
f 668 519 570
f 519 668 520
f 521 520 668
f 520 521 468
f 563 571 632
f 572 528 469
f 528 572 566
f 469 572 623
f 623 573 469
f 529 573 574
f 530 574 575
f 574 530 529
f 531 575 576
f 575 531 530
f 532 576 577
f 576 532 531
f 533 577 578
f 577 533 532
f 534 578 579
f 578 534 533
f 535 579 580
f 579 535 534
f 567 535 580
f 535 567 517
f 581 567 568
f 567 581 580
f 582 521 536
f 582 583 584
f 583 582 521
f 582 584 536
f 632 571 584
f 571 537 584
f 585 634 484
f 586 484 634
f 484 586 483
f 586 427 483
f 588 427 587
f 427 588 428
f 588 429 428
f 590 489 589
f 590 585 484
f 486 635 487
f 635 486 538
f 591 592 589
f 543 591 539
f 591 589 539
f 593 540 491
f 593 544 491
f 591 543 594
f 543 542 594
f 542 543 541
f 595 544 547
f 544 595 593
f 595 638 598
f 638 595 593
f 548 595 598
f 595 548 547
f 596 597 594
f 596 546 597
f 546 596 545
f 596 542 545
f 542 596 594
f 600 640 597
f 640 600 601
f 600 553 601
f 553 600 549
f 600 546 549
f 546 600 597
f 602 598 551
f 598 602 599
f 602 603 604
f 603 602 599
f 605 606 601
f 606 605 607
f 605 553 554
f 553 605 601
f 608 551 555
f 551 608 602
f 608 604 609
f 604 608 602
f 560 608 609
f 608 560 555
f 610 605 611
f 605 610 607
f 605 556 611
f 556 605 554
f 612 556 611
f 556 612 557
f 559 613 614
f 613 559 558
f 614 560 559
f 560 614 609
f 615 612 616
f 612 615 611
f 612 561 616
f 561 612 557
f 617 561 616
f 561 617 514
f 562 563 618
f 562 618 564
f 618 565 564
f 613 568 619
f 568 613 558
f 620 613 614
f 613 620 619
f 617 569 621
f 569 617 514
f 668 569 621
f 569 668 570
f 622 521 668
f 622 583 521
f 563 632 665
f 623 566 572
f 760 623 566
f 573 623 624
f 574 624 673
f 624 574 573
f 575 673 625
f 673 575 574
f 576 625 626
f 625 576 575
f 577 626 627
f 626 577 576
f 578 627 676
f 627 578 577
f 628 578 676
f 578 628 579
f 580 628 629
f 628 580 579
f 630 631 619
f 631 630 629
f 581 629 630
f 629 581 580
f 630 568 581
f 568 630 619
f 632 583 584
f 583 632 622
f 427 852 587
f 588 587 852
f 725 430 429
f 590 633 585
f 427 586 852
f 726 635 538
f 636 592 685
f 592 636 589
f 636 684 633
f 636 590 589
f 590 636 633
f 487 683 540
f 683 487 635
f 685 592 591
f 638 593 637
f 594 689 591
f 689 594 640
f 594 597 640
f 639 638 637
f 599 638 639
f 638 599 598
f 639 642 643
f 603 639 643
f 639 603 599
f 644 645 641
f 645 644 646
f 644 606 646
f 606 644 601
f 644 640 601
f 640 644 641
f 647 603 604
f 603 647 643
f 647 648 649
f 648 647 643
f 650 651 646
f 651 650 652
f 650 606 607
f 606 650 646
f 653 604 609
f 604 653 647
f 654 647 649
f 647 654 653
f 655 650 656
f 650 655 652
f 650 610 656
f 610 650 607
f 657 610 656
f 610 657 611
f 653 614 658
f 614 653 609
f 659 653 654
f 653 659 658
f 660 656 661
f 656 660 655
f 661 657 662
f 657 661 656
f 657 615 662
f 615 657 611
f 663 615 662
f 615 663 616
f 664 616 663
f 616 664 617
f 714 665 669
f 618 563 665
f 566 565 759
f 631 620 619
f 666 614 620
f 614 666 658
f 662 667 661
f 662 663 621
f 664 621 663
f 621 664 617
f 621 768 668
f 669 665 622
f 622 665 632
f 670 760 623
f 670 760 671
f 623 670 671
f 671 672 673
f 672 671 760
f 624 671 673
f 671 624 623
f 673 674 625
f 626 674 675
f 674 626 625
f 627 675 676
f 675 627 626
f 678 677 631
f 677 678 676
f 678 628 676
f 628 678 629
f 678 631 629
f 679 429 588
f 725 679 680
f 679 725 429
f 725 538 430
f 684 681 633
f 682 633 681
f 633 682 585
f 634 585 682
f 685 684 636
f 685 689 686
f 689 685 591
f 593 687 728
f 687 637 593
f 639 637 688
f 689 641 690
f 641 689 640
f 639 642 688
f 691 692 690
f 691 645 692
f 645 691 641
f 641 691 690
f 693 642 643
f 693 694 695
f 648 693 695
f 693 648 643
f 696 697 692
f 697 696 698
f 696 651 698
f 651 696 646
f 696 645 646
f 645 696 692
f 699 648 649
f 648 699 695
f 699 700 701
f 700 699 695
f 702 703 698
f 703 702 704
f 702 651 652
f 651 702 698
f 705 649 654
f 649 705 699
f 706 699 701
f 699 706 705
f 707 702 708
f 702 707 704
f 702 655 708
f 655 702 652
f 659 709 710
f 709 659 658
f 705 659 710
f 659 705 654
f 711 705 706
f 705 711 710
f 708 660 712
f 660 708 655
f 713 660 712
f 660 713 661
f 618 714 758
f 714 618 665
f 759 760 566
f 672 760 761
f 761 673 672
f 677 676 715
f 620 631 762
f 666 762 716
f 762 666 620
f 709 666 716
f 666 709 658
f 717 709 710
f 709 717 716
f 718 713 719
f 713 718 712
f 713 667 719
f 667 713 661
f 662 667 719
f 768 720 668
f 668 720 769
f 668 769 622
f 669 622 769
f 674 673 771
f 675 771 721
f 771 675 674
f 722 675 721
f 675 722 676
f 720 723 768
f 723 720 769
f 680 679 724
f 852 586 634
f 588 852 679
f 724 679 852
f 1061 538 725
f 682 681 727
f 727 681 684
f 683 540 929
f 540 929 593
f 593 929 728
f 686 684 685
f 688 687 637
f 687 688 728
f 688 790 793
f 790 688 728
f 692 729 690
f 686 791 684
f 791 686 729
f 686 690 729
f 690 686 689
f 730 688 642
f 688 730 793
f 730 693 642
f 730 793 732
f 694 730 732
f 730 694 693
f 731 795 729
f 795 731 735
f 731 697 735
f 697 731 692
f 692 731 729
f 732 694 695
f 732 733 734
f 700 732 734
f 732 700 695
f 736 735 737
f 735 703 737
f 703 735 698
f 735 697 698
f 738 700 701
f 700 738 734
f 738 739 740
f 739 738 734
f 741 742 737
f 742 741 743
f 741 703 704
f 703 741 737
f 738 706 744
f 706 738 701
f 745 738 740
f 738 745 744
f 746 741 747
f 741 746 743
f 741 707 747
f 707 741 704
f 748 707 747
f 707 748 708
f 711 749 750
f 749 711 710
f 750 706 711
f 706 750 744
f 751 748 752
f 748 751 747
f 748 712 752
f 712 748 708
f 753 754 755
f 754 753 756
f 753 714 756
f 755 757 753
f 757 714 753
f 714 757 758
f 758 824 618
f 759 618 824
f 618 759 565
f 673 761 771
f 715 885 677
f 762 677 885
f 677 762 631
f 716 762 763
f 717 763 764
f 763 717 716
f 749 717 764
f 717 749 710
f 765 749 750
f 749 765 764
f 752 718 766
f 718 752 712
f 719 718 766
f 719 832 662
f 839 662 832
f 662 839 621
f 767 621 839
f 768 767 775
f 767 768 621
f 769 770 669
f 770 714 669
f 714 770 756
f 771 772 721
f 773 721 772
f 721 773 722
f 774 722 773
f 722 774 676
f 774 715 676
f 715 774 885
f 776 723 768
f 723 776 777
f 769 723 777
f 778 776 779
f 776 778 768
f 780 776 777
f 776 780 779
f 780 777 781
f 782 779 783
f 779 782 778
f 784 779 780
f 779 784 783
f 785 780 781
f 780 785 784
f 786 852 925
f 852 786 724
f 680 786 787
f 786 680 724
f 725 787 855
f 787 725 680
f 682 856 634
f 852 634 856
f 1061 726 538
f 727 788 682
f 856 682 788
f 683 928 929
f 928 683 635
f 790 728 789
f 791 792 684
f 858 727 792
f 727 684 792
f 795 791 729
f 794 793 790
f 733 793 794
f 793 733 732
f 795 796 791
f 796 795 797
f 795 736 797
f 736 795 735
f 798 733 734
f 733 798 794
f 798 799 800
f 799 798 794
f 739 798 800
f 798 739 734
f 801 802 797
f 802 801 803
f 801 742 803
f 742 801 737
f 801 736 737
f 736 801 797
f 804 739 740
f 739 804 800
f 804 805 806
f 805 804 800
f 807 742 743
f 742 807 803
f 745 808 809
f 808 745 744
f 804 745 809
f 745 804 740
f 810 804 806
f 804 810 809
f 811 812 807
f 812 811 813
f 807 746 811
f 746 807 743
f 814 746 811
f 746 814 747
f 815 754 816
f 754 815 755
f 758 755 815
f 755 758 757
f 808 750 817
f 750 808 744
f 818 808 809
f 808 818 817
f 819 811 820
f 811 819 813
f 820 814 821
f 814 820 811
f 814 751 821
f 751 814 747
f 822 770 823
f 770 822 756
f 822 754 756
f 754 822 816
f 885 826 762
f 763 826 827
f 826 763 762
f 764 827 828
f 827 764 763
f 829 830 817
f 830 829 828
f 765 828 829
f 828 765 764
f 829 750 765
f 750 829 817
f 821 831 820
f 821 751 766
f 766 751 752
f 839 833 767
f 834 767 833
f 767 834 775
f 771 835 825
f 772 835 836
f 835 772 771
f 773 836 837
f 836 773 772
f 838 773 837
f 773 838 774
f 838 885 774
f 840 833 841
f 833 840 839
f 841 834 842
f 834 841 833
f 834 775 842
f 907 775 842
f 775 907 768
f 770 777 781
f 777 770 769
f 907 778 843
f 778 907 768
f 845 843 846
f 843 845 907
f 843 782 846
f 782 843 778
f 847 782 846
f 782 847 783
f 848 783 847
f 783 848 784
f 785 848 849
f 848 785 784
f 844 785 849
f 785 844 781
f 787 850 851
f 854 924 850
f 924 854 925
f 925 854 786
f 854 787 786
f 787 854 850
f 787 855 851
f 855 851 926
f 926 725 855
f 852 856 853
f 788 858 930
f 858 788 727
f 857 789 728
f 858 792 860
f 796 859 791
f 859 792 791
f 792 859 860
f 794 861 790
f 799 861 863
f 861 799 794
f 802 796 797
f 796 802 859
f 863 799 800
f 863 864 865
f 805 863 865
f 863 805 800
f 866 802 803
f 802 866 862
f 867 805 806
f 805 867 865
f 868 869 866
f 869 868 870
f 868 812 870
f 812 868 807
f 868 803 807
f 803 868 866
f 810 871 872
f 871 810 809
f 867 810 872
f 810 867 806
f 873 874 870
f 873 812 813
f 812 873 870
f 815 816 875
f 758 950 824
f 824 950 876
f 824 876 759
f 760 759 876
f 877 830 827
f 830 877 817
f 818 877 878
f 877 818 817
f 871 818 878
f 818 871 809
f 879 871 872
f 871 879 878
f 880 873 881
f 873 880 874
f 873 819 881
f 819 873 813
f 882 819 881
f 819 882 820
f 883 884 875
f 823 883 822
f 883 816 822
f 816 883 875
f 825 761 771
f 887 886 827
f 886 887 826
f 826 887 827
f 827 830 828
f 888 881 889
f 881 888 880
f 889 882 890
f 882 889 881
f 882 831 890
f 831 882 820
f 970 831 890
f 831 970 821
f 766 821 970
f 719 766 891
f 892 719 891
f 719 892 832
f 893 825 835
f 893 894 895
f 836 893 895
f 893 836 835
f 837 895 896
f 895 837 836
f 897 898 885
f 898 897 896
f 897 837 896
f 837 897 838
f 897 885 838
f 899 890 900
f 890 899 889
f 970 900 890
f 970 766 901
f 901 891 902
f 891 901 766
f 902 892 903
f 892 902 891
f 892 839 903
f 839 892 832
f 904 839 903
f 839 904 840
f 905 840 904
f 840 905 841
f 842 841 905
f 781 823 770
f 906 904 905
f 904 906 903
f 842 907 905
f 781 844 908
f 982 907 909
f 907 982 905
f 907 845 909
f 910 845 909
f 845 910 846
f 911 846 910
f 846 911 847
f 848 911 912
f 911 848 847
f 849 912 913
f 912 849 848
f 908 849 913
f 849 908 844
f 914 915 916
f 915 914 917
f 918 917 914
f 917 918 919
f 920 914 921
f 914 920 918
f 922 918 923
f 918 922 919
f 851 850 924
f 925 852 1055
f 851 926 927
f 926 927 725
f 1062 1061 726
f 1062 635 726
f 1062 928 635
f 1064 929 928
f 728 929 1066
f 1066 857 728
f 930 1067 788
f 788 1067 1065
f 860 930 858
f 930 860 931
f 860 859 931
f 932 790 861
f 932 863 861
f 932 864 863
f 862 933 931
f 862 859 802
f 859 862 931
f 934 864 865
f 864 934 932
f 934 935 936
f 935 934 932
f 933 869 937
f 869 933 866
f 933 862 866
f 934 867 938
f 867 934 865
f 938 936 939
f 936 938 934
f 940 1074 937
f 874 940 870
f 940 869 870
f 869 940 937
f 938 872 941
f 872 938 867
f 938 939 941
f 942 943 940
f 943 942 944
f 874 942 940
f 945 946 947
f 946 945 948
f 945 884 948
f 884 945 875
f 947 949 945
f 949 875 945
f 875 949 815
f 815 949 758
f 950 758 949
f 951 876 950
f 1089 876 951
f 876 1089 760
f 1090 761 760
f 952 953 954
f 953 952 1090
f 952 761 1090
f 954 761 952
f 761 954 825
f 954 893 825
f 955 826 885
f 826 955 886
f 827 886 955
f 877 956 957
f 956 877 827
f 878 957 958
f 957 878 877
f 879 958 941
f 958 879 878
f 879 941 872
f 959 944 942
f 944 959 960
f 959 874 880
f 874 959 942
f 967 961 948
f 967 884 883
f 884 967 948
f 893 962 954
f 894 962 963
f 962 894 893
f 963 1091 969
f 1091 963 962
f 898 1091 885
f 1091 898 969
f 964 959 965
f 959 964 960
f 959 888 965
f 888 959 880
f 966 888 965
f 888 966 889
f 823 967 883
f 968 894 895
f 894 968 963
f 963 969 968
f 896 968 969
f 968 896 895
f 969 898 896
f 966 1098 965
f 899 966 889
f 970 900 899
f 971 901 970
f 901 971 902
f 972 902 971
f 902 972 903
f 973 974 967
f 967 781 973
f 781 967 823
f 1102 899 975
f 899 1102 966
f 970 975 899
f 975 970 976
f 976 971 977
f 971 976 970
f 977 972 978
f 972 977 971
f 972 906 978
f 906 972 903
f 906 978 905
f 973 908 979
f 908 973 781
f 977 980 976
f 978 982 981
f 982 978 905
f 983 909 982
f 909 983 910
f 911 983 984
f 983 911 910
f 912 984 985
f 984 912 911
f 913 985 986
f 985 913 912
f 986 908 913
f 908 986 979
f 987 981 988
f 981 987 978
f 989 981 982
f 981 989 988
f 990 991 992
f 991 990 993
f 990 994 995
f 994 990 992
f 996 997 993
f 997 996 998
f 999 993 990
f 993 999 996
f 1000 990 995
f 990 1000 999
f 1001 995 1002
f 995 1001 1000
f 1003 1004 998
f 1004 1003 1005
f 1006 998 996
f 998 1006 1003
f 1007 996 999
f 996 1007 1006
f 1008 999 1000
f 999 1008 1007
f 1009 1010 1005
f 1010 1009 1011
f 1012 1005 1003
f 1005 1012 1009
f 1013 1003 1006
f 1003 1013 1012
f 1014 1006 1007
f 1006 1014 1013
f 1015 915 1016
f 915 1015 916
f 1017 1018 1019
f 1018 1017 1020
f 1021 1019 1011
f 1019 1021 1017
f 1022 1011 1009
f 1011 1022 1021
f 1023 1009 1012
f 1009 1023 1022
f 1024 1012 1013
f 1012 1024 1023
f 1025 915 917
f 915 1025 1016
f 1026 916 914
f 916 1026 1015
f 1026 1027 1028
f 1027 1026 1015
f 921 1026 1028
f 1026 921 914
f 1029 1027 1030
f 1027 1029 1028
f 1031 1030 1032
f 1030 1031 1029
f 1031 1033 1195
f 1033 1031 1032
f 1034 1035 1020
f 1035 1034 1036
f 1037 1020 1017
f 1020 1037 1034
f 1038 1017 1021
f 1017 1038 1037
f 1039 1021 1022
f 1021 1039 1038
f 1040 917 919
f 917 1040 1025
f 920 1041 1042
f 1041 920 918
f 1042 921 920
f 921 1042 1028
f 1043 1028 1029
f 1028 1043 1042
f 1044 1029 1031
f 1029 1044 1043
f 1045 1031 1195
f 1031 1045 1044
f 1046 1195 1036
f 1195 1046 1045
f 1047 1034 1037
f 1034 1047 1048
f 1040 922 1049
f 922 1040 919
f 1050 922 1049
f 922 1050 923
f 1041 923 1050
f 923 1041 918
f 1051 1041 1042
f 1041 1051 1050
f 1051 1043 1052
f 1043 1051 1042
f 1053 1043 1044
f 1043 1053 1052
f 1054 1044 1045
f 1044 1054 1053
f 925 1215 924
f 851 1216 1056
f 1216 851 924
f 927 851 1056
f 725 1057 1058
f 1057 725 927
f 856 1059 853
f 1060 853 1059
f 853 1060 852
f 1055 852 1060
f 725 1061 1058
f 1367 1062 1061
f 1367 1062 928
f 928 1367 1064
f 1065 1067 1220
f 1065 856 788
f 929 1066 1064
f 1222 789 857
f 1222 790 789
f 790 1069 1222
f 1069 932 790
f 933 930 931
f 935 1069 1070
f 1069 935 932
f 937 1225 933
f 1225 937 1226
f 939 935 936
f 935 939 1070
f 939 1071 1073
f 1071 939 1070
f 1074 1075 937
f 937 1075 1226
f 1072 939 1073
f 1075 1074 1076
f 1074 943 1076
f 943 1074 940
f 1077 946 1078
f 946 1077 947
f 1079 947 1077
f 947 1079 949
f 1080 950 949
f 939 941 1259
f 1072 939 1259
f 1082 1083 1076
f 1083 1082 1084
f 1082 943 944
f 943 1082 1076
f 1085 1086 1078
f 1086 1085 1087
f 1085 961 1087
f 961 1085 948
f 1085 946 948
f 946 1085 1078
f 951 1088 1089
f 1088 951 950
f 1090 760 1089
f 962 1081 1091
f 1081 962 954
f 885 1091 1092
f 1092 955 885
f 1533 827 955
f 827 1533 956
f 957 1533 1093
f 1533 957 956
f 958 1093 941
f 1093 958 957
f 1094 1082 1095
f 1082 1094 1084
f 1082 960 1095
f 960 1082 944
f 967 1250 1087
f 1250 967 1263
f 961 967 1087
f 1096 1095 1097
f 1095 1096 1094
f 1095 964 1097
f 964 1095 960
f 1098 964 1097
f 964 1098 965
f 1099 1263 967
f 967 974 1099
f 1100 1098 1101
f 1098 1100 1097
f 1102 1098 1101
f 1098 1102 966
f 1103 1099 1104
f 1099 974 1104
f 1105 974 1104
f 974 1105 973
f 1284 1101 1106
f 1101 1284 1100
f 1102 1106 1101
f 1107 1102 1106
f 1102 1107 975
f 1108 1104 1109
f 1104 1108 1103
f 1109 1105 1110
f 1105 1109 1104
f 1105 979 1110
f 979 1105 973
f 1292 1106 1113
f 1113 1107 1114
f 1107 1113 1106
f 975 1114 1107
f 980 975 976
f 1115 977 980
f 977 1115 978
f 982 1116 1117
f 983 1117 1118
f 1117 983 982
f 1118 984 983
f 1119 1108 1109
f 1108 1119 1118
f 1119 984 1118
f 984 1119 985
f 1119 1110 1120
f 1110 1119 1109
f 1120 985 1119
f 985 1120 986
f 1120 979 986
f 979 1120 1110
f 1121 1122 1112
f 1122 1121 1123
f 1124 1112 1111
f 1112 1124 1121
f 1124 1125 1126
f 1125 1124 1111
f 1127 1113 1128
f 1113 1127 1292
f 1128 1114 1129
f 1114 1128 1113
f 1129 1114 1130
f 1131 1114 975
f 1114 1131 1130
f 1131 980 1132
f 980 1131 975
f 1132 1115 1133
f 1115 1132 980
f 1115 987 1133
f 987 1115 978
f 1134 987 1133
f 987 1134 988
f 1135 988 1134
f 988 1135 989
f 1116 989 1135
f 989 1116 982
f 1136 1137 1138
f 1137 1136 1139
f 1136 991 1139
f 991 1136 992
f 1140 1138 1141
f 1138 1140 1136
f 994 1136 1140
f 1136 994 992
f 1142 1141 1123
f 1141 1142 1140
f 1143 1123 1121
f 1123 1143 1142
f 1144 1121 1124
f 1121 1144 1143
f 1145 1124 1126
f 1124 1145 1144
f 1146 1128 1147
f 1128 1146 1127
f 1147 1129 1148
f 1129 1147 1128
f 1148 1130 1149
f 1130 1148 1129
f 1150 1130 1131
f 1130 1150 1149
f 1151 1131 1132
f 1131 1151 1150
f 1152 1132 1133
f 1132 1152 1151
f 1153 1133 1134
f 1133 1153 1152
f 1154 1155 1139
f 1155 1154 1156
f 1154 997 1156
f 997 1154 993
f 1154 991 993
f 991 1154 1139
f 1157 994 995
f 994 1157 1140
f 1157 1142 1158
f 1142 1157 1140
f 1002 1157 1158
f 1157 1002 995
f 1159 1142 1143
f 1142 1159 1158
f 1160 1143 1144
f 1143 1160 1159
f 1161 1153 1162
f 1153 1161 1152
f 1163 1164 1156
f 1164 1163 1165
f 1163 1004 1165
f 1004 1163 998
f 1163 997 998
f 997 1163 1156
f 1001 1166 1167
f 1166 1001 1000
f 1167 1002 1001
f 1002 1167 1158
f 1168 1158 1159
f 1158 1168 1167
f 1169 1170 1165
f 1170 1169 1171
f 1169 1010 1171
f 1010 1169 1005
f 1169 1004 1005
f 1004 1169 1165
f 1008 1172 1173
f 1172 1008 1007
f 1166 1008 1173
f 1008 1166 1000
f 1174 1166 1167
f 1166 1174 1173
f 1175 1176 1177
f 1176 1175 1178
f 1175 1018 1178
f 1018 1175 1019
f 1179 1177 1171
f 1177 1179 1175
f 1179 1019 1175
f 1019 1179 1011
f 1179 1010 1011
f 1010 1179 1171
f 1014 1180 1181
f 1180 1014 1013
f 1172 1014 1181
f 1014 1172 1007
f 1182 1172 1173
f 1172 1182 1181
f 1183 1016 1184
f 1016 1183 1015
f 1027 1183 1185
f 1183 1027 1015
f 1030 1185 1186
f 1185 1030 1027
f 1032 1186 1187
f 1186 1032 1030
f 1187 1033 1032
f 1195 1188 1189
f 1188 1195 1033
f 1020 1189 1178
f 1189 1020 1195
f 1020 1035 1195
f 1018 1020 1178
f 1023 1190 1191
f 1190 1023 1022
f 1024 1191 1192
f 1191 1024 1023
f 1180 1024 1192
f 1024 1180 1013
f 1193 1180 1181
f 1180 1193 1192
f 1194 1016 1025
f 1016 1194 1184
f 1036 1195 1196
f 1196 1035 1036
f 1035 1196 1195
f 1034 1196 1197
f 1196 1034 1036
f 1038 1198 1199
f 1198 1038 1037
f 1039 1199 1200
f 1199 1039 1038
f 1190 1039 1200
f 1039 1190 1022
f 1201 1190 1191
f 1190 1201 1200
f 1194 1040 1202
f 1040 1194 1025
f 1046 1203 1204
f 1203 1046 1045
f 1196 1046 1204
f 1046 1196 1036
f 1204 1197 1205
f 1197 1204 1196
f 1197 1048 1205
f 1048 1197 1034
f 1206 1048 1205
f 1048 1206 1047
f 1198 1047 1206
f 1047 1198 1037
f 1207 1198 1199
f 1198 1207 1206
f 1202 1049 1208
f 1049 1202 1040
f 1209 1049 1208
f 1049 1209 1050
f 1051 1209 1210
f 1209 1051 1050
f 1052 1210 1211
f 1210 1052 1051
f 1053 1211 1212
f 1211 1053 1052
f 1054 1212 1213
f 1212 1054 1053
f 1203 1054 1213
f 1054 1203 1045
f 1214 1203 1204
f 1203 1214 1213
f 925 1055 1490
f 1215 1216 924
f 927 1056 1217
f 1057 1217 1366
f 1217 1057 927
f 1366 1058 1057
f 1061 1367 1058
f 1065 1218 856
f 1219 856 1218
f 856 1219 1063
f 1370 1222 857
f 1068 1067 930
f 930 1221 1068
f 1068 1221 1495
f 1225 1373 933
f 1373 930 933
f 930 1373 1221
f 1223 1069 1070
f 1071 1223 1224
f 1223 1071 1070
f 1071 1073 1224
f 1225 1226 1227
f 1226 1075 1227
f 1228 1073 1072
f 1229 1230 1231
f 1232 1233 1227
f 1233 1232 1234
f 1232 1083 1234
f 1083 1232 1076
f 1232 1075 1076
f 1075 1232 1227
f 1235 1086 1236
f 1086 1235 1078
f 1077 1235 1237
f 1235 1077 1078
f 1079 1237 1403
f 1237 1079 1077
f 1403 949 1079
f 950 1080 1253
f 1090 1089 1255
f 1404 1090 1405
f 1090 1404 953
f 1238 1239 1240
f 1239 1238 1404
f 1238 953 1404
f 953 1238 954
f 1240 954 1238
f 954 1240 1081
f 1081 1240 1241
f 1091 1241 1388
f 1241 1091 1081
f 1228 1259 1242
f 1259 1228 1072
f 1243 1228 1073
f 1228 1243 1242
f 1229 1243 1073
f 1229 1231 1244
f 1244 1245 1246
f 1245 1244 1231
f 1247 1083 1084
f 1083 1247 1234
f 1248 1249 1250
f 1249 1248 1251
f 1252 1249 1236
f 1249 1252 1250
f 1250 1252 1087
f 1252 1086 1087
f 1086 1252 1236
f 1088 1253 1416
f 1253 1088 950
f 1254 1088 1416
f 1088 1254 1089
f 1255 1089 1254
f 1406 1091 1388
f 1092 1256 1417
f 1256 1092 1091
f 1417 955 1092
f 1533 955 1257
f 1533 1258 1093
f 1265 1093 1258
f 1093 1265 941
f 1242 1243 1259
f 1243 1229 1260
f 1244 1260 1229
f 1260 1246 1261
f 1246 1260 1244
f 1262 1084 1094
f 1084 1262 1247
f 1263 1248 1250
f 1265 1264 1258
f 1265 941 1266
f 1267 941 1259
f 941 1267 1266
f 1267 1259 1268
f 1269 1259 1243
f 1259 1269 1268
f 1260 1269 1243
f 1269 1260 1270
f 1271 1260 1261
f 1260 1271 1270
f 1271 1272 1273
f 1272 1271 1261
f 1262 1096 1274
f 1096 1262 1094
f 1275 1096 1274
f 1096 1275 1097
f 1276 1263 1099
f 1277 1267 1278
f 1267 1277 1266
f 1278 1268 1112
f 1268 1278 1267
f 1279 1268 1269
f 1268 1279 1112
f 1280 1269 1270
f 1269 1280 1279
f 1280 1271 1281
f 1271 1280 1270
f 1282 1271 1273
f 1271 1282 1281
f 1283 1275 1284
f 1275 1283 1274
f 1275 1100 1284
f 1100 1275 1097
f 1435 1099 1287
f 1099 1435 1276
f 1287 1099 1103
f 1112 1277 1278
f 1285 1279 1280
f 1279 1285 1288
f 1286 1280 1281
f 1280 1286 1285
f 1438 1284 1439
f 1284 1438 1283
f 1292 1284 1439
f 1284 1292 1106
f 1108 1287 1103
f 1112 1426 1277
f 1426 1112 1296
f 1288 1112 1111
f 1112 1288 1279
f 1125 1288 1289
f 1288 1125 1111
f 1290 1288 1285
f 1288 1290 1289
f 1291 1285 1286
f 1285 1291 1290
f 1293 1117 1116
f 1118 1293 1294
f 1293 1118 1117
f 1287 1118 1294
f 1287 1108 1118
f 1295 1137 1446
f 1137 1295 1138
f 1446 1296 1295
f 1296 1138 1295
f 1138 1296 1141
f 1141 1296 1123
f 1296 1122 1123
f 1122 1296 1112
f 1297 1125 1126
f 1125 1297 1289
f 1297 1290 1298
f 1290 1297 1289
f 1299 1290 1291
f 1290 1299 1298
f 1300 1292 1127
f 1301 1134 1302
f 1134 1301 1135
f 1301 1116 1135
f 1116 1301 1293
f 1139 1303 1446
f 1303 1139 1155
f 1137 1139 1446
f 1145 1304 1305
f 1304 1145 1144
f 1297 1145 1305
f 1145 1297 1126
f 1306 1297 1298
f 1297 1306 1305
f 1307 1298 1299
f 1298 1307 1306
f 1308 1127 1146
f 1127 1308 1300
f 1309 1146 1308
f 1146 1309 1147
f 1310 1147 1309
f 1147 1310 1148
f 1311 1148 1310
f 1148 1311 1149
f 1312 1149 1311
f 1149 1312 1150
f 1151 1312 1313
f 1312 1151 1150
f 1152 1313 1314
f 1313 1152 1151
f 1302 1153 1315
f 1153 1302 1134
f 1316 1164 1317
f 1164 1316 1156
f 1316 1155 1156
f 1160 1318 1319
f 1318 1160 1159
f 1304 1160 1319
f 1160 1304 1144
f 1320 1304 1305
f 1304 1320 1319
f 1321 1305 1306
f 1305 1321 1320
f 1314 1161 1322
f 1161 1314 1152
f 1323 1161 1322
f 1161 1323 1162
f 1315 1162 1323
f 1162 1315 1153
f 1170 1324 1165
f 1324 1164 1165
f 1164 1324 1317
f 1168 1325 1318
f 1325 1168 1167
f 1168 1318 1159
f 1177 1176 1326
f 1177 1327 1171
f 1327 1170 1171
f 1174 1328 1329
f 1328 1174 1173
f 1325 1174 1329
f 1174 1325 1167
f 1330 1325 1318
f 1325 1330 1329
f 1331 1188 1470
f 1188 1331 1189
f 1178 1332 1326
f 1332 1178 1331
f 1178 1189 1331
f 1176 1178 1326
f 1182 1333 1334
f 1333 1182 1181
f 1328 1182 1334
f 1182 1328 1173
f 1335 1184 1336
f 1184 1335 1183
f 1185 1335 1337
f 1335 1185 1183
f 1338 1337 1582
f 1338 1185 1337
f 1185 1338 1186
f 1339 1582 1340
f 1582 1339 1338
f 1339 1186 1338
f 1186 1339 1187
f 1341 1340 1470
f 1340 1341 1339
f 1341 1187 1339
f 1187 1341 1033
f 1341 1188 1033
f 1188 1341 1470
f 1192 1342 1343
f 1342 1192 1191
f 1193 1343 1344
f 1343 1193 1192
f 1333 1193 1344
f 1193 1333 1181
f 1345 1184 1194
f 1184 1345 1336
f 1200 1346 1347
f 1346 1200 1199
f 1201 1347 1348
f 1347 1201 1200
f 1342 1201 1348
f 1201 1342 1191
f 1349 1342 1343
f 1342 1349 1348
f 1345 1202 1350
f 1202 1345 1194
f 1205 1351 1352
f 1351 1205 1204
f 1206 1352 1353
f 1352 1206 1205
f 1207 1353 1354
f 1353 1207 1206
f 1346 1207 1354
f 1207 1346 1199
f 1355 1346 1347
f 1346 1355 1354
f 1350 1208 1356
f 1208 1350 1202
f 1357 1208 1356
f 1208 1357 1209
f 1358 1209 1357
f 1209 1358 1210
f 1211 1358 1359
f 1358 1211 1210
f 1212 1359 1360
f 1359 1212 1211
f 1361 1212 1360
f 1212 1361 1213
f 1214 1361 1362
f 1361 1214 1213
f 1351 1214 1362
f 1214 1351 1204
f 1216 1363 1056
f 1364 1056 1363
f 1059 1604 1060
f 1490 1060 1604
f 1060 1490 1055
f 925 1709 1215
f 1216 1709 1363
f 1216 1215 1709
f 1364 1056 1217
f 1364 1366 1217
f 1365 1366 1364
f 1366 1367 1058
f 1219 1712 1063
f 856 1063 1712
f 1604 1059 856
f 1367 1366 1368
f 1064 1367 1368
f 1605 1218 1491
f 1218 1065 1491
f 1605 1219 1218
f 1066 1064 1369
f 1220 1609 1713
f 1220 1713 1491
f 1065 1220 1491
f 1369 1066 857
f 1369 1370 857
f 1369 1493 1370
f 1067 1495 1220
f 1067 1068 1495
f 1069 1371 1372
f 1371 1069 1222
f 1372 1223 1069
f 1373 1499 1497
f 1497 1221 1373
f 1224 1374 1375
f 1374 1224 1223
f 1073 1224 1375
f 1377 1376 1373
f 1377 1373 1225
f 1073 1378 1375
f 1379 1378 1375
f 1229 1378 1379
f 1378 1229 1073
f 1379 1380 1381
f 1230 1379 1381
f 1379 1230 1229
f 1382 1383 1377
f 1382 1233 1383
f 1233 1382 1227
f 1382 1225 1227
f 1225 1382 1377
f 1384 1239 1385
f 1239 1384 1240
f 1386 1240 1384
f 1241 1386 1387
f 1386 1241 1240
f 1387 1388 1241
f 1389 1230 1231
f 1230 1389 1381
f 1389 1390 1391
f 1390 1389 1381
f 1245 1389 1391
f 1389 1245 1231
f 1392 1233 1234
f 1233 1392 1383
f 1393 1394 1395
f 1394 1393 1396
f 1393 1251 1396
f 1251 1393 1249
f 1393 1397 1398
f 1397 1393 1395
f 1398 1249 1393
f 1249 1398 1236
f 1398 1399 1400
f 1399 1398 1397
f 1235 1398 1400
f 1398 1235 1236
f 1400 1401 1402
f 1401 1400 1399
f 1237 1400 1402
f 1400 1237 1235
f 1402 1629 1403
f 1629 1402 1401
f 1402 1403 1237
f 1405 1255 1416
f 1090 1255 1405
f 1404 1405 1385
f 1239 1404 1385
f 1091 1406 1528
f 1528 1256 1091
f 1528 1417 1256
f 1407 1245 1246
f 1245 1407 1391
f 1407 1408 1409
f 1408 1407 1391
f 1410 1411 1392
f 1411 1410 1412
f 1410 1234 1247
f 1234 1410 1392
f 1413 1414 1396
f 1414 1413 1415
f 1413 1251 1248
f 1251 1413 1396
f 1416 1255 1254
f 1257 1417 1418
f 1417 1257 955
f 1533 1257 1418
f 1533 1425 1258
f 1419 1246 1261
f 1246 1419 1407
f 1419 1409 1420
f 1409 1419 1407
f 1272 1419 1420
f 1419 1272 1261
f 1421 1412 1410
f 1412 1421 1422
f 1421 1247 1262
f 1247 1421 1410
f 1423 1413 1424
f 1413 1423 1415
f 1424 1248 1263
f 1248 1424 1413
f 1425 1264 1546
f 1264 1425 1258
f 1426 1264 1546
f 1264 1426 1265
f 1265 1426 1266
f 1427 1272 1273
f 1272 1427 1420
f 1428 1421 1429
f 1421 1428 1422
f 1429 1262 1274
f 1262 1429 1421
f 1430 1424 1276
f 1424 1430 1423
f 1276 1424 1263
f 1277 1426 1266
f 1282 1431 1432
f 1431 1282 1281
f 1427 1282 1432
f 1282 1427 1273
f 1433 1429 1434
f 1429 1433 1428
f 1429 1283 1434
f 1283 1429 1274
f 1431 1286 1436
f 1286 1431 1281
f 1437 1431 1432
f 1431 1437 1436
f 1438 1434 1283
f 1287 1440 1435
f 1546 1426 1441
f 1426 1446 1441
f 1446 1426 1296
f 1436 1291 1442
f 1291 1436 1286
f 1443 1436 1437
f 1436 1443 1442
f 1439 1292 1444
f 1294 1558 1435
f 1558 1294 1293
f 1445 1435 1440
f 1445 1294 1435
f 1294 1445 1287
f 1287 1445 1440
f 1441 1446 1303
f 1442 1299 1447
f 1299 1442 1291
f 1448 1442 1443
f 1442 1448 1447
f 1449 1444 1450
f 1444 1300 1450
f 1300 1444 1292
f 1451 1301 1302
f 1451 1293 1301
f 1293 1451 1558
f 1316 1452 1155
f 1452 1303 1155
f 1307 1453 1454
f 1453 1307 1306
f 1447 1307 1454
f 1307 1447 1299
f 1450 1308 1455
f 1308 1450 1300
f 1456 1308 1455
f 1308 1456 1309
f 1457 1309 1456
f 1309 1457 1310
f 1458 1310 1457
f 1310 1458 1311
f 1311 1458 1312
f 1459 1312 1458
f 1312 1459 1313
f 1314 1459 1460
f 1459 1314 1313
f 1451 1315 1461
f 1315 1451 1302
f 1317 1572 1452
f 1317 1324 1572
f 1316 1317 1452
f 1320 1319 1462
f 1462 1321 1320
f 1453 1321 1462
f 1321 1453 1306
f 1463 1453 1454
f 1453 1463 1462
f 1460 1322 1464
f 1322 1460 1314
f 1465 1322 1464
f 1322 1465 1323
f 1461 1323 1465
f 1323 1461 1315
f 1466 1327 1572
f 1327 1466 1170
f 1466 1324 1170
f 1324 1466 1572
f 1330 1319 1318
f 1331 1467 1332
f 1578 1332 1467
f 1332 1578 1326
f 1572 1177 1578
f 1177 1326 1578
f 1327 1177 1572
f 1329 1468 1469
f 1468 1329 1328
f 1469 1330 1329
f 1582 1337 1581
f 1582 1692 1340
f 1470 1693 1331
f 1693 1470 1692
f 1470 1340 1692
f 1471 1334 1333
f 1468 1334 1471
f 1334 1468 1328
f 1584 1468 1469
f 1468 1584 1471
f 1472 1336 1473
f 1336 1472 1335
f 1337 1335 1472
f 1344 1474 1475
f 1474 1344 1343
f 1475 1333 1344
f 1333 1475 1471
f 1476 1336 1345
f 1336 1476 1473
f 1477 1347 1478
f 1347 1477 1348
f 1349 1477 1479
f 1477 1349 1348
f 1474 1349 1479
f 1349 1474 1343
f 1476 1350 1480
f 1350 1476 1345
f 1481 1352 1351
f 1353 1352 1482
f 1482 1354 1353
f 1483 1482 1478
f 1483 1354 1482
f 1354 1483 1355
f 1483 1347 1355
f 1347 1483 1478
f 1480 1356 1484
f 1356 1480 1350
f 1485 1356 1484
f 1356 1485 1357
f 1486 1357 1485
f 1357 1486 1358
f 1359 1486 1360
f 1486 1359 1358
f 1361 1487 1488
f 1487 1361 1360
f 1488 1362 1361
f 1481 1362 1488
f 1362 1481 1351
f 1489 1363 1709
f 1363 1489 1364
f 1603 1365 1364
f 1709 925 1490
f 1366 1365 1607
f 1605 1606 1219
f 1712 1219 1606
f 1712 1604 856
f 1366 1368 1607
f 1492 1368 1064
f 1492 1369 1064
f 1369 1492 1493
f 1495 1611 1220
f 1609 1220 1611
f 1370 1493 1613
f 1497 1494 1221
f 1495 1612 1610
f 1612 1495 1494
f 1495 1221 1494
f 1613 1370 1222
f 1371 1613 1614
f 1613 1371 1222
f 1499 1496 1497
f 1497 1615 1494
f 1615 1497 1496
f 1371 1372 1614
f 1372 1614 1498
f 1223 1372 1498
f 1374 1498 1502
f 1498 1374 1223
f 1499 1500 1496
f 1500 1499 1501
f 1499 1376 1501
f 1376 1499 1373
f 1374 1375 1502
f 1375 1502 1503
f 1379 1375 1503
f 1380 1503 1504
f 1503 1380 1379
f 1383 1505 1501
f 1383 1376 1377
f 1376 1383 1501
f 1506 1380 1381
f 1380 1506 1504
f 1506 1507 1508
f 1507 1506 1504
f 1390 1506 1508
f 1506 1390 1381
f 1383 1509 1505
f 1510 1394 1511
f 1394 1510 1395
f 1512 1395 1510
f 1395 1512 1397
f 1399 1512 1513
f 1512 1399 1397
f 1401 1513 1629
f 1513 1401 1399
f 1405 1514 1385
f 1384 1514 1631
f 1514 1384 1385
f 1515 1384 1631
f 1384 1515 1386
f 1387 1515 1516
f 1515 1387 1386
f 1388 1387 1516
f 1518 1390 1391
f 1390 1518 1508
f 1518 1519 1520
f 1519 1518 1508
f 1408 1518 1520
f 1518 1408 1391
f 1521 1522 1509
f 1522 1521 1523
f 1521 1411 1523
f 1411 1521 1392
f 1521 1383 1392
f 1383 1521 1509
f 1524 1414 1525
f 1414 1524 1396
f 1524 1394 1396
f 1394 1524 1511
f 1738 1403 1629
f 949 1403 1738
f 1080 1738 1526
f 1738 1080 949
f 1739 1526 1738
f 1526 1253 1080
f 1527 1253 1526
f 1253 1527 1416
f 1416 1527 1405
f 1388 1406 1517
f 1406 1638 1528
f 1638 1406 1517
f 1418 1528 1529
f 1528 1418 1417
f 1530 1408 1409
f 1408 1530 1520
f 1531 1411 1412
f 1411 1531 1523
f 1532 1414 1415
f 1414 1532 1525
f 1533 1418 1529
f 1534 1409 1420
f 1409 1534 1530
f 1535 1536 1531
f 1536 1535 1537
f 1535 1412 1422
f 1412 1535 1531
f 1538 1415 1423
f 1415 1538 1532
f 1533 1425 1539
f 1546 1425 1539
f 1534 1427 1540
f 1427 1534 1420
f 1541 1535 1542
f 1535 1541 1537
f 1535 1428 1542
f 1428 1535 1422
f 1538 1430 1543
f 1430 1538 1423
f 1544 1430 1543
f 1430 1544 1276
f 1546 1545 1539
f 1547 1427 1432
f 1427 1547 1540
f 1548 1542 1549
f 1542 1548 1541
f 1542 1433 1549
f 1433 1542 1428
f 1550 1433 1549
f 1433 1550 1434
f 1544 1435 1662
f 1435 1544 1276
f 1545 1546 1551
f 1547 1437 1552
f 1437 1547 1432
f 1553 1550 1554
f 1550 1553 1549
f 1550 1438 1554
f 1438 1550 1434
f 1435 1669 1662
f 1555 1437 1443
f 1437 1555 1552
f 1555 1556 1557
f 1556 1555 1552
f 1554 1439 1668
f 1439 1554 1438
f 1449 1439 1668
f 1439 1449 1444
f 1452 1673 1303
f 1673 1441 1303
f 1441 1673 1546
f 1448 1559 1560
f 1559 1448 1447
f 1555 1448 1560
f 1448 1555 1443
f 1561 1555 1557
f 1555 1561 1560
f 1563 1449 1562
f 1449 1563 1450
f 1451 1564 1558
f 1452 1572 1673
f 1559 1454 1565
f 1454 1559 1447
f 1566 1559 1560
f 1559 1566 1565
f 1567 1563 1568
f 1563 1567 1562
f 1563 1455 1568
f 1455 1563 1450
f 1569 1455 1568
f 1455 1569 1456
f 1570 1456 1569
f 1456 1570 1457
f 1458 1457 1570
f 1458 1571 1459
f 1459 1571 1460
f 1564 1461 1576
f 1461 1564 1451
f 1462 1579 1574
f 1579 1462 1319
f 1574 1463 1462
f 1565 1463 1574
f 1463 1565 1454
f 1571 1464 1575
f 1464 1571 1460
f 1576 1464 1575
f 1464 1576 1465
f 1465 1576 1461
f 1578 1577 1572
f 1330 1579 1319
f 1331 1578 1467
f 1469 1584 1580
f 1579 1469 1580
f 1469 1579 1330
f 1584 1471 1583
f 1585 1586 1337
f 1586 1585 1587
f 1585 1473 1587
f 1473 1585 1472
f 1585 1337 1472
f 1475 1592 1583
f 1592 1475 1474
f 1475 1583 1471
f 1587 1476 1588
f 1476 1587 1473
f 1589 1482 1590
f 1482 1589 1478
f 1477 1589 1591
f 1589 1477 1478
f 1479 1591 1592
f 1591 1479 1477
f 1592 1474 1479
f 1588 1480 1593
f 1480 1588 1476
f 1481 1594 1352
f 1595 1352 1594
f 1352 1595 1482
f 1482 1595 1590
f 1593 1484 1596
f 1484 1593 1480
f 1597 1484 1596
f 1484 1597 1485
f 1598 1485 1597
f 1485 1598 1486
f 1599 1486 1598
f 1486 1599 1360
f 1487 1360 1599
f 1487 1600 1488
f 1594 1488 1600
f 1488 1594 1481
f 1601 1709 1490
f 1489 1707 1602
f 1707 1489 1709
f 1364 1602 1603
f 1602 1364 1489
f 1601 1490 1604
f 1607 1365 1714
f 1712 1606 1826
f 1607 1492 1368
f 1492 1607 1608
f 1608 1493 1492
f 1493 1613 1834
f 1615 1616 1494
f 1612 1718 1610
f 1718 1612 1616
f 1612 1494 1616
f 1613 1717 1614
f 1615 1500 1724
f 1500 1615 1496
f 1617 1614 1498
f 1722 1617 1614
f 1617 1502 1498
f 1502 1617 1619
f 1500 1505 1618
f 1505 1500 1501
f 1620 1502 1503
f 1502 1620 1619
f 1620 1504 1503
f 1507 1620 1621
f 1620 1507 1504
f 1505 1622 1618
f 1623 1507 1508
f 1507 1623 1621
f 1519 1623 1624
f 1623 1519 1508
f 1622 1522 1625
f 1522 1622 1509
f 1622 1505 1509
f 1510 1626 1627
f 1626 1510 1511
f 1512 1627 1628
f 1627 1512 1510
f 1513 1628 1629
f 1628 1513 1512
f 1631 1405 1630
f 1405 1631 1514
f 1631 1632 1515
f 1632 1516 1515
f 1388 1516 1633
f 1517 1633 1638
f 1633 1517 1388
f 1634 1519 1520
f 1519 1634 1624
f 1635 1522 1523
f 1522 1635 1625
f 1636 1525 1637
f 1525 1636 1524
f 1636 1511 1524
f 1511 1636 1626
f 1526 1739 1405
f 1527 1526 1405
f 1529 1639 1640
f 1639 1529 1528
f 1634 1530 1641
f 1530 1634 1520
f 1642 1643 1635
f 1643 1642 1644
f 1642 1536 1644
f 1536 1642 1531
f 1642 1523 1531
f 1523 1642 1635
f 1645 1525 1532
f 1525 1645 1637
f 1646 1529 1640
f 1529 1646 1533
f 1647 1530 1534
f 1530 1647 1641
f 1647 1648 1649
f 1648 1647 1641
f 1650 1536 1537
f 1536 1650 1644
f 1651 1532 1538
f 1532 1651 1645
f 1652 1533 1539
f 1533 1652 1646
f 1653 1534 1540
f 1534 1653 1647
f 1653 1649 1654
f 1649 1653 1647
f 1655 1537 1541
f 1537 1655 1650
f 1651 1543 1656
f 1543 1651 1538
f 1657 1543 1656
f 1543 1657 1544
f 1545 1652 1539
f 1658 1540 1547
f 1540 1658 1653
f 1658 1654 1659
f 1654 1658 1653
f 1655 1548 1660
f 1548 1655 1541
f 1661 1548 1660
f 1548 1661 1549
f 1662 1657 1544
f 1663 1545 1551
f 1545 1663 1652
f 1664 1547 1552
f 1547 1664 1658
f 1664 1659 1665
f 1659 1664 1658
f 1556 1664 1665
f 1664 1556 1552
f 1666 1661 1667
f 1661 1666 1660
f 1661 1553 1667
f 1553 1661 1549
f 1668 1553 1667
f 1553 1668 1554
f 1673 1551 1546
f 1551 1673 1663
f 1670 1556 1557
f 1556 1670 1665
f 1668 1909 1667
f 1672 1558 1671
f 1558 1672 1435
f 1672 1669 1435
f 1561 1674 1675
f 1674 1561 1560
f 1670 1561 1675
f 1561 1670 1557
f 1449 1562 1668
f 1689 1558 1564
f 1676 1673 1572
f 1566 1677 1678
f 1677 1566 1565
f 1674 1566 1678
f 1566 1674 1560
f 1679 1674 1675
f 1674 1679 1678
f 1680 1562 1567
f 1680 1681 1682
f 1681 1680 1562
f 1568 1680 1682
f 1680 1568 1567
f 1569 1682 1683
f 1682 1569 1568
f 1570 1683 1684
f 1683 1570 1569
f 1570 1684 1458
f 1575 1571 1458
f 1576 1689 1564
f 1685 1676 1686
f 1676 1573 1686
f 1573 1676 1572
f 1687 1574 1579
f 1677 1574 1687
f 1574 1677 1565
f 1575 1688 1458
f 1689 1575 1688
f 1575 1689 1576
f 1577 1578 1798
f 1690 1691 1686
f 1691 1690 1798
f 1690 1577 1798
f 1577 1690 1572
f 1690 1573 1572
f 1573 1690 1686
f 1579 1809 1687
f 1693 1578 1331
f 1580 1694 1809
f 1694 1580 1584
f 1580 1809 1579
f 1801 1586 1695
f 1586 1801 1337
f 1337 1801 1581
f 1801 1582 1581
f 1584 1583 1697
f 1696 1586 1587
f 1586 1696 1695
f 1592 1697 1583
f 1696 1588 1698
f 1588 1696 1587
f 1590 1812 1589
f 1591 1812 1699
f 1812 1591 1589
f 1699 1700 1697
f 1591 1699 1592
f 1592 1699 1697
f 1698 1593 1701
f 1593 1698 1588
f 1595 1819 1590
f 1819 1595 1594
f 1701 1596 1702
f 1596 1701 1593
f 1703 1596 1702
f 1596 1703 1597
f 1704 1597 1703
f 1597 1704 1598
f 1705 1598 1704
f 1598 1705 1599
f 1599 1705 1487
f 1706 1487 1705
f 1487 1706 1600
f 1594 1600 1819
f 1708 1602 1603
f 1708 1710 1711
f 1603 1708 1711
f 1603 1711 1829
f 1829 1365 1603
f 1712 1828 1604
f 1714 1829 1715
f 1829 1714 1365
f 1605 1491 1713
f 1830 1606 1605
f 1714 1715 1716
f 1608 1714 1716
f 1714 1608 1607
f 1609 1611 1713
f 1493 1608 1834
f 1718 1719 1610
f 1611 1610 1719
f 1610 1611 1495
f 1613 1834 1717
f 1718 1616 1837
f 1614 1717 1720
f 1720 1722 1614
f 1724 1721 1615
f 1721 1616 1615
f 1616 1721 1837
f 1723 1722 1720
f 1722 1619 1617
f 1619 1722 1841
f 1721 1724 1725
f 1724 1618 1725
f 1618 1724 1500
f 1621 1619 1726
f 1619 1621 1620
f 1727 1728 1725
f 1728 1727 1732
f 1727 1625 1732
f 1625 1727 1622
f 1727 1618 1622
f 1618 1727 1725
f 1729 1621 1623
f 1621 1729 1726
f 1729 1730 1731
f 1730 1729 1726
f 1624 1729 1731
f 1729 1624 1623
f 1627 1733 1734
f 1733 1627 1626
f 1628 1734 1735
f 1734 1628 1627
f 1736 1628 1735
f 1628 1736 1629
f 1737 1629 1736
f 1737 1738 1629
f 1983 1405 1739
f 1740 1405 1983
f 1630 1740 1861
f 1740 1630 1405
f 1630 1861 1631
f 1516 1632 1741
f 1633 1741 1638
f 1741 1633 1516
f 1743 1624 1634
f 1624 1743 1731
f 1744 1745 1732
f 1745 1744 1643
f 1643 1744 1635
f 1744 1625 1635
f 1625 1744 1732
f 1636 1746 1747
f 1746 1636 1637
f 1747 1626 1636
f 1626 1747 1733
f 1748 1638 1528
f 1638 1748 1742
f 1748 1749 1750
f 1749 1748 1742
f 1639 1748 1750
f 1748 1639 1528
f 1750 1751 1752
f 1751 1750 1749
f 1640 1750 1752
f 1750 1640 1639
f 1753 1634 1641
f 1634 1753 1743
f 1753 1754 1755
f 1754 1753 1743
f 1648 1753 1755
f 1753 1648 1641
f 1756 1643 1644
f 1757 1637 1645
f 1637 1757 1746
f 1640 1758 1752
f 1758 1759 1760
f 1759 1758 1752
f 1646 1758 1760
f 1758 1646 1640
f 1761 1648 1649
f 1648 1761 1755
f 1762 1644 1650
f 1644 1762 1756
f 1763 1645 1651
f 1645 1763 1757
f 1764 1646 1652
f 1646 1764 1760
f 1765 1649 1654
f 1649 1765 1761
f 1766 1650 1655
f 1650 1766 1762
f 1767 1651 1656
f 1651 1767 1763
f 1657 1767 1895
f 1767 1657 1656
f 1764 1652 1770
f 1768 1654 1659
f 1654 1768 1765
f 1769 1655 1660
f 1655 1769 1766
f 1657 1662 1895
f 1663 1770 1652
f 1771 1659 1665
f 1659 1771 1768
f 1769 1666 1772
f 1666 1769 1660
f 1773 1666 1772
f 1666 1773 1667
f 1774 1669 1662
f 1669 1774 1672
f 1770 1663 1673
f 1771 1670 1775
f 1670 1771 1665
f 1909 1773 1667
f 1668 1909 1681
f 1671 1776 1777
f 1776 1671 1558
f 1672 1671 1777
f 1777 1672 1774
f 1673 1676 1770
f 1778 1670 1675
f 1670 1778 1775
f 1681 1668 1562
f 1776 1689 1780
f 1689 1776 1558
f 1780 1776 1777
f 1777 1781 1780
f 1782 1677 1783
f 1677 1782 1678
f 1679 1782 1784
f 1782 1679 1678
f 1778 1679 1784
f 1679 1778 1675
f 1785 1681 1682
f 1681 1785 1779
f 1785 1786 1787
f 1786 1785 1779
f 1683 1785 1787
f 1785 1683 1682
f 1684 1683 1787
f 1684 2049 1458
f 1794 1458 2049
f 1780 1689 1788
f 1789 1691 1790
f 1691 1789 1686
f 1789 1685 1686
f 1687 1791 1792
f 1792 1793 1783
f 1792 1677 1687
f 1677 1792 1783
f 1688 1794 1458
f 1689 1794 1795
f 1794 1689 1688
f 1788 1689 1795
f 1796 1578 1693
f 1798 1797 1790
f 1797 1798 1796
f 1798 1578 1796
f 1691 1798 1790
f 1809 1799 1687
f 1791 1687 1799
f 1800 1582 1801
f 1692 1800 1693
f 1800 1692 1582
f 1802 1803 1804
f 1803 1802 1805
f 1804 1801 1806
f 1801 1695 1806
f 1584 1807 1808
f 1807 1584 1697
f 1808 1694 1584
f 1694 1808 1809
f 1804 1810 1802
f 1804 1806 1696
f 1696 1806 1695
f 1811 1700 1941
f 1700 1811 1697
f 1697 1811 1807
f 1812 1700 1699
f 1698 1701 1813
f 1819 1814 1590
f 1590 1814 1812
f 1813 1702 1815
f 1702 1813 1701
f 1816 1702 1815
f 1702 1816 1703
f 1817 1703 1816
f 1703 1817 1704
f 1818 1704 1817
f 1704 1818 1705
f 1706 1705 1818
f 1819 1946 1814
f 1706 1819 1600
f 1602 1707 1820
f 1821 1602 1820
f 1602 1821 1708
f 1710 1821 1822
f 1821 1710 1708
f 1604 1950 1601
f 1709 1601 1950
f 1952 1709 1951
f 1823 1710 1711
f 1710 1823 1822
f 1824 1823 1822
f 1823 1829 1711
f 1830 1825 1606
f 1826 1606 1825
f 1712 1827 1828
f 1827 1712 1826
f 1956 1829 1823
f 1713 1830 1605
f 1715 1831 1716
f 1833 1961 1611
f 1832 1716 1608
f 1832 1834 1608
f 1719 1833 1611
f 1717 1834 1962
f 1837 1838 1718
f 1838 1719 1718
f 1719 1838 1833
f 1835 1717 1720
f 1717 1835 1962
f 1723 1835 1966
f 1835 1723 1720
f 1838 1837 1836
f 1837 1721 1836
f 1841 1723 1839
f 1723 1841 1722
f 1840 1728 1843
f 1728 1840 1725
f 1840 1721 1725
f 1721 1840 1836
f 1841 1970 1842
f 1970 1841 1839
f 1726 1841 1842
f 1841 1726 1619
f 1842 1730 1726
f 1843 1728 1732
f 1844 1730 1731
f 1730 1844 1842
f 1845 1843 1846
f 1843 1745 1846
f 1745 1843 1732
f 1734 1847 1848
f 1847 1734 1733
f 1735 1848 1849
f 1848 1735 1734
f 1850 1851 1852
f 1851 1850 1849
f 1850 1735 1849
f 1735 1850 1736
f 1853 1852 1854
f 1852 1853 1850
f 1853 1736 1850
f 1736 1853 1737
f 1855 1854 1856
f 1854 1855 1853
f 1737 1853 1855
f 1855 1857 1858
f 1857 1855 1856
f 1738 1855 1858
f 1855 1738 1737
f 1738 1858 1859
f 1738 1859 1739
f 1983 1739 1860
f 1983 1984 1740
f 1861 1740 1984
f 1862 1631 1861
f 1631 1862 1632
f 1741 1862 1638
f 1862 1741 1632
f 1863 1742 1638
f 1749 1742 1864
f 1751 1864 1865
f 1864 1751 1749
f 1866 1731 1743
f 1731 1866 1844
f 1866 1867 1868
f 1867 1866 1844
f 1754 1866 1868
f 1866 1754 1743
f 1869 1745 1643
f 1745 1869 1846
f 1747 1870 1871
f 1870 1747 1746
f 1847 1747 1871
f 1747 1847 1733
f 1872 1847 1848
f 1847 1872 1871
f 1873 1751 1752
f 1751 1873 1865
f 1873 1874 1875
f 1874 1873 1865
f 1759 1873 1875
f 1873 1759 1752
f 1876 1754 1755
f 1754 1876 1868
f 1869 1756 1877
f 1756 1869 1643
f 1870 1757 1878
f 1757 1870 1746
f 1879 1870 1871
f 1870 1879 1878
f 1880 1759 1760
f 1759 1880 1875
f 1880 1881 1882
f 1881 1880 1875
f 1876 1761 1883
f 1761 1876 1755
f 1884 1885 1877
f 1885 1884 1886
f 1884 1756 1762
f 1756 1884 1877
f 1887 1757 1763
f 1757 1887 1878
f 1887 1879 1888
f 1879 1887 1878
f 1880 1764 1889
f 1764 1880 1760
f 1890 1880 1882
f 1880 1890 1889
f 1891 1761 1765
f 1761 1891 1883
f 1892 1884 1893
f 1884 1892 1886
f 1884 1766 1893
f 1766 1884 1762
f 1894 1763 1767
f 1763 1894 1887
f 1894 1888 1895
f 1888 1894 1887
f 1894 1895 1767
f 1889 1770 1896
f 1770 1889 1764
f 1897 1889 1890
f 1889 1897 1896
f 1898 1765 1768
f 1765 1898 1891
f 1899 1766 1769
f 1766 1899 1893
f 1662 2018 1900
f 2018 1662 1895
f 1900 2018 1901
f 1902 1896 1770
f 1903 1768 1771
f 1768 1903 1898
f 1904 1769 1772
f 1769 1904 1899
f 1905 1772 1904
f 1772 1905 1773
f 1662 1774 1906
f 1907 1662 1900
f 1662 1907 1906
f 1901 1907 1900
f 1908 1771 1775
f 1771 1908 1903
f 1773 1909 1905
f 1910 1909 1905
f 1779 1909 2032
f 1909 1779 1681
f 1918 1774 1777
f 1774 1918 1906
f 1918 1906 1907
f 1911 1907 1901
f 1907 1911 1918
f 1912 1902 1913
f 1902 1685 1913
f 1685 1902 1676
f 1902 1770 1676
f 1908 1778 1914
f 1778 1908 1775
f 1779 1786 2032
f 1916 1780 1927
f 1780 1916 1917
f 1917 1781 1780
f 1918 1781 1917
f 1781 1918 1777
f 1789 2035 1913
f 1685 1789 1913
f 1793 1919 1783
f 1782 1919 1920
f 1919 1782 1783
f 1921 1922 1914
f 1922 1921 1920
f 1921 1782 1920
f 1782 1921 1784
f 1921 1778 1784
f 1778 1921 1914
f 1923 1786 1787
f 1786 1923 1915
f 1684 1923 1924
f 1923 1684 1787
f 1924 2049 1684
f 1926 2049 1925
f 2049 1926 1794
f 1788 1927 1780
f 1796 2042 1928
f 2042 1796 2062
f 1796 1693 2062
f 1928 2043 1796
f 1797 1796 2043
f 1789 1790 2035
f 1793 1791 1929
f 1791 1793 1792
f 1794 1930 1926
f 1931 1794 1930
f 1794 1931 1795
f 1927 1795 1931
f 1795 1927 1788
f 1800 2062 1693
f 1929 1799 2070
f 1799 1929 1791
f 1932 1933 1934
f 1933 1932 1935
f 1934 1805 1932
f 1805 1934 1803
f 1936 1933 2347
f 1933 1936 1934
f 1936 1803 1934
f 1803 1936 1804
f 1801 2347 1800
f 2347 1801 1936
f 1801 1804 1936
f 1799 1809 2070
f 1937 1805 1802
f 1805 1937 1932
f 1809 1807 1938
f 1807 1809 1808
f 1810 1937 1802
f 2073 1810 1937
f 1810 2073 1804
f 2074 1804 2073
f 1804 2074 1696
f 1939 1941 1940
f 1941 1939 1811
f 1939 1807 1811
f 1807 1939 1938
f 2074 1698 2077
f 1698 2074 1696
f 1812 1941 1700
f 2077 1813 2080
f 1813 2077 1698
f 1812 1814 1946
f 1942 1813 1815
f 1813 1942 2080
f 1943 1815 1942
f 1815 1943 1816
f 1817 1943 1944
f 1943 1817 1816
f 1945 1817 1944
f 1817 1945 1818
f 1946 1818 1945
f 1818 1946 1706
f 1706 1946 1819
f 2084 1707 1947
f 1707 2084 1820
f 1948 1820 2084
f 1820 1948 1821
f 1949 1821 1948
f 1821 1949 1822
f 1949 1824 1822
f 1604 1828 1950
f 1951 1709 1950
f 1952 1953 1709
f 1947 1709 1953
f 1709 1947 1707
f 1823 1824 1954
f 1954 1956 1823
f 1715 1956 1957
f 1956 1715 1829
f 1957 1831 1715
f 1831 1957 1958
f 1959 1713 2379
f 1713 1959 1830
f 1959 1825 1830
f 1825 1959 1955
f 1716 1831 1832
f 1961 2379 1611
f 2379 1713 1611
f 1834 1832 1960
f 1834 1960 1962
f 1964 1838 1963
f 1964 2093 1833
f 1964 1833 1838
f 1966 1835 2094
f 1965 2095 1963
f 1965 1838 1836
f 1838 1965 1963
f 1966 1839 1723
f 1970 1966 1967
f 1966 1970 1839
f 1968 2095 1965
f 2095 1968 1969
f 1968 1843 1969
f 1843 1968 1840
f 1968 1836 1840
f 1836 1968 1965
f 1842 1970 2106
f 1969 1845 1971
f 1845 1969 1843
f 1972 1851 1973
f 1851 1972 1852
f 1854 1972 1974
f 1972 1854 1852
f 1856 1974 1975
f 1974 1856 1854
f 1857 1975 1976
f 1975 1857 1856
f 1858 1976 1977
f 1976 1858 1857
f 1978 1842 1844
f 1842 1978 2106
f 1867 1978 1979
f 1978 1867 1844
f 1971 1845 1846
f 1849 1980 1981
f 1980 1849 1848
f 1981 1851 1849
f 1851 1981 1973
f 1858 1859 1977
f 1739 2112 1982
f 2112 1739 1859
f 1860 1982 2113
f 1982 1860 1739
f 1983 1860 2113
f 1862 1861 1985
f 1638 1862 2116
f 1863 1986 1987
f 1986 1863 1638
f 1987 1742 1863
f 1864 1987 1988
f 1987 1864 1742
f 1989 1864 1988
f 1864 1989 1865
f 1874 1989 1990
f 1989 1874 1865
f 1991 1867 1868
f 1867 1991 1979
f 1992 1846 1869
f 1846 1992 1971
f 1872 1993 1994
f 1993 1872 1871
f 1980 1872 1994
f 1872 1980 1848
f 1995 1874 1875
f 1874 1995 1990
f 1881 1995 1996
f 1995 1881 1875
f 1997 1868 1876
f 1868 1997 1991
f 1998 1999 1992
f 1999 1998 2000
f 1998 1885 2000
f 1885 1998 1877
f 1998 1869 1877
f 1869 1998 1992
f 1993 1879 2001
f 1879 1993 1871
f 2002 1993 1994
f 1993 2002 2001
f 2003 1881 1882
f 1881 2003 1996
f 2004 1876 1883
f 1876 2004 1997
f 2005 1885 1886
f 1885 2005 2000
f 2006 1879 1888
f 1879 2006 2001
f 2007 2001 2002
f 2001 2007 2006
f 2008 1882 1890
f 1882 2008 2003
f 2009 1883 1891
f 1883 2009 2004
f 2005 1892 2010
f 1892 2005 1886
f 2011 1892 2010
f 1892 2011 1893
f 2012 1888 1895
f 1888 2012 2006
f 2007 2012 2006
f 2012 2018 1895
f 1897 2013 2014
f 2013 1897 1896
f 2008 1897 2014
f 1897 2008 1890
f 2015 1891 1898
f 1891 2015 2009
f 2016 2011 2017
f 2011 2016 2010
f 2011 1899 2017
f 1899 2011 1893
f 1901 2018 2019
f 2020 1902 2021
f 1902 2020 1896
f 2013 1896 2020
f 2022 1898 1903
f 1898 2022 2015
f 2023 1899 1904
f 1899 2023 2017
f 2024 1904 2023
f 1904 2024 1905
f 1910 2024 2153
f 2024 1910 1905
f 2025 2019 2026
f 2019 2025 1901
f 2027 2026 2019
f 2028 1912 2029
f 1912 2028 1902
f 1902 2028 2021
f 2030 1903 1908
f 1903 2030 2022
f 2031 1910 1909
f 1910 2031 2153
f 1909 2031 2032
f 2025 1911 2033
f 1911 2025 1901
f 2034 2025 2026
f 2025 2034 2033
f 2026 2027 2034
f 2035 1912 1913
f 1912 2035 2029
f 2036 1922 2037
f 1922 2036 1914
f 2036 1908 1914
f 1908 2036 2030
f 1915 2032 2038
f 2032 1915 1786
f 1927 2039 1916
f 1916 2039 1917
f 2040 1918 1917
f 2033 1918 2040
f 1918 2033 1911
f 2041 2033 2034
f 2033 2041 2040
f 2043 2044 1797
f 2045 1797 2044
f 1797 2045 1790
f 2035 1790 2045
f 1793 2046 1919
f 2047 1919 2046
f 1919 2047 1920
f 2047 1922 1920
f 1922 2047 2037
f 2048 1915 1923
f 1915 2048 2038
f 2048 2051 2049
f 2051 2048 2038
f 1924 2048 2049
f 2048 1924 1923
f 2051 2050 2049
f 2050 2052 2053
f 2052 2050 2051
f 1925 2050 2053
f 2050 1925 2049
f 2054 1925 2053
f 1925 2054 1926
f 2039 1927 2055
f 2039 2056 2055
f 2039 2057 2056
f 2039 1917 2057
f 2058 1917 2057
f 1917 2058 2059
f 2040 1917 2059
f 2040 2060 2059
f 2060 2041 2061
f 2041 2060 2040
f 2182 2041 2034
f 2041 2182 2061
f 2190 1800 2347
f 1800 2190 2062
f 2329 2062 2190
f 2063 1929 2070
f 1929 2063 1793
f 2064 1926 1930
f 1926 2064 2054
f 1930 2064 2065
f 1931 2065 2066
f 2065 1931 1930
f 2066 1927 1931
f 1927 2066 2055
f 2067 2061 2068
f 2061 2067 2060
f 2347 1933 1935
f 2069 1935 1932
f 2069 1937 2071
f 1937 2069 1932
f 1938 2070 1809
f 2071 1937 2072
f 2072 2073 1937
f 1938 1940 2075
f 1940 1938 1939
f 2078 1941 1946
f 1940 1941 2078
f 1940 2214 2075
f 2077 2080 2079
f 1946 1941 1812
f 2081 1942 2080
f 1942 2081 1943
f 1944 2081 2082
f 2081 1944 1943
f 1945 2082 2083
f 2082 1945 1944
f 2221 1945 2083
f 1945 2221 1946
f 1951 2224 1952
f 1953 1952 2224
f 1953 2225 1947
f 1948 2084 2085
f 1949 2085 2086
f 2085 1949 1948
f 1824 2086 2229
f 2086 1824 1949
f 1827 1826 2088
f 2223 1951 1950
f 2229 1954 1824
f 1955 2087 1825
f 2087 1826 1825
f 1826 2087 2088
f 1954 1957 1956
f 1957 1954 2380
f 2380 1958 1957
f 2379 1955 1959
f 1955 2379 2087
f 1831 1958 1832
f 2089 1961 2236
f 2231 2379 2089
f 2379 1961 2089
f 2233 2090 1832
f 2090 1960 1832
f 2093 2091 1833
f 2091 1961 1833
f 1961 2091 2236
f 1962 1960 2090
f 2095 2092 1963
f 2093 1963 2092
f 1963 2093 1964
f 2094 1962 1835
f 1962 2094 2239
f 1966 2094 1967
f 2097 2095 1969
f 2095 2097 2096
f 2098 1967 1970
f 1967 2098 2244
f 2098 2106 1970
f 1971 2099 2097
f 2099 1971 2108
f 1969 1971 2097
f 1972 2100 2101
f 2100 1972 1973
f 1974 2101 2102
f 2101 1974 1972
f 1975 2102 2103
f 2102 1975 1974
f 1976 2103 2104
f 2103 1976 1975
f 1977 2104 2105
f 2104 1977 1976
f 1979 2106 2107
f 2106 1979 1978
f 1981 2109 2110
f 2109 1981 1980
f 2110 1973 1981
f 1973 2110 2100
f 2111 1977 1859
f 1977 2111 2105
f 1859 2111 2262
f 2262 2112 1859
f 2112 2113 1982
f 1984 2114 1861
f 1985 2114 2266
f 2114 1985 1861
f 1985 2266 2115
f 1862 2115 2116
f 2115 1862 1985
f 1638 2116 2117
f 1986 2117 2118
f 2117 1986 1638
f 1987 2118 2119
f 2118 1987 1986
f 1987 2119 2120
f 1988 2120 2121
f 2120 1988 1987
f 1989 2121 2122
f 2121 1989 1988
f 2123 1989 2122
f 1989 2123 1990
f 2124 1979 1991
f 1979 2124 2107
f 2125 2126 2108
f 2126 2125 2127
f 2125 1999 2127
f 1999 2125 1992
f 2125 1971 1992
f 1971 2125 2108
f 2128 1980 1994
f 1980 2128 2109
f 2129 1990 1995
f 1990 2129 2123
f 2130 1995 2129
f 1995 2130 1996
f 2131 1991 1997
f 1991 2131 2124
f 2132 1999 2000
f 1999 2132 2127
f 2128 2002 2133
f 2002 2128 1994
f 2134 1996 2003
f 1996 2134 2130
f 2135 1997 2004
f 1997 2135 2131
f 2136 2000 2005
f 2000 2136 2132
f 2133 2007 2137
f 2007 2133 2002
f 2138 2003 2008
f 2003 2138 2134
f 2145 2004 2009
f 2004 2145 2135
f 2139 2005 2010
f 2005 2139 2136
f 2140 2007 2012
f 2007 2140 2137
f 2140 2141 2142
f 2141 2140 2137
f 2018 2140 2142
f 2140 2018 2012
f 2018 2142 2303
f 2014 2143 2144
f 2143 2014 2013
f 2144 2008 2014
f 2008 2144 2138
f 2145 2009 2015
f 2139 2016 2146
f 2016 2139 2010
f 2147 2016 2146
f 2016 2147 2017
f 2018 2019 2303
f 2019 2303 2027
f 2148 2021 2149
f 2021 2148 2020
f 2148 2013 2020
f 2013 2148 2143
f 2150 2015 2022
f 2015 2150 2145
f 2147 2023 2151
f 2023 2147 2017
f 2024 2151 2152
f 2151 2024 2023
f 2152 2153 2024
f 2154 2155 2156
f 2029 2157 2028
f 2157 2021 2028
f 2021 2157 2149
f 2158 2022 2030
f 2022 2158 2150
f 2153 2032 2031
f 2032 2153 2051
f 2154 2159 2027
f 2154 2160 2159
f 2160 2156 2161
f 2156 2160 2154
f 2161 2162 2163
f 2162 2161 2156
f 2043 2320 2044
f 2045 2044 2320
f 2164 2029 2035
f 2029 2164 2157
f 2165 2037 2166
f 2037 2165 2036
f 2165 2030 2036
f 2030 2165 2158
f 2051 2032 2038
f 2159 2034 2182
f 2034 2159 2027
f 2167 2159 2160
f 2168 2160 2161
f 2160 2168 2167
f 2168 2163 2169
f 2163 2168 2161
f 2169 2170 2171
f 2170 2169 2163
f 2172 2173 2166
f 2046 2172 2047
f 2172 2037 2047
f 2037 2172 2166
f 2174 2052 2053
f 2054 2174 2175
f 2174 2054 2053
f 2056 2176 2177
f 2176 2056 2055
f 2178 2056 2177
f 2056 2178 2057
f 2179 2057 2178
f 2057 2179 2058
f 2180 2058 2179
f 2058 2180 2059
f 2181 2059 2180
f 2059 2181 2060
f 2183 2182 2159
f 2184 2159 2167
f 2159 2184 2183
f 2185 2167 2168
f 2167 2185 2184
f 2185 2169 2186
f 2169 2185 2168
f 2186 2171 2187
f 2171 2186 2169
f 2187 2188 2189
f 2188 2187 2171
f 2063 2191 2046
f 2191 2063 2070
f 2046 2191 2172
f 2063 2046 1793
f 2175 2064 2192
f 2064 2175 2054
f 2192 2193 2194
f 2193 2192 2175
f 2065 2192 2194
f 2192 2065 2064
f 2195 2193 2176
f 2193 2195 2194
f 2066 2194 2195
f 2194 2066 2065
f 2176 2066 2195
f 2066 2176 2055
f 2196 2181 2197
f 2181 2196 2180
f 2181 2067 2197
f 2067 2181 2060
f 2068 2197 2198
f 2197 2068 2067
f 2182 2068 2198
f 2068 2182 2061
f 2182 2199 2198
f 2199 2183 2203
f 2183 2199 2182
f 2200 2183 2184
f 2183 2200 2203
f 2354 2184 2185
f 2184 2354 2200
f 2201 2185 2186
f 2185 2201 2354
f 2202 2186 2187
f 2186 2202 2201
f 2202 2189 2356
f 2189 2202 2187
f 2204 2356 2189
f 1935 2204 2347
f 2204 1935 2069
f 2070 2205 2963
f 2204 2206 2356
f 2206 2069 2207
f 2069 2206 2204
f 2069 2071 2207
f 1938 2076 2502
f 2205 1938 2502
f 1938 2205 2070
f 2208 2206 2209
f 2209 2207 2210
f 2207 2209 2206
f 2207 2072 2210
f 2072 2207 2071
f 2211 2072 2210
f 2072 2211 2073
f 2212 2073 2211
f 2073 2212 2074
f 2214 2076 2075
f 2075 2076 1938
f 2213 2211 2212
f 2211 2213 2210
f 2212 2077 2215
f 2077 2212 2074
f 2214 2078 1946
f 2078 2214 1940
f 2217 2212 2215
f 2212 2217 2213
f 2079 2215 2077
f 2216 2221 2222
f 2221 2216 1946
f 2218 2079 2080
f 2079 2218 2215
f 2081 2218 2219
f 2218 2081 2080
f 2219 2082 2081
f 2083 2082 2220
f 2221 2220 2222
f 2220 2221 2083
f 2223 2224 1951
f 2225 1953 2224
f 2226 1947 2225
f 1947 2226 2084
f 2084 2226 2227
f 2227 2085 2084
f 2086 2227 2228
f 2227 2086 2085
f 2228 2229 2086
f 1827 2088 2379
f 1954 2229 2230
f 2088 2087 2379
f 2231 2232 2379
f 2233 1832 2234
f 2236 2231 2089
f 2233 2234 2235
f 2090 2233 2235
f 2236 2091 2238
f 2235 1962 2090
f 2235 2239 1962
f 2092 2237 2238
f 2237 2092 2095
f 2091 2092 2238
f 2092 2091 2093
f 2095 2096 2237
f 2241 2094 1967
f 2094 2241 2239
f 2241 2244 1967
f 2099 2096 2097
f 2096 2099 2240
f 2243 2244 2241
f 2245 2099 2108
f 2099 2245 2242
f 2101 2246 2247
f 2246 2101 2100
f 2102 2247 2248
f 2247 2102 2101
f 2249 2102 2248
f 2102 2249 2103
f 2104 2249 2250
f 2249 2104 2103
f 2105 2250 2251
f 2250 2105 2104
f 2252 2098 2106
f 2098 2252 2244
f 2252 2253 2254
f 2253 2252 2244
f 2107 2252 2254
f 2252 2107 2106
f 2255 2126 2256
f 2126 2255 2108
f 2108 2255 2245
f 2110 2257 2258
f 2257 2110 2109
f 2246 2110 2258
f 2110 2246 2100
f 2259 2246 2247
f 2246 2259 2258
f 2260 2247 2248
f 2247 2260 2259
f 2251 2111 2261
f 2111 2251 2105
f 2262 2261 2544
f 2261 2262 2111
f 2112 2262 2263
f 2113 2263 2408
f 2263 2113 2112
f 2264 2113 2408
f 2113 2264 1983
f 2265 1983 2264
f 1983 2265 1984
f 2114 2265 2411
f 2265 2114 1984
f 2411 2266 2114
f 2115 2266 2267
f 2115 2267 2116
f 2117 2116 2268
f 2414 2117 2268
f 2117 2414 2118
f 2269 2118 2414
f 2118 2269 2119
f 2270 2119 2269
f 2119 2270 2120
f 2271 2120 2270
f 2120 2271 2121
f 2122 2271 2272
f 2271 2122 2121
f 2273 2122 2272
f 2122 2273 2123
f 2274 2107 2124
f 2107 2274 2254
f 2275 2126 2127
f 2126 2275 2256
f 2276 2109 2128
f 2109 2276 2257
f 2277 2257 2258
f 2257 2277 2276
f 2278 2273 2279
f 2273 2278 2272
f 2273 2129 2279
f 2129 2273 2123
f 2280 2129 2279
f 2129 2280 2130
f 2281 2124 2131
f 2124 2281 2274
f 2282 2127 2132
f 2127 2282 2275
f 2283 2128 2133
f 2128 2283 2276
f 2284 2276 2277
f 2276 2284 2283
f 2285 2280 2286
f 2280 2285 2279
f 2280 2134 2286
f 2134 2280 2130
f 2287 2131 2135
f 2131 2287 2281
f 2288 2132 2136
f 2132 2288 2282
f 2289 2133 2137
f 2133 2289 2283
f 2289 2284 2290
f 2284 2289 2283
f 2141 2289 2290
f 2289 2141 2137
f 2291 2285 2286
f 2285 2291 2292
f 2291 2134 2138
f 2134 2291 2286
f 2293 2135 2145
f 2135 2293 2287
f 2294 2136 2139
f 2136 2294 2288
f 2295 2141 2142
f 2141 2295 2290
f 2295 2296 2297
f 2296 2295 2290
f 2297 2142 2295
f 2142 2297 2303
f 2297 2298 2443
f 2298 2297 2296
f 2303 2297 2443
f 2299 2292 2291
f 2292 2299 2300
f 2299 2143 2300
f 2143 2299 2144
f 2299 2138 2144
f 2138 2299 2291
f 2145 2308 2293
f 2301 2139 2146
f 2139 2301 2294
f 2147 2301 2302
f 2301 2147 2146
f 2445 2303 2443
f 2303 2154 2027
f 2303 2445 2304
f 2155 2303 2304
f 2303 2155 2154
f 2305 2306 2300
f 2306 2305 2307
f 2305 2149 2307
f 2149 2305 2148
f 2305 2143 2148
f 2143 2305 2300
f 2308 2145 2150
f 2309 2147 2151
f 2147 2309 2302
f 2309 2310 2311
f 2310 2309 2302
f 2152 2309 2311
f 2309 2152 2151
f 2152 2311 2153
f 2153 2311 2312
f 2313 2155 2156
f 2155 2313 2304
f 2314 2313 2304
f 2162 2313 2314
f 2313 2162 2156
f 2315 2316 2307
f 2316 2315 2317
f 2315 2157 2317
f 2315 2149 2157
f 2149 2315 2307
f 2318 2150 2158
f 2150 2318 2308
f 2051 2319 2470
f 2170 2162 2163
f 2162 2170 2314
f 2170 2314 2328
f 2043 1928 2477
f 2045 2320 2035
f 2321 2465 2322
f 2465 2321 2320
f 2321 2035 2320
f 2035 2321 2164
f 2323 2322 2317
f 2322 2323 2321
f 2323 2164 2321
f 2323 2157 2164
f 2157 2323 2317
f 2324 2173 2325
f 2173 2324 2166
f 2165 2324 2326
f 2324 2165 2166
f 2326 2158 2165
f 2158 2326 2318
f 2327 2051 2052
f 2051 2327 2470
f 2174 2327 2334
f 2327 2174 2052
f 2328 2170 2171
f 2328 2472 2188
f 2328 2188 2171
f 2329 2330 2332
f 2330 2329 2331
f 2329 2190 2331
f 2329 2332 2062
f 2042 2333 2477
f 2333 2042 2332
f 2042 2062 2332
f 1928 2042 2477
f 2191 2173 2172
f 2334 2174 2175
f 2334 2483 2335
f 2193 2334 2335
f 2334 2193 2175
f 2335 2336 2337
f 2336 2335 2483
f 2176 2335 2337
f 2335 2176 2193
f 2337 2338 2339
f 2338 2337 2336
f 2177 2337 2339
f 2337 2177 2176
f 2178 2339 2340
f 2339 2178 2177
f 2341 2178 2340
f 2178 2341 2179
f 2342 2179 2341
f 2179 2342 2180
f 2343 2188 2189
f 2343 2484 2344
f 2484 2343 2188
f 2204 2343 2344
f 2343 2204 2189
f 2345 2484 2346
f 2484 2345 2344
f 2204 2344 2345
f 2346 2347 2345
f 2345 2347 2204
f 2190 2347 2331
f 2348 2341 2349
f 2341 2348 2340
f 2342 2196 2350
f 2196 2342 2180
f 2351 2196 2350
f 2196 2351 2197
f 2352 2197 2351
f 2197 2352 2198
f 2353 2198 2352
f 2198 2353 2199
f 2200 2203 2354
f 2354 2497 2201
f 2355 2201 2497
f 2201 2355 2202
f 2356 2202 2355
f 2963 2191 2070
f 2357 2353 2203
f 2353 2357 2352
f 2203 2353 2199
f 2355 2356 2497
f 2498 2205 2502
f 2498 2963 2205
f 2208 2497 2356
f 2497 2208 2358
f 2356 2206 2208
f 2358 2208 2359
f 2213 2208 2359
f 2208 2213 2209
f 2209 2213 2210
f 2076 2214 2651
f 2361 2359 2360
f 2359 2361 2358
f 2213 2360 2359
f 1946 2651 2214
f 2361 2360 2362
f 2362 2360 2363
f 2363 2360 2364
f 2360 2217 2364
f 2217 2360 2213
f 2216 2365 2651
f 2365 2216 2222
f 2216 2651 1946
f 2366 2362 2367
f 2362 2366 2361
f 2367 2363 2368
f 2363 2367 2362
f 2368 2364 2369
f 2364 2368 2363
f 2364 2217 2369
f 2370 2217 2369
f 2217 2370 2215
f 2371 2215 2370
f 2215 2371 2218
f 2219 2371 2372
f 2371 2219 2218
f 2082 2372 2373
f 2372 2082 2219
f 2373 2220 2082
f 2374 2220 2373
f 2220 2374 2222
f 2222 2374 2365
f 2375 2366 2367
f 2366 2375 2376
f 2516 2225 2224
f 2226 2225 2516
f 2227 2226 2377
f 2377 2228 2227
f 2378 2228 2377
f 2228 2378 2229
f 2378 2230 2229
f 2379 2666 1827
f 1827 2666 1828
f 1950 1828 2666
f 1954 2230 2519
f 1954 2380 2519
f 1958 2380 2524
f 2379 2232 2384
f 1832 1958 2381
f 2381 2234 1832
f 2382 2231 2383
f 2382 2232 2231
f 2232 2382 2384
f 2238 2385 2236
f 2385 2231 2236
f 2231 2385 2383
f 2237 2386 2238
f 2238 2386 2385
f 2387 2240 2532
f 2240 2387 2096
f 2387 2237 2096
f 2237 2387 2386
f 2241 2239 2388
f 2243 2388 2389
f 2388 2243 2241
f 2242 2240 2099
f 2240 2242 2532
f 2390 2243 2244
f 2243 2390 2389
f 2253 2390 2391
f 2390 2253 2244
f 2392 2242 2245
f 2242 2392 2534
f 2249 2393 2394
f 2393 2249 2248
f 2250 2394 2395
f 2394 2250 2249
f 2251 2395 2396
f 2395 2251 2250
f 2397 2253 2254
f 2253 2397 2391
f 2398 2399 2392
f 2399 2398 2400
f 2398 2256 2400
f 2256 2398 2255
f 2398 2245 2255
f 2245 2398 2392
f 2259 2401 2402
f 2401 2259 2258
f 2260 2402 2403
f 2402 2260 2259
f 2393 2260 2403
f 2260 2393 2248
f 2404 2393 2394
f 2393 2404 2403
f 2404 2395 2405
f 2395 2404 2394
f 2405 2396 2406
f 2396 2405 2395
f 2396 2261 2406
f 2261 2396 2251
f 2423 2261 2406
f 2261 2423 2544
f 2263 2544 2407
f 2544 2263 2262
f 2407 2408 2263
f 2264 2408 2409
f 2410 2264 2409
f 2264 2410 2265
f 2410 2411 2265
f 2267 2266 2427
f 2550 2267 2427
f 2412 2267 2550
f 2267 2412 2116
f 2268 2412 2413
f 2412 2268 2116
f 2414 2268 2413
f 2414 2554 2269
f 2415 2269 2554
f 2269 2415 2270
f 2416 2270 2415
f 2270 2416 2271
f 2417 2271 2416
f 2271 2417 2272
f 2397 2274 2418
f 2274 2397 2254
f 2419 2256 2275
f 2256 2419 2400
f 2401 2277 2420
f 2277 2401 2258
f 2421 2401 2402
f 2401 2421 2420
f 2422 2402 2403
f 2402 2422 2421
f 2425 2409 2426
f 2409 2425 2408
f 2417 2278 2428
f 2278 2417 2272
f 2429 2278 2428
f 2278 2429 2279
f 2418 2274 2281
f 2430 2275 2282
f 2275 2430 2419
f 2431 2277 2284
f 2277 2431 2420
f 2432 2420 2421
f 2420 2432 2431
f 2432 2422 2433
f 2422 2432 2421
f 2429 2285 2434
f 2285 2429 2279
f 2435 2281 2287
f 2281 2435 2418
f 2436 2282 2288
f 2282 2436 2430
f 2437 2284 2290
f 2284 2437 2431
f 2437 2432 2438
f 2432 2437 2431
f 2296 2437 2438
f 2437 2296 2290
f 2438 2433 2439
f 2433 2438 2432
f 2298 2438 2439
f 2438 2298 2296
f 2440 2285 2292
f 2285 2440 2434
f 2441 2287 2293
f 2287 2441 2435
f 2436 2294 2442
f 2294 2436 2288
f 2298 2443 2439
f 2443 2444 2445
f 2444 2443 2439
f 2446 2445 2444
f 2447 2445 2446
f 2448 2306 2449
f 2306 2448 2300
f 2448 2292 2300
f 2292 2448 2440
f 2450 2293 2308
f 2293 2450 2441
f 2451 2294 2301
f 2294 2451 2442
f 2451 2452 2453
f 2452 2451 2442
f 2302 2451 2453
f 2451 2302 2301
f 2310 2453 2454
f 2453 2310 2302
f 2314 2445 2304
f 2445 2314 2447
f 2455 2314 2447
f 2456 2316 2457
f 2316 2456 2307
f 2456 2306 2307
f 2306 2456 2449
f 2308 2458 2450
f 2459 2310 2311
f 2310 2459 2454
f 2312 2459 2460
f 2459 2312 2311
f 2314 2608 2472
f 2608 2314 2455
f 2611 2472 2608
f 2472 2461 2462
f 2461 2472 2611
f 2463 2462 2461
f 2621 2465 2320
f 2465 2466 2322
f 2467 2322 2466
f 2322 2467 2317
f 2467 2316 2317
f 2316 2467 2457
f 2458 2318 2468
f 2318 2458 2308
f 2469 2312 2153
f 2312 2469 2460
f 2469 2051 2153
f 2319 2469 2630
f 2469 2319 2051
f 2630 2470 2319
f 2327 2470 2471
f 2472 2314 2328
f 2473 2472 2462
f 2474 2462 2463
f 2462 2474 2473
f 2474 2619 2475
f 2619 2474 2463
f 2476 2619 2464
f 2619 2476 2475
f 2476 2330 2475
f 2330 2476 2332
f 2464 2333 2476
f 2333 2332 2476
f 2333 2620 2477
f 2620 2333 2464
f 2477 2620 2320
f 2320 2043 2477
f 2325 2478 2324
f 2479 2480 2468
f 2480 2479 2478
f 2479 2324 2478
f 2324 2479 2326
f 2479 2318 2326
f 2318 2479 2468
f 2481 2327 2334
f 2327 2481 2471
f 2481 2482 2483
f 2482 2481 2471
f 2481 2483 2334
f 2338 2336 2483
f 2472 2473 2484
f 2472 2484 2188
f 2485 2473 2474
f 2473 2485 2484
f 2346 2484 2485
f 2486 2474 2475
f 2474 2486 2485
f 2486 2346 2485
f 2346 2486 2347
f 2475 2347 2486
f 2347 2475 2331
f 2475 2330 2331
f 2191 2325 2173
f 2487 2338 2339
f 2340 2487 2488
f 2487 2340 2339
f 2489 2341 2490
f 2341 2489 2342
f 2488 2348 2349
f 2348 2488 2340
f 2349 2490 2491
f 2490 2349 2488
f 2490 2349 2491
f 2349 2490 2341
f 2491 2489 2637
f 2489 2491 2490
f 2489 2350 2637
f 2350 2489 2342
f 2492 2350 2637
f 2350 2492 2351
f 2493 2351 2492
f 2351 2493 2352
f 2493 2357 2494
f 2357 2493 2352
f 2495 2357 2494
f 2357 2495 2203
f 2496 2203 2495
f 2354 2203 2496
f 2499 2496 2500
f 2496 2499 2495
f 2500 2354 2501
f 2354 2500 2496
f 2497 2358 2354
f 2502 2076 2872
f 2503 2354 2504
f 2354 2503 2501
f 2504 2358 2650
f 2358 2504 2354
f 2076 2651 2872
f 2505 2650 2361
f 2361 2650 2358
f 2513 2651 2365
f 2507 2361 2366
f 2361 2507 2506
f 2508 2367 2509
f 2367 2508 2368
f 2510 2368 2508
f 2368 2510 2369
f 2370 2510 2511
f 2510 2370 2369
f 2511 2371 2370
f 2372 2511 2663
f 2511 2372 2371
f 2373 2663 2512
f 2663 2373 2372
f 2513 2373 2512
f 2373 2513 2374
f 2513 2365 2374
f 2514 2366 2376
f 2366 2514 2507
f 2514 2509 2515
f 2509 2514 2507
f 2515 2376 2514
f 2376 2515 2375
f 2509 2375 2515
f 2375 2509 2367
f 1950 2667 2223
f 2223 2667 2224
f 2516 2517 2226
f 2517 2377 2226
f 2377 2517 2518
f 2518 2378 2377
f 2230 2378 2669
f 2669 2519 2230
f 2519 2669 2520
f 2379 2522 2523
f 2519 2520 2380
f 2524 2380 2672
f 2522 2384 2521
f 2384 2522 2379
f 2524 2381 1958
f 2381 2524 2674
f 2383 2525 2382
f 2525 2384 2382
f 2384 2525 2521
f 2235 2381 2677
f 2381 2235 2234
f 2383 2385 2526
f 2677 2235 2239
f 2527 2386 2528
f 2527 2385 2386
f 2385 2527 2526
f 2529 2682 2528
f 2682 2529 2533
f 2529 2532 2533
f 2532 2529 2387
f 2529 2386 2387
f 2386 2529 2528
f 2530 2388 2239
f 2531 2388 2530
f 2388 2531 2389
f 2533 2532 2534
f 2534 2532 2242
f 2535 2389 2390
f 2389 2535 2531
f 2391 2535 2536
f 2535 2391 2390
f 2534 2399 2537
f 2399 2534 2392
f 2538 2391 2397
f 2391 2538 2536
f 2539 2399 2400
f 2399 2539 2537
f 2404 2540 2541
f 2540 2404 2403
f 2405 2541 2542
f 2541 2405 2404
f 2543 2405 2542
f 2405 2543 2406
f 2424 2544 2423
f 2407 2544 2545
f 2546 2407 2545
f 2407 2546 2408
f 2410 2547 2548
f 2547 2410 2409
f 2411 2548 2549
f 2548 2411 2410
f 2550 2551 2412
f 2413 2551 2552
f 2551 2413 2412
f 2553 2413 2552
f 2413 2553 2414
f 2554 2414 2553
f 2554 2555 2415
f 2556 2415 2555
f 2415 2556 2416
f 2557 2416 2556
f 2416 2557 2417
f 2558 2397 2418
f 2397 2558 2538
f 2539 2419 2559
f 2419 2539 2400
f 2540 2422 2560
f 2422 2540 2403
f 2560 2541 2561
f 2541 2560 2540
f 2561 2542 2562
f 2542 2561 2541
f 2562 2543 2563
f 2543 2562 2542
f 2543 2423 2563
f 2423 2543 2406
f 2424 2563 2564
f 2563 2424 2423
f 2565 2424 2544
f 2424 2565 2564
f 2565 2545 2566
f 2545 2565 2544
f 2566 2546 2567
f 2546 2566 2545
f 2546 2425 2567
f 2425 2546 2408
f 2426 2567 2568
f 2567 2426 2425
f 2547 2426 2568
f 2426 2547 2409
f 2569 2547 2548
f 2547 2569 2568
f 2569 2549 2570
f 2549 2569 2548
f 2570 2411 2427
f 2411 2570 2549
f 2427 2411 2266
f 2550 2427 2571
f 2550 2708 2571
f 2572 2556 2573
f 2556 2572 2555
f 2573 2557 2574
f 2557 2573 2556
f 2557 2428 2574
f 2428 2557 2417
f 2575 2428 2574
f 2428 2575 2429
f 2418 2576 2558
f 2577 2419 2430
f 2419 2577 2559
f 2560 2433 2578
f 2433 2560 2422
f 2578 2561 2579
f 2561 2578 2560
f 2579 2562 2580
f 2562 2579 2561
f 2581 2562 2563
f 2562 2581 2580
f 2582 2563 2564
f 2563 2582 2581
f 2583 2568 2584
f 2568 2583 2567
f 2585 2575 2586
f 2575 2585 2574
f 2575 2434 2586
f 2434 2575 2429
f 2576 2418 2435
f 2587 2430 2436
f 2430 2587 2577
f 2588 2433 2439
f 2433 2588 2578
f 2588 2579 2589
f 2579 2588 2578
f 2444 2588 2589
f 2588 2444 2439
f 2589 2580 2590
f 2580 2589 2579
f 2446 2589 2590
f 2589 2446 2444
f 2590 2581 2591
f 2581 2590 2580
f 2447 2590 2591
f 2590 2447 2446
f 2591 2582 2592
f 2582 2591 2581
f 2593 2585 2586
f 2585 2593 2594
f 2586 2440 2593
f 2440 2586 2434
f 2595 2435 2441
f 2435 2595 2576
f 2596 2436 2442
f 2436 2596 2587
f 2452 2596 2597
f 2596 2452 2442
f 2447 2598 2591
f 2598 2592 2599
f 2592 2598 2591
f 2455 2598 2599
f 2598 2455 2447
f 2600 2601 2602
f 2601 2600 2603
f 2604 2594 2593
f 2594 2604 2605
f 2604 2449 2605
f 2449 2604 2448
f 2604 2440 2448
f 2440 2604 2593
f 2606 2441 2450
f 2441 2606 2595
f 2607 2452 2453
f 2452 2607 2597
f 2607 2454 2453
f 2455 2608 2599
f 2608 2609 2611
f 2609 2608 2599
f 2610 2611 2609
f 2610 2600 2611
f 2461 2611 2600
f 2463 2600 2602
f 2600 2463 2461
f 2602 2745 2612
f 2612 2613 2619
f 2613 2612 2745
f 2464 2619 2613
f 2614 2615 2605
f 2615 2614 2616
f 2614 2457 2616
f 2457 2614 2456
f 2614 2449 2456
f 2449 2614 2605
f 2617 2450 2458
f 2450 2617 2606
f 2459 2454 2618
f 2460 2618 2759
f 2618 2460 2459
f 2463 2612 2619
f 2612 2463 2602
f 2850 2464 2754
f 2620 2464 2850
f 2621 2320 2620
f 2465 2621 2622
f 2466 2465 2623
f 2624 2625 2616
f 2625 2624 2623
f 2624 2466 2623
f 2466 2624 2467
f 2624 2457 2467
f 2457 2624 2616
f 2626 2480 2627
f 2480 2626 2468
f 2626 2458 2468
f 2458 2626 2617
f 2469 2760 2628
f 2760 2469 2460
f 2628 2629 2630
f 2629 2628 2760
f 2628 2630 2469
f 2471 2470 2631
f 2482 2631 2632
f 2631 2482 2471
f 2633 2480 2478
f 2480 2633 2627
f 2634 2482 2483
f 2482 2634 2632
f 2635 2483 2634
f 2483 2635 2338
f 2478 2325 2963
f 2338 2487 2635
f 2487 2779 2636
f 2779 2487 2635
f 2488 2487 2636
f 2490 2636 2637
f 2636 2490 2488
f 2963 2325 2191
f 2637 2490 2491
f 2637 2638 2639
f 2492 2639 2640
f 2639 2492 2637
f 2641 2492 2640
f 2492 2641 2493
f 2781 2641 2642
f 2641 2781 2640
f 2641 2494 2642
f 2494 2641 2493
f 2643 2494 2642
f 2494 2643 2495
f 2644 2498 2872
f 2644 2963 2498
f 2963 2644 2784
f 2643 2499 2645
f 2499 2643 2495
f 2646 2499 2645
f 2499 2646 2500
f 2647 2500 2646
f 2500 2647 2501
f 2498 2502 2872
f 2647 2503 2648
f 2503 2647 2501
f 2649 2503 2648
f 2503 2649 2504
f 2650 2504 2649
f 2652 2650 2653
f 2650 2652 2649
f 2650 2505 2653
f 2654 2505 2653
f 2505 2654 2361
f 2654 2506 2655
f 2506 2654 2361
f 2651 2513 2656
f 2657 2506 2507
f 2506 2657 2655
f 2657 2658 2659
f 2658 2657 2655
f 2659 2507 2657
f 2507 2659 2509
f 2659 2660 2661
f 2660 2659 2658
f 2508 2659 2661
f 2659 2508 2509
f 2662 2508 2661
f 2508 2662 2510
f 2511 2662 2663
f 2662 2511 2510
f 2512 2663 2664
f 2512 2664 2665
f 2512 2665 2513
f 2656 2513 2665
f 2224 2667 2516
f 2517 2516 2668
f 2668 2518 2517
f 2518 2668 2669
f 2670 2666 2801
f 2801 2666 2379
f 2378 2669 2518
f 2671 2520 2669
f 2804 2523 2806
f 2523 2804 2379
f 2801 2379 2804
f 2672 2520 2380
f 2520 2672 2671
f 2673 2521 2676
f 2521 2673 2522
f 2806 2523 2673
f 2523 2522 2673
f 2676 2521 2675
f 2521 2525 2675
f 2677 2674 2381
f 2678 2677 2674
f 2526 2679 2383
f 2679 2525 2383
f 2525 2679 2675
f 2239 2677 2813
f 2680 2682 2814
f 2682 2680 2528
f 2528 2680 2527
f 2680 2526 2527
f 2526 2680 2679
f 2681 2239 2530
f 2239 2681 2813
f 2682 2533 2683
f 2531 2530 2684
f 2685 2533 2534
f 2533 2685 2683
f 2686 2531 2535
f 2531 2686 2684
f 2687 2535 2686
f 2535 2687 2536
f 2688 2537 2689
f 2537 2688 2534
f 2685 2534 2688
f 2690 2536 2538
f 2536 2690 2687
f 2691 2537 2539
f 2537 2691 2689
f 2551 2692 2693
f 2692 2551 2550
f 2552 2693 2694
f 2693 2552 2551
f 2695 2552 2694
f 2552 2695 2553
f 2696 2553 2695
f 2553 2696 2554
f 2697 2554 2696
f 2554 2697 2555
f 2698 2538 2558
f 2538 2698 2690
f 2699 2539 2559
f 2539 2699 2691
f 2565 2700 2701
f 2700 2565 2564
f 2566 2701 2702
f 2701 2566 2565
f 2703 2566 2702
f 2566 2703 2567
f 2569 2704 2705
f 2704 2569 2568
f 2570 2705 2706
f 2705 2570 2569
f 2570 2706 2427
f 2571 2706 2707
f 2706 2571 2427
f 2707 2708 2571
f 2708 2692 2550
f 2709 2697 2710
f 2697 2709 2696
f 2697 2572 2710
f 2572 2697 2555
f 2711 2572 2710
f 2572 2711 2573
f 2712 2573 2711
f 2573 2712 2574
f 2713 2558 2576
f 2558 2713 2698
f 2714 2559 2577
f 2559 2714 2699
f 2700 2582 2715
f 2582 2700 2564
f 2715 2701 2716
f 2701 2715 2700
f 2716 2702 2717
f 2702 2716 2701
f 2717 2703 2718
f 2703 2717 2702
f 2703 2583 2718
f 2583 2703 2567
f 2584 2718 2719
f 2718 2584 2583
f 2704 2584 2719
f 2584 2704 2568
f 2720 2704 2705
f 2704 2720 2719
f 2721 2705 2706
f 2705 2721 2720
f 2706 2722 2721
f 2831 2706 2707
f 2706 2831 2722
f 2723 2711 2724
f 2711 2723 2710
f 2724 2712 2725
f 2712 2724 2711
f 2712 2585 2725
f 2585 2712 2574
f 2576 2726 2713
f 2727 2577 2587
f 2577 2727 2714
f 2715 2592 2728
f 2592 2715 2582
f 2728 2716 2729
f 2716 2728 2715
f 2729 2717 2730
f 2717 2729 2716
f 2730 2718 2731
f 2718 2730 2717
f 2731 2719 2732
f 2719 2731 2718
f 2732 2603 2731
f 2603 2732 2601
f 2732 2720 2733
f 2720 2732 2719
f 2733 2721 2464
f 2721 2733 2720
f 2464 2722 2734
f 2722 2464 2721
f 2734 2831 2841
f 2831 2734 2722
f 2735 2724 2736
f 2724 2735 2723
f 2737 2724 2725
f 2724 2737 2736
f 2725 2594 2737
f 2594 2725 2585
f 2738 2576 2595
f 2576 2738 2726
f 2739 2587 2596
f 2587 2739 2727
f 2597 2739 2740
f 2739 2597 2596
f 2741 2592 2599
f 2592 2741 2728
f 2741 2729 2742
f 2729 2741 2728
f 2609 2741 2742
f 2741 2609 2599
f 2743 2729 2730
f 2729 2743 2742
f 2610 2742 2743
f 2742 2610 2609
f 2744 2730 2731
f 2730 2744 2743
f 2744 2610 2743
f 2610 2744 2600
f 2744 2603 2600
f 2603 2744 2731
f 2745 2601 2602
f 2601 2745 2732
f 2745 2733 2746
f 2733 2745 2732
f 2464 2746 2733
f 2613 2746 2464
f 2746 2613 2745
f 2464 2734 2747
f 2747 2841 2935
f 2841 2747 2734
f 2754 2747 2935
f 2747 2754 2464
f 2748 2736 2749
f 2736 2748 2735
f 2750 2736 2737
f 2736 2750 2749
f 2750 2615 2749
f 2615 2750 2605
f 2750 2594 2605
f 2594 2750 2737
f 2751 2595 2606
f 2595 2751 2738
f 2752 2597 2607
f 2597 2752 2740
f 2607 2752 2753
f 2754 2846 2850
f 2846 2754 2935
f 2755 2748 2749
f 2748 2755 2756
f 2755 2625 2756
f 2625 2755 2616
f 2755 2615 2616
f 2615 2755 2749
f 2757 2606 2617
f 2606 2757 2751
f 2758 2607 2454
f 2607 2758 2753
f 2618 2758 2759
f 2758 2618 2454
f 2460 2759 2760
f 2850 2761 2762
f 2620 2850 2762
f 2762 2763 2764
f 2763 2762 2761
f 2621 2762 2764
f 2762 2621 2620
f 2764 2765 2766
f 2765 2764 2763
f 2622 2764 2766
f 2764 2622 2621
f 2767 2765 2768
f 2765 2767 2766
f 2767 2622 2766
f 2622 2767 2465
f 2769 2768 2756
f 2768 2769 2767
f 2769 2465 2767
f 2465 2769 2623
f 2769 2625 2623
f 2625 2769 2756
f 2770 2627 2771
f 2627 2770 2626
f 2770 2617 2626
f 2617 2770 2757
f 2630 2772 2773
f 2772 2630 2629
f 2470 2630 2773
f 2631 2773 2774
f 2773 2631 2470
f 2632 2774 2775
f 2774 2632 2631
f 2775 2634 2632
f 2627 2777 2771
f 2777 2627 2776
f 2627 2633 2776
f 2635 2634 2778
f 2779 2778 2871
f 2778 2779 2635
f 2963 2633 2478
f 2637 2779 2780
f 2779 2637 2636
f 2780 2638 2637
f 2780 2638 2639
f 2640 2780 2781
f 2780 2640 2639
f 2642 2781 2782
f 2643 2782 2783
f 2782 2643 2642
f 2872 2784 2644
f 2785 2643 2645
f 2643 2785 2783
f 2646 2785 2786
f 2785 2646 2645
f 2647 2786 2787
f 2786 2647 2646
f 2787 2648 2788
f 2648 2787 2647
f 2648 2788 2649
f 2789 2649 2652
f 2649 2789 2788
f 2790 2652 2789
f 2652 2790 2653
f 2654 2790 2791
f 2790 2654 2653
f 2792 2654 2655
f 2654 2792 2791
f 2658 2792 2874
f 2792 2658 2655
f 2660 2874 2875
f 2874 2660 2658
f 2793 2660 2661
f 2660 2793 2875
f 2662 2793 2794
f 2793 2662 2661
f 2794 2663 2662
f 2663 2794 2795
f 2664 2795 2796
f 2795 2664 2663
f 2796 2665 2664
f 2670 2797 2666
f 2516 2798 2882
f 2798 2516 2667
f 2882 2668 2516
f 2668 2882 2799
f 2668 2799 2800
f 2800 2669 2668
f 2669 2800 2976
f 2670 2801 2797
f 2976 2671 2669
f 2671 2976 2802
f 2804 2806 2803
f 3060 2671 2672
f 2671 3060 2802
f 2806 2676 2805
f 2676 2806 2673
f 2524 2672 2807
f 2807 2674 2524
f 2678 2807 2808
f 2807 2678 2674
f 2809 2676 2675
f 2676 2809 2805
f 2677 2678 2813
f 2810 2679 2811
f 2810 2890 2809
f 2810 2675 2679
f 2675 2810 2809
f 2814 2812 2680
f 2812 2679 2680
f 2679 2812 2811
f 2681 2813 2896
f 2814 2683 2815
f 2683 2814 2682
f 2684 2681 2816
f 2681 2684 2530
f 2817 2683 2685
f 2683 2817 2815
f 2818 2684 2686
f 2684 2818 2816
f 2687 2818 2819
f 2818 2687 2686
f 2688 2820 2821
f 2820 2688 2689
f 2817 2688 2821
f 2688 2817 2685
f 2822 2687 2690
f 2687 2822 2819
f 2823 2689 2691
f 2689 2823 2820
f 2693 2824 2825
f 2824 2693 2692
f 2694 2825 2826
f 2825 2694 2693
f 2827 2694 2826
f 2694 2827 2695
f 2828 2695 2827
f 2695 2828 2696
f 2829 2690 2698
f 2690 2829 2822
f 2830 2691 2699
f 2691 2830 2823
f 2708 2831 2832
f 2831 2708 2707
f 2832 2692 2708
f 2692 2832 2824
f 2828 2709 2833
f 2709 2828 2696
f 2834 2709 2833
f 2709 2834 2710
f 2835 2698 2713
f 2698 2835 2829
f 2836 2699 2714
f 2699 2836 2830
f 2834 2723 2838
f 2723 2834 2710
f 2839 2713 2726
f 2713 2839 2835
f 2840 2714 2727
f 2714 2840 2836
f 2831 2841 2837
f 2838 2735 2842
f 2735 2838 2723
f 2843 2726 2738
f 2726 2843 2839
f 2844 2727 2739
f 2727 2844 2840
f 2740 2844 2845
f 2844 2740 2739
f 2842 2748 2847
f 2748 2842 2735
f 2848 2738 2751
f 2738 2848 2843
f 2845 2752 2849
f 2752 2845 2740
f 2849 2753 2752
f 2761 2850 2851
f 2763 2851 2852
f 2851 2763 2761
f 2853 2763 2852
f 2763 2853 2765
f 2854 2765 2853
f 2765 2854 2768
f 2855 2856 2847
f 2856 2855 2854
f 2855 2768 2854
f 2768 2855 2756
f 2855 2748 2756
f 2748 2855 2847
f 2857 2751 2757
f 2751 2857 2848
f 2858 2753 2758
f 2753 2858 2849
f 2858 2859 2860
f 2859 2858 2849
f 2759 2858 2860
f 2858 2759 2758
f 2629 2861 2862
f 2861 2629 2760
f 2862 2772 2629
f 2863 2777 2864
f 2777 2863 2771
f 2865 2866 2857
f 2866 2865 2863
f 2865 2771 2863
f 2771 2865 2770
f 2865 2757 2770
f 2757 2865 2857
f 2867 2772 2773
f 2774 2867 2868
f 2867 2774 2773
f 2775 2868 2958
f 2868 2775 2774
f 2775 2958 2869
f 2775 2869 2870
f 2778 2775 2870
f 2775 2778 2634
f 2870 2871 2778
f 2776 2963 2777
f 2776 2633 2963
f 2871 2780 2779
f 2780 2962 2781
f 2781 2962 2964
f 2964 2781 2782
f 2964 2783 2782
f 2785 2964 2966
f 2964 2785 2783
f 2966 2785 2786
f 2786 2966 2787
f 2873 2787 2788
f 2787 2873 2966
f 2788 2873 2789
f 2874 2790 2789
f 2790 2874 2791
f 2874 2791 2792
f 2665 2880 2656
f 2875 2793 2876
f 2876 2794 2793
f 2794 2876 2877
f 2795 2877 2878
f 2877 2795 2794
f 2878 2796 2795
f 2796 2878 2879
f 2880 2796 2879
f 2796 2880 2665
f 2797 2881 2666
f 2798 2667 3050
f 2798 3050 2882
f 2799 2882 2883
f 2883 2800 2799
f 2883 2976 2800
f 2975 2804 2884
f 2804 2975 2801
f 2797 2801 2975
f 2885 2803 2887
f 2803 2885 2804
f 2887 2886 2889
f 2886 2805 2889
f 2805 2886 2806
f 2886 2803 2806
f 2803 2886 2887
f 2888 2808 2807
f 2889 2890 2979
f 2890 2889 2809
f 2889 2805 2809
f 2808 2813 2678
f 2890 2811 2891
f 2811 2890 2810
f 2892 2811 2812
f 2811 2892 2891
f 2813 2983 2893
f 2893 2896 2813
f 2894 2815 2895
f 2815 2894 2814
f 2894 2812 2814
f 2812 2894 2892
f 2896 2897 2898
f 2897 2896 2893
f 2816 2896 2898
f 2896 2816 2681
f 2895 2817 2899
f 2817 2895 2815
f 2900 2816 2818
f 2816 2900 2898
f 2900 2901 2902
f 2901 2900 2898
f 2819 2900 2902
f 2900 2819 2818
f 2821 2903 2904
f 2903 2821 2820
f 2899 2821 2904
f 2821 2899 2817
f 2905 2819 2822
f 2819 2905 2902
f 2903 2823 2912
f 2823 2903 2820
f 2825 2906 2907
f 2906 2825 2824
f 2826 2907 2908
f 2907 2826 2825
f 2909 2826 2908
f 2826 2909 2827
f 2910 2827 2909
f 2827 2910 2828
f 2911 2822 2829
f 2822 2911 2905
f 2830 2912 2823
f 2832 2913 2914
f 2913 2832 2831
f 2906 2832 2914
f 2832 2906 2824
f 2915 2906 2907
f 2906 2915 2914
f 2916 2907 2908
f 2907 2916 2915
f 2916 2909 2917
f 2909 2916 2908
f 2917 2910 2918
f 2910 2917 2909
f 2910 2833 2918
f 2833 2910 2828
f 2919 2833 2918
f 2833 2919 2834
f 2920 2829 2835
f 2829 2920 2911
f 2912 2836 2921
f 2836 2912 2830
f 2913 2837 2922
f 2837 2913 2831
f 2923 2913 2914
f 2913 2923 2922
f 2924 2919 2925
f 2919 2924 2918
f 2919 2838 2925
f 2838 2919 2834
f 2926 2835 2839
f 2835 2926 2920
f 2921 2840 2927
f 2840 2921 2836
f 2928 2837 2841
f 2837 2928 2922
f 2929 2922 2923
f 2922 2929 2928
f 2930 2925 2931
f 2925 2930 2924
f 2931 2838 2842
f 2838 2931 2925
f 2932 2839 2843
f 2839 2932 2926
f 2933 2840 2844
f 2840 2933 2927
f 2934 2844 2933
f 2844 2934 2845
f 2841 2935 2928
f 2935 2929 2936
f 2929 2935 2928
f 2846 2935 2936
f 2937 2930 2931
f 2930 2937 2938
f 2937 2856 2938
f 2856 2937 2847
f 2937 2842 2847
f 2842 2937 2931
f 2939 2843 2848
f 2843 2939 2932
f 2940 2845 2849
f 2845 2940 2934
f 2941 2849 2940
f 2859 2941 3030
f 2941 2859 2849
f 2942 2846 2850
f 2846 2942 2936
f 2942 2943 2944
f 2943 2942 2936
f 2851 2942 2944
f 2942 2851 2850
f 2944 2945 2946
f 2945 2944 2943
f 2852 2944 2946
f 2944 2852 2851
f 2947 2945 2948
f 2945 2947 2946
f 2947 2852 2946
f 2852 2947 2853
f 2949 2948 2938
f 2948 2949 2947
f 2949 2853 2947
f 2853 2949 2854
f 2949 2856 2854
f 2856 2949 2938
f 2950 2951 2939
f 2951 2950 2952
f 2950 2866 2952
f 2866 2950 2857
f 2950 2848 2857
f 2848 2950 2939
f 2860 2859 2953
f 2953 2759 2860
f 2953 2760 2759
f 2861 2760 3031
f 2862 3031 2954
f 3031 2862 2861
f 2772 2954 2955
f 2954 2772 2862
f 2955 2867 2772
f 2864 2956 2863
f 2956 2866 2863
f 2866 2956 2952
f 2958 2867 2868
f 2867 2958 2955
f 2957 2958 2955
f 2869 2958 2959
f 2960 2963 3037
f 2963 2960 2777
f 2956 2864 2960
f 2864 2777 2960
f 2870 2869 2961
f 2871 2961 3038
f 2961 2871 2870
f 2871 2962 3038
f 2962 2871 2780
f 2965 2966 2964
f 2784 3240 2963
f 2651 3240 2872
f 3240 2784 2872
f 2789 2966 2873
f 2966 2874 2789
f 2875 2966 2967
f 2966 2875 2874
f 2651 2656 3044
f 2875 2967 3045
f 2880 3044 2656
f 3045 2875 2876
f 2877 2876 2968
f 2878 2968 2969
f 2968 2878 2877
f 2878 2969 2970
f 2970 2879 2878
f 2971 2879 2970
f 2879 2971 2880
f 3044 2880 2971
f 2881 2797 2972
f 2666 3176 1950
f 1950 3050 2667
f 2883 3111 2973
f 3111 2883 2882
f 2975 2884 2974
f 2975 2972 2797
f 2973 2976 2883
f 2802 2976 3057
f 2977 2887 3058
f 2885 2977 2978
f 2977 2885 2887
f 2885 2978 2804
f 2978 2884 2804
f 2884 2978 2974
f 2802 3060 3057
f 2672 3060 3061
f 2887 2889 3058
f 3061 2807 2672
f 3061 2888 2807
f 2889 2980 2979
f 2888 2813 2808
f 2979 2891 2981
f 2891 2979 2890
f 2888 2813 2983
f 2981 2892 2982
f 2892 2981 2891
f 2897 2983 2984
f 2983 2897 2893
f 2985 2895 2986
f 2895 2985 2894
f 2982 2894 2985
f 2894 2982 2892
f 2987 2897 2898
f 2897 2987 2984
f 2901 2987 2988
f 2987 2901 2898
f 2986 2899 2991
f 2899 2986 2895
f 2989 2988 2990
f 2988 2989 2987
f 2990 2901 2902
f 2901 2990 2988
f 2904 2993 2991
f 2993 2904 2903
f 2904 2991 2899
f 2992 2902 2905
f 2902 2992 2990
f 2912 2993 2903
f 2994 2905 2911
f 2905 2994 2992
f 2912 2995 2993
f 2915 2996 2997
f 2996 2915 2914
f 2916 2997 2998
f 2997 2916 2915
f 2999 2916 2998
f 2916 2999 2917
f 3000 2917 2999
f 2917 3000 2918
f 3001 2911 2920
f 2911 3001 2994
f 2995 2921 3002
f 2921 2995 2912
f 2996 2923 3003
f 2923 2996 2914
f 3004 2996 2997
f 2996 3004 3003
f 3004 2998 3005
f 2998 3004 2997
f 3006 2998 2999
f 2998 3006 3005
f 3006 3000 3007
f 3000 3006 2999
f 3000 2924 3007
f 2924 3000 2918
f 3008 2920 2926
f 2920 3008 3001
f 3002 2927 3009
f 2927 3002 2921
f 3010 2923 2929
f 2923 3010 3003
f 3011 3003 3004
f 3003 3011 3010
f 3011 3005 3012
f 3005 3011 3004
f 3012 3006 3013
f 3006 3012 3005
f 3013 3007 3014
f 3007 3013 3006
f 3014 2924 2930
f 2924 3014 3007
f 3015 2926 2932
f 2926 3015 3008
f 3009 2933 3016
f 2933 3009 2927
f 3017 2933 3016
f 2933 3017 2934
f 3018 2929 2936
f 2929 3018 3010
f 3018 3011 3019
f 3011 3018 3010
f 2943 3018 3019
f 3018 2943 2936
f 3019 3012 3020
f 3012 3019 3011
f 2945 3019 3020
f 3019 2945 2943
f 3020 3013 3021
f 3013 3020 3012
f 3021 2945 3020
f 2945 3021 2948
f 3022 3013 3014
f 3013 3022 3021
f 3022 2948 3021
f 2948 3022 2938
f 3022 2930 2938
f 2930 3022 3014
f 3023 3024 3015
f 3024 3023 3025
f 3023 2951 3025
f 2951 3023 2939
f 3023 2932 2939
f 2932 3023 3015
f 3026 2934 2940
f 2934 3026 3017
f 2941 3026 3027
f 3026 2941 2940
f 3030 3027 3028
f 3027 3030 2941
f 3029 2951 2952
f 2951 3029 3025
f 2953 3030 3031
f 3030 2953 2859
f 3031 2760 2953
f 3032 2954 3031
f 3032 2955 2954
f 2955 3032 3033
f 3033 2957 2955
f 3034 2956 3099
f 3034 2952 2956
f 2952 3034 3029
f 2958 2957 3035
f 3035 2959 2958
f 3037 3036 2960
f 3036 2956 2960
f 2956 3036 3099
f 2959 2961 2869
f 2962 3038 3039
f 2963 3164 3037
f 3039 2964 2962
f 2965 3039 3040
f 3039 2965 2964
f 2965 3102 2966
f 2966 3102 3103
f 2966 3041 3103
f 3041 2967 2966
f 3044 3316 2651
f 2967 3042 3041
f 3042 3045 2967
f 3045 3042 3043
f 2968 3045 3046
f 3045 2968 2876
f 2969 3046 3047
f 3046 2969 2968
f 2970 3047 3048
f 3047 2970 2969
f 2971 3048 3049
f 3048 2971 2970
f 3044 2971 3049
f 2881 3052 3113
f 3052 2881 2972
f 2881 3113 3053
f 2881 3053 2666
f 3176 2666 3053
f 2882 3050 3111
f 2973 3111 3185
f 2974 3054 3115
f 3055 2974 3115
f 2974 3055 2975
f 3055 2972 2975
f 2972 3055 3051
f 3056 2976 2973
f 3056 3057 2976
f 3059 2977 3058
f 2977 3059 2978
f 3059 2974 2978
f 2974 3059 3054
f 3193 3061 3060
f 2889 2980 3058
f 2888 3061 3062
f 2980 2979 3120
f 3063 2981 3064
f 2981 3063 2979
f 2888 2983 3062
f 2982 3069 3065
f 3064 2982 3065
f 2982 3064 2981
f 2984 3066 3067
f 3066 2984 2983
f 2985 3068 3069
f 3068 2985 2986
f 2985 3069 2982
f 3070 2984 2987
f 2984 3070 3067
f 3068 2991 3071
f 2991 3068 2986
f 3070 2989 3072
f 2989 3070 2987
f 3073 2989 3072
f 2989 3073 2990
f 3073 2992 3074
f 2992 3073 2990
f 2991 3075 3076
f 3075 2991 2993
f 3074 2994 3144
f 2994 3074 2992
f 3075 2995 3077
f 2995 3075 2993
f 3078 2994 3001
f 2994 3078 3144
f 3077 3002 3079
f 3002 3077 2995
f 3080 3001 3008
f 3001 3080 3078
f 3079 3009 3081
f 3009 3079 3002
f 3082 3083 3080
f 3083 3082 3084
f 3082 3024 3084
f 3024 3082 3015
f 3082 3008 3015
f 3008 3082 3080
f 3081 3016 3085
f 3016 3081 3009
f 3017 3085 3086
f 3085 3017 3016
f 3090 3024 3025
f 3024 3090 3084
f 3087 3017 3026
f 3017 3087 3086
f 3027 3087 3088
f 3087 3027 3026
f 3028 3088 3089
f 3088 3028 3027
f 3090 3025 3029
f 3089 3030 3091
f 3030 3089 3028
f 3031 3091 3092
f 3091 3031 3030
f 3032 3092 3093
f 3092 3032 3031
f 3033 3093 3094
f 3093 3033 3032
f 3096 3095 3090
f 3096 3099 3095
f 3099 3096 3034
f 3096 3029 3034
f 3029 3096 3090
f 3097 3033 2957
f 3033 3097 3094
f 3035 3097 3098
f 3097 3035 2957
f 3099 3036 3037
f 2959 3098 3035
f 2961 3098 3100
f 3098 2961 2959
f 3100 2961 3038
f 3038 3100 3101
f 3101 3039 3038
f 3040 3039 3167
f 3240 3164 2963
f 3040 3102 3167
f 3102 3040 2965
f 2651 3315 3240
f 3242 3041 3103
f 3315 2651 3316
f 3041 3042 3104
f 3104 3043 3042
f 3169 3044 3105
f 3316 3044 3169
f 3106 3043 3045
f 3043 3106 3104
f 3045 3106 3107
f 3046 3107 3108
f 3107 3046 3045
f 3108 3047 3046
f 3048 3108 3109
f 3108 3048 3047
f 3048 3109 3110
f 3049 3110 3105
f 3110 3049 3048
f 3049 3105 3044
f 3179 1950 3178
f 1950 3179 3050
f 3179 3111 3050
f 3112 3051 3182
f 3051 3112 2972
f 3052 3112 3113
f 3112 3052 2972
f 3175 3053 3113
f 3176 3177 1950
f 1950 3177 3178
f 3184 3185 3111
f 3056 2973 3188
f 3115 3054 3114
f 3115 3116 3055
f 3116 3051 3055
f 3051 3116 3182
f 3189 3057 3056
f 3117 3057 3189
f 3119 3058 3118
f 3058 3119 3059
f 3114 3059 3119
f 3059 3114 3054
f 3057 3060 3117
f 3191 3193 3060
f 3058 3120 3121
f 3120 3058 2980
f 3121 3058 3118
f 3061 3193 3122
f 3122 3062 3061
f 2979 3123 3124
f 3124 3120 2979
f 3063 3125 3126
f 3125 3063 3064
f 3123 3063 3126
f 3063 3123 2979
f 3274 3062 2983
f 3062 3274 3122
f 3274 3127 2983
f 3065 3128 3129
f 3128 3065 3069
f 3125 3065 3129
f 3065 3125 3064
f 3130 3127 2983
f 3066 3130 3131
f 3130 3066 2983
f 3132 3066 3131
f 3066 3132 3067
f 3069 3133 3134
f 3133 3069 3068
f 3128 3069 3134
f 3132 3070 3135
f 3070 3132 3067
f 3071 3133 3068
f 3136 3133 3134
f 3135 3072 3137
f 3072 3135 3070
f 3138 3072 3137
f 3072 3138 3073
f 3139 3071 2991
f 3071 3139 3133
f 3140 3138 3141
f 3138 3140 3137
f 3138 3074 3141
f 3074 3138 3073
f 3076 3142 3143
f 3142 3076 3075
f 3139 3076 3143
f 3076 3139 2991
f 3074 3144 3141
f 3142 3077 3145
f 3077 3142 3075
f 3146 3142 3143
f 3142 3146 3145
f 3147 3144 3149
f 3145 3079 3148
f 3079 3145 3077
f 3083 3149 3080
f 3149 3078 3080
f 3078 3149 3144
f 3148 3081 3150
f 3081 3148 3079
f 3151 3081 3085
f 3081 3151 3150
f 3086 3151 3152
f 3151 3086 3085
f 3156 3084 3090
f 3084 3156 3083
f 3153 3086 3087
f 3086 3153 3152
f 3088 3153 3154
f 3153 3088 3087
f 3089 3154 3155
f 3154 3089 3088
f 3226 3156 3157
f 3156 3095 3157
f 3095 3156 3090
f 3155 3091 3158
f 3091 3155 3089
f 3158 3092 3091
f 3092 3158 3234
f 3234 3093 3092
f 3093 3234 3159
f 3094 3159 3160
f 3159 3094 3093
f 3097 3160 3094
f 3098 3160 3162
f 3160 3098 3097
f 3037 3163 3099
f 3161 3099 3163
f 3099 3161 3095
f 3162 3100 3098
f 3037 3164 3165
f 3039 3101 3166
f 3166 3167 3039
f 3102 3167 3241
f 3041 3242 3168
f 3104 3168 3041
f 3169 3105 3173
f 3106 3168 3104
f 3107 3168 3170
f 3168 3107 3106
f 3108 3170 3171
f 3170 3108 3107
f 3108 3171 3172
f 3109 3172 3173
f 3172 3109 3108
f 3173 3110 3109
f 3173 3105 3110
f 3175 3174 3053
f 3174 3176 3053
f 3179 3180 3111
f 3111 3180 3181
f 3112 3182 3183
f 3112 3183 3113
f 3175 3113 3183
f 3184 3181 3111
f 3185 3188 2973
f 3187 3114 3186
f 3114 3187 3115
f 3116 3187 3264
f 3187 3116 3115
f 3182 3116 3264
f 3188 3189 3056
f 3117 3189 3266
f 3119 3118 3190
f 3186 3119 3190
f 3119 3186 3114
f 3191 3117 3060
f 3117 3191 3266
f 3124 3121 3120
f 3121 3124 3192
f 3118 3121 3192
f 3194 3122 3193
f 3124 3195 3196
f 3195 3124 3123
f 3274 3122 3194
f 3126 3197 3198
f 3197 3126 3125
f 3195 3126 3198
f 3126 3195 3123
f 3199 3195 3196
f 3195 3199 3198
f 3127 3274 3200
f 3129 3201 3202
f 3201 3129 3128
f 3197 3129 3202
f 3129 3197 3125
f 3203 3197 3198
f 3197 3203 3202
f 3200 3130 3204
f 3130 3200 3127
f 3131 3204 3205
f 3204 3131 3130
f 3206 3131 3205
f 3131 3206 3132
f 3201 3134 3207
f 3134 3201 3128
f 3208 3201 3202
f 3201 3208 3207
f 3209 3206 3210
f 3206 3209 3205
f 3206 3135 3210
f 3135 3206 3132
f 3136 3211 3212
f 3211 3136 3133
f 3207 3136 3212
f 3136 3207 3134
f 3213 3135 3137
f 3135 3213 3210
f 3211 3139 3214
f 3139 3211 3133
f 3213 3140 3215
f 3140 3213 3137
f 3140 3215 3141
f 3214 3143 3216
f 3143 3214 3139
f 3147 3215 3144
f 3215 3141 3144
f 3146 3217 3218
f 3217 3146 3145
f 3216 3146 3218
f 3146 3216 3143
f 3293 3147 3149
f 3147 3293 3215
f 3217 3148 3219
f 3148 3217 3145
f 3220 3217 3218
f 3217 3220 3219
f 3221 3149 3083
f 3149 3221 3293
f 3219 3150 3222
f 3150 3219 3148
f 3083 3226 3221
f 3223 3150 3151
f 3150 3223 3222
f 3223 3224 3225
f 3224 3223 3222
f 3152 3223 3225
f 3223 3152 3151
f 3226 3083 3156
f 3227 3152 3153
f 3152 3227 3225
f 3227 3228 3229
f 3228 3227 3225
f 3154 3227 3229
f 3227 3154 3153
f 3230 3154 3229
f 3154 3230 3155
f 3231 3226 3157
f 3226 3231 3301
f 3232 3155 3158
f 3155 3232 3230
f 3158 3232 3233
f 3233 3234 3158
f 3159 3234 3308
f 3159 3308 3235
f 3235 3160 3159
f 3160 3235 3236
f 3231 3161 3237
f 3161 3231 3095
f 3231 3157 3095
f 3162 3236 3238
f 3236 3162 3160
f 3237 3161 3163
f 3100 3238 3101
f 3238 3100 3162
f 3163 3165 3239
f 3163 3037 3165
f 3240 3165 3164
f 3165 3240 3239
f 3241 3166 3101
f 3167 3166 3241
f 3103 3241 3102
f 3173 3248 3169
f 3318 3169 3248
f 3316 3169 3318
f 3242 3168 3243
f 3170 3243 3244
f 3243 3170 3168
f 3171 3244 3245
f 3244 3171 3170
f 3172 3245 3246
f 3245 3172 3171
f 3173 3246 3247
f 3246 3173 3172
f 3248 3173 3247
f 3174 3249 3250
f 3249 3174 3175
f 3251 3174 3250
f 3174 3251 3176
f 3176 3251 3252
f 3177 3252 3325
f 3252 3177 3176
f 3177 3325 3253
f 3177 3253 3178
f 3254 3178 3253
f 3178 3254 3255
f 3179 3255 3256
f 3255 3179 3178
f 3180 3256 3257
f 3256 3180 3179
f 3181 3257 3258
f 3257 3181 3180
f 3181 3258 3259
f 3260 3183 3182
f 3261 3175 3183
f 3249 3175 3261
f 3262 3249 3250
f 3249 3262 3261
f 3181 3184 3259
f 3188 3185 3336
f 3187 3263 3264
f 3263 3187 3186
f 3264 3260 3182
f 3265 3260 3183
f 3260 3265 3264
f 3189 3188 3266
f 3190 3192 3267
f 3192 3190 3118
f 3186 3267 3268
f 3267 3186 3190
f 3263 3186 3268
f 3191 3266 3269
f 3269 3193 3191
f 3192 3270 3271
f 3270 3192 3124
f 3271 3192 3267
f 3196 3199 3272
f 3270 3196 3272
f 3196 3270 3124
f 3274 3194 3273
f 3275 3199 3198
f 3275 3199 3272
f 3276 3200 3274
f 3279 3200 3276
f 3203 3277 3278
f 3277 3203 3202
f 3275 3203 3278
f 3203 3275 3198
f 3204 3279 3200
f 3280 3204 3279
f 3204 3280 3205
f 3208 3281 3282
f 3281 3208 3207
f 3277 3208 3282
f 3208 3277 3202
f 3280 3209 3283
f 3209 3280 3205
f 3284 3209 3283
f 3209 3284 3210
f 3212 3285 3286
f 3285 3212 3211
f 3281 3212 3286
f 3212 3281 3207
f 3284 3213 3287
f 3213 3284 3210
f 3285 3214 3288
f 3214 3285 3211
f 3289 3285 3286
f 3285 3289 3288
f 3290 3213 3215
f 3213 3290 3287
f 3291 3214 3216
f 3214 3291 3288
f 3290 3215 3369
f 3291 3218 3292
f 3218 3291 3216
f 3293 3369 3215
f 3220 3294 3295
f 3294 3220 3219
f 3292 3220 3295
f 3220 3292 3218
f 3294 3222 3296
f 3222 3294 3219
f 3297 3294 3295
f 3294 3297 3296
f 3224 3296 3297
f 3296 3224 3222
f 3226 3298 3293
f 3298 3226 3301
f 3221 3226 3293
f 3299 3224 3225
f 3224 3299 3297
f 3228 3299 3300
f 3299 3228 3225
f 3302 3228 3229
f 3228 3302 3300
f 3230 3302 3303
f 3302 3230 3229
f 3304 3301 3231
f 3305 3230 3232
f 3230 3305 3303
f 3305 3306 3307
f 3306 3305 3303
f 3233 3305 3307
f 3305 3233 3232
f 3233 3307 3234
f 3234 3307 3388
f 3234 3388 3389
f 3389 3308 3234
f 3309 3235 3308
f 3235 3309 3236
f 3310 3237 3311
f 3237 3310 3231
f 3231 3310 3304
f 3309 3236 3312
f 3236 3312 3238
f 3237 3163 3313
f 3313 3314 3311
f 3237 3313 3311
f 3397 3238 3312
f 3238 3397 3101
f 3101 3397 3241
f 3239 3240 3543
f 3103 3241 3699
f 3242 3699 3103
f 3242 3699 3400
f 3400 3242 3317
f 3243 3317 3242
f 3244 3317 3319
f 3317 3244 3243
f 3245 3319 3320
f 3319 3245 3244
f 3246 3320 3321
f 3320 3246 3245
f 3322 3246 3321
f 3246 3322 3247
f 3323 3247 3322
f 3247 3323 3248
f 3318 3248 3323
f 3251 3324 3332
f 3324 3251 3250
f 3252 3332 3325
f 3332 3252 3251
f 3254 3253 3407
f 3255 3407 3326
f 3407 3255 3254
f 3256 3326 3327
f 3326 3256 3255
f 3257 3327 3328
f 3327 3257 3256
f 3328 3258 3257
f 3259 3329 3411
f 3329 3259 3258
f 3330 3261 3183
f 3262 3330 3331
f 3330 3262 3261
f 3324 3262 3331
f 3262 3324 3250
f 3333 3259 3184
f 3259 3333 3411
f 3333 3185 3184
f 3185 3333 3414
f 3414 3336 3185
f 3334 3264 3263
f 3265 3334 3335
f 3334 3265 3264
f 3330 3265 3335
f 3265 3330 3183
f 3337 3188 3336
f 3188 3337 3266
f 3338 3266 3337
f 3268 3339 3340
f 3339 3268 3267
f 3334 3268 3340
f 3268 3334 3263
f 3266 3341 3338
f 3266 3341 3269
f 3271 3342 3344
f 3342 3271 3270
f 3271 3344 3422
f 3339 3271 3422
f 3271 3339 3267
f 3269 3193 3421
f 3343 3193 3421
f 3343 3194 3193
f 3342 3272 3348
f 3272 3342 3270
f 3342 3344 3348
f 3343 3273 3345
f 3273 3343 3194
f 3346 3273 3345
f 3273 3346 3274
f 3275 3278 3347
f 3272 3275 3347
f 3272 3348 3347
f 3349 3274 3276
f 3274 3349 3346
f 3276 3349 3350
f 3351 3276 3350
f 3276 3351 3279
f 3278 3352 3353
f 3352 3278 3277
f 3353 3278 3347
f 3354 3351 3355
f 3351 3354 3350
f 3351 3279 3355
f 3356 3279 3355
f 3279 3356 3280
f 3282 3357 3358
f 3357 3282 3281
f 3352 3282 3358
f 3282 3352 3277
f 3429 3352 3353
f 3352 3429 3358
f 3356 3283 3359
f 3283 3356 3280
f 3360 3283 3359
f 3283 3360 3284
f 3357 3286 3361
f 3286 3357 3281
f 3362 3357 3358
f 3357 3362 3361
f 3363 3360 3364
f 3360 3363 3359
f 3360 3287 3364
f 3287 3360 3284
f 3289 3365 3366
f 3365 3289 3288
f 3361 3289 3366
f 3289 3361 3286
f 3367 3287 3290
f 3287 3367 3364
f 3365 3291 3368
f 3291 3365 3288
f 3365 3366 3368
f 3369 3367 3290
f 3368 3292 3370
f 3292 3368 3291
f 3371 3368 3366
f 3368 3371 3370
f 3293 3372 3369
f 3372 3293 3373
f 3370 3295 3374
f 3295 3370 3292
f 3375 3370 3371
f 3370 3375 3374
f 3373 3293 3298
f 3376 3295 3297
f 3295 3376 3374
f 3454 3298 3301
f 3377 3297 3299
f 3297 3377 3376
f 3377 3378 3379
f 3378 3377 3376
f 3300 3377 3379
f 3377 3300 3299
f 3301 3380 3454
f 3381 3300 3302
f 3300 3381 3379
f 3381 3382 3383
f 3382 3381 3379
f 3303 3381 3383
f 3381 3303 3302
f 3306 3383 3384
f 3383 3306 3303
f 3380 3304 3385
f 3304 3380 3301
f 3386 3306 3307
f 3306 3386 3384
f 3307 3386 3387
f 3387 3388 3307
f 3390 3308 3389
f 3308 3390 3309
f 3391 3314 3392
f 3314 3391 3311
f 3393 3394 3385
f 3394 3393 3391
f 3393 3311 3391
f 3311 3393 3310
f 3393 3304 3310
f 3304 3393 3385
f 3390 3312 3471
f 3312 3390 3309
f 3395 3312 3471
f 3163 3396 3313
f 3396 3314 3313
f 3314 3396 3392
f 3397 3312 3395
f 3163 3239 3539
f 3239 3543 3539
f 3543 3315 3398
f 3315 3543 3240
f 3473 3241 3699
f 3398 3316 3399
f 3316 3398 3315
f 3318 3402 3316
f 3399 3316 3402
f 3317 3400 3401
f 3401 3317 3403
f 3403 3319 3317
f 3320 3403 3404
f 3403 3320 3319
f 3321 3404 3405
f 3404 3321 3320
f 3406 3321 3405
f 3321 3406 3322
f 3322 3406 3323
f 3402 3323 3406
f 3323 3402 3318
f 3253 3325 3407
f 3326 3407 3408
f 3327 3408 3409
f 3408 3327 3326
f 3410 3327 3409
f 3327 3410 3328
f 3329 3328 3411
f 3328 3329 3258
f 3331 3412 3413
f 3412 3331 3330
f 3324 3413 3560
f 3413 3324 3331
f 3560 3332 3324
f 3411 3333 3485
f 3335 3419 3415
f 3419 3335 3334
f 3330 3415 3416
f 3415 3330 3335
f 3417 3337 3336
f 3337 3417 3338
f 3334 3340 3418
f 3334 3419 3418
f 3494 3419 3415
f 3493 3338 3341
f 3338 3493 3417
f 3420 3341 3493
f 3421 3341 3420
f 3341 3421 3269
f 3340 3339 3422
f 3340 3418 3422
f 3343 3345 3423
f 3424 3345 3423
f 3346 3424 3425
f 3424 3346 3345
f 3344 3426 3348
f 3425 3349 3427
f 3349 3425 3346
f 3428 3349 3427
f 3349 3428 3350
f 3347 3353 3429
f 3430 3347 3348
f 3347 3430 3429
f 3428 3354 3431
f 3354 3428 3350
f 3432 3354 3431
f 3354 3432 3355
f 3433 3355 3432
f 3355 3433 3356
f 3434 3429 3358
f 3429 3435 3434
f 3436 3433 3437
f 3433 3436 3432
f 3433 3359 3437
f 3359 3433 3356
f 3434 3362 3438
f 3362 3434 3358
f 3434 3508 3438
f 3437 3363 3439
f 3363 3437 3359
f 3440 3363 3439
f 3363 3440 3364
f 3362 3366 3441
f 3366 3362 3361
f 3442 3362 3438
f 3362 3442 3441
f 3443 3440 3444
f 3440 3443 3439
f 3440 3367 3444
f 3367 3440 3364
f 3441 3366 3445
f 3518 3441 3442
f 3441 3518 3445
f 3446 3443 3444
f 3443 3446 3447
f 3446 3372 3447
f 3372 3446 3369
f 3446 3367 3369
f 3367 3446 3444
f 3445 3371 3448
f 3371 3445 3366
f 3522 3372 3373
f 3372 3522 3447
f 3375 3449 3450
f 3449 3375 3374
f 3448 3375 3450
f 3375 3448 3371
f 3451 3373 3298
f 3373 3451 3522
f 3449 3376 3452
f 3376 3449 3374
f 3453 3449 3450
f 3449 3453 3452
f 3378 3452 3453
f 3452 3378 3376
f 3454 3455 3451
f 3455 3454 3526
f 3298 3454 3451
f 3456 3378 3379
f 3378 3456 3453
f 3382 3456 3457
f 3456 3382 3379
f 3458 3526 3454
f 3526 3458 3459
f 3458 3454 3380
f 3460 3382 3383
f 3382 3460 3457
f 3384 3460 3461
f 3460 3384 3383
f 3462 3459 3458
f 3459 3462 3463
f 3462 3394 3463
f 3394 3462 3385
f 3462 3380 3385
f 3380 3462 3458
f 3464 3384 3386
f 3384 3464 3461
f 3464 3465 3466
f 3465 3464 3461
f 3387 3464 3466
f 3464 3387 3386
f 3387 3466 3388
f 3389 3388 3467
f 3390 3467 3468
f 3467 3390 3389
f 3469 3392 3470
f 3392 3469 3391
f 3469 3394 3391
f 3394 3469 3463
f 3471 3468 3390
f 3163 3539 3396
f 3539 3392 3396
f 3392 3539 3470
f 3395 3541 3397
f 3542 3397 3541
f 3397 3542 3241
f 3472 3241 3542
f 3241 3473 3472
f 3546 3400 3699
f 3399 3402 3475
f 3546 3400 3474
f 3474 3401 3400
f 3474 3403 3476
f 3403 3474 3401
f 3403 3476 3477
f 3404 3477 3478
f 3477 3404 3403
f 3478 3405 3404
f 3479 3405 3478
f 3405 3479 3406
f 3480 3406 3479
f 3480 3402 3406
f 3402 3480 3475
f 3407 3553 3481
f 3553 3407 3325
f 3407 3481 3482
f 3408 3482 3483
f 3482 3408 3407
f 3409 3483 3556
f 3483 3409 3408
f 3484 3409 3556
f 3409 3484 3410
f 3411 3410 3484
f 3410 3411 3328
f 3485 3411 3558
f 3412 3486 3487
f 3486 3412 3330
f 3413 3487 3559
f 3487 3413 3412
f 3559 3560 3413
f 3325 3332 3488
f 3553 3325 3488
f 3563 3333 3485
f 3333 3563 3414
f 3489 3414 3563
f 3414 3489 3336
f 3416 3564 3490
f 3564 3416 3415
f 3486 3416 3490
f 3416 3486 3330
f 3491 3486 3487
f 3486 3491 3490
f 3336 3489 3417
f 3492 3417 3489
f 3493 3417 3492
f 3419 3496 3494
f 3496 3419 3418
f 3494 3564 3415
f 3493 3495 3420
f 3496 3418 3422
f 3420 3421 3573
f 3497 3421 3573
f 3421 3497 3343
f 3344 3426 3422
f 3497 3423 3498
f 3423 3497 3343
f 3577 3423 3498
f 3423 3577 3424
f 3499 3424 3577
f 3424 3499 3425
f 3500 3425 3499
f 3505 3426 3348
f 3501 3500 3502
f 3500 3501 3499
f 3500 3427 3502
f 3427 3500 3425
f 3503 3427 3502
f 3427 3503 3428
f 3430 3435 3504
f 3435 3430 3429
f 3430 3504 3505
f 3430 3505 3348
f 3584 3503 3506
f 3503 3584 3502
f 3503 3431 3506
f 3431 3503 3428
f 3507 3431 3506
f 3431 3507 3432
f 3508 3435 3434
f 3509 3435 3504
f 3435 3509 3508
f 3510 3507 3511
f 3507 3510 3506
f 3507 3436 3511
f 3436 3507 3432
f 3512 3436 3511
f 3436 3512 3437
f 3508 3588 3516
f 3513 3512 3514
f 3512 3513 3511
f 3512 3439 3514
f 3439 3512 3437
f 3508 3442 3515
f 3442 3508 3438
f 3508 3516 3515
f 3514 3443 3517
f 3443 3514 3439
f 3520 3518 3445
f 3518 3515 3442
f 3519 3443 3447
f 3443 3519 3517
f 3448 3520 3445
f 3521 3520 3518
f 3522 3519 3447
f 3523 3448 3450
f 3448 3523 3520
f 3524 3522 3455
f 3455 3522 3451
f 3523 3453 3525
f 3453 3523 3450
f 3527 3453 3456
f 3453 3527 3525
f 3527 3528 3529
f 3528 3527 3525
f 3457 3527 3529
f 3527 3457 3456
f 3609 3526 3459
f 3530 3457 3460
f 3457 3530 3529
f 3461 3530 3531
f 3530 3461 3460
f 3465 3531 3532
f 3531 3465 3461
f 3533 3459 3463
f 3459 3533 3609
f 3465 3466 3532
f 3388 3534 3750
f 3534 3388 3466
f 3538 3388 3750
f 3388 3538 3467
f 3467 3538 3468
f 3535 3536 3533
f 3536 3535 3537
f 3535 3470 3537
f 3470 3535 3469
f 3535 3463 3469
f 3463 3535 3533
f 3471 3538 3468
f 3395 3471 3820
f 3470 3539 3537
f 3540 3539 3626
f 3543 3626 3539
f 3697 3473 3472
f 3697 3699 3473
f 3543 3398 3545
f 3546 3699 3628
f 3545 3398 3544
f 3544 3475 3548
f 3475 3544 3399
f 3399 3544 3398
f 3474 3546 3631
f 3548 3475 3547
f 3477 3474 3549
f 3474 3477 3476
f 3478 3549 3550
f 3549 3478 3477
f 3478 3550 3551
f 3478 3551 3479
f 3552 3479 3551
f 3479 3552 3480
f 3552 3475 3480
f 3475 3552 3547
f 3481 3553 3554
f 3555 3481 3554
f 3481 3555 3482
f 3483 3555 3556
f 3555 3483 3482
f 3557 3484 3556
f 3484 3557 3411
f 3558 3411 3557
f 3566 3559 3487
f 3488 3560 3707
f 3560 3488 3332
f 3488 3707 3561
f 3553 3488 3561
f 3638 3553 3554
f 3553 3638 3561
f 3562 3556 3557
f 3490 3564 3565
f 3565 3491 3490
f 3491 3566 3487
f 3489 3567 3568
f 3489 3568 3492
f 3569 3492 3568
f 3492 3569 3493
f 3494 3574 3575
f 3564 3494 3575
f 3570 3564 3565
f 3564 3570 3575
f 3571 3569 3572
f 3569 3495 3572
f 3495 3569 3493
f 3573 3495 3572
f 3495 3573 3420
f 3497 3573 3654
f 3582 3496 3422
f 3496 3582 3657
f 3494 3496 3657
f 3494 3574 3657
f 3654 3497 3576
f 3497 3498 3576
f 3577 3578 3499
f 3422 3426 3582
f 3579 3578 3580
f 3578 3579 3577
f 3578 3501 3580
f 3501 3578 3499
f 3581 3501 3580
f 3501 3581 3502
f 3509 3505 3504
f 3426 3582 3505
f 3581 3583 3580
f 3584 3581 3502
f 3585 3584 3586
f 3584 3585 3581
f 3584 3510 3586
f 3510 3584 3506
f 3587 3510 3586
f 3510 3587 3511
f 3588 3509 3508
f 3589 3587 3590
f 3587 3589 3586
f 3587 3513 3590
f 3513 3587 3511
f 3591 3513 3590
f 3513 3591 3514
f 3516 3592 3588
f 3592 3516 3515
f 3593 3591 3594
f 3591 3593 3590
f 3591 3517 3594
f 3517 3591 3514
f 3592 3518 3595
f 3518 3592 3515
f 3596 3592 3588
f 3592 3596 3595
f 3597 3593 3594
f 3593 3597 3598
f 3597 3517 3519
f 3517 3597 3594
f 3521 3599 3600
f 3599 3521 3520
f 3595 3521 3600
f 3521 3595 3518
f 3598 3602 3601
f 3602 3598 3597
f 3524 3602 3522
f 3602 3519 3522
f 3519 3602 3597
f 3599 3523 3603
f 3523 3599 3520
f 3604 3599 3600
f 3599 3604 3603
f 3524 3601 3602
f 3601 3524 3607
f 3605 3523 3525
f 3523 3605 3603
f 3605 3604 3606
f 3604 3605 3603
f 3528 3605 3606
f 3605 3528 3525
f 3607 3455 3526
f 3455 3607 3524
f 3608 3528 3529
f 3528 3608 3606
f 3609 3684 3607
f 3526 3609 3607
f 3610 3529 3530
f 3529 3610 3608
f 3610 3611 3612
f 3611 3610 3608
f 3531 3610 3612
f 3610 3531 3530
f 3532 3612 3613
f 3612 3532 3531
f 3614 3684 3609
f 3684 3614 3615
f 3614 3536 3615
f 3536 3614 3533
f 3614 3609 3533
f 3616 3532 3466
f 3532 3616 3613
f 3616 3617 3618
f 3617 3616 3613
f 3534 3616 3618
f 3616 3534 3466
f 3750 3534 3618
f 3619 3536 3537
f 3536 3619 3615
f 3538 3820 3471
f 3620 3621 3619
f 3621 3620 3622
f 3620 3540 3622
f 3540 3620 3539
f 3620 3537 3539
f 3537 3620 3619
f 3541 3820 3395
f 3624 3625 3622
f 3625 3624 3623
f 3624 3626 3623
f 3626 3624 3540
f 3540 3624 3622
f 3545 3627 3543
f 3544 3765 3545
f 3627 3545 3765
f 3546 3628 3629
f 3629 3631 3546
f 3630 3547 3636
f 3547 3630 3548
f 3544 3548 3630
f 3632 3631 3629
f 3631 3549 3474
f 3633 3549 3631
f 3549 3633 3550
f 3634 3550 3633
f 3550 3634 3551
f 3551 3634 3635
f 3552 3635 3636
f 3635 3552 3551
f 3636 3547 3552
f 3637 3555 3554
f 3555 3637 3556
f 3638 3637 3554
f 3639 3556 3562
f 3556 3639 3637
f 3562 3640 3557
f 3558 3557 3640
f 3641 3558 3710
f 3558 3641 3485
f 3485 3641 3563
f 3642 3563 3641
f 3563 3642 3489
f 3491 3643 3644
f 3643 3491 3565
f 3566 3644 3645
f 3644 3566 3491
f 3559 3645 3646
f 3645 3559 3566
f 3560 3559 3646
f 3711 3560 3707
f 3560 3711 3646
f 3642 3567 3713
f 3567 3642 3489
f 3782 3567 3713
f 3647 3567 3782
f 3567 3647 3568
f 3648 3568 3647
f 3568 3648 3569
f 3570 3575 3643
f 3570 3643 3565
f 3649 3644 3645
f 3650 3648 3651
f 3648 3650 3647
f 3648 3571 3651
f 3571 3648 3569
f 3652 3571 3651
f 3571 3652 3572
f 3653 3572 3652
f 3572 3653 3573
f 3718 3653 3654
f 3653 3718 3652
f 3654 3653 3573
f 3574 3722 3719
f 3722 3574 3657
f 3575 3574 3719
f 3654 3720 3576
f 3655 3576 3720
f 3576 3655 3498
f 3656 3498 3655
f 3498 3656 3577
f 3720 3655 3658
f 3658 3656 3659
f 3656 3658 3655
f 3656 3579 3659
f 3579 3656 3577
f 3660 3579 3659
f 3579 3660 3580
f 3661 3660 3662
f 3660 3661 3659
f 3660 3583 3662
f 3583 3660 3580
f 3505 3729 3509
f 3663 3505 3582
f 3505 3663 3729
f 3664 3582 3657
f 3582 3664 3663
f 3662 3583 3665
f 3583 3585 3665
f 3585 3583 3581
f 3589 3585 3665
f 3585 3589 3586
f 3588 3728 3509
f 3666 3665 3667
f 3665 3666 3662
f 3589 3667 3665
f 3668 3589 3667
f 3589 3668 3590
f 3588 3596 3796
f 3733 3588 3728
f 3588 3733 3796
f 3735 3667 3669
f 3669 3668 3670
f 3668 3669 3667
f 3668 3593 3670
f 3593 3668 3590
f 3596 3595 3738
f 3736 3596 3796
f 3596 3736 3738
f 3671 3669 3670
f 3669 3671 3672
f 3671 3598 3672
f 3671 3593 3598
f 3593 3671 3670
f 3595 3600 3673
f 3595 3738 3673
f 3674 3737 3672
f 3737 3674 3740
f 3674 3598 3601
f 3598 3674 3672
f 3673 3604 3675
f 3604 3673 3600
f 3676 3673 3738
f 3673 3676 3675
f 3677 3740 3674
f 3740 3677 3742
f 3677 3601 3607
f 3601 3677 3674
f 3678 3604 3606
f 3604 3678 3675
f 3678 3676 3679
f 3676 3678 3675
f 3680 3742 3677
f 3742 3680 3681
f 3680 3607 3684
f 3607 3680 3677
f 3682 3606 3608
f 3606 3682 3678
f 3682 3679 3683
f 3679 3682 3678
f 3611 3682 3683
f 3682 3611 3608
f 3680 3684 3681
f 3685 3611 3612
f 3611 3685 3683
f 3685 3686 3687
f 3686 3685 3683
f 3613 3685 3687
f 3685 3613 3612
f 3687 3617 3613
f 3684 3615 3688
f 3750 3617 3618
f 3617 3750 3687
f 3750 3689 3538
f 3619 3688 3615
f 3688 3619 3690
f 3619 3621 3690
f 3691 3692 3690
f 3692 3691 3693
f 3691 3625 3693
f 3625 3691 3622
f 3691 3621 3622
f 3621 3691 3690
f 3820 3542 3541
f 3625 3623 3693
f 3695 3626 3696
f 3694 3626 3695
f 3626 3694 3623
f 3542 3697 3472
f 3543 3696 3626
f 3696 3543 3627
f 3627 3698 3696
f 3765 3698 3627
f 3699 3628 3701
f 3701 3629 3628
f 3632 3701 3702
f 3701 3632 3629
f 3703 3636 3773
f 3630 3703 3700
f 3703 3630 3636
f 3630 3700 3544
f 3704 3632 3631
f 3632 3704 3702
f 3633 3704 3705
f 3704 3633 3631
f 3634 3705 3772
f 3705 3634 3633
f 3706 3634 3772
f 3634 3706 3635
f 3636 3635 3706
f 3708 3561 3707
f 3561 3708 3638
f 3637 3708 3774
f 3708 3637 3638
f 3774 3639 3637
f 3639 3640 3562
f 3709 3640 3775
f 3640 3709 3558
f 3710 3558 3709
f 3710 3776 3641
f 3641 3777 3642
f 3712 3642 3777
f 3649 3646 3645
f 3782 3783 3647
f 3715 3714 3716
f 3714 3715 3647
f 3714 3650 3716
f 3650 3714 3647
f 3717 3650 3716
f 3650 3717 3651
f 3718 3651 3717
f 3651 3718 3652
f 3643 3575 3915
f 3644 3643 3915
f 3644 3649 3915
f 3980 3719 3575
f 3719 3980 3723
f 3720 3724 3658
f 3721 3658 3724
f 3658 3721 3659
f 3719 3723 3722
f 3724 3790 3720
f 3724 3721 3726
f 3721 3661 3726
f 3661 3721 3659
f 3663 3729 3730
f 3664 3730 3791
f 3730 3664 3663
f 3722 3664 3791
f 3664 3722 3657
f 3726 3725 3724
f 3726 3661 3727
f 3661 3662 3727
f 3728 3509 3729
f 3731 3727 3732
f 3727 3731 3726
f 3727 3666 3732
f 3666 3727 3662
f 3666 3732 3667
f 3728 3793 3733
f 3800 3732 3734
f 3732 3735 3734
f 3735 3732 3667
f 3804 3735 3737
f 3735 3804 3734
f 3737 3669 3672
f 3669 3737 3735
f 3739 3738 3736
f 3737 3740 3804
f 3741 3738 3676
f 3741 3679 3743
f 3679 3741 3676
f 3742 3681 3812
f 3744 3679 3683
f 3679 3744 3743
f 3744 3745 3746
f 3745 3744 3743
f 3686 3744 3746
f 3744 3686 3683
f 3812 3681 3747
f 3746 3686 3687
f 3746 3748 3749
f 3687 3746 3749
f 3747 3684 3688
f 3684 3747 3681
f 3687 3750 3749
f 3750 3751 3752
f 3751 3750 3749
f 3752 3689 3750
f 3689 3752 3753
f 3754 3817 3747
f 3817 3754 3755
f 3754 3692 3755
f 3692 3754 3690
f 3754 3688 3690
f 3688 3754 3747
f 3689 3538 3753
f 3756 3692 3693
f 3692 3756 3755
f 3820 3824 3542
f 3757 3758 3756
f 3758 3757 3759
f 3757 3694 3759
f 3694 3757 3623
f 3757 3693 3623
f 3693 3757 3756
f 3824 3761 3542
f 3760 3696 3829
f 3696 3760 3695
f 3760 3694 3695
f 3694 3760 3759
f 3542 3761 3762
f 3762 3697 3542
f 3697 3762 3763
f 3764 3696 3698
f 3696 3764 3829
f 3697 3699 3763
f 3698 3765 3764
f 3701 3699 3836
f 3700 3766 3544
f 3765 3544 3766
f 3767 3702 3701
f 3768 3773 3769
f 3773 3768 3703
f 3703 3768 3700
f 3766 3700 3768
f 3770 3702 3704
f 3702 3770 3767
f 3705 3770 3771
f 3770 3705 3704
f 3771 3772 3705
f 3773 3706 3772
f 3706 3773 3636
f 3708 3707 3774
f 3639 3844 3640
f 3844 3775 3640
f 3845 3709 3775
f 3709 3845 3710
f 3845 3776 3710
f 3777 3641 3776
f 3711 3646 3905
f 3711 3905 3778
f 3778 3707 3711
f 3779 3707 3774
f 3851 3776 3780
f 3777 3780 3776
f 3777 3712 3780
f 3781 3712 3780
f 3712 3781 3642
f 3852 3642 3781
f 3642 3852 3713
f 3782 3713 3852
f 3783 3784 3647
f 3649 3966 3910
f 3649 3910 3967
f 3646 3649 3967
f 3646 3905 3967
f 3784 3715 3857
f 3715 3784 3647
f 3785 3715 3857
f 3715 3785 3716
f 3786 3716 3785
f 3716 3786 3717
f 3787 3717 3786
f 3717 3787 3718
f 3966 3649 3863
f 3788 3787 3789
f 3787 3788 3786
f 3787 3718 3789
f 3654 3718 3789
f 3915 3649 3863
f 3980 3915 3575
f 3720 3865 3654
f 3790 3792 3724
f 3792 3866 3790
f 3725 3792 3724
f 3794 3725 3792
f 3725 3794 3726
f 3793 3729 3728
f 3731 3794 3726
f 3731 3795 3732
f 3733 3796 3797
f 3793 3797 3798
f 3797 3793 3733
f 3799 3795 3800
f 3795 3799 3731
f 3800 3795 3732
f 3800 3804 3734
f 3796 3736 3801
f 3802 3796 3797
f 3796 3802 3801
f 3803 3799 3800
f 3799 3803 3870
f 3804 3803 3800
f 3739 3805 3806
f 3805 3739 3738
f 3801 3739 3806
f 3739 3801 3736
f 3803 3807 3870
f 3807 3803 3804
f 3742 3807 3740
f 3807 3804 3740
f 3805 3741 3808
f 3741 3805 3738
f 3809 3805 3806
f 3805 3809 3808
f 3810 3741 3743
f 3741 3810 3808
f 3810 3809 3811
f 3809 3810 3808
f 3745 3810 3811
f 3810 3745 3743
f 3813 3745 3746
f 3745 3813 3811
f 3813 3814 3815
f 3814 3813 3811
f 3748 3813 3815
f 3813 3748 3746
f 3816 3748 3749
f 3748 3816 3815
f 3751 3816 3883
f 3816 3751 3749
f 3818 3751 3883
f 3752 3751 3753
f 3753 3751 3819
f 3817 3755 3887
f 3538 3819 3753
f 3821 3887 3755
f 3887 3821 3822
f 3821 3758 3822
f 3758 3821 3756
f 3821 3755 3756
f 3823 3758 3759
f 3758 3823 3822
f 3825 3826 3823
f 3826 3825 3827
f 3825 3829 3827
f 3829 3825 3760
f 3825 3759 3760
f 3759 3825 3823
f 3824 3761 3945
f 3762 3761 3945
f 3829 3830 3827
f 3830 3829 3828
f 3762 3831 3763
f 3763 3831 3894
f 3828 3764 3832
f 3764 3828 3829
f 3763 3699 3894
f 3833 3765 3766
f 3833 3764 3765
f 3764 3833 3832
f 3834 3836 3699
f 3767 3836 3837
f 3836 3767 3701
f 3767 3837 3839
f 3769 3842 3768
f 3838 3768 3842
f 3835 3768 3838
f 3768 3835 3766
f 3839 3767 3770
f 3839 3771 3770
f 3840 3771 3839
f 3771 3840 3772
f 3772 3840 3841
f 3772 3841 3773
f 3841 3769 3773
f 3769 3841 3842
f 3774 3846 3843
f 3843 3639 3774
f 3707 3778 3854
f 3854 3779 3707
f 3779 3846 3774
f 3843 3844 3847
f 3844 3843 3639
f 3847 3775 3848
f 3775 3847 3844
f 3775 3849 3848
f 3849 3845 3850
f 3845 3849 3775
f 3850 3776 3851
f 3776 3850 3845
f 3781 3780 3904
f 3852 3781 3904
f 3852 3855 3782
f 3853 3782 3855
f 3782 3853 3783
f 3778 3854 3905
f 3906 3852 3855
f 3852 3906 3904
f 3907 3853 3856
f 3853 3907 3855
f 3853 3784 3856
f 3784 3853 3783
f 3857 3784 3856
f 3857 3858 3785
f 3859 3785 3858
f 3785 3859 3786
f 3860 3859 3861
f 3859 3860 3858
f 3859 3788 3861
f 3788 3859 3786
f 3862 3788 3861
f 3788 3862 3789
f 3863 3915 3974
f 3862 3918 3861
f 3864 3980 3723
f 3789 3865 3862
f 3865 3654 3789
f 3864 3722 3985
f 3722 3864 3723
f 3865 3866 3720
f 3720 3866 3790
f 3866 3987 3865
f 3798 3729 3793
f 3987 3866 3867
f 3866 3794 3867
f 3794 3866 3792
f 3868 3794 3867
f 3794 3868 3731
f 3869 3798 3797
f 3989 3798 3729
f 3798 3989 3869
f 3989 3729 3730
f 3870 3987 3867
f 3987 3870 3991
f 3868 3870 3867
f 3868 3799 3870
f 3799 3868 3731
f 3802 3871 3872
f 3871 3802 3801
f 3869 3802 3872
f 3802 3869 3797
f 3869 3873 3872
f 3869 3923 3873
f 3871 3806 3874
f 3806 3871 3801
f 3875 3871 3872
f 3871 3875 3874
f 3876 3872 3873
f 3872 3876 3875
f 3924 3870 3807
f 3874 3809 3877
f 3809 3874 3806
f 3878 3874 3875
f 3874 3878 3877
f 3927 3924 3742
f 3742 3924 3807
f 3879 3809 3811
f 3809 3879 3877
f 3879 3878 3880
f 3878 3879 3877
f 3814 3879 3880
f 3879 3814 3811
f 3812 3927 3742
f 3927 3812 3882
f 3881 3814 3815
f 3814 3881 3880
f 3812 3747 3882
f 3883 3815 3816
f 3815 3883 3881
f 3883 3884 3885
f 3884 3883 3881
f 3818 3885 3933
f 3885 3818 3883
f 3882 3747 3817
f 3751 3818 3888
f 3888 3819 3751
f 3886 3882 3887
f 3817 3887 3882
f 3888 3538 3819
f 3888 3820 3538
f 3889 3886 3887
f 3886 3889 3890
f 3889 3887 3822
f 3820 3939 3888
f 3824 3820 3939
f 3890 3826 3891
f 3826 3890 3823
f 3890 3822 3823
f 3822 3890 3889
f 3892 3891 3893
f 3891 3830 3893
f 3830 3891 3827
f 3891 3826 3827
f 3945 3831 3762
f 3893 3828 3946
f 3893 3830 3828
f 3946 3828 3895
f 3895 3832 3951
f 3832 3895 3828
f 3766 3896 3833
f 3832 3833 3896
f 3952 3834 3699
f 3835 3897 3766
f 3896 3766 3897
f 3837 3834 3898
f 3834 3837 3836
f 3899 3837 3898
f 3837 3899 3839
f 3842 3900 3838
f 3838 3900 3835
f 3897 3835 3900
f 3839 3901 3899
f 3902 3901 3899
f 3901 3840 3839
f 3841 3902 3842
f 3902 3841 3901
f 3841 3840 3901
f 3959 3779 3854
f 3959 3846 3779
f 3843 3846 3955
f 3955 3847 3843
f 3848 3847 3956
f 3849 3848 3956
f 3903 3851 3958
f 3851 3903 3780
f 3904 3780 3903
f 3964 3904 3906
f 3904 3964 3903
f 3906 3965 3855
f 3907 3855 3965
f 3907 3911 3856
f 3908 3856 3911
f 3856 3908 3857
f 3909 3857 3908
f 3857 3909 3858
f 3971 3908 3912
f 3908 3971 3911
f 3912 3909 3913
f 3909 3912 3908
f 3909 3860 3913
f 3860 3909 3858
f 3914 3860 3913
f 3860 3914 3861
f 3916 3914 3917
f 3914 3916 3913
f 3914 3918 3917
f 3918 3914 3861
f 3917 3918 3920
f 3918 3865 3920
f 3865 3918 3862
f 3919 3864 3921
f 3864 3919 3980
f 3920 3865 4058
f 3865 3987 3986
f 3791 3730 3985
f 3791 3985 3722
f 3923 3989 3869
f 3730 3985 3989
f 4061 3987 3990
f 3991 3987 3990
f 3876 3922 3923
f 3922 3876 3875
f 3876 3923 3873
f 3991 3870 3924
f 3922 3878 3925
f 3878 3922 3875
f 3926 3922 3923
f 3922 3926 3925
f 3924 3927 3991
f 3928 3878 3880
f 3878 3928 3925
f 3929 3925 3926
f 3925 3929 3928
f 3930 3927 3882
f 3931 3880 3881
f 3880 3931 3928
f 3931 3929 3932
f 3929 3931 3928
f 3884 3931 3932
f 3931 3884 3881
f 3933 3884 3885
f 3884 3933 3932
f 3933 3934 3935
f 3934 3933 3932
f 3937 3933 3818
f 3933 3937 3935
f 3888 3937 3938
f 3937 3888 3818
f 3888 3938 4010
f 3936 3882 3886
f 3940 3886 3890
f 3886 3940 3936
f 3824 3941 3942
f 3941 3824 3939
f 3892 3943 3891
f 3943 3890 3891
f 3890 3943 3940
f 3824 3944 3942
f 3943 3892 3893
f 3824 3945 3944
f 3943 3893 3946
f 3894 3831 4092
f 3947 3895 3948
f 3895 3947 3946
f 3949 3894 4019
f 3894 3949 3699
f 3949 4020 3699
f 3951 3950 3895
f 3948 3895 3950
f 4020 3952 3699
f 3896 4023 3951
f 3896 3951 3832
f 3834 3952 4027
f 3953 3896 3897
f 3896 3953 4023
f 4027 3898 3834
f 3902 3899 4188
f 3842 3902 4188
f 4029 3900 3842
f 4030 3900 4029
f 3953 3900 4030
f 3900 3953 3897
f 3846 3959 3954
f 3954 3955 3846
f 3847 3955 4031
f 4031 3956 3847
f 3957 3849 3956
f 3849 3957 3850
f 3851 3850 3957
f 3958 4036 3903
f 3854 3968 4032
f 3968 3854 3905
f 4032 3959 3854
f 3960 3954 3955
f 3954 3960 3959
f 3955 4031 3960
f 3961 3957 3962
f 3957 3961 3956
f 3963 3957 3851
f 3957 3963 3962
f 3963 3958 4036
f 3958 3963 3851
f 3964 4036 3903
f 3964 4041 3906
f 3965 3906 4041
f 3905 3968 3967
f 4042 3965 3969
f 3965 4042 4041
f 3969 3907 3970
f 3907 3969 3965
f 3907 3911 3970
f 3971 3911 3970
f 3971 3972 3912
f 3973 3912 3972
f 3912 3973 3913
f 3863 3974 3975
f 3966 3863 3975
f 3976 3966 3910
f 3966 3976 3975
f 3977 3973 3978
f 3973 3977 3972
f 3973 3916 3978
f 3916 3973 3913
f 3979 3916 3978
f 3916 3979 3917
f 3915 3980 3981
f 3974 3915 3981
f 4051 3974 3975
f 3974 4051 3981
f 3979 3982 3978
f 3980 3919 3983
f 3980 3981 3983
f 3979 3920 3984
f 3920 3979 3917
f 4058 3920 3984
f 3864 3985 3921
f 3865 3986 4058
f 3988 3989 3923
f 3923 3992 3993
f 3988 3923 3993
f 3994 3988 3989
f 3988 3994 3993
f 3995 3991 3996
f 3992 3926 3999
f 3926 3992 3923
f 3997 3992 3993
f 3992 3997 3999
f 3996 3998 3995
f 3996 3927 3998
f 3927 3996 3991
f 3999 3926 3929
f 4000 3999 3997
f 3998 3930 4070
f 3930 3998 3927
f 4001 3929 3932
f 3929 4001 3999
f 4001 4000 4002
f 4000 4001 3999
f 3934 4001 4002
f 4001 3934 3932
f 4003 3930 3882
f 3930 4003 4070
f 4004 3934 3935
f 3934 4004 4002
f 4003 3882 3936
f 4005 3935 3937
f 3935 4005 4004
f 4005 4006 4007
f 4006 4005 4004
f 3938 4005 4007
f 4005 3938 3937
f 4010 4007 4008
f 4007 4010 3938
f 4009 3936 3940
f 3936 4009 4003
f 3888 4010 4011
f 3939 4011 4012
f 4011 3939 3888
f 4009 3943 4013
f 3943 4009 3940
f 3941 4012 3939
f 4012 3942 3941
f 3943 4086 4013
f 3944 3942 4087
f 4086 3943 4090
f 3945 4087 3944
f 3945 4087 4092
f 3945 4092 3831
f 4014 4015 4090
f 4015 4014 4016
f 4014 3947 4016
f 3947 4014 3946
f 4014 3943 3946
f 3943 4014 4090
f 4092 4019 3894
f 4017 3948 4018
f 4017 3947 3948
f 3947 4017 4016
f 4019 4020 3949
f 4022 3950 4021
f 4022 3948 3950
f 3948 4022 4018
f 4023 3950 3951
f 3950 4023 4021
f 3952 4020 4025
f 4025 4027 3952
f 4024 3953 4026
f 3953 4024 4023
f 4027 3899 3898
f 4188 4028 3842
f 4029 3842 4028
f 4030 4026 3953
f 3960 4033 4110
f 4033 3960 3959
f 4110 4031 3960
f 4034 4031 3956
f 4111 3956 4034
f 3956 4111 3961
f 4122 3961 4111
f 3961 4122 3962
f 4035 3962 4122
f 3962 4035 3963
f 4036 3963 4035
f 3967 4037 4038
f 4037 3967 3910
f 3968 4038 4039
f 4038 3968 3967
f 4032 3968 4039
f 4032 4040 4039
f 3969 4043 3970
f 4044 3970 4043
f 3970 4044 3971
f 4045 3971 4044
f 3971 4045 3972
f 3976 4046 4052
f 4046 3976 3975
f 4037 3976 4052
f 3976 4037 3910
f 4047 4037 4038
f 4037 4047 4052
f 4127 4038 4039
f 4038 4127 4047
f 4131 3969 4048
f 3969 4131 4042
f 4043 4048 3969
f 4043 4044 4048
f 4044 4045 4049
f 4045 3977 4049
f 3977 4045 3972
f 4050 3977 4049
f 3977 4050 3978
f 4051 4046 3975
f 4053 4044 4054
f 4044 4053 4048
f 4054 4049 4055
f 4049 4054 4044
f 4055 4050 4056
f 4050 4055 4049
f 4050 3982 4056
f 3982 4050 3978
f 4134 4056 4057
f 4056 4134 4055
f 4057 3982 3984
f 3982 4057 4056
f 3984 3982 3979
f 4220 4051 4046
f 4057 3984 4058
f 3919 3989 4138
f 3989 3919 3921
f 3983 3919 4138
f 4138 3983 3981
f 4057 4058 4059
f 4058 3986 4059
f 4060 3986 4059
f 3985 3989 3921
f 4139 3989 4138
f 3987 4060 3986
f 4061 3987 4060
f 3989 4063 4064
f 3989 4145 4064
f 3989 4140 4145
f 4059 4060 4065
f 3990 4061 3991
f 3994 4062 4063
f 4062 3994 3993
f 3994 4063 3989
f 4066 4060 4061
f 4060 4066 4065
f 4066 4061 4067
f 4061 3995 4067
f 3995 4061 3991
f 4062 3997 4068
f 3997 4062 3993
f 4069 4062 4063
f 4062 4069 4068
f 4065 4066 4070
f 4067 4070 4066
f 4067 3998 4070
f 3998 4067 3995
f 4068 4000 4071
f 4000 4068 3997
f 4070 4152 4065
f 4072 4000 4002
f 4000 4072 4071
f 4072 4073 4074
f 4073 4072 4071
f 4152 4070 4075
f 4075 4070 4003
f 4076 4002 4004
f 4002 4076 4072
f 4076 4074 4077
f 4074 4076 4072
f 4006 4076 4077
f 4076 4006 4004
f 4078 4075 4009
f 4075 4078 4152
f 4003 4009 4075
f 4079 4006 4007
f 4006 4079 4077
f 4079 4080 4081
f 4080 4079 4077
f 4008 4079 4081
f 4079 4008 4007
f 4009 4082 4078
f 4083 4008 4010
f 4008 4083 4081
f 4083 4084 4085
f 4084 4083 4081
f 4011 4083 4085
f 4083 4011 4010
f 4011 4085 4012
f 4082 4013 4086
f 4013 4082 4009
f 4012 4164 4085
f 3942 4012 4087
f 4088 4090 4089
f 4090 4088 4086
f 4090 4015 4089
f 4091 4015 4016
f 4015 4091 4089
f 4092 4175 4019
f 4093 4094 4091
f 4094 4093 4095
f 4093 4018 4095
f 4018 4093 4017
f 4093 4016 4017
f 4016 4093 4091
f 4020 4019 4100
f 4096 4021 4097
f 4021 4096 4022
f 4098 4022 4096
f 4098 4018 4022
f 4018 4098 4095
f 4024 4099 4023
f 4099 4021 4023
f 4021 4099 4097
f 4101 4020 4100
f 4020 4101 4025
f 4025 4101 4027
f 4103 4026 4102
f 4103 4024 4026
f 4024 4103 4099
f 4027 4187 3899
f 4104 4028 4188
f 4028 4104 4029
f 4105 4029 4104
f 4029 4105 4030
f 4106 4030 4105
f 4106 4026 4030
f 4026 4106 4102
f 3959 4107 4108
f 4107 3959 4032
f 4033 4108 4109
f 4108 4033 3959
f 4110 4033 4109
f 4110 4120 4031
f 4034 4031 4120
f 4122 4112 4035
f 4113 4035 4112
f 4035 4113 4036
f 4114 4036 4113
f 4036 4114 3964
f 4040 4115 4116
f 4115 4040 4039
f 4107 4040 4116
f 4040 4107 4032
f 4117 4107 4108
f 4107 4117 4116
f 4118 4110 4119
f 4110 4118 4109
f 4110 4120 4119
f 4121 4120 4034
f 4111 4121 4034
f 4122 4112 4123
f 4123 4113 4124
f 4113 4123 4112
f 4124 4114 4125
f 4114 4124 4113
f 4114 4041 4125
f 4041 4114 3964
f 4126 4041 4125
f 4041 4126 4042
f 4115 4127 4128
f 4127 4115 4039
f 4129 4115 4116
f 4115 4129 4128
f 4130 4126 4132
f 4126 4130 4125
f 4126 4131 4132
f 4131 4126 4042
f 4127 4047 4214
f 4215 4127 4128
f 4127 4215 4214
f 4131 4048 4133
f 4048 4053 4133
f 4134 4054 4053
f 4054 4134 4055
f 4217 4052 4046
f 4047 4052 4217
f 4217 4047 4214
f 4133 4135 4131
f 4133 4053 4137
f 4134 4137 4053
f 4134 4136 4057
f 4138 4051 3981
f 4138 4220 4051
f 4220 4217 4046
f 4136 4137 4134
f 4326 4136 4059
f 4136 4326 4137
f 4136 4057 4059
f 4141 4139 3989
f 4140 4141 3989
f 4064 4142 4143
f 4142 4064 4063
f 4144 4064 4145
f 4064 4144 4143
f 4059 4065 4227
f 4069 4146 4147
f 4146 4069 4068
f 4142 4069 4147
f 4069 4142 4063
f 4148 4142 4143
f 4142 4148 4147
f 4065 4151 4227
f 4149 4068 4071
f 4068 4149 4146
f 4149 4147 4150
f 4147 4149 4146
f 4073 4149 4150
f 4149 4073 4071
f 4152 4151 4065
f 4153 4073 4074
f 4073 4153 4150
f 4153 4154 4155
f 4154 4153 4150
f 4156 4074 4077
f 4074 4156 4153
f 4156 4155 4157
f 4155 4156 4153
f 4080 4156 4157
f 4156 4080 4077
f 4159 4080 4081
f 4080 4159 4157
f 4159 4160 4161
f 4160 4159 4157
f 4084 4159 4161
f 4159 4084 4081
f 4246 4078 4082
f 4078 4246 4158
f 4161 4084 4085
f 4085 4161 4162
f 4163 4082 4086
f 4082 4163 4246
f 4085 4164 4162
f 4164 4165 4252
f 4165 4164 4162
f 4163 4086 4166
f 4167 4164 4012
f 4164 4167 4252
f 4167 4087 4012
f 4168 4166 4169
f 4166 4088 4169
f 4088 4166 4086
f 4170 4088 4169
f 4088 4170 4089
f 4092 4087 4257
f 4171 4170 4172
f 4170 4171 4169
f 4172 4094 4171
f 4094 4172 4091
f 4170 4091 4172
f 4091 4170 4089
f 4092 4173 4257
f 4175 4092 4173
f 4174 4094 4095
f 4094 4174 4171
f 4175 4100 4019
f 4176 4097 4177
f 4097 4176 4096
f 4178 4179 4174
f 4179 4178 4176
f 4178 4096 4176
f 4096 4178 4098
f 4178 4095 4098
f 4095 4178 4174
f 4269 4100 4182
f 4180 4099 4181
f 4180 4097 4099
f 4097 4180 4177
f 4100 4182 4101
f 4183 4102 4184
f 4102 4183 4103
f 4185 4186 4181
f 4186 4185 4183
f 4185 4103 4183
f 4185 4099 4103
f 4099 4185 4181
f 4187 4101 4027
f 4101 4187 4182
f 3899 4187 4283
f 3899 4283 4284
f 4284 4188 3899
f 4188 4285 4104
f 4189 4104 4285
f 4105 4189 4190
f 4189 4105 4104
f 4191 4192 4184
f 4192 4191 4190
f 4191 4105 4190
f 4105 4191 4106
f 4191 4102 4106
f 4102 4191 4184
f 4193 4108 4194
f 4108 4193 4109
f 4117 4195 4196
f 4195 4117 4116
f 4194 4117 4196
f 4117 4194 4108
f 4197 4194 4193
f 4194 4197 4196
f 4193 4118 4197
f 4118 4193 4109
f 4198 4118 4197
f 4118 4198 4119
f 4199 4119 4198
f 4119 4199 4120
f 4208 4120 4199
f 4120 4208 4121
f 4111 4208 4200
f 4208 4111 4121
f 4122 4200 4210
f 4200 4122 4111
f 4123 4210 4201
f 4210 4123 4122
f 4202 4123 4201
f 4123 4202 4124
f 4203 4124 4202
f 4124 4203 4125
f 4129 4204 4205
f 4204 4129 4128
f 4195 4129 4205
f 4129 4195 4116
f 4206 4195 4196
f 4195 4206 4205
f 4199 4207 4198
f 4208 4200 4209
f 4211 4203 4212
f 4203 4211 4202
f 4203 4130 4212
f 4130 4203 4125
f 4213 4130 4212
f 4130 4213 4132
f 4215 4204 4128
f 4213 4216 4212
f 4218 4215 4204
f 4215 4218 4214
f 4132 4219 4213
f 4132 4135 4219
f 4135 4132 4131
f 4322 4135 4219
f 4135 4322 4133
f 4137 4322 4133
f 4326 4137 4322
f 4138 4139 4327
f 4141 4226 4222
f 4226 4141 4140
f 4139 4141 4222
f 4139 4327 4222
f 4326 4059 4227
f 4144 4223 4224
f 4223 4144 4143
f 4145 4224 4225
f 4224 4145 4144
f 4226 4145 4225
f 4145 4226 4140
f 4148 4228 4229
f 4228 4148 4147
f 4223 4148 4229
f 4148 4223 4143
f 4230 4223 4224
f 4223 4230 4229
f 4151 4227 4231
f 4232 4147 4150
f 4147 4232 4228
f 4233 4228 4229
f 4228 4233 4232
f 4154 4232 4233
f 4232 4154 4150
f 4151 4234 4231
f 4235 4151 4234
f 4151 4235 4152
f 4236 4154 4155
f 4154 4236 4233
f 4237 4234 4238
f 4238 4235 4239
f 4235 4238 4234
f 4235 4078 4239
f 4078 4235 4152
f 4240 4155 4157
f 4155 4240 4236
f 4240 4241 4242
f 4241 4240 4236
f 4160 4240 4242
f 4240 4160 4157
f 4239 4243 4238
f 4239 4158 4243
f 4158 4239 4078
f 4244 4160 4161
f 4160 4244 4242
f 4245 4358 4243
f 4358 4245 4366
f 4245 4243 4246
f 4158 4246 4243
f 4161 4247 4244
f 4247 4248 4249
f 4248 4247 4244
f 4162 4247 4249
f 4247 4162 4161
f 4165 4249 4250
f 4249 4165 4162
f 4366 4246 4251
f 4246 4366 4245
f 4251 4246 4163
f 4165 4252 4250
f 4167 4253 4254
f 4253 4167 4252
f 4255 4251 4256
f 4251 4255 4366
f 4251 4166 4256
f 4166 4251 4163
f 4258 4255 4259
f 4259 4256 4260
f 4256 4259 4255
f 4256 4168 4260
f 4168 4256 4166
f 4261 4168 4260
f 4168 4261 4169
f 4257 4167 4087
f 4259 4262 4258
f 4263 4259 4260
f 4259 4263 4262
f 4263 4261 4264
f 4261 4263 4260
f 4261 4171 4264
f 4171 4261 4169
f 4265 4257 4173
f 4175 4173 4265
f 4266 4263 4267
f 4263 4266 4262
f 4268 4263 4264
f 4263 4268 4267
f 4268 4179 4267
f 4179 4268 4174
f 4264 4174 4268
f 4174 4264 4171
f 4175 4269 4100
f 4270 4266 4267
f 4266 4270 4271
f 4270 4177 4271
f 4177 4270 4176
f 4270 4179 4176
f 4179 4270 4267
f 4182 4269 4276
f 4272 4186 4273
f 4186 4272 4181
f 4274 4275 4271
f 4275 4274 4272
f 4274 4181 4272
f 4181 4274 4180
f 4274 4177 4180
f 4177 4274 4271
f 4182 4276 4277
f 4278 4192 4279
f 4192 4278 4184
f 4280 4184 4278
f 4184 4280 4183
f 4280 4186 4183
f 4186 4280 4273
f 4281 4182 4187
f 4182 4281 4277
f 4187 4281 4282
f 4282 4283 4187
f 4285 4188 4403
f 4285 4286 4189
f 4287 4189 4286
f 4189 4287 4190
f 4287 4192 4190
f 4192 4287 4279
f 4197 4288 4289
f 4288 4197 4196
f 4290 4197 4289
f 4197 4290 4198
f 4202 4291 4292
f 4291 4202 4201
f 4206 4293 4294
f 4293 4206 4205
f 4288 4206 4294
f 4206 4288 4196
f 4295 4288 4289
f 4288 4295 4294
f 4295 4290 4296
f 4290 4295 4289
f 4290 4207 4296
f 4207 4290 4198
f 4297 4207 4296
f 4207 4297 4199
f 4208 4199 4297
f 4200 4209 4298
f 4210 4298 4299
f 4298 4210 4200
f 4291 4210 4299
f 4210 4291 4201
f 4300 4291 4292
f 4291 4300 4299
f 4292 4211 4300
f 4211 4292 4202
f 4301 4211 4300
f 4211 4301 4212
f 4204 4293 4205
f 4302 4293 4294
f 4302 4295 4303
f 4295 4302 4294
f 4304 4295 4296
f 4295 4304 4303
f 4304 4297 4305
f 4297 4304 4296
f 4305 4208 4306
f 4208 4305 4297
f 4209 4306 4208
f 4306 4298 4312
f 4298 4306 4209
f 4307 4298 4299
f 4298 4307 4312
f 4307 4300 4308
f 4300 4307 4299
f 4308 4301 4309
f 4301 4308 4300
f 4301 4216 4309
f 4216 4301 4212
f 4310 4216 4309
f 4216 4310 4213
f 4293 4218 4311
f 4218 4293 4204
f 4311 4293 4302
f 4302 4303 4311
f 4304 4305 4317
f 4306 4317 4305
f 4306 4312 4317
f 4313 4312 4307
f 4314 4309 4315
f 4309 4314 4308
f 4315 4310 4316
f 4310 4315 4309
f 4310 4219 4316
f 4219 4310 4213
f 4322 4219 4316
f 4218 4217 4311
f 4217 4218 4214
f 4320 4303 4304
f 4414 4304 4317
f 4304 4414 4320
f 4321 4317 4312
f 4316 4318 4315
f 4322 4318 4316
f 4319 4220 4138
f 4220 4319 4217
f 4217 4311 4319
f 4418 4311 4303
f 4303 4320 4418
f 4317 4321 4414
f 4415 4321 4312
f 4138 4323 4324
f 4323 4138 4327
f 4221 4324 4319
f 4324 4221 4138
f 4221 4319 4138
f 4319 4311 4425
f 4311 4418 4325
f 4322 4423 4318
f 4423 4322 4326
f 4328 4323 4324
f 4329 4324 4319
f 4324 4329 4328
f 4426 4425 4311
f 4225 4330 4331
f 4330 4225 4224
f 4226 4331 4332
f 4331 4226 4225
f 4327 4226 4332
f 4226 4327 4222
f 4333 4327 4323
f 4327 4333 4332
f 4323 4328 4333
f 4326 4227 4339
f 4231 4227 4339
f 4230 4334 4335
f 4334 4230 4229
f 4330 4230 4335
f 4230 4330 4224
f 4336 4330 4331
f 4330 4336 4335
f 4337 4331 4332
f 4331 4337 4336
f 4337 4333 4338
f 4333 4337 4332
f 4338 4333 4328
f 4339 4231 4340
f 4234 4231 4340
f 4334 4233 4341
f 4233 4334 4229
f 4342 4334 4335
f 4334 4342 4341
f 4342 4336 4343
f 4336 4342 4335
f 4344 4336 4337
f 4336 4344 4343
f 4345 4337 4338
f 4337 4345 4344
f 4346 4340 4347
f 4340 4346 4339
f 4347 4234 4237
f 4234 4347 4340
f 4348 4233 4236
f 4233 4348 4341
f 4348 4342 4349
f 4342 4348 4341
f 4241 4348 4349
f 4348 4241 4236
f 4350 4342 4343
f 4342 4350 4349
f 4350 4344 4351
f 4344 4350 4343
f 4437 4344 4345
f 4344 4437 4351
f 4438 4347 4352
f 4347 4438 4346
f 4352 4237 4353
f 4237 4352 4347
f 4237 4353 4238
f 4354 4241 4242
f 4241 4354 4349
f 4354 4350 4355
f 4350 4354 4349
f 4356 4350 4351
f 4350 4356 4355
f 4357 4353 4358
f 4353 4357 4352
f 4358 4353 4243
f 4353 4238 4243
f 4359 4242 4244
f 4242 4359 4354
f 4359 4355 4360
f 4355 4359 4354
f 4248 4359 4360
f 4359 4248 4244
f 4361 4362 4357
f 4357 4358 4361
f 4363 4248 4249
f 4248 4363 4360
f 4363 4364 4365
f 4364 4363 4360
f 4250 4363 4365
f 4363 4250 4249
f 4366 4361 4358
f 4361 4366 4371
f 4367 4250 4252
f 4250 4367 4365
f 4367 4368 4369
f 4368 4367 4365
f 4253 4367 4369
f 4367 4253 4252
f 4254 4369 4370
f 4369 4254 4253
f 4255 4371 4366
f 4372 4254 4167
f 4254 4372 4370
f 4257 4372 4373
f 4372 4257 4167
f 4374 4371 4375
f 4375 4371 4376
f 4255 4376 4371
f 4255 4258 4376
f 4257 4377 4373
f 4377 4265 4257
f 4374 4375 4382
f 4382 4376 4379
f 4376 4382 4375
f 4376 4262 4379
f 4262 4376 4258
f 4265 4380 4377
f 4175 4380 4381
f 4380 4175 4265
f 4378 4374 4382
f 4379 4383 4382
f 4379 4266 4383
f 4266 4379 4262
f 4175 4384 4381
f 4269 4384 4460
f 4384 4269 4175
f 4464 4269 4460
f 4385 4382 4386
f 4387 4382 4383
f 4382 4387 4386
f 4383 4388 4387
f 4388 4275 4387
f 4275 4388 4271
f 4388 4266 4271
f 4266 4388 4383
f 4464 4389 4269
f 4389 4276 4269
f 4390 4386 4387
f 4386 4390 4391
f 4390 4273 4391
f 4273 4390 4272
f 4390 4275 4272
f 4275 4390 4387
f 4389 4276 4392
f 4277 4392 4393
f 4392 4277 4276
f 4394 4279 4395
f 4279 4394 4278
f 4396 4397 4391
f 4397 4396 4394
f 4396 4278 4394
f 4278 4396 4280
f 4396 4273 4280
f 4273 4396 4391
f 4398 4277 4281
f 4277 4398 4393
f 4282 4398 4399
f 4398 4282 4281
f 4400 4282 4399
f 4282 4400 4283
f 4401 4283 4400
f 4283 4401 4284
f 4402 4284 4401
f 4284 4402 4188
f 4403 4188 4402
f 4403 4404 4285
f 4405 4285 4404
f 4285 4405 4286
f 4406 4286 4405
f 4286 4406 4287
f 4406 4279 4287
f 4279 4406 4395
f 4308 4407 4408
f 4407 4308 4307
f 4313 4312 4409
f 4407 4313 4409
f 4313 4407 4307
f 4410 4407 4408
f 4407 4410 4409
f 4408 4314 4410
f 4314 4408 4308
f 4411 4314 4410
f 4314 4411 4315
f 4412 4409 4410
f 4412 4411 4413
f 4411 4412 4410
f 4411 4318 4413
f 4318 4411 4315
f 4419 4320 4418
f 4414 4320 4419
f 4321 4420 4415
f 4420 4321 4414
f 4416 4409 4412
f 4413 4416 4412
f 4325 4417 4418
f 4417 4325 4311
f 4421 4420 4415
f 4422 4415 4312
f 4415 4422 4421
f 4409 4422 4312
f 4422 4416 4423
f 4416 4422 4409
f 4413 4423 4416
f 4423 4413 4318
f 4319 4424 4425
f 4424 4319 4329
f 4426 4417 4311
f 4426 4417 4418
f 4486 4418 4419
f 4418 4486 4562
f 4486 4419 4414
f 4486 4420 4427
f 4420 4486 4414
f 4427 4420 4421
f 4421 4422 4427
f 4423 4488 4422
f 4329 4338 4424
f 4338 4329 4328
f 4434 4424 4425
f 4431 4425 4426
f 4425 4431 4434
f 4491 4426 4418
f 4426 4491 4490
f 4418 4562 4491
f 4492 4422 4488
f 4422 4492 4427
f 4428 4488 4423
f 4428 4423 4429
f 4429 4326 4432
f 4326 4429 4423
f 4430 4338 4424
f 4424 4434 4430
f 4565 4431 4426
f 4432 4326 4433
f 4326 4433 4339
f 4430 4345 4437
f 4345 4430 4338
f 4430 4434 4437
f 4573 4434 4431
f 4432 4494 4429
f 4433 4346 4435
f 4346 4433 4339
f 4436 4437 4351
f 4494 4432 4441
f 4433 4441 4432
f 4441 4435 4438
f 4435 4441 4433
f 4438 4435 4346
f 4356 4439 4440
f 4439 4356 4355
f 4436 4356 4440
f 4356 4436 4351
f 4436 4437 4444
f 4444 4437 4434
f 4434 4573 4444
f 4362 4438 4357
f 4438 4352 4357
f 4439 4360 4442
f 4360 4439 4355
f 4442 4440 4443
f 4440 4442 4439
f 4364 4442 4443
f 4442 4364 4360
f 4443 4436 4444
f 4436 4443 4440
f 4502 4441 4362
f 4362 4441 4438
f 4445 4364 4365
f 4364 4445 4443
f 4445 4444 4446
f 4444 4445 4443
f 4368 4445 4446
f 4445 4368 4365
f 4444 4503 4446
f 4371 4502 4362
f 4361 4371 4362
f 4447 4368 4369
f 4368 4447 4446
f 4447 4503 4448
f 4503 4447 4446
f 4370 4447 4448
f 4447 4370 4369
f 4508 4371 4453
f 4449 4370 4372
f 4370 4449 4448
f 4449 4450 4451
f 4450 4449 4448
f 4373 4449 4451
f 4449 4373 4372
f 4373 4451 4452
f 4453 4371 4374
f 4514 4373 4377
f 4373 4514 4452
f 4377 4514 4454
f 4377 4454 4455
f 4453 4378 4456
f 4378 4453 4374
f 4519 4377 4380
f 4377 4519 4455
f 4381 4519 4457
f 4519 4381 4380
f 4456 4458 4453
f 4456 4378 4458
f 4378 4458 4382
f 4462 4382 4458
f 4460 4381 4384
f 4381 4460 4457
f 4459 4460 4457
f 4532 4458 4461
f 4462 4461 4458
f 4385 4462 4382
f 4463 4385 4462
f 4385 4463 4386
f 4389 4464 4465
f 4389 4465 4466
f 4467 4462 4468
f 4462 4467 4461
f 4468 4463 4469
f 4463 4468 4462
f 4469 4397 4468
f 4397 4469 4391
f 4469 4386 4391
f 4386 4469 4463
f 4470 4389 4392
f 4389 4470 4466
f 4392 4470 4471
f 4393 4471 4472
f 4471 4393 4392
f 4473 4467 4468
f 4467 4473 4474
f 4473 4395 4474
f 4395 4473 4394
f 4473 4397 4394
f 4397 4473 4468
f 4475 4393 4398
f 4393 4475 4472
f 4475 4476 4477
f 4476 4475 4472
f 4399 4475 4477
f 4475 4399 4398
f 4478 4399 4477
f 4399 4478 4400
f 4479 4400 4478
f 4400 4479 4401
f 4480 4401 4479
f 4401 4480 4402
f 4481 4402 4480
f 4402 4481 4403
f 4482 4403 4481
f 4403 4482 4404
f 4405 4482 4483
f 4482 4405 4404
f 4484 4485 4474
f 4485 4484 4483
f 4484 4405 4483
f 4405 4484 4406
f 4484 4395 4406
f 4395 4484 4474
f 4489 4490 4426
f 4563 4562 4486
f 4486 4487 4563
f 4487 4427 4492
f 4427 4487 4486
f 4492 4571 4488
f 4493 4565 4431
f 4565 4489 4426
f 4581 4488 4572
f 4488 4581 4428
f 4582 4428 4581
f 4428 4582 4429
f 4573 4493 4431
f 4494 4582 4429
f 4494 4593 4441
f 4495 4573 4444
f 4573 4496 4495
f 4593 4441 4497
f 4502 4441 4497
f 4444 4503 4498
f 4495 4444 4498
f 4495 4499 4498
f 4499 4495 4496
f 4501 4500 4593
f 4501 4497 4502
f 4497 4501 4593
f 4504 4503 4498
f 4505 4498 4499
f 4498 4505 4504
f 4506 4507 4501
f 4501 4508 4506
f 4502 4508 4501
f 4508 4502 4371
f 4509 4503 4448
f 4509 4504 4510
f 4504 4509 4503
f 4450 4509 4510
f 4509 4450 4448
f 4507 4506 4638
f 4511 4450 4451
f 4450 4511 4510
f 4511 4512 4513
f 4512 4511 4510
f 4452 4511 4513
f 4511 4452 4451
f 4453 4506 4508
f 4452 4514 4513
f 4514 4515 4516
f 4515 4514 4513
f 4454 4514 4516
f 4455 4516 4517
f 4516 4455 4454
f 4529 4453 4518
f 4453 4529 4506
f 4455 4519 4517
f 4519 4520 4521
f 4520 4519 4517
f 4457 4519 4521
f 4459 4521 4522
f 4521 4459 4457
f 4528 4506 4529
f 4506 4528 4647
f 4529 4518 4523
f 4518 4458 4523
f 4458 4518 4453
f 4524 4458 4523
f 4525 4459 4460
f 4459 4525 4522
f 4525 4526 4527
f 4526 4525 4522
f 4460 4525 4527
f 4531 4529 4523
f 4529 4531 4530
f 4531 4524 4532
f 4524 4531 4523
f 4532 4524 4458
f 4532 4533 4461
f 4534 4460 4464
f 4460 4534 4527
f 4534 4535 4536
f 4535 4534 4527
f 4465 4534 4536
f 4534 4465 4464
f 4466 4536 4537
f 4536 4466 4465
f 4528 4549 4538
f 4550 4528 4529
f 4528 4550 4549
f 4550 4530 4539
f 4530 4550 4529
f 4539 4531 4540
f 4531 4539 4530
f 4541 4531 4532
f 4531 4541 4540
f 4541 4533 4542
f 4533 4541 4532
f 4533 4467 4542
f 4467 4533 4461
f 4543 4466 4470
f 4466 4543 4537
f 4543 4544 4545
f 4544 4543 4537
f 4471 4543 4545
f 4543 4471 4470
f 4546 4471 4545
f 4471 4546 4472
f 4547 4548 4538
f 4548 4547 4546
f 4476 4546 4547
f 4546 4476 4472
f 4547 4538 4556
f 4549 4556 4538
f 4550 4539 4551
f 4551 4540 4552
f 4540 4551 4539
f 4552 4541 4553
f 4541 4552 4540
f 4554 4541 4542
f 4541 4554 4553
f 4554 4485 4553
f 4485 4554 4474
f 4554 4467 4474
f 4467 4554 4542
f 4555 4476 4477
f 4476 4555 4547
f 4556 4555 4547
f 4478 4555 4556
f 4555 4478 4477
f 4556 4549 4557
f 4479 4556 4557
f 4556 4479 4478
f 4557 4550 4558
f 4550 4557 4549
f 4558 4479 4557
f 4479 4558 4480
f 4558 4551 4559
f 4551 4558 4550
f 4559 4480 4558
f 4480 4559 4481
f 4560 4551 4552
f 4551 4560 4559
f 4560 4481 4559
f 4481 4560 4482
f 4561 4552 4553
f 4552 4561 4560
f 4561 4482 4560
f 4482 4561 4483
f 4561 4485 4483
f 4485 4561 4553
f 4563 4564 4487
f 4570 4487 4564
f 4487 4570 4492
f 4489 4565 4566
f 4490 4566 4567
f 4566 4490 4489
f 4491 4567 4568
f 4567 4491 4490
f 4562 4491 4568
f 4569 4562 4563
f 4562 4569 4568
f 4569 4564 4578
f 4564 4569 4563
f 4570 4578 4564
f 4492 4570 4571
f 4572 4488 4571
f 4493 4573 4574
f 4565 4493 4574
f 4575 4565 4566
f 4565 4575 4574
f 4576 4566 4567
f 4566 4576 4575
f 4577 4567 4568
f 4567 4577 4576
f 4577 4569 4578
f 4569 4577 4568
f 4578 4570 4579
f 4579 4571 4580
f 4571 4579 4570
f 4580 4572 4581
f 4572 4580 4571
f 4582 4583 4494
f 4584 4573 4574
f 4584 4575 4585
f 4575 4584 4574
f 4585 4575 4576
f 4586 4576 4577
f 4576 4586 4585
f 4587 4577 4578
f 4577 4587 4586
f 4588 4579 4598
f 4579 4588 4578
f 4598 4580 4589
f 4580 4598 4579
f 4590 4580 4581
f 4580 4590 4589
f 4590 4582 4591
f 4582 4590 4581
f 4591 4583 4592
f 4583 4591 4582
f 4583 4593 4592
f 4593 4583 4494
f 4573 4496 4594
f 4595 4573 4584
f 4573 4595 4594
f 4596 4584 4585
f 4584 4596 4595
f 4608 4585 4586
f 4586 4587 4608
f 4597 4587 4578
f 4597 4588 4598
f 4588 4597 4578
f 4598 4589 4611
f 4599 4589 4590
f 4589 4599 4611
f 4599 4591 4600
f 4591 4599 4590
f 4601 4591 4592
f 4591 4601 4600
f 4602 4592 4593
f 4592 4602 4601
f 4602 4500 4601
f 4500 4602 4593
f 4499 4603 4604
f 4594 4499 4604
f 4499 4594 4496
f 4605 4594 4595
f 4594 4605 4604
f 4606 4595 4596
f 4595 4606 4605
f 4607 4596 4585
f 4596 4607 4606
f 4585 4608 4607
f 4609 4587 4597
f 4587 4609 4608
f 4609 4598 4610
f 4598 4609 4597
f 4598 4611 4610
f 4612 4611 4599
f 4599 4600 4612
f 4601 4507 4600
f 4507 4601 4501
f 4601 4500 4501
f 4505 4613 4614
f 4613 4505 4504
f 4603 4505 4614
f 4505 4603 4499
f 4615 4603 4604
f 4603 4615 4614
f 4615 4605 4616
f 4605 4615 4604
f 4617 4605 4606
f 4605 4617 4616
f 4618 4606 4607
f 4606 4618 4617
f 4619 4607 4608
f 4607 4619 4618
f 4620 4608 4609
f 4608 4620 4619
f 4621 4609 4610
f 4609 4621 4620
f 4507 4610 4611
f 4610 4507 4621
f 4612 4507 4611
f 4507 4612 4600
f 4622 4504 4510
f 4504 4622 4613
f 4623 4613 4614
f 4613 4623 4622
f 4512 4622 4623
f 4622 4512 4510
f 4624 4614 4615
f 4614 4624 4623
f 4624 4616 4625
f 4616 4624 4615
f 4625 4617 4626
f 4617 4625 4616
f 4626 4618 4627
f 4618 4626 4617
f 4627 4619 4634
f 4619 4627 4618
f 4619 4620 4635
f 4628 4620 4621
f 4620 4628 4635
f 4628 4621 4507
f 4629 4512 4513
f 4512 4629 4623
f 4629 4624 4630
f 4624 4629 4623
f 4515 4629 4630
f 4629 4515 4513
f 4630 4625 4631
f 4625 4630 4624
f 4631 4626 4632
f 4626 4631 4625
f 4632 4627 4633
f 4627 4632 4626
f 4634 4633 4627
f 4634 4619 4635
f 4636 4635 4628
f 4628 4637 4636
f 4628 4638 4637
f 4638 4628 4507
f 4639 4515 4516
f 4515 4639 4630
f 4639 4631 4640
f 4631 4639 4630
f 4517 4639 4640
f 4639 4517 4516
f 4640 4632 4641
f 4632 4640 4631
f 4520 4640 4641
f 4640 4520 4517
f 4641 4633 4642
f 4633 4641 4632
f 4642 4634 4643
f 4634 4642 4633
f 4643 4635 4644
f 4635 4643 4634
f 4644 4635 4645
f 4645 4636 4646
f 4636 4645 4635
f 4646 4637 4647
f 4637 4646 4636
f 4638 4647 4637
f 4506 4647 4638
f 4648 4520 4521
f 4520 4648 4641
f 4648 4642 4649
f 4642 4648 4641
f 4522 4648 4649
f 4648 4522 4521
f 4649 4643 4650
f 4643 4649 4642
f 4526 4649 4650
f 4649 4526 4522
f 4650 4644 4651
f 4644 4650 4643
f 4651 4645 4652
f 4645 4651 4644
f 4652 4646 4653
f 4646 4652 4645
f 4654 4646 4647
f 4646 4654 4653
f 4647 4655 4654
f 4655 4647 4528
f 4656 4526 4527
f 4526 4656 4650
f 4656 4651 4657
f 4651 4656 4650
f 4535 4656 4657
f 4656 4535 4527
f 4657 4652 4658
f 4652 4657 4651
f 4658 4653 4659
f 4653 4658 4652
f 4659 4654 4660
f 4654 4659 4653
f 4661 4654 4655
f 4654 4661 4660
f 4528 4661 4655
f 4662 4535 4536
f 4535 4662 4657
f 4662 4658 4663
f 4658 4662 4657
f 4537 4662 4663
f 4662 4537 4536
f 4663 4659 4664
f 4659 4663 4658
f 4544 4663 4664
f 4663 4544 4537
f 4664 4660 4665
f 4660 4664 4659
f 4666 4660 4661
f 4660 4666 4665
f 4666 4548 4665
f 4548 4666 4538
f 4666 4528 4538
f 4528 4666 4661
f 4667 4544 4545
f 4544 4667 4664
f 4667 4665 4668
f 4665 4667 4664
f 4668 4545 4667
f 4545 4668 4546
f 4668 4548 4546
f 4548 4668 4665
