# Generated by Visualization Toolkit
v 166.25840759277344 248.54116821289062 139.74761962890625
v 165.65646362304688 247.8701934814453 140.0460968017578
v 166.56687927246094 247.84970092773438 140.01011657714844
v 165.31295776367188 248.34519958496094 139.85092163085938
v 167.33724975585938 248.3521270751953 139.79409790039062
v 167.18988037109375 247.82359313964844 139.99493408203125
v 167.76577758789062 247.8492431640625 140.03927612304688
v 168.27987670898438 248.42626953125 139.86329650878906
v 168.55996704101562 247.9200897216797 140.13279724121094
v 168.92254638671875 248.4353485107422 140.00482177734375
v 164.4231719970703 249.2145233154297 139.784423828125
v 163.79339599609375 248.65257263183594 140.0219268798828
v 164.59417724609375 248.5015106201172 139.90350341796875
v 163.59310913085938 249.30569458007812 139.9024658203125
v 165.4545440673828 249.09031677246094 139.6947479248047
v 166.43629455566406 249.30172729492188 139.6192169189453
v 167.21653747558594 249.13148498535156 139.65719604492188
v 167.9954833984375 248.95736694335938 139.7338409423828
v 168.8812713623047 249.11444091796875 139.92726135253906
v 169.43264770507812 248.7107391357422 140.17953491210938
v 169.48936462402344 249.1505126953125 140.15118408203125
v 163.35487365722656 249.8893585205078 139.92941284179688
v 162.99185180664062 249.42848205566406 140.0381317138672
v 162.77818298339844 249.81507873535156 140.08409118652344
v 164.15528869628906 249.91249084472656 139.81512451171875
v 165.23521423339844 249.9937286376953 139.74266052246094
v 166.22885131835938 249.8791046142578 139.6651153564453
v 167.1273651123047 249.85154724121094 139.67916870117188
v 168.11903381347656 249.725830078125 139.8019561767578
v 168.94976806640625 249.86595153808594 140.02525329589844
v 169.47784423828125 249.60818481445312 140.21299743652344
v 163.76101684570312 250.54193115234375 140.0023193359375
v 164.71286010742188 250.63043212890625 139.93255615234375
v 165.5634002685547 250.74053955078125 139.9200439453125
v 166.25047302246094 250.57073974609375 139.852294921875
v 166.9383544921875 250.40823364257812 139.79991149902344
v 167.7589569091797 250.48411560058594 139.9329376220703
v 168.64175415039062 250.4484100341797 140.1238250732422
v 165.95584106445312 247.3523406982422 140.41424560546875
v 165.17979431152344 247.46884155273438 140.384033203125
v 167.0247802734375 247.36997985839844 140.37188720703125
v 168.02796936035156 247.36053466796875 140.4683837890625
v 168.88963317871094 247.4970245361328 140.55528259277344
v 164.0636444091797 248.01377868652344 140.25057983398438
v 163.63116455078125 247.5670623779297 140.71255493164062
v 164.45587158203125 247.4545440673828 140.5555877685547
v 163.2938232421875 248.19021606445312 140.40501403808594
v 164.83639526367188 247.90362548828125 140.12661743164062
v 169.24351501464844 248.08665466308594 140.29409790039062
v 169.61083984375 247.71405029296875 140.74383544921875
v 169.84161376953125 248.38507080078125 140.56979370117188
v 162.29132080078125 249.31375122070312 140.36289978027344
v 162.5290985107422 248.4342041015625 140.5923309326172
v 161.4477996826172 249.2631072998047 140.7056121826172
v 163.05416870117188 248.86843872070312 140.1763916015625
v 169.9579315185547 249.19610595703125 140.5258331298828
v 161.58187866210938 250.0265350341797 140.56129455566406
v 160.8009033203125 249.53175354003906 140.89498901367188
v 160.69752502441406 250.26141357421875 140.85801696777344
v 162.3651580810547 250.05999755859375 140.2537384033203
v 162.94833374023438 250.36495971679688 140.10633850097656
v 169.3546142578125 250.28602600097656 140.35255432128906
v 169.9010467529297 249.98348999023438 140.61459350585938
v 170.2996368408203 249.74420166015625 140.88465881347656
v 160.4683074951172 250.8664093017578 141.0003204345703
v 160.0851593017578 250.3641815185547 141.07630920410156
v 159.89649963378906 250.73931884765625 141.20944213867188
v 161.3634490966797 250.97935485839844 140.7579803466797
v 162.2860870361328 250.71096801757812 140.4027099609375
v 163.1658172607422 251.09002685546875 140.31048583984375
v 164.23570251464844 251.35496520996094 140.29713439941406
v 165.31732177734375 251.28758239746094 140.1959991455078
v 166.23426818847656 251.23406982421875 140.16732788085938
v 167.20936584472656 251.08770751953125 140.15968322753906
v 168.26071166992188 251.10398864746094 140.35931396484375
v 169.0812225341797 250.954345703125 140.57437133789062
v 169.7401123046875 250.68165588378906 140.82708740234375
v 160.8175811767578 251.51307678222656 141.0990753173828
v 161.5069580078125 251.7313232421875 140.9790496826172
v 162.3449249267578 251.59674072265625 140.71954345703125
v 163.38352966308594 251.83677673339844 140.64151000976562
v 165.96075439453125 251.84228515625 140.545654296875
v 166.876708984375 251.80889892578125 140.58673095703125
v 167.8282012939453 251.7626190185547 140.7112274169922
v 168.7221221923828 251.61558532714844 140.8849334716797
v 163.5282745361328 252.3742218017578 140.95738220214844
v 162.73695373535156 246.7116241455078 141.82720947265625
v 163.5905303955078 246.56170654296875 141.69259643554688
v 164.0662841796875 246.99867248535156 141.09942626953125
v 164.56661987304688 246.44837951660156 141.59786987304688
v 165.1292266845703 246.96102905273438 140.91307067871094
v 166.24742126464844 246.84210205078125 140.92868041992188
v 167.3168182373047 246.76608276367188 141.02944946289062
v 167.86392211914062 246.37265014648438 141.56736755371094
v 168.4102783203125 246.91973876953125 141.0002899169922
v 168.85476684570312 246.52047729492188 141.57449340820312
v 169.28651428222656 247.1041259765625 141.07884216308594
v 169.74436950683594 246.7103729248047 141.66360473632812
v 170.04025268554688 247.32765197753906 141.28665161132812
v 162.0455780029297 247.9425506591797 141.09017944335938
v 161.57752990722656 247.48916625976562 141.64244079589844
v 162.83631896972656 247.7434539794922 140.88516235351562
v 170.26028442382812 248.00662231445312 141.0603790283203
v 160.22354125976562 249.06069946289062 141.28713989257812
v 159.68800354003906 248.5992889404297 141.7727813720703
v 160.45774841308594 248.36074829101562 141.5416259765625
v 159.5042724609375 249.33396911621094 141.5347442626953
v 160.9617156982422 248.8228302001953 141.0635223388672
v 170.4042205810547 248.73777770996094 140.97113037109375
v 159.42311096191406 250.1838836669922 141.42269897460938
v 158.80361938476562 249.5968475341797 141.81153869628906
v 158.78660583496094 250.1057891845703 141.7320556640625
v 160.09169006347656 249.78216552734375 141.1343231201172
v 170.27020263671875 250.3318328857422 141.09722900390625
v 159.4925079345703 250.97972106933594 141.4998016357422
v 160.11834716796875 251.29556274414062 141.28729248046875
v 169.4660186767578 251.36477661132812 141.1111297607422
v 160.41864013671875 251.94085693359375 141.49020385742188
v 161.15023803710938 252.15042114257812 141.33074951171875
v 161.94151306152344 252.26356506347656 141.1764373779297
v 164.69654846191406 252.53196716308594 141.03204345703125
v 161.5430450439453 252.73724365234375 141.64068603515625
v 162.3752899169922 252.8345947265625 141.50823974609375
v 167.91708374023438 252.98521423339844 141.70066833496094
v 168.771728515625 252.68560791015625 141.8110809326172
v 167.40003967285156 253.42115783691406 141.900390625
v 163.13861083984375 246.1640167236328 142.30120849609375
v 162.7410125732422 245.82025146484375 142.93446350097656
v 163.61634826660156 245.6542205810547 142.86587524414062
v 162.31671142578125 246.3257598876953 142.44406127929688
v 164.58677673339844 245.53756713867188 142.8162078857422
v 165.2040557861328 245.9080047607422 142.19984436035156
v 166.2630615234375 246.06695556640625 141.896728515625
v 167.98880004882812 245.4601593017578 142.86192321777344
v 169.33563232421875 246.1309814453125 142.17921447753906
v 169.81365966796875 245.7454376220703 142.82081604003906
v 170.23080444335938 246.29837036132812 142.29144287109375
v 170.69430541992188 245.89224243164062 142.94357299804688
v 171.04983520507812 246.46194458007812 142.51406860351562
v 161.13185119628906 247.07391357421875 142.24864196777344
v 160.7431182861328 246.7012939453125 142.89700317382812
v 170.537841796875 246.90916442871094 141.88673400878906
v 171.32945251464844 247.1450653076172 142.2066192626953
v 171.86105346679688 246.64480590820312 142.797119140625
v 172.2254180908203 247.4519805908203 142.5886993408203
v 172.65386962890625 246.81141662597656 143.0928192138672
v 173.04232788085938 247.4236602783203 142.98715209960938
v 159.1807861328125 248.14993286132812 142.33180236816406
v 159.5310516357422 247.51051330566406 142.7113494873047
v 158.3992919921875 248.3787078857422 142.5692901611328
v 159.9712371826172 247.92031860351562 142.0997772216797
v 172.2168426513672 248.35755920410156 142.4359588623047
v 172.87210083007812 248.04541015625 142.8014373779297
v 173.41253662109375 247.89720153808594 143.08840942382812
v 173.58331298828125 247.52418518066406 143.26153564453125
v 157.4025421142578 249.30906677246094 142.57583618164062
v 156.8973846435547 248.8004150390625 143.0599822998047
v 157.6298828125 248.59437561035156 142.8121337890625
v 156.6780242919922 249.4573974609375 142.8601531982422
v 158.17877197265625 249.1138153076172 142.28578186035156
v 158.93223571777344 248.84774780273438 142.01995849609375
v 172.26849365234375 249.0609893798828 142.52064514160156
v 156.49310302734375 250.1841278076172 142.83123779296875
v 156.13803100585938 249.603759765625 143.10350036621094
v 155.87606811523438 249.9966278076172 143.17958068847656
v 157.18162536621094 249.9629669189453 142.53500366210938
v 158.10023498535156 250.056396484375 142.12132263183594
v 155.9158477783203 250.5972137451172 143.1348114013672
v 156.51046752929688 250.89996337890625 142.86505126953125
v 157.39013671875 250.88412475585938 142.521728515625
v 171.10389709472656 250.9436798095703 142.30294799804688
v 156.80264282226562 251.53237915039062 142.93003845214844
v 157.4967041015625 251.77272033691406 142.75755310058594
v 158.302490234375 251.728271484375 142.41107177734375
v 166.18946838378906 253.53018188476562 141.84600830078125
v 165.1365203857422 254.04727172851562 142.2713165283203
v 168.10740661621094 253.87100219726562 142.48428344726562
v 168.83917236328125 253.67422485351562 142.6765899658203
v 167.66232299804688 254.45521545410156 142.80079650878906
v 162.38990783691406 245.592041015625 143.4956512451172
v 164.25392150878906 245.20352172851562 143.47267150878906
v 165.27340698242188 245.16751098632812 143.34805297851562
v 166.24948120117188 245.28219604492188 143.08090209960938
v 169.2339630126953 245.2540283203125 143.41604614257812
v 171.0979461669922 245.5956268310547 143.50588989257812
v 161.205322265625 246.16925048828125 143.32745361328125
v 161.9639434814453 245.9940185546875 143.08413696289062
v 171.49221801757812 246.0387725830078 143.13548278808594
v 172.2611541748047 246.19100952148438 143.38821411132812
v 173.00299072265625 246.39724731445312 143.63011169433594
v 158.40289306640625 247.3592987060547 143.55703735351562
v 159.95547485351562 246.92019653320312 143.12998962402344
v 173.35047912597656 246.9957275390625 143.3643798828125
v 173.68251037597656 246.6728973388672 143.871826171875
v 173.9408721923828 247.31434631347656 143.63279724121094
v 157.22190856933594 248.16339111328125 143.3739471435547
v 156.52288818359375 248.41070556640625 143.61097717285156
v 157.9662628173828 247.9459228515625 143.1533966064453
v 173.4159393310547 248.49652099609375 143.13014221191406
v 174.01644897460938 248.08448791503906 143.51397705078125
v 174.4995880126953 247.67677307128906 143.96975708007812
v 174.56179809570312 248.15284729003906 143.9158172607422
v 156.2406005859375 249.04713439941406 143.31163024902344
v 155.86631774902344 248.72683715820312 143.88558959960938
v 155.63433837890625 249.4752960205078 143.56932067871094
v 173.93783569335938 248.95582580566406 143.57481384277344
v 174.53378295898438 248.65625 143.96292114257812
v 155.3976287841797 250.2306365966797 143.52032470703125
v 173.13290405273438 250.00704956054688 143.39691162109375
v 173.78443908691406 249.7384490966797 143.73167419433594
v 155.34249877929688 251.01458740234375 143.56008911132812
v 154.84829711914062 250.57028198242188 143.93019104003906
v 154.83599853515625 251.0618133544922 143.90475463867188
v 156.06211853027344 251.31336975097656 143.193603515625
v 172.9024200439453 250.74160766601562 143.60574340820312
v 154.9351043701172 251.5466766357422 143.9392547607422
v 156.33753967285156 252.03073120117188 143.35850524902344
v 159.88893127441406 253.48028564453125 142.82395935058594
v 160.21470642089844 254.17413330078125 143.17160034179688
v 161.22244262695312 254.40724182128906 143.085693359375
v 162.0819549560547 254.28028869628906 142.83433532714844
v 162.88632202148438 254.41297912597656 142.80770874023438
v 163.36155700683594 255.0457763671875 143.21902465820312
v 161.01576232910156 255.67828369140625 143.7926025390625
v 166.84646606445312 255.7375946044922 143.49049377441406
v 167.7138671875 255.64378356933594 143.56375122070312
v 161.52438354492188 245.42898559570312 144.5166015625
v 163.2216033935547 244.97967529296875 144.32322692871094
v 163.99053955078125 244.9042510986328 144.18051147460938
v 165.47776794433594 244.48255920410156 144.82830810546875
v 166.21473693847656 244.5915985107422 144.4713134765625
v 167.33351135253906 244.77157592773438 144.07131958007812
v 167.88912963867188 244.47122192382812 144.74110412597656
v 168.5272979736328 244.83224487304688 144.05149841308594
v 169.77798461914062 244.60719299316406 144.78807067871094
v 170.26031494140625 244.93711853027344 144.2796630859375
v 172.0244140625 245.3385009765625 144.47511291503906
v 160.1807098388672 246.10006713867188 144.26742553710938
v 159.4200439453125 246.3224334716797 144.47889709472656
v 172.56459045410156 245.83648681640625 144.0169677734375
v 172.82566833496094 245.5467987060547 144.69920349121094
v 173.3013916015625 246.0802459716797 144.2406005859375
v 173.9908447265625 246.3719482421875 144.4828338623047
v 157.39599609375 247.26324462890625 144.40736389160156
v 158.89915466308594 246.821044921875 144.001708984375
v 174.30934143066406 247.002197265625 144.1549835205078
v 174.64151000976562 246.6900634765625 144.77310180664062
v 174.89431762695312 247.3499755859375 144.5050506591797
v 155.5511016845703 248.41680908203125 144.54193115234375
v 156.92449951171875 247.8134002685547 143.97824096679688
v 175.0574188232422 248.1560516357422 144.42767333984375
v 175.38150024414062 247.60072326660156 144.87416076660156
v 175.65005493164062 248.04063415527344 145.0362548828125
v 155.224853515625 249.08847045898438 144.2344207763672
v 174.4189453125 249.43421936035156 144.0926513671875
v 175.025146484375 249.05987548828125 144.50741577148438
v 175.60533142089844 248.68836975097656 144.99649047851562
v 154.98179626464844 249.8229217529297 144.0255126953125
v 154.59381103515625 249.4599609375 144.63775634765625
v 154.39222717285156 250.22552490234375 144.44801330566406
v 174.22784423828125 250.1976318359375 144.2809600830078
v 174.8682098388672 249.85641479492188 144.65887451171875
v 153.80186462402344 250.62109375 144.85250854492188
v 173.32412719726562 251.19290161132812 144.1729278564453
v 173.9922637939453 250.92379760742188 144.50155639648438
v 155.15782165527344 252.27938842773438 144.05770874023438
v 173.04689025878906 251.8864288330078 144.43507385253906
v 156.97813415527344 253.44760131835938 143.91720581054688
v 156.4608154296875 253.95913696289062 144.35394287109375
v 158.83323669433594 254.56935119628906 143.7881622314453
v 171.01763916015625 253.87005615234375 144.4416961669922
v 157.4560546875 254.93516540527344 144.40713500976562
v 162.30813598632812 255.64186096191406 143.6572723388672
v 168.5185089111328 255.54261779785156 143.74166870117188
v 163.2686767578125 256.4847717285156 143.90232849121094
v 165.0312957763672 256.3877258300781 143.78392028808594
v 169.81793212890625 255.8717041015625 144.51016235351562
v 162.29534912109375 257.1990661621094 144.16326904296875
v 164.05108642578125 257.0830993652344 144.0348663330078
v 168.24749755859375 257.0436706542969 144.1912078857422
v 159.6521759033203 258.59619140625 144.785888671875
v 166.4099884033203 259.149169921875 144.43112182617188
v 167.01527404785156 258.83538818359375 144.4052734375
v 168.03028869628906 258.8796691894531 144.55393981933594
v 169.00559997558594 258.9417419433594 144.76104736328125
v 169.6538543701172 258.5637512207031 144.9009552001953
v 165.2761993408203 260.0546569824219 144.64004516601562
v 167.21087646484375 259.61767578125 144.63832092285156
v 168.1209259033203 259.79345703125 144.8239288330078
v 168.8197784423828 259.60614013671875 144.9107666015625
v 164.5831298828125 260.64166259765625 144.80368041992188
v 165.9824981689453 260.414306640625 144.7987518310547
v 166.80081176757812 260.4003601074219 144.8970184326172
v 167.7529296875 260.3706359863281 145.03305053710938
v 158.81246948242188 262.54937744140625 144.85023498535156
v 158.86334228515625 262.4250183105469 144.81167602539062
v 158.9361114501953 262.5489196777344 144.87449645996094
v 158.7145233154297 262.42010498046875 144.89874267578125
v 161.69691467285156 263.71832275390625 144.80828857421875
v 161.75509643554688 263.59149169921875 144.7750244140625
v 161.84323120117188 263.7136535644531 144.86167907714844
v 161.61141967773438 263.58489990234375 144.816650390625
v 164.29249572753906 244.34666442871094 145.66107177734375
v 163.41392517089844 244.5529327392578 145.45855712890625
v 167.29580688476562 244.1488494873047 145.52542114257812
v 162.1141357421875 245.0156707763672 145.0686798095703
v 170.88211059570312 244.48043823242188 145.57110595703125
v 171.45138549804688 244.88658142089844 145.0066375732422
v 160.72642517089844 245.6366424560547 144.7689666748047
v 173.81886291503906 245.5404815673828 145.63931274414062
v 174.27207946777344 246.0859832763672 145.16513061523438
v 174.9462890625 246.3959503173828 145.45631408691406
v 157.89422607421875 246.75302124023438 144.89114379882812
v 158.40171813964844 246.27976989746094 145.41419982910156
v 175.25230407714844 247.02740478515625 145.1123809814453
v 175.59442138671875 246.74554443359375 145.79592895507812
v 175.85292053222656 247.4984588623047 145.4900360107422
v 155.94723510742188 247.81289672851562 144.91043090820312
v 155.24879455566406 248.13677978515625 145.23617553710938
v 176.14317321777344 248.31971740722656 145.5634765625
v 154.24681091308594 249.1229705810547 145.28512573242188
v 175.4823760986328 249.46926879882812 145.07940673828125
v 176.0396270751953 249.08914184570312 145.52601623535156
v 176.46437072753906 248.82566833496094 145.9160919189453
v 153.97605895996094 249.84219360351562 145.03890991210938
v 153.34986877441406 250.24024963378906 145.4253692626953
v 153.18569946289062 251.20091247558594 145.2062530517578
v 152.69003295898438 250.56861877441406 145.82211303710938
v 152.42510986328125 251.24339294433594 145.71717834472656
v 153.3280792236328 252.0628662109375 145.02981567382812
v 151.5040740966797 253.2781982421875 145.8251953125
v 151.051025390625 252.6715545654297 146.15223693847656
v 150.98341369628906 253.15213012695312 146.0780487060547
v 153.22573852539062 252.8428497314453 145.12489318847656
v 154.01992797851562 253.3209686279297 144.87742614746094
v 171.7183837890625 253.54249572753906 144.73193359375
v 150.984619140625 253.6603240966797 146.06886291503906
v 151.4765167236328 254.02777099609375 145.83421325683594
v 153.14154052734375 253.9279022216797 145.28652954101562
v 155.8570556640625 254.52857971191406 144.74472045898438
v 156.65884399414062 254.71188354492188 144.58773803710938
v 170.75584411621094 254.64675903320312 144.68194580078125
v 171.4515380859375 254.28392028808594 144.98812866210938
v 172.14111328125 253.9737091064453 145.24334716796875
v 172.81826782226562 253.7229461669922 145.458984375
v 151.74407958984375 254.69715881347656 145.81907653808594
v 153.43118286132812 254.96253967285156 145.41015625
v 171.25643920898438 255.11302185058594 145.18252563476562
v 152.743896484375 255.69381713867188 145.7509765625
v 155.24725341796875 255.98695373535156 145.29412841796875
v 156.90390014648438 256.3186950683594 144.97300720214844
v 171.12762451171875 256.1673889160156 145.3194122314453
v 157.0261688232422 257.1618347167969 145.14068603515625
v 157.2004852294922 258.0673522949219 145.26722717285156
v 158.0602264404297 258.32867431640625 145.08570861816406
v 158.51339721679688 259.2301940917969 145.1069793701172
v 169.57814025878906 259.3677978515625 145.06471252441406
v 170.21942138671875 258.9834899902344 145.2184295654297
v 171.73397827148438 258.9349670410156 145.86985778808594
v 157.2150421142578 260.432861328125 145.4825439453125
v 159.3437042236328 260.0965270996094 145.02090454101562
v 160.4113006591797 260.2940673828125 144.9219512939453
v 168.60020446777344 260.2904052734375 145.17510986328125
v 169.3874053955078 260.0818786621094 145.3231201171875
v 170.2617950439453 259.74127197265625 145.52322387695312
v 171.0070037841797 259.73651123046875 145.85635375976562
v 157.3115692138672 261.379150390625 145.54238891601562
v 165.13247680664062 261.4979553222656 145.14268493652344
v 167.31658935546875 261.0043029785156 145.36929321289062
v 168.227783203125 260.8858947753906 145.5194549560547
v 169.04331970214844 260.7181396484375 145.6697235107422
v 169.8367462158203 260.4985046386719 145.8467254638672
v 170.62159729003906 260.3011474609375 146.07069396972656
v 157.6878662109375 261.91119384765625 145.42727661132812
v 158.29481506347656 262.1908874511719 145.13485717773438
v 158.89498901367188 262.13671875 144.9304656982422
v 159.79928588867188 262.126220703125 144.9246368408203
v 164.44573974609375 262.3669128417969 145.2320556640625
v 166.88995361328125 261.6697082519531 145.80320739746094
v 157.8511505126953 262.5597229003906 145.55125427246094
v 158.63990783691406 262.75079345703125 145.13162231445312
v 159.3521728515625 262.82073974609375 145.02108764648438
v 160.3092041015625 263.0179138183594 144.97915649414062
v 161.83506774902344 263.2766418457031 144.86732482910156
v 162.81484985351562 263.2361145019531 145.05111694335938
v 165.0074920654297 263.3307189941406 145.61407470703125
v 159.790771484375 263.6011962890625 145.28797912597656
v 160.66632080078125 263.79510498046875 145.19015502929688
v 161.55165100097656 263.9181213378906 145.04373168945312
v 162.33863830566406 263.9692687988281 145.12379455566406
v 163.32566833496094 264.1260681152344 145.3028106689453
v 164.02516174316406 264.32147216796875 145.43963623046875
v 164.58213806152344 264.2042236328125 145.57728576660156
v 162.92294311523438 264.7070617675781 145.560791015625
v 163.76466369628906 264.78094482421875 145.60269165039062
v 164.32904052734375 264.7192077636719 145.62789916992188
v 164.74244689941406 264.7642822265625 145.80812072753906
v 165.1728973388672 244.04225158691406 146.29039001464844
v 166.2490234375 243.99447631835938 146.1011962890625
v 168.22943115234375 243.65499877929688 146.88893127441406
v 169.2396697998047 243.90838623046875 146.318359375
v 171.98504638671875 244.38766479492188 146.52354431152344
v 161.91665649414062 244.8222198486328 145.89234924316406
v 161.73683166503906 244.6588897705078 146.74606323242188
v 173.31256103515625 245.0435333251953 146.16250610351562
v 156.47259521484375 246.61814880371094 146.49151611328125
v 158.10877990722656 246.04957580566406 146.19732666015625
v 175.23440551757812 246.12594604492188 146.17625427246094
v 156.06907653808594 247.03598022460938 146.06570434570312
v 155.82748413085938 246.81387329101562 146.81455993652344
v 176.21920776367188 247.10382080078125 146.20266723632812
v 154.93995666503906 247.87486267089844 145.95193481445312
v 154.64178466796875 247.62466430664062 146.67808532714844
v 176.47360229492188 247.80508422851562 146.06639099121094
v 176.79684448242188 247.4571533203125 146.64747619628906
v 176.99649047851562 248.18267822265625 146.5782928466797
v 153.9255828857422 248.8102264404297 145.94607543945312
v 177.3383026123047 248.70068359375 146.9556427001953
v 177.3536376953125 248.2596435546875 146.98428344726562
v 152.979248046875 249.82420349121094 146.04046630859375
v 152.67198181152344 249.48187255859375 146.67660522460938
v 152.03843688964844 250.85858154296875 146.19760131835938
v 151.7203826904297 250.51766967773438 146.79873657226562
v 151.4227752685547 251.21180725097656 146.5371551513672
v 175.4531707763672 251.33648681640625 145.97772216796875
v 151.20111083984375 251.9380340576172 146.3114013671875
v 150.83294677734375 251.6088409423828 146.89193725585938
v 150.62001037597656 252.32940673828125 146.65524291992188
v 150.55477905273438 253.1404571533203 146.4394073486328
v 150.49038696289062 254.0255126953125 146.42860412597656
v 149.98495483398438 253.6158447265625 146.90603637695312
v 151.07164001464844 254.44815063476562 146.08273315429688
v 171.9530029296875 254.74545288085938 145.4507598876953
v 173.2388458251953 254.18869018554688 145.79696655273438
v 149.82101440429688 254.865966796875 146.98651123046875
v 151.29254150390625 255.1595916748047 146.10316467285156
v 151.9368133544922 255.4858856201172 145.93142700195312
v 171.83131408691406 255.5692138671875 145.5889434814453
v 172.57980346679688 255.33164978027344 145.8187255859375
v 149.88998413085938 255.57040405273438 147.01722717285156
v 150.44976806640625 255.93125915527344 146.7364501953125
v 171.7808380126953 256.1240539550781 145.6533203125
v 172.42562866210938 256.269287109375 145.8853302001953
v 173.3489990234375 256.1208801269531 146.11814880371094
v 176.011474609375 256.2011413574219 146.7898712158203
v 150.6930694580078 256.630615234375 146.81817626953125
v 171.78506469726562 256.73077392578125 145.6841278076172
v 174.9507598876953 256.8048400878906 146.5342254638672
v 175.9066925048828 257.0137634277344 146.80284118652344
v 176.5994873046875 256.52679443359375 147.01284790039062
v 176.61129760742188 257.0531921386719 147.0347137451172
v 151.62123107910156 257.76336669921875 146.7230224609375
v 153.1358642578125 258.29742431640625 146.25830078125
v 153.98068237304688 258.4481201171875 146.04420471191406
v 172.30995178222656 258.01513671875 145.97686767578125
v 175.1298065185547 257.7105712890625 146.72955322265625
v 175.9755096435547 257.8183288574219 146.97921752929688
v 176.5689239501953 257.523193359375 147.13461303710938
v 152.573486328125 259.1102294921875 146.74427795410156
v 153.38104248046875 259.1920166015625 146.4363555908203
v 154.1870574951172 259.3714904785156 146.25221252441406
v 173.4583282470703 258.80511474609375 146.5927276611328
v 174.87493896484375 258.5716247558594 146.96395874023438
v 175.66671752929688 258.3842468261719 147.13705444335938
v 153.06478881835938 259.77044677734375 146.86361694335938
v 153.6930694580078 259.927001953125 146.7301788330078
v 154.41311645507812 260.1417236328125 146.61441040039062
v 155.0741729736328 260.4726257324219 146.53025817871094
v 171.37185668945312 260.0899353027344 146.30093383789062
v 172.13165283203125 259.78363037109375 146.51974487304688
v 172.96510314941406 259.52667236328125 146.7894287109375
v 173.79713439941406 259.38238525390625 147.06997680664062
v 155.5623779296875 260.8509216308594 146.4767608642578
v 156.69845581054688 261.1527404785156 145.84901428222656
v 168.60452270507812 261.249755859375 146.09475708007812
v 169.3773651123047 261.0652770996094 146.27220153808594
v 170.16366577148438 260.8669738769531 146.46932983398438
v 170.95880126953125 260.6590270996094 146.69761657714844
v 171.74295043945312 260.4084777832031 146.90184020996094
v 157.11582946777344 262.0733337402344 145.91671752929688
v 165.79066467285156 262.85089111328125 145.9198455810547
v 168.82489013671875 261.5375671386719 146.77105712890625
v 157.3886260986328 263.0126647949219 146.1988983154297
v 158.1453399658203 263.3230895996094 145.78900146484375
v 158.95741271972656 263.47564697265625 145.46595764160156
v 157.02340698242188 263.4687194824219 146.92828369140625
v 157.65792846679688 263.8216857910156 146.48928833007812
v 158.4971923828125 264.1535949707031 146.16021728515625
v 159.3136444091797 264.0894775390625 145.74029541015625
v 160.08396911621094 264.3328552246094 145.69158935546875
v 161.0434112548828 264.5054626464844 145.59518432617188
v 161.9928741455078 264.6057434082031 145.53378295898438
v 165.18263244628906 264.30694580078125 145.92913818359375
v 165.77662658691406 264.4916076660156 146.558349609375
v 157.8697052001953 264.53131103515625 146.85726928710938
v 158.47535705566406 264.8247375488281 146.7080078125
v 159.3024139404297 264.79547119140625 146.33384704589844
v 160.45059204101562 265.1434020996094 146.2950439453125
v 162.52818298339844 265.232666015625 146.03248596191406
v 163.48138427734375 265.25811767578125 145.99464416503906
v 164.29931640625 265.1207580566406 145.915771484375
v 165.04049682617188 265.10955810546875 146.227783203125
v 165.599853515625 265.3057556152344 146.6610870361328
v 158.13986206054688 265.124267578125 147.28256225585938
v 158.86062622070312 265.3290100097656 147.06822204589844
v 159.70230102539062 265.5166015625 146.91111755371094
v 160.42652893066406 265.75244140625 146.90350341796875
v 161.1889190673828 265.7791748046875 146.7594451904297
v 162.11134338378906 265.7297668457031 146.60519409179688
v 163.067138671875 265.7254943847656 146.54563903808594
v 164.16647338867188 265.6447448730469 146.4799041748047
v 165.09913635253906 265.7062683105469 146.7018585205078
v 165.66429138183594 265.69580078125 146.97509765625
v 160.78961181640625 266.1148681640625 147.2626190185547
v 161.2540283203125 266.1518859863281 147.18653869628906
v 161.74893188476562 266.1428527832031 147.16322326660156
v 167.29774475097656 243.52210998535156 147.48348999023438
v 169.1449432373047 243.53836059570312 147.4804229736328
v 163.29031372070312 244.147705078125 147.28077697753906
v 165.66819763183594 243.6048583984375 147.78060913085938
v 166.77906799316406 243.70201110839844 146.90809631347656
v 169.90440368652344 243.56585693359375 147.6753692626953
v 170.54405212402344 243.85833740234375 146.98854064941406
v 170.79335021972656 243.6591339111328 147.8015594482422
v 171.41525268554688 243.9940948486328 147.12591552734375
v 158.3561248779297 245.56167602539062 147.4231414794922
v 175.0587158203125 245.33380126953125 147.3885955810547
v 157.2664031982422 245.98434448242188 147.3004913330078
v 157.7761688232422 245.68617248535156 147.76129150390625
v 175.51449584960938 245.8737335205078 146.91177368164062
v 176.20053100585938 246.1916046142578 147.22386169433594
v 176.5352020263672 246.79678344726562 146.87625122070312
v 176.85195922851562 246.52215576171875 147.56459045410156
v 177.120361328125 247.16001892089844 147.27023315429688
v 153.69940185546875 247.6770782470703 147.70077514648438
v 153.33016967773438 248.24586486816406 147.3000946044922
v 177.29180908203125 247.82266235351562 147.0737762451172
v 177.66603088378906 247.59991455078125 147.70335388183594
v 177.6866912841797 248.38729858398438 147.4629364013672
v 177.29385375976562 249.40341186523438 147.02236938476562
v 152.05824279785156 249.84429931640625 147.0711669921875
v 177.69476318359375 249.760986328125 147.60792541503906
v 151.1291961669922 250.9234161376953 147.1746826171875
v 150.5662384033203 251.3751983642578 147.5680694580078
v 150.27720642089844 252.06251525878906 147.2876434326172
v 176.24041748046875 252.15309143066406 146.8990478515625
v 150.0772705078125 252.80345153808594 147.06362915039062
v 149.5406036376953 253.32997131347656 147.53916931152344
v 175.5209197998047 253.28453063964844 146.63331604003906
v 177.01292419433594 253.30242919921875 147.5044403076172
v 149.4775390625 254.2415771484375 147.35243225097656
v 149.3442840576172 255.1427764892578 147.42213439941406
v 177.03746032714844 254.975830078125 147.33998107910156
v 177.80734252929688 255.34877014160156 147.6951141357422
v 149.32196044921875 256.005859375 147.53640747070312
v 148.8438262939453 255.5075225830078 147.9079132080078
v 148.8544158935547 256.0315856933594 147.919189453125
v 150.0038604736328 256.36383056640625 147.13763427734375
v 176.49974060058594 255.72377014160156 147.00411987304688
v 177.20216369628906 255.96597290039062 147.31967163085938
v 177.89886474609375 256.1715393066406 147.68338012695312
v 148.94146728515625 256.5281677246094 147.9857940673828
v 149.54592895507812 256.829345703125 147.62075805664062
v 150.2185821533203 257.1422119140625 147.28662109375
v 177.2506561279297 256.95068359375 147.39166259765625
v 178.07968139648438 256.8083801269531 147.8602752685547
v 178.4379119873047 256.2824401855469 148.01487731933594
v 178.59329223632812 256.669921875 148.1964111328125
v 151.15179443359375 258.3395690917969 147.18975830078125
v 151.82382202148438 258.695556640625 146.93406677246094
v 176.38442993164062 258.1725769042969 147.33724975585938
v 177.05445861816406 257.82611083984375 147.57586669921875
v 177.7412109375 257.48876953125 147.89508056640625
v 151.4656219482422 259.323486328125 147.48643493652344
v 152.04112243652344 259.46624755859375 147.17391967773438
v 174.55567932128906 259.2119445800781 147.28030395507812
v 175.29751586914062 258.98687744140625 147.4520721435547
v 176.0297088623047 258.74456787109375 147.64244079589844
v 176.72923278808594 258.4597473144531 147.86984252929688
v 151.9848175048828 259.9527282714844 147.59075927734375
v 152.60125732421875 260.0202331542969 147.33218383789062
v 153.3588409423828 260.3130798339844 147.28411865234375
v 154.0498504638672 260.4777526855469 147.1935577392578
v 172.5035400390625 260.15667724609375 147.1233367919922
v 173.27378845214844 259.94842529296875 147.40594482421875
v 174.0531005859375 259.74322509765625 147.6669464111328
v 174.81634521484375 259.5122375488281 147.87918090820312
v 170.43089294433594 261.1470031738281 147.18873596191406
v 171.29800415039062 260.93212890625 147.50238037109375
v 172.05967712402344 260.6040344238281 147.49105834960938
v 172.6947479248047 260.44647216796875 147.8179473876953
v 169.8444061279297 261.5488586425781 147.75250244140625
v 166.97625732421875 262.91400146484375 147.738525390625
v 156.8312530517578 263.8238830566406 147.53179931640625
v 157.2707977294922 264.1885986328125 147.17161560058594
v 166.3269805908203 264.1792297363281 147.49234008789062
v 157.02224731445312 264.3832092285156 147.87225341796875
v 157.5363006591797 264.80670166015625 147.53729248046875
v 166.05758666992188 265.2456970214844 147.3257598876953
v 157.91925048828125 265.34344482421875 147.9904327392578
v 158.55953979492188 265.6160583496094 147.75680541992188
v 159.3031005859375 265.832275390625 147.5938720703125
v 160.07846069335938 266.0115661621094 147.43165588378906
v 162.57183837890625 266.1325378417969 147.14395141601562
v 163.51254272460938 266.11041259765625 147.12596130371094
v 164.49131774902344 266.0887145996094 147.1414794921875
v 165.3378143310547 266.0443115234375 147.25152587890625
v 165.89060974121094 265.88006591796875 147.48219299316406
v 160.5254364013672 266.30242919921875 147.7944793701172
v 161.2451629638672 266.37353515625 147.69873046875
v 162.07701110839844 266.4248962402344 147.74964904785156
v 166.420654296875 243.3887939453125 148.53103637695312
v 168.21282958984375 243.33070373535156 148.33299255371094
v 169.0074005126953 243.36651611328125 148.3046112060547
v 170.04232788085938 243.4027557373047 148.54559326171875
v 170.9700164794922 243.49705505371094 148.6366729736328
v 161.33074951171875 244.47947692871094 148.341064453125
v 163.97181701660156 243.85223388671875 148.01112365722656
v 164.6334228515625 243.59788513183594 148.69711303710938
v 172.451904296875 243.9600067138672 148.0397186279297
v 173.23785400390625 244.14788818359375 148.2262725830078
v 174.77593994140625 244.59730529785156 148.6923828125
v 175.3069305419922 245.0967254638672 148.15945434570312
v 176.052490234375 245.38400268554688 148.42332458496094
v 177.17486572265625 246.25254821777344 148.27430725097656
v 153.45713806152344 247.42222595214844 148.4351348876953
v 154.84474182128906 246.8881072998047 147.90289306640625
v 177.4707794189453 246.8820037841797 147.94178771972656
v 177.82818603515625 246.58651733398438 148.6324462890625
v 178.07321166992188 247.2848358154297 148.38839721679688
v 152.828125 247.7105255126953 148.73516845703125
v 152.46759033203125 248.29815673828125 148.36618041992188
v 178.65780639648438 247.65126037597656 148.91848754882812
v 178.7843475341797 248.356201171875 148.94459533691406
v 151.9230194091797 248.6429443359375 148.8138427734375
v 178.10438537597656 249.1531219482422 148.04771423339844
v 177.6450653076172 250.61788940429688 147.7755889892578
v 150.89784240722656 250.70225524902344 147.89561462402344
v 149.46987915039062 252.3629150390625 148.47349548339844
v 149.19381713867188 253.0712432861328 148.24232482910156
v 178.1926727294922 253.131103515625 148.3658905029297
v 149.00596618652344 253.84730529785156 148.05323791503906
v 148.49363708496094 254.3175506591797 148.56307983398438
v 148.8928680419922 254.68423461914062 147.93531799316406
v 148.41387939453125 255.13461303710938 148.43429565429688
v 179.0255889892578 255.20932006835938 148.50132751464844
v 148.42100524902344 256.0438537597656 148.39810180664062
v 147.99684143066406 255.54225158691406 148.90948486328125
v 147.98634338378906 256.06414794921875 148.88638305664062
v 178.45460510253906 255.6548309326172 148.0514678955078
v 179.02688598632812 256.12347412109375 148.48768615722656
v 179.6211395263672 255.5457305908203 148.9363250732422
v 179.6143341064453 256.1643371582031 149.0156707763672
v 148.04437255859375 256.56439208984375 148.91209411621094
v 148.54339599609375 256.90863037109375 148.5001678466797
v 149.13973999023438 257.27362060546875 148.13729858398438
v 178.375 257.2192077636719 148.2488555908203
v 178.90606689453125 256.8925476074219 148.5849151611328
v 179.35113525390625 256.60345458984375 148.9063262939453
v 148.76878356933594 257.6596984863281 148.70303344726562
v 149.4477996826172 258.04547119140625 148.3521270751953
v 150.13790893554688 258.4331359863281 147.99899291992188
v 150.78958129882812 258.8289489746094 147.68911743164062
v 177.4102325439453 258.1436767578125 148.14039611816406
v 178.0665283203125 257.83355712890625 148.4481201171875
v 178.6727294921875 257.5140380859375 148.7827606201172
v 149.8821258544922 258.8356018066406 148.59768676757812
v 150.53683471679688 259.23382568359375 148.22564697265625
v 151.06773376464844 259.5479431152344 147.9676513671875
v 175.55722045898438 259.2571716308594 148.06983947753906
v 176.269287109375 258.9873352050781 148.2922821044922
v 176.96923828125 258.6986999511719 148.5533447265625
v 177.66262817382812 258.39508056640625 148.82054138183594
v 150.95553588867188 259.9111633300781 148.5126495361328
v 151.60498046875 260.15130615234375 148.16622924804688
v 152.36436462402344 260.4849853515625 148.01475524902344
v 154.39537048339844 260.8451843261719 147.67245483398438
v 173.456298828125 260.2228698730469 148.1304168701172
v 175.71218872070312 259.4429016113281 148.8061065673828
v 154.9606170654297 261.2042236328125 147.83413696289062
v 155.60794067382812 261.6573791503906 147.56056213378906
v 170.60125732421875 261.360107421875 147.9485626220703
v 171.2022247314453 261.2259521484375 148.26687622070312
v 171.9628143310547 260.9095458984375 148.26565551757812
v 155.8910675048828 262.3529052734375 148.03211975097656
v 170.0693817138672 261.6491394042969 148.42678833007812
v 167.093505859375 263.0370788574219 148.59417724609375
v 156.85723876953125 264.4618835449219 148.72157287597656
v 157.36952209472656 264.9727478027344 148.30947875976562
v 157.80712890625 265.4584045410156 148.7564697265625
v 158.3925323486328 265.75927734375 148.5277099609375
v 158.99574279785156 265.9625549316406 148.25558471679688
v 159.80331420898438 266.21429443359375 148.28514099121094
v 162.9353790283203 266.4185485839844 147.77890014648438
v 163.899169921875 266.3934326171875 147.8112030029297
v 164.9011688232422 266.34173583984375 147.81932067871094
v 165.75111389160156 266.2239685058594 147.9376983642578
v 166.3087158203125 265.8941955566406 148.3814697265625
v 160.68637084960938 266.4746398925781 148.44332885742188
v 161.55810546875 266.5925598144531 148.5197296142578
v 162.39703369140625 266.58795166015625 148.34442138671875
v 163.2409210205078 266.60284423828125 148.62240600585938
v 164.41864013671875 266.5499267578125 148.5730438232422
v 165.46360778808594 266.4696960449219 148.53077697753906
v 166.2813720703125 266.3805847167969 148.53480529785156
v 166.55628967285156 266.35101318359375 148.6144561767578
v 166.58482360839844 266.4484558105469 148.61868286132812
v 164.4256134033203 243.5313262939453 149.39990234375
v 167.28700256347656 243.22666931152344 149.29257202148438
v 171.97862243652344 243.48959350585938 149.53472900390625
v 172.6549530029297 243.78094482421875 148.8228759765625
v 174.22332763671875 244.15280151367188 149.23460388183594
v 158.4230194091797 245.28091430664062 149.34957885742188
v 159.2344207763672 245.03573608398438 149.21510314941406
v 175.74151611328125 244.63070678710938 149.7437744140625
v 177.0405731201172 245.425537109375 149.4683074951172
v 155.9762420654297 246.09146118164062 149.39804077148438
v 155.1251983642578 246.3848114013672 149.22520446777344
v 156.99676513671875 245.77772521972656 149.16741943359375
v 177.48760986328125 245.98196411132812 148.99961853027344
v 178.16952514648438 246.29014587402344 149.3262176513672
v 153.23789978027344 247.18099975585938 149.18505859375
v 152.6252899169922 247.46888732910156 149.47715759277344
v 153.916259765625 246.93533325195312 148.93165588378906
v 154.62350463867188 246.71002197265625 148.6836395263672
v 178.4553985595703 246.925537109375 149.04396057128906
v 178.8153839111328 246.59629821777344 149.6875457763672
v 179.03439331054688 247.24005126953125 149.49534606933594
v 152.26699829101562 248.0303192138672 149.08526611328125
v 152.08839416503906 247.82566833496094 149.82296752929688
v 151.82901000976562 248.3467254638672 149.45394897460938
v 179.2234649658203 248.00706481933594 149.5215301513672
v 179.48435974121094 247.43972778320312 149.8959197998047
v 178.9739532470703 251.03623962402344 149.41641235351562
v 149.24075317382812 252.17250061035156 149.24237060546875
v 178.6928253173828 251.85020446777344 149.05050659179688
v 179.2387237548828 252.0493621826172 149.58834838867188
v 148.9187469482422 252.84954833984375 148.9720458984375
v 148.16241455078125 254.01760864257812 149.22659301757812
v 180.62840270996094 253.70074462890625 150.00772094726562
v 180.9273681640625 254.3429718017578 149.98025512695312
v 148.04530334472656 254.7679443359375 149.0224151611328
v 147.70030212402344 255.19728088378906 149.4111328125
v 179.60414123535156 254.75164794921875 148.98675537109375
v 180.77003479003906 254.90867614746094 149.82542419433594
v 181.1834259033203 254.77052307128906 150.14344787597656
v 181.33055114746094 254.44192504882812 150.31333923339844
v 147.61228942871094 256.0659484863281 149.4612579345703
v 180.0989227294922 255.8991241455078 149.42874145507812
v 180.66038513183594 255.57620239257812 149.87582397460938
v 147.7510528564453 256.9039611816406 149.3899688720703
v 148.177978515625 257.2808837890625 149.0491180419922
v 179.2344207763672 257.1499328613281 149.13877868652344
v 179.8115997314453 256.64300537109375 149.4949951171875
v 147.82943725585938 257.5372619628906 149.6630859375
v 148.43357849121094 257.9649353027344 149.33218383789062
v 149.1497802734375 258.3975830078125 148.98988342285156
v 178.3197021484375 258.0841064453125 149.10507202148438
v 178.92892456054688 257.7496643066406 149.45277404785156
v 179.5231170654297 257.35693359375 149.85910034179688
v 148.88571166992188 258.6134338378906 149.72703552246094
v 150.3756103515625 259.5549011230469 148.8197479248047
v 176.3903045654297 259.1872863769531 149.11412048339844
v 177.1246337890625 258.8926696777344 149.411865234375
v 150.33316040039062 259.74664306640625 149.3571319580078
v 150.75257873535156 260.0318298339844 149.0820770263672
v 151.31195068359375 260.44940185546875 149.09461975097656
v 154.31874084472656 261.1030578613281 148.2675018310547
v 175.173095703125 259.7987365722656 149.30740356445312
v 175.7185516357422 259.616455078125 149.67080688476562
v 151.7064208984375 260.935791015625 149.4672088623047
v 152.15489196777344 261.2894287109375 149.5574951171875
v 154.10195922851562 261.51025390625 148.98745727539062
v 154.78659057617188 261.4480895996094 148.55242919921875
v 155.33473205566406 261.78948974609375 148.3546905517578
v 171.38087463378906 261.3026123046875 149.03286743164062
v 172.17791748046875 261.0341796875 149.30426025390625
v 172.96669006347656 260.7601013183594 149.54713439941406
v 154.38607788085938 262.04595947265625 149.4941864013672
v 154.91983032226562 261.90740966796875 149.0115509033203
v 155.54345703125 262.4168395996094 148.81887817382812
v 167.7297821044922 262.5762023925781 148.94468688964844
v 169.23106384277344 262.0228576660156 149.2611541748047
v 152.9044189453125 262.19281005859375 150.3514404296875
v 153.52084350585938 262.4508056640625 150.3458251953125
v 155.7305450439453 263.0202331542969 149.23048400878906
v 167.19528198242188 263.02874755859375 149.55276489257812
v 156.25450134277344 263.7764892578125 149.24447631835938
v 157.353271484375 265.11773681640625 149.24169921875
v 157.77243041992188 265.5045471191406 149.2867431640625
v 158.1915283203125 265.7434997558594 149.30270385742188
v 159.00985717773438 266.06475830078125 149.1908721923828
v 160.0678253173828 266.3912353515625 149.39117431640625
v 166.26138305664062 265.9802551269531 149.4632568359375
v 166.45860290527344 266.28643798828125 148.85557556152344
v 160.89443969726562 266.58721923828125 149.08853149414062
v 161.39028930664062 266.6487121582031 149.29627990722656
v 162.98988342285156 266.6756286621094 149.4420623779297
v 163.89776611328125 266.65240478515625 149.39398193359375
v 165.07546997070312 266.57647705078125 149.4268341064453
v 166.0719757080078 266.4249267578125 149.07093811035156
v 166.5181884765625 266.4401550292969 148.73558044433594
v 168.2589569091797 243.13665771484375 149.93743896484375
v 170.262451171875 243.1854705810547 150.34848022460938
v 163.06166076660156 243.7949676513672 149.9789581298828
v 173.63502502441406 243.78335571289062 149.80999755859375
v 175.16848754882812 244.18115234375 150.286865234375
v 178.0237274169922 245.45916748046875 150.4941864013672
v 153.4863739013672 246.6408233642578 150.39776611328125
v 178.4815673828125 246.0064239501953 150.02841186523438
v 178.75784301757812 245.7335662841797 150.7472686767578
v 179.1520538330078 246.29380798339844 150.34413146972656
v 152.4547576904297 247.2791290283203 150.2515411376953
v 151.91256713867188 247.6900177001953 150.64764404296875
v 153.04205322265625 246.98101806640625 149.9317626953125
v 152.92477416992188 246.82672119140625 150.72061157226562
v 179.3987579345703 246.89434814453125 150.0647735595703
v 179.77374267578125 246.5920867919922 150.68511962890625
v 179.92298889160156 247.28260803222656 150.44122314453125
v 179.64630126953125 248.4927978515625 150.03842163085938
v 180.1321258544922 248.00949096679688 150.57302856445312
v 180.41822814941406 247.44332885742188 150.9042510986328
v 150.3047332763672 250.17034912109375 150.38279724121094
v 179.78384399414062 252.60508728027344 149.9118194580078
v 180.16014099121094 252.2233428955078 150.4569854736328
v 147.39564514160156 254.23631286621094 150.3584442138672
v 181.19993591308594 253.9334259033203 150.3607635498047
v 181.54591369628906 253.58462524414062 150.8895721435547
v 181.63084411621094 254.28465270996094 150.78897094726562
v 147.2949676513672 255.17892456054688 150.09237670898438
v 146.93397521972656 254.73928833007812 150.85902404785156
v 181.14881896972656 255.2605438232422 150.26516723632812
v 181.49310302734375 254.8651885986328 150.5959014892578
v 147.08128356933594 256.0750732421875 150.26983642578125
v 146.79449462890625 256.0823974609375 150.69924926757812
v 180.4502716064453 256.2655944824219 150.0386962890625
v 180.9954071044922 255.88772583007812 150.49044799804688
v 181.44871520996094 255.4658203125 150.90708923339844
v 146.83053588867188 256.5836486816406 150.69703674316406
v 147.3201904296875 256.9288635253906 150.05453491210938
v 180.1248016357422 256.9381103515625 150.31863403320312
v 180.69944763183594 256.5272521972656 150.8012237548828
v 146.959228515625 257.33831787109375 150.8045654296875
v 147.50636291503906 257.7696228027344 150.36404418945312
v 178.5093994140625 258.26068115234375 149.85011291503906
v 179.0982666015625 257.93450927734375 150.27000427246094
v 179.70211791992188 257.54180908203125 150.71737670898438
v 149.47186279296875 259.1567077636719 150.2030792236328
v 176.376953125 259.3863525390625 150.21775817871094
v 178.07382202148438 258.6268615722656 150.3238983154297
v 150.13739013671875 259.601806640625 150.52403259277344
v 150.68777465820312 260.0595703125 149.80120849609375
v 151.33023071289062 260.5921936035156 150.07546997070312
v 174.95254516601562 260.0174865722656 150.19712829589844
v 151.74827575683594 261.0974426269531 149.9554901123047
v 151.73834228515625 260.9312438964844 150.59913635253906
v 152.06246948242188 261.42926025390625 150.23313903808594
v 173.71282958984375 260.5899963378906 150.6845245361328
v 152.39283752441406 261.8805236816406 150.54342651367188
v 167.8135223388672 262.5801696777344 149.85699462890625
v 152.66925048828125 262.2794189453125 150.8062744140625
v 153.21286010742188 262.6061096191406 150.9273223876953
v 153.98670959472656 262.8537902832031 150.76998901367188
v 154.79541015625 263.0470886230469 150.4927215576172
v 166.72779846191406 263.5055847167969 150.33279418945312
v 156.20355224609375 264.1295471191406 150.53636169433594
v 157.27999877929688 265.1011047363281 150.21005249023438
v 166.24203491210938 265.2433776855469 150.1846466064453
v 157.79562377929688 265.5065612792969 149.84027099609375
v 158.42491149902344 265.8323059082031 150.1369171142578
v 159.24783325195312 266.1181335449219 150.34608459472656
v 160.11260986328125 266.3389587402344 150.497314453125
v 165.9901580810547 265.9148864746094 150.43817138671875
v 160.8014678955078 266.5506896972656 149.80892944335938
v 162.3375701904297 266.6449279785156 149.98309326171875
v 164.30706787109375 266.61810302734375 150.29029846191406
v 165.20130920410156 266.53509521484375 150.25596618652344
v 165.77976989746094 266.3663024902344 149.9179229736328
v 165.55902099609375 266.2874450683594 150.68894958496094
v 164.4833984375 243.29522705078125 151.30592346191406
v 173.89100646972656 243.50885009765625 151.51097106933594
v 174.57080078125 243.8081512451172 150.8511505126953
v 179.0014190673828 245.4710235595703 151.48805236816406
v 153.6519775390625 246.46194458007812 151.27488708496094
v 152.83543395996094 246.73553466796875 151.6287078857422
v 154.48472595214844 246.23631286621094 151.47137451171875
v 179.46011352539062 246.00477600097656 151.0263671875
v 180.12510681152344 246.28070068359375 151.33946228027344
v 152.30860900878906 247.1553497314453 151.09475708007812
v 151.81101989746094 247.55653381347656 151.43392944335938
v 180.35885620117188 246.89279174804688 151.06495666503906
v 180.7635040283203 246.58340454101562 151.69187927246094
v 181.48709106445312 247.30618286132812 151.96583557128906
v 179.9463348388672 249.67062377929688 150.621337890625
v 179.89353942871094 250.5123291015625 150.65440368652344
v 180.40638732910156 250.11656188964844 151.19140625
v 179.90367126464844 251.04234313964844 150.67332458496094
v 180.31454467773438 251.0037841796875 151.0590057373047
v 179.99441528320312 251.52093505859375 150.62393188476562
v 180.50808715820312 251.81077575683594 150.96511840820312
v 147.3634490966797 253.23081970214844 151.34539794921875
v 181.9385986328125 253.18777465820312 151.45558166503906
v 147.1067352294922 253.93124389648438 151.07382202148438
v 146.8467254638672 253.66244506835938 151.79330444335938
v 146.62860107421875 254.42446899414062 151.576171875
v 182.0816650390625 253.9564666748047 151.44862365722656
v 182.455322265625 253.45472717285156 151.92166137695312
v 182.47048950195312 253.8975372314453 151.92156982421875
v 146.50857543945312 255.29177856445312 151.40496826171875
v 181.8912811279297 254.8975067138672 151.47793579101562
v 181.20404052734375 256.0959777832031 151.24307250976562
v 181.59498596191406 255.66531372070312 151.6075439453125
v 146.50469970703125 256.8349304199219 151.35353088378906
v 180.27833557128906 257.1264953613281 151.192626953125
v 180.81546020507812 256.68792724609375 151.693603515625
v 146.6671600341797 257.6142883300781 151.53021240234375
v 147.2422637939453 258.02093505859375 151.113037109375
v 179.1417236328125 258.09185791015625 151.3249053955078
v 179.8193359375 257.6059875488281 151.52911376953125
v 147.0204620361328 258.2271423339844 151.8879852294922
v 147.72311401367188 258.52764892578125 151.62954711914062
v 150.29234313964844 259.55859375 151.28150939941406
v 178.58743286132812 258.46478271484375 151.2471160888672
v 150.88223266601562 259.7557067871094 151.6287078857422
v 151.52880859375 259.9712829589844 151.9381103515625
v 151.91400146484375 260.6107177734375 151.4429168701172
v 152.1771697998047 261.37646484375 151.01638793945312
v 171.77662658691406 261.3623352050781 150.99746704101562
v 173.8011474609375 260.61041259765625 151.61669921875
v 152.49757385253906 261.9984436035156 151.10922241210938
v 152.8526611328125 262.1158752441406 151.63430786132812
v 152.81866455078125 262.3951416015625 151.20986938476562
v 153.2501678466797 262.5990295410156 151.61521911621094
v 153.79937744140625 262.9682922363281 151.5077362060547
v 154.5088348388672 263.2550964355469 151.383544921875
v 155.3608856201172 263.6280822753906 151.23101806640625
v 166.99986267089844 262.9222717285156 151.08726501464844
v 166.40972900390625 263.3642578125 151.3466796875
v 167.40762329101562 262.5756530761719 151.599609375
v 156.0491180419922 264.1459045410156 151.78639221191406
v 165.8472137451172 263.797119140625 151.79310607910156
v 156.6571807861328 264.6107177734375 151.423095703125
v 165.93080139160156 265.28924560546875 151.0157470703125
v 165.51095581054688 265.4886474609375 151.58355712890625
v 157.83409118652344 265.48114013671875 150.73976135253906
v 158.5379638671875 265.7825622558594 151.1516876220703
v 165.72027587890625 265.87890625 151.06256103515625
v 165.259033203125 266.0895690917969 151.35739135742188
v 160.93299865722656 266.4743957519531 150.56747436523438
v 163.4566650390625 266.4400939941406 151.75450134277344
v 164.1455841064453 266.5260925292969 151.10470581054688
v 164.46958923339844 266.27655029296875 151.7298583984375
v 164.8959503173828 266.45751953125 150.90802001953125
v 164.36895751953125 243.21034240722656 152.31939697265625
v 166.349609375 242.8307647705078 152.4376983642578
v 166.4691162109375 242.71934509277344 152.95184326171875
v 162.79969787597656 243.70819091796875 151.89312744140625
v 158.35040283203125 245.2373504638672 152.24786376953125
v 179.98782348632812 245.47059631347656 152.47254943847656
v 153.5202178955078 246.41751098632812 152.30250549316406
v 152.78797912597656 246.6700439453125 152.61338806152344
v 156.79769897460938 245.7097625732422 152.2116241455078
v 180.44229125976562 245.99473571777344 152.01809692382812
v 181.12025451660156 246.28048706054688 152.33685302734375
v 152.1030731201172 247.1527862548828 152.15234375
v 151.48619079589844 247.76783752441406 152.17514038085938
v 181.380859375 246.88177490234375 152.07801818847656
v 181.77879333496094 246.6047821044922 152.68614196777344
v 181.9964599609375 247.36004638671875 152.45330810546875
v 182.0105438232422 248.21377563476562 152.33096313476562
v 182.63906860351562 247.458251953125 152.96441650390625
v 181.27798461914062 249.24453735351562 151.8350830078125
v 150.01470947265625 249.85357666015625 152.09205627441406
v 180.8186492919922 250.10308837890625 151.58668518066406
v 181.3076629638672 249.98788452148438 151.90284729003906
v 149.06158447265625 250.9436492919922 152.10104370117188
v 180.83999633789062 250.6016387939453 151.5614013671875
v 147.48696899414062 252.38427734375 152.46424865722656
v 180.93545532226562 251.3774871826172 151.4633026123047
v 146.61129760742188 253.42581176757812 152.52755737304688
v 183.4923553466797 252.27981567382812 153.0774688720703
v 146.35719299316406 254.13943481445312 152.29432678222656
v 182.39833068847656 254.33981323242188 152.03732299804688
v 182.79238891601562 253.80545043945312 152.4652557373047
v 146.180908203125 254.9878387451172 152.14401245117188
v 145.9094696044922 254.6383514404297 152.86224365234375
v 145.78131103515625 255.4932403564453 152.76284790039062
v 182.24974060058594 254.91566467285156 152.36585998535156
v 182.64356994628906 254.49081420898438 152.81973266601562
v 146.110595703125 256.07373046875 152.03228759765625
v 145.7473602294922 256.0806579589844 152.6982421875
v 181.32424926757812 256.1912536621094 152.13230895996094
v 181.83421325683594 255.56674194335938 152.44187927246094
v 145.7740478515625 256.645263671875 152.7267608642578
v 146.17996215820312 257.11224365234375 152.08502197265625
v 180.25457763671875 257.2807922363281 152.24002075195312
v 180.86788940429688 256.7441711425781 152.66758728027344
v 145.91900634765625 257.4261779785156 152.80093383789062
v 146.41680908203125 257.85162353515625 152.27011108398438
v 179.02032470703125 258.2108459472656 152.25450134277344
v 146.8155517578125 258.3943786621094 152.6815643310547
v 147.5386505126953 258.6689453125 152.4648895263672
v 149.095703125 259.0624694824219 152.06365966796875
v 150.0287322998047 259.3387451171875 152.18988037109375
v 150.93446350097656 259.5386657714844 152.53604125976562
v 151.5492706298828 259.6994934082031 152.7043914794922
v 178.1078338623047 258.71282958984375 152.2007293701172
v 152.1189422607422 260.1904602050781 152.42713928222656
v 152.81716918945312 260.73797607421875 152.6692657470703
v 176.05287170410156 259.6324157714844 151.98794555664062
v 172.2780303955078 261.24456787109375 152.46339416503906
v 153.35179138183594 262.2014465332031 152.20541381835938
v 168.0843048095703 262.30810546875 152.1511993408203
v 167.2203369140625 262.505859375 152.3055419921875
v 170.03538513183594 261.8855285644531 152.30563354492188
v 153.7519073486328 262.7795715332031 152.15447998046875
v 154.27020263671875 263.1499938964844 152.1278839111328
v 154.8897705078125 263.4382629394531 152.13136291503906
v 155.52415466308594 263.725830078125 152.33779907226562
v 166.11224365234375 263.0925598144531 152.13670349121094
v 165.86326599121094 262.8652648925781 152.87684631347656
v 165.5070037841797 263.43634033203125 152.48988342285156
v 166.75311279296875 262.80780029296875 151.84750366210938
v 156.12022399902344 264.056396484375 152.79783630371094
v 164.9717559814453 263.87860107421875 152.9170684814453
v 156.60813903808594 264.5311279296875 152.44569396972656
v 157.20272827148438 264.9684753417969 152.1116485595703
v 165.2026824951172 265.04656982421875 152.18685913085938
v 164.6915740966797 265.468017578125 152.64573669433594
v 157.8463592529297 265.3898010253906 151.71768188476562
v 158.5741424560547 265.6374816894531 152.1753692626953
v 162.50535583496094 266.295166015625 152.6974639892578
v 163.7285614013672 266.233642578125 152.52330017089844
v 164.43917846679688 265.9835510253906 152.4105682373047
v 164.98013305664062 265.7670593261719 152.0128173828125
v 163.30101013183594 243.42880249023438 153.3308563232422
v 165.11148071289062 242.93849182128906 153.08734130859375
v 165.8113250732422 242.7086944580078 153.73793029785156
v 167.62416076660156 242.70545959472656 152.982666015625
v 167.9798126220703 242.58172607421875 153.73533630371094
v 173.16229248046875 243.1534881591797 153.2911376953125
v 175.68653869628906 243.7530517578125 152.77284240722656
v 159.13043212890625 244.96829223632812 153.29469299316406
v 180.98492431640625 245.4794464111328 153.4625244140625
v 153.50538635253906 246.38449096679688 153.25990295410156
v 152.89707946777344 246.57847595214844 153.4492950439453
v 156.8200225830078 245.69479370117188 153.2360076904297
v 181.4384765625 246.00909423828125 153.01177978515625
v 182.12057495117188 246.30072021484375 153.33311462402344
v 151.54421997070312 247.5384063720703 153.1494140625
v 152.21763610839844 246.95379638671875 153.39369201660156
v 182.42306518554688 246.90699768066406 153.07142639160156
v 182.7688751220703 246.5934295654297 153.6807098388672
v 151.08619689941406 248.09136962890625 152.98202514648438
v 183.58657836914062 247.56112670898438 153.78634643554688
v 183.72723388671875 248.35716247558594 153.614013671875
v 183.88357543945312 249.25274658203125 153.5609588623047
v 184.27236938476562 248.67807006835938 154.07115173339844
v 184.4049835205078 249.5374755859375 154.06533813476562
v 183.41819763183594 250.0935516357422 153.13809204101562
v 184.0917205810547 250.10752868652344 153.63516235351562
v 184.4793701171875 250.27020263671875 154.08340454101562
v 183.2461395263672 250.95654296875 152.9494171142578
v 183.83583068847656 250.97848510742188 153.39462280273438
v 184.31097412109375 250.74790954589844 153.86119079589844
v 183.38650512695312 251.6518096923828 152.99554443359375
v 183.87681579589844 251.90118408203125 153.47418212890625
v 184.29006958007812 251.45852661132812 153.93507385253906
v 146.7309112548828 252.60635375976562 153.66087341308594
v 146.39300537109375 253.2235107421875 153.2867889404297
v 183.2880096435547 253.31570434570312 153.05386352539062
v 183.7449188232422 252.72235107421875 153.51731872558594
v 146.12518310546875 253.88250732421875 153.00469970703125
v 145.89639282226562 253.7074432373047 153.74757385253906
v 145.73428344726562 254.32359313964844 153.46954345703125
v 183.1103057861328 253.9795379638672 153.3141326904297
v 183.58843994140625 253.4650421142578 153.82896423339844
v 145.47642517089844 255.150146484375 153.59288024902344
v 145.5149688720703 256.0750732421875 153.25926208496094
v 181.37171936035156 256.2379150390625 153.25228881835938
v 181.85955810546875 255.71023559570312 153.1944122314453
v 145.47718811035156 256.9605407714844 153.55409240722656
v 180.4009552001953 257.15472412109375 153.36952209472656
v 145.775146484375 257.7028503417969 153.4242401123047
v 146.21266174316406 258.05462646484375 152.99481201171875
v 178.50167846679688 258.38983154296875 153.59808349609375
v 179.8481903076172 257.6112060546875 152.9927978515625
v 146.0623779296875 258.2159118652344 153.77691650390625
v 146.59165954589844 258.4886779785156 153.379150390625
v 147.35888671875 258.8178405761719 153.42942810058594
v 148.12144470214844 258.9501953125 153.04107666015625
v 151.0168914794922 259.44390869140625 153.41481018066406
v 151.74285888671875 259.66748046875 153.36883544921875
v 177.9347381591797 258.7388916015625 152.9834442138672
v 152.44212341308594 260.0253601074219 153.3647918701172
v 153.1694793701172 260.445556640625 153.52862548828125
v 153.93406677246094 260.7503662109375 153.7972869873047
v 172.02947998046875 261.3476867675781 153.33224487304688
v 173.5729217529297 260.7289733886719 153.0116424560547
v 153.8375244140625 262.3675842285156 152.64065551757812
v 155.13670349121094 262.7820129394531 153.2161102294922
v 156.90863037109375 261.72967529296875 154.0696563720703
v 157.37429809570312 262.2647399902344 154.071533203125
v 157.56944274902344 261.7877197265625 154.22987365722656
v 165.68479919433594 262.69244384765625 153.64242553710938
v 154.1566925048828 262.8103942871094 152.60440063476562
v 154.63995361328125 263.0441589355469 152.71841430664062
v 155.15579223632812 263.3455505371094 152.7690887451172
v 155.771728515625 263.4100646972656 153.1743621826172
v 156.48849487304688 263.21417236328125 153.71913146972656
v 165.20333862304688 263.18634033203125 153.16000366210938
v 164.6233367919922 263.6256103515625 153.5367889404297
v 156.40948486328125 263.8842468261719 153.5152130126953
v 156.95269775390625 263.7794189453125 153.95668029785156
v 156.6991729736328 264.40625 153.37908935546875
v 157.22792053222656 264.8363037109375 153.0681915283203
v 157.873779296875 265.2458801269531 152.69723510742188
v 158.0273895263672 265.0411071777344 153.6652374267578
v 158.60476684570312 265.4582824707031 153.10800170898438
v 158.79905700683594 265.3175964355469 153.79966735839844
v 159.23809814453125 265.59857177734375 153.38479614257812
v 161.29843139648438 266.08721923828125 153.43421936035156
v 162.17210388183594 266.1689453125 153.69290161132812
v 163.19117736816406 266.101318359375 153.4616241455078
v 164.08338928222656 265.86566162109375 153.016845703125
v 166.53335571289062 242.55101013183594 154.20236206054688
v 168.2643585205078 242.48068237304688 154.37925720214844
v 168.96620178222656 242.48806762695312 154.56788635253906
v 174.88943481445312 243.3471221923828 154.2819061279297
v 175.84475708007812 243.52410888671875 154.56419372558594
v 178.16873168945312 244.19485473632812 154.35751342773438
v 158.40548706054688 245.21514892578125 154.27151489257812
v 181.94906616210938 245.48583984375 154.45486450195312
v 153.51016235351562 246.37408447265625 154.203369140625
v 152.78733825683594 246.6226348876953 154.21896362304688
v 156.85452270507812 245.68075561523438 154.26638793945312
v 182.40557861328125 246.0170135498047 154.01217651367188
v 182.64503479003906 245.75234985351562 154.7374267578125
v 183.0551300048828 246.30116271972656 154.34451293945312
v 151.6097869873047 247.3766326904297 154.38316345214844
v 152.22702026367188 246.90452575683594 154.3960418701172
v 183.37619018554688 246.89395141601562 154.03726196289062
v 183.65330505371094 246.60614013671875 154.7033233642578
v 183.9318389892578 247.22113037109375 154.4061737060547
v 150.9624481201172 248.0616912841797 154.09303283691406
v 184.1208953857422 247.89891052246094 154.1719970703125
v 184.40274047851562 247.64422607421875 154.82647705078125
v 184.50828552246094 248.2803192138672 154.58416748046875
v 184.70599365234375 249.13438415527344 154.76071166992188
v 184.72361755371094 250.11837768554688 154.6439208984375
v 184.6183624267578 251.02349853515625 154.49209594726562
v 184.21983337402344 252.24464416503906 154.08326721191406
v 184.52406311035156 251.8296661376953 154.51048278808594
v 145.67584228515625 253.54478454589844 154.55345153808594
v 184.0416259765625 252.96653747558594 154.35842895507812
v 184.42684936523438 252.4705047607422 154.84603881835938
v 145.41256713867188 254.3687744140625 154.24220275878906
v 183.28648376464844 254.09033203125 154.19577026367188
v 183.74179077148438 253.60658264160156 154.68771362304688
v 145.12994384765625 255.17613220214844 154.38238525390625
v 182.9346466064453 254.5891876220703 154.51036071777344
v 145.1092529296875 256.0726623535156 154.22921752929688
v 144.79701232910156 256.0805358886719 154.90867614746094
v 144.83021545410156 256.58050537109375 154.90386962890625
v 145.12698364257812 256.9414978027344 154.3546600341797
v 180.84527587890625 256.73431396484375 153.96473693847656
v 145.4649658203125 257.67205810546875 154.23080444335938
v 179.0974578857422 257.9774475097656 154.20166015625
v 145.89974975585938 258.3871765136719 154.67254638671875
v 148.2941131591797 259.12359619140625 153.89871215820312
v 151.0867462158203 259.42791748046875 154.28639221191406
v 151.88116455078125 259.6073913574219 154.2607879638672
v 152.6595458984375 259.8719787597656 154.25399780273438
v 155.51449584960938 261.21612548828125 154.05699157714844
v 156.22674560546875 261.1479797363281 154.25897216796875
v 156.1990966796875 260.6761169433594 154.80145263671875
v 157.13455200195312 261.1731872558594 154.46810913085938
v 156.9046173095703 260.7008056640625 154.99249267578125
v 157.65902709960938 260.9425964355469 154.95172119140625
v 158.00299072265625 261.53533935546875 154.5773468017578
v 173.0349884033203 260.9039611816406 154.43161010742188
v 158.0535125732422 262.39544677734375 154.3844451904297
v 158.73068237304688 261.94805908203125 154.86325073242188
v 158.81948852539062 262.89727783203125 154.78793334960938
v 165.56475830078125 262.53875732421875 154.4564666748047
v 169.41712951660156 261.9861145019531 154.116943359375
v 170.42042541503906 261.8022155761719 154.2007293701172
v 171.72406005859375 261.4533996582031 153.93174743652344
v 164.95602416992188 262.9822998046875 153.8626251220703
v 156.79635620117188 264.2019348144531 153.8230743408203
v 157.32395935058594 264.29510498046875 154.11854553222656
v 158.160400390625 264.2164001464844 154.49559020996094
v 158.72357177734375 264.3541564941406 154.75218200683594
v 163.4622802734375 264.63958740234375 154.45785522460938
v 156.9522705078125 264.4306640625 153.84898376464844
v 157.28985595703125 264.6520080566406 153.7874755859375
v 157.8831787109375 264.6641845703125 154.19195556640625
v 158.82215881347656 264.8789367675781 154.49105834960938
v 163.88259887695312 265.1073913574219 153.91905212402344
v 163.32456970214844 265.3566589355469 154.4391632080078
v 160.43386840820312 265.7588195800781 154.18746948242188
v 161.41268920898438 265.9761962890625 154.36134338378906
v 162.43057250976562 265.9963073730469 154.39010620117188
v 163.32147216796875 265.77117919921875 154.11317443847656
v 163.8212890625 265.7090148925781 153.59449768066406
v 166.4854736328125 242.4593048095703 155.11402893066406
v 167.1461639404297 242.35948181152344 155.46823120117188
v 171.04371643066406 242.534423828125 155.44053649902344
v 163.3817138671875 243.27450561523438 155.33119201660156
v 164.9259796142578 242.7855682373047 155.0388641357422
v 177.49786376953125 243.87535095214844 155.015625
v 178.30770874023438 244.0529022216797 155.208984375
v 159.82786560058594 244.6846160888672 155.28941345214844
v 180.7721405029297 244.59890747070312 155.6659698486328
v 181.40280151367188 245.010498046875 155.01158142089844
v 182.14981079101562 245.25042724609375 155.23114013671875
v 182.86312866210938 245.52542114257812 155.5264129638672
v 153.4990234375 246.37962341308594 155.18190002441406
v 183.2932586669922 246.04466247558594 155.06597900390625
v 183.51344299316406 245.8516387939453 155.8333740234375
v 183.87274169921875 246.37689208984375 155.4261932373047
v 152.10765075683594 246.9817657470703 155.25881958007812
v 184.1774139404297 246.97015380859375 155.098388671875
v 184.60043334960938 247.46743774414062 155.60458374023438
v 151.0411834716797 247.8662567138672 155.25770568847656
v 184.78045654296875 248.3836669921875 155.39352416992188
v 184.94879150390625 249.3080291748047 155.58694458007812
v 184.9333038330078 250.02626037597656 155.41424560546875
v 184.86099243164062 250.91136169433594 155.3584442138672
v 146.40472412109375 252.2744140625 155.3275909423828
v 184.69798278808594 251.86056518554688 155.31166076660156
v 146.00830078125 252.8791961669922 154.90493774414062
v 145.49822998046875 253.34657287597656 155.37965393066406
v 184.13523864746094 253.16207885742188 155.2855987548828
v 184.4969024658203 252.60302734375 155.58082580566406
v 145.20530700683594 254.0471649169922 155.1024169921875
v 183.31687927246094 254.17861938476562 155.2376708984375
v 183.787841796875 253.66683959960938 155.2833251953125
v 144.9798583984375 254.79708862304688 154.96339416503906
v 144.79788208007812 254.5357666015625 155.6844024658203
v 144.6805877685547 255.21389770507812 155.49960327148438
v 182.2894287109375 255.23106384277344 155.3986053466797
v 144.55679321289062 256.0788879394531 155.5890655517578
v 181.2578125 256.1885986328125 155.36305236816406
v 144.6600341796875 256.90423583984375 155.4485626220703
v 144.9766082763672 257.2943420410156 154.93849182128906
v 180.76724243164062 256.6865539550781 154.90301513671875
v 144.7787628173828 257.52508544921875 155.6724395751953
v 145.27345275878906 257.968505859375 155.14535522460938
v 179.65548706054688 257.53594970703125 154.79103088378906
v 145.7072296142578 258.5736999511719 155.57540893554688
v 146.4332275390625 258.9205627441406 155.27243041992188
v 150.30767822265625 259.38800048828125 155.19711303710938
v 151.1501922607422 259.4369812011719 155.216796875
v 147.72557067871094 259.470703125 155.89263916015625
v 148.2483367919922 259.5281677246094 155.9186248779297
v 155.27450561523438 260.28839111328125 155.36749267578125
v 156.16358947753906 260.3893127441406 155.51318359375
v 157.10504150390625 260.5162658691406 155.65896606445312
v 157.97471618652344 260.7752685546875 155.49334716796875
v 158.42568969726562 261.216552734375 155.1095428466797
v 158.6154022216797 260.9136047363281 155.83168029785156
v 159.1624755859375 261.49285888671875 155.4568328857422
v 159.58901977539062 262.4010925292969 155.2506103515625
v 159.93722534179688 261.6983642578125 155.8032989501953
v 160.4073944091797 262.3204345703125 155.5826416015625
v 165.44082641601562 262.3677062988281 155.34185791015625
v 170.09646606445312 261.8537292480469 155.2056884765625
v 161.35621643066406 263.49755859375 155.40171813964844
v 162.28668212890625 263.26617431640625 155.3423614501953
v 162.17556762695312 262.4755554199219 155.72772216796875
v 159.21969604492188 264.3138122558594 154.9750518798828
v 160.10165405273438 264.30609130859375 155.2979278564453
v 159.59878540039062 264.8212585449219 155.04782104492188
v 160.2805938720703 265.1089172363281 155.2834930419922
v 161.01486206054688 264.9727478027344 155.49240112304688
v 161.85028076171875 265.27801513671875 155.3486328125
v 162.7025909423828 265.09149169921875 154.9053955078125
v 159.83184814453125 265.3145751953125 154.7642059326172
v 160.71173095703125 265.6259460449219 155.04286193847656
v 161.5531463623047 265.836181640625 155.11630249023438
v 162.2340850830078 265.69384765625 155.02719116210938
v 162.8758544921875 265.6968078613281 154.6219024658203
v 166.449462890625 242.3897247314453 156.03018188476562
v 168.22691345214844 242.255859375 156.3296661376953
v 169.9479522705078 242.27713012695312 156.56344604492188
v 164.95086669921875 242.72116088867188 156.19268798828125
v 157.50096130371094 245.4475860595703 156.37655639648438
v 159.1201934814453 244.9188690185547 156.1353759765625
v 181.70077514648438 244.63560485839844 156.66748046875
v 182.32872009277344 245.04966735839844 156.06039428710938
v 183.1082763671875 245.3529052734375 156.45118713378906
v 183.73292541503906 245.7736358642578 156.52462768554688
v 152.75210571289062 246.644775390625 156.1846466064453
v 156.69583129882812 245.69754028320312 156.02725219726562
v 184.05770874023438 246.22291564941406 156.17987060546875
v 152.10060119628906 246.9794158935547 156.27426147460938
v 184.35556030273438 246.78125 155.83905029296875
v 184.5010528564453 246.70126342773438 156.6427764892578
v 184.6920928955078 247.2540740966797 156.30889892578125
v 151.1737518310547 247.69033813476562 156.2754364013672
v 184.91603088378906 248.12396240234375 156.4722137451172
v 149.46142578125 249.33445739746094 156.5901641845703
v 185.01852416992188 249.13914489746094 156.3416290283203
v 185.0337677001953 250.04779052734375 156.27354431152344
v 184.9795379638672 250.75082397460938 156.08544921875
v 145.73464965820312 252.5540313720703 156.61080932617188
v 146.74331665039062 251.54547119140625 156.659423828125
v 184.8323516845703 251.64845275878906 156.3175811767578
v 145.34646606445312 253.1795654296875 156.21595764160156
v 184.25982666015625 253.0093994140625 156.30975341796875
v 184.62982177734375 252.35269165039062 156.1040496826172
v 144.86758422851562 253.69847106933594 156.70025634765625
v 144.67172241210938 254.29515075683594 156.345703125
v 183.78662109375 253.6493682861328 155.90658569335938
v 183.26675415039062 254.15869140625 156.35276794433594
v 144.39251708984375 255.16355895996094 156.3720703125
v 182.76722717285156 254.712890625 155.87339782714844
v 144.18357849121094 256.1556091308594 156.50894165039062
v 181.64968872070312 255.5674591064453 156.7085418701172
v 144.07041931152344 256.7076110839844 156.81651306152344
v 144.3808135986328 256.9280700683594 156.1959686279297
v 143.95204162597656 256.3155212402344 157.07606506347656
v 180.08880615234375 256.94305419921875 156.1810302734375
v 144.58074951171875 257.71527099609375 156.46202087402344
v 145.0919189453125 258.17193603515625 155.98513793945312
v 144.94122314453125 258.34033203125 156.82577514648438
v 145.5524444580078 258.7357482910156 156.436279296875
v 146.23629760742188 259.06793212890625 156.1384735107422
v 146.96372985839844 259.3162536621094 155.9456024169922
v 150.3785858154297 259.4469909667969 156.0799560546875
v 146.82102966308594 259.4376525878906 156.7179412841797
v 147.4250946044922 259.55377197265625 156.48619079589844
v 148.20370483398438 259.6420593261719 156.6265869140625
v 152.7496795654297 259.65509033203125 155.81204223632812
v 152.67623901367188 259.5992736816406 156.7278289794922
v 156.87289428710938 260.30462646484375 156.52987670898438
v 157.78408813476562 260.51275634765625 156.3611297607422
v 158.66139221191406 260.6785583496094 156.73504638671875
v 159.36610412597656 261.1054382324219 156.22584533691406
v 171.6149444580078 261.4501037597656 156.2727508544922
v 160.74534606933594 261.86639404296875 156.01144409179688
v 162.48220825195312 262.0467224121094 156.18141174316406
v 162.74012756347656 261.72747802734375 156.8360137939453
v 165.23207092285156 262.1611328125 156.30221557617188
v 167.014404296875 262.11798095703125 156.01219177246094
v 169.72544860839844 261.9068908691406 156.28311157226562
v 160.776611328125 265.4102783203125 155.48870849609375
v 161.08677673339844 265.4896545410156 155.62156677246094
v 161.39886474609375 265.480712890625 155.57704162597656
v 161.0558319091797 265.661376953125 155.469482421875
v 161.34686279296875 265.69122314453125 155.5413055419922
v 161.6975860595703 265.6745910644531 155.40777587890625
v 165.62396240234375 242.5106201171875 157.27496337890625
v 167.34933471679688 242.24180603027344 157.22531127929688
v 170.10214233398438 242.23658752441406 157.32406616210938
v 171.0681915283203 242.32020568847656 157.34593200683594
v 163.30235290527344 243.24473571777344 157.2240753173828
v 172.87353515625 242.53201293945312 157.6269989013672
v 181.0326385498047 244.28392028808594 157.36868286132812
v 159.77415466308594 244.6256561279297 156.8356475830078
v 182.539306640625 244.73431396484375 157.7540740966797
v 183.02085876464844 245.07806396484375 157.25344848632812
v 183.65159606933594 245.5112762451172 157.32728576660156
v 152.74026489257812 246.63458251953125 157.2180633544922
v 154.3362274169922 246.13331604003906 157.2322998046875
v 155.9324951171875 245.80413818359375 157.28785705566406
v 184.1758270263672 246.10546875 156.98519897460938
v 184.60928344726562 246.67237854003906 157.55096435546875
v 152.0582275390625 246.9912567138672 157.23117065429688
v 184.8624267578125 247.49102783203125 157.2358856201172
v 185.0417938232422 248.38665771484375 157.46812438964844
v 185.07150268554688 249.11766052246094 157.3129119873047
v 185.05145263671875 250.0498046875 157.23191833496094
v 184.946044921875 251.04315185546875 157.07183837890625
v 145.6082305908203 252.41429138183594 157.51943969726562
v 184.74716186523438 251.91561889648438 157.25738525390625
v 184.55796813964844 252.4453125 156.89048767089844
v 184.4597625732422 252.4501953125 157.77728271484375
v 184.14352416992188 253.0315399169922 157.35362243652344
v 144.3994903564453 254.37307739257812 157.15797424316406
v 183.7379608154297 253.5985870361328 156.86817932128906
v 144.10450744628906 255.07989501953125 157.225341796875
v 182.6061248779297 254.5146942138672 157.69747924804688
v 144.0124053955078 255.716796875 157.08078002929688
v 143.86497497558594 255.48861694335938 157.77525329589844
v 143.82167053222656 256.1866149902344 157.66070556640625
v 143.91827392578125 256.79302978515625 157.397216796875
v 144.1787109375 257.2636413574219 156.96847534179688
v 144.0326385498047 257.3941650390625 157.7586212158203
v 144.42503356933594 257.8937683105469 157.28785705566406
v 144.828369140625 258.4698791503906 157.7088165283203
v 145.44607543945312 258.8714599609375 157.3068084716797
v 146.12713623046875 259.1998291015625 156.9869842529297
v 151.2864227294922 259.4978332519531 157.12020874023438
v 152.02908325195312 259.5299987792969 157.3057098388672
v 175.4860076904297 259.5381774902344 157.01272583007812
v 146.80746459960938 259.5482482910156 157.5723876953125
v 147.49517822265625 259.6701965332031 157.18768310546875
v 148.13955688476562 259.7730712890625 157.5031280517578
v 157.98849487304688 260.41204833984375 157.39418029785156
v 158.6553497314453 260.5491943359375 157.53150939941406
v 172.2024688720703 261.25482177734375 157.2396240234375
v 163.69284057617188 261.646240234375 157.72061157226562
v 170.0736846923828 261.86212158203125 157.3312225341797
v 170.99917602539062 261.6794738769531 157.44570922851562
v 166.55819702148438 242.31748962402344 158.11070251464844
v 167.52052307128906 242.19766235351562 158.0699005126953
v 168.28749084472656 242.1555938720703 158.247314453125
v 170.15296936035156 242.19290161132812 158.29782104492188
v 164.79226684570312 242.738037109375 158.25611877441406
v 157.31471252441406 245.32046508789062 158.28553771972656
v 159.6950225830078 244.55564880371094 157.73492431640625
v 183.17926025390625 245.03054809570312 158.0491943359375
v 183.80467224121094 245.44541931152344 158.41561889648438
v 153.46884155273438 246.325439453125 158.22500610351562
v 152.6269073486328 246.65232849121094 158.3032684326172
v 184.2566375732422 246.01206970214844 157.8985137939453
v 184.66297912597656 246.615966796875 158.51388549804688
v 151.4532928466797 247.3621826171875 158.3554229736328
v 184.89541625976562 247.39793395996094 158.29904174804688
v 185.03424072265625 248.26437377929688 158.24461364746094
v 149.65863037109375 248.9017791748047 158.2650909423828
v 185.07667541503906 249.13595581054688 158.25865173339844
v 185.03237915039062 250.01522827148438 158.21636962890625
v 146.4944610595703 251.283935546875 158.3460235595703
v 184.91339111328125 250.916748046875 158.1262969970703
v 146.0579071044922 251.81776428222656 157.91383361816406
v 184.71624755859375 251.7571563720703 158.00958251953125
v 184.36248779296875 252.33645629882812 158.62586975097656
v 145.0100555419922 252.96034240722656 158.1737518310547
v 144.5081329345703 253.59666442871094 158.4613800048828
v 184.02732849121094 252.95973205566406 158.2560272216797
v 144.2434539794922 254.17025756835938 158.14340209960938
v 183.63229370117188 253.52926635742188 157.8050537109375
v 183.5150909423828 253.41436767578125 158.6763458251953
v 144.0165557861328 254.8128662109375 157.8758087158203
v 143.8990478515625 254.73123168945312 158.71563720703125
v 143.78489685058594 255.27220153808594 158.4208526611328
v 143.6956329345703 256.04412841796875 158.56202697753906
v 143.79220581054688 256.8100891113281 158.18716430664062
v 143.92735290527344 257.4648742675781 158.61685180664062
v 144.30697631835938 257.994873046875 158.18067932128906
v 144.7345733642578 258.5383605957031 158.65478515625
v 145.36412048339844 258.9654541015625 158.24095153808594
v 146.0660858154297 259.30364990234375 157.88243103027344
v 151.41978454589844 259.5619201660156 157.92727661132812
v 152.86131286621094 259.6628112792969 157.89999389648438
v 146.76324462890625 259.61981201171875 158.5326385498047
v 147.6568145751953 259.7818908691406 158.1879425048828
v 148.47799682617188 259.8348083496094 158.1074676513672
v 157.47755432128906 260.2773132324219 158.25892639160156
v 162.9884033203125 261.4560241699219 158.1650848388672
v 165.34530639648438 261.8824157714844 158.25283813476562
v 167.34976196289062 262.0265197753906 158.27682495117188
v 168.27587890625 262.02813720703125 158.29644775390625
v 170.23660278320312 261.8681945800781 158.4705810546875
v 166.43301391601562 242.3329315185547 159.3054656982422
v 167.4805145263672 242.19375610351562 159.12103271484375
v 172.13316345214844 242.2747039794922 159.3506317138672
v 173.8861541748047 242.46493530273438 159.50511169433594
v 164.83778381347656 242.72280883789062 159.2220458984375
v 174.62274169921875 242.6877899169922 158.7983856201172
v 182.09368896484375 244.33168029785156 159.11505126953125
v 182.52833557128906 244.49078369140625 159.40513610839844
v 183.20924377441406 244.91368103027344 159.18716430664062
v 183.92930603027344 245.44027709960938 159.44117736816406
v 153.44638061523438 246.2834014892578 159.2299346923828
v 184.33682250976562 245.9626007080078 158.8616943359375
v 184.6680450439453 246.5395965576172 159.44190979003906
v 152.0319061279297 246.93492126464844 158.8593292236328
v 184.87721252441406 247.33074951171875 159.2950897216797
v 184.99801635742188 248.21568298339844 159.19503784179688
v 149.23681640625 249.06947326660156 159.2543182373047
v 185.0245361328125 249.10684204101562 159.17076110839844
v 184.96897888183594 249.97927856445312 159.1475372314453
v 146.91940307617188 250.80935668945312 158.8013916015625
v 146.81600952148438 250.7190704345703 159.67138671875
v 184.83924865722656 250.82566833496094 159.06056213378906
v 145.92684936523438 251.712890625 158.7799072265625
v 145.795654296875 251.6514434814453 159.67529296875
v 184.63587951660156 251.6233673095703 158.89028930664062
v 184.24850463867188 252.18734741210938 159.46072387695312
v 145.07167053222656 252.654541015625 158.96788024902344
v 183.9100799560547 252.826171875 159.10194396972656
v 144.1245574951172 254.0978546142578 159.18978881835938
v 143.8000030517578 254.77944946289062 159.4969482421875
v 143.66732788085938 255.46389770507812 159.31222534179688
v 143.60716247558594 256.27056884765625 159.49632263183594
v 143.7183380126953 256.9368896484375 159.16468811035156
v 178.808349609375 257.24676513671875 159.28909301757812
v 143.87542724609375 257.51019287109375 159.21588134765625
v 144.20066833496094 258.0077819824219 159.18370056152344
v 144.65451049804688 258.5492858886719 159.49142456054688
v 145.2595977783203 259.0011901855469 159.31028747558594
v 145.9918975830078 259.36334228515625 158.84080505371094
v 146.60623168945312 259.6351318359375 159.50331115722656
v 147.44039916992188 259.8116455078125 159.31582641601562
v 148.4745330810547 259.8910217285156 159.10752868652344
v 149.53648376464844 259.8735046386719 159.24673461914062
v 157.99806213378906 260.3741149902344 159.0841064453125
v 174.37130737304688 260.27947998046875 159.05584716796875
v 172.4834747314453 261.27105712890625 158.90956115722656
v 169.91073608398438 261.9561767578125 159.52174377441406
v 170.8889617919922 261.7892150878906 159.24990844726562
v 166.461669921875 242.3319854736328 160.33775329589844
v 167.35028076171875 242.20529174804688 160.33078002929688
v 169.43826293945312 242.1156463623047 160.08946228027344
v 180.53244018554688 243.7301788330078 159.8621063232422
v 180.55386352539062 243.6300506591797 160.72280883789062
v 181.14797973632812 243.86563110351562 160.13226318359375
v 182.70985412597656 244.53164672851562 160.23426818847656
v 157.77670288085938 244.63134765625 160.69866943359375
v 183.4994659423828 245.0459442138672 160.41749572753906
v 184.11697387695312 245.57699584960938 160.2832489013672
v 153.3660888671875 246.25668334960938 160.26370239257812
v 155.78822326660156 245.55288696289062 159.87380981445312
v 184.39646911621094 245.94601440429688 159.7206268310547
v 184.4410400390625 245.9995574951172 160.35499572753906
v 184.6211700439453 246.3883056640625 160.13031005859375
v 151.92481994628906 246.8961181640625 160.6427459716797
v 184.78854370117188 247.15623474121094 160.3320770263672
v 184.9140167236328 248.14144897460938 160.16021728515625
v 149.7953643798828 248.46434020996094 160.71144104003906
v 184.92713928222656 249.05050659179688 160.08265686035156
v 147.4447021484375 250.18838500976562 160.20791625976562
v 184.8585968017578 249.91336059570312 160.02755737304688
v 146.24142456054688 251.14004516601562 160.1410369873047
v 184.72283935546875 250.7264862060547 159.92501831054688
v 145.28848266601562 252.1468963623047 160.19374084472656
v 184.52059936523438 251.48660278320312 159.73793029785156
v 184.36660766601562 251.3232879638672 160.5374755859375
v 184.1079864501953 252.01353454589844 160.26559448242188
v 144.58583068847656 253.11676025390625 160.22772216796875
v 183.2662353515625 253.090576171875 160.35443115234375
v 143.884033203125 254.48703002929688 160.02313232421875
v 144.2060546875 253.80726623535156 160.29986572265625
v 143.67758178710938 255.2231903076172 160.31927490234375
v 143.59597778320312 256.07635498046875 160.25364685058594
v 143.67822265625 256.8600769042969 160.14598083496094
v 143.9000701904297 257.5364990234375 159.8275909423828
v 144.34915161132812 258.2117004394531 160.29135131835938
v 144.8820037841797 258.7672119140625 160.08950805664062
v 176.18775939941406 259.2639465332031 160.2135009765625
v 145.86045837402344 259.4007568359375 160.48912048339844
v 147.07638549804688 259.7754211425781 160.3002471923828
v 147.9496307373047 259.90435791015625 160.26222229003906
v 158.67958068847656 260.54522705078125 159.75872802734375
v 175.150146484375 259.9705505371094 160.3390655517578
v 159.4031219482422 260.7447204589844 160.4742431640625
v 161.97561645507812 261.1956481933594 160.03646850585938
v 163.70513916015625 261.53814697265625 159.84326171875
v 172.5680694580078 261.3448181152344 159.84962463378906
v 174.0366973876953 260.6720275878906 160.423583984375
v 168.38543701171875 262.06829833984375 160.02798461914062
v 168.29591369628906 242.13072204589844 161.32803344726562
v 172.16546630859375 242.16897583007812 161.22247314453125
v 174.97691345214844 242.47549438476562 161.32931518554688
v 175.6245574951172 242.6500701904297 160.8182373046875
v 179.8369140625 243.40359497070312 161.4328155517578
v 159.20486450195312 244.0472412109375 161.19696044921875
v 159.98046875 243.85568237304688 160.98388671875
v 181.31910705566406 243.85421752929688 160.9311065673828
v 182.130126953125 244.185791015625 161.13381958007812
v 182.94479370117188 244.6433868408203 161.44198608398438
v 183.54896545410156 245.1132354736328 161.46173095703125
v 183.96473693847656 245.48196411132812 161.09063720703125
v 184.30709838867188 245.85171508789062 160.8187713623047
v 151.89788818359375 246.8923797607422 161.14901733398438
v 153.0558624267578 246.33920288085938 161.22300720214844
v 154.04330444335938 245.95167541503906 161.2717742919922
v 184.2977752685547 246.00979614257812 161.5016632080078
v 184.57022094726562 246.44113159179688 160.89999389648438
v 150.94944763183594 247.5455780029297 160.9600372314453
v 184.7093048095703 247.24478149414062 161.37879943847656
v 184.79696655273438 248.04678344726562 161.10255432128906
v 184.79071044921875 248.9320068359375 160.9652099609375
v 146.7991943359375 250.556396484375 161.49278259277344
v 184.70628356933594 249.7860870361328 160.86477661132812
v 184.52462768554688 249.5795440673828 161.66763305664062
v 184.36927795410156 250.37643432617188 161.50718688964844
v 145.6663818359375 251.60997009277344 161.2311248779297
v 184.56349182128906 250.58303833007812 160.73422241210938
v 184.1750030517578 251.11651611328125 161.3013458251953
v 144.82467651367188 252.67733764648438 161.2142333984375
v 183.93446350097656 251.80978393554688 161.0428924560547
v 183.45883178710938 252.25604248046875 161.52157592773438
v 143.87330627441406 254.57748413085938 160.847900390625
v 144.16644287109375 253.95440673828125 161.40283203125
v 182.7238311767578 253.514892578125 160.7790069580078
v 143.71719360351562 255.310791015625 161.31698608398438
v 143.62600708007812 255.8990936279297 161.0111541748047
v 179.53106689453125 256.35400390625 161.53245544433594
v 143.70513916015625 256.71673583984375 161.16419982910156
v 143.9251251220703 257.5167236328125 160.80357360839844
v 144.28175354003906 258.0674743652344 161.43496704101562
v 144.8819122314453 258.7154235839844 161.10279846191406
v 145.56959533691406 259.2187805175781 161.11947631835938
v 176.87692260742188 258.8078308105469 161.20726013183594
v 146.07981872558594 259.4886779785156 160.95008850097656
v 147.35879516601562 259.822998046875 161.221923828125
v 149.212158203125 259.9886779785156 161.23281860351562
v 157.7628173828125 260.4951171875 160.90597534179688
v 175.77337646484375 259.7073669433594 161.634521484375
v 163.018798828125 261.4535827636719 161.10496520996094
v 173.20562744140625 261.2392578125 161.2062530517578
v 172.0642852783203 261.6742248535156 161.2439422607422
v 167.30587768554688 242.20872497558594 162.3321533203125
v 171.2036590576172 242.106201171875 162.18218994140625
v 173.21800231933594 242.19082641601562 162.26055908203125
v 175.69644165039062 242.5497589111328 162.63270568847656
v 160.47561645507812 243.52708435058594 162.30296325683594
v 180.70103454589844 243.5782928466797 162.6092987060547
v 157.40696716308594 244.48257446289062 162.26512145996094
v 159.07977294921875 243.94158935546875 162.12539672851562
v 181.5120391845703 243.88916015625 162.12535095214844
v 182.40354919433594 244.30764770507812 162.23992919921875
v 182.96116638183594 244.67083740234375 162.4794921875
v 183.40444946289062 245.06394958496094 162.31793212890625
v 183.93260192871094 245.6566162109375 162.1361846923828
v 184.30772399902344 246.2760009765625 162.23736572265625
v 184.5341033935547 246.65235900878906 161.79957580566406
v 152.0047149658203 246.88619995117188 162.57652282714844
v 184.45794677734375 246.8555908203125 162.547607421875
v 184.6175537109375 247.2733917236328 162.1680145263672
v 149.7881622314453 248.41172790527344 162.46841430664062
v 184.66925048828125 247.93084716796875 161.94834899902344
v 184.6322021484375 248.7406005859375 161.79966735839844
v 184.33026123046875 249.30264282226562 162.46348571777344
v 147.22451782226562 250.2555694580078 162.36546325683594
v 146.61465454101562 250.7180938720703 162.0355987548828
v 145.69271850585938 251.61985778808594 161.85177612304688
v 183.95736694335938 250.87466430664062 162.05064392089844
v 145.28285217285156 252.18228149414062 162.26319885253906
v 183.2604522705078 252.0447235107422 162.30517578125
v 144.5186004638672 253.37208557128906 162.0526123046875
v 144.9292449951172 252.80709838867188 162.64219665527344
v 143.9204864501953 254.6944122314453 161.7414093017578
v 144.23416137695312 254.11990356445312 162.32965087890625
v 143.8113555908203 255.33119201660156 162.03271484375
v 144.02267456054688 254.8877716064453 162.5288848876953
v 143.7440185546875 256.09356689453125 161.95071411132812
v 143.81982421875 256.88653564453125 162.03724670410156
v 143.94947814941406 257.4457702636719 161.7418212890625
v 144.02664184570312 257.29730224609375 162.52593994140625
v 144.21194458007812 257.8315124511719 162.24508666992188
v 144.617431640625 258.33062744140625 162.2303924560547
v 145.30667114257812 258.9415283203125 162.1844024658203
v 146.00900268554688 259.3212585449219 162.62835693359375
v 176.31011962890625 259.3353576660156 162.13560485839844
v 146.69198608398438 259.6340026855469 161.99526977539062
v 148.4005889892578 259.95135498046875 162.24826049804688
v 174.63294982910156 260.5077209472656 161.76385498046875
v 174.70713806152344 260.5804748535156 162.6973876953125
v 172.68777465820312 261.5970764160156 162.5928497314453
v 166.1488494873047 242.36624145507812 163.24655151367188
v 168.8405303955078 242.11370849609375 163.29745483398438
v 173.53321838378906 242.19349670410156 163.2146453857422
v 175.74855041503906 242.5412139892578 163.59378051757812
v 161.5819091796875 243.25979614257812 163.0024871826172
v 164.84815979003906 242.61502075195312 163.6397247314453
v 180.2005157470703 243.43922424316406 163.1776885986328
v 158.0538330078125 244.176513671875 163.3632049560547
v 181.29037475585938 243.81326293945312 163.35598754882812
v 182.11048889160156 244.1804656982422 163.17076110839844
v 182.7638702392578 244.57931518554688 163.2167205810547
v 155.25181579589844 245.29380798339844 163.17904663085938
v 183.28306579589844 245.03399658203125 163.24365234375
v 183.7338104248047 245.61575317382812 163.19483947753906
v 153.23226928710938 246.23226928710938 163.35264587402344
v 184.14866638183594 246.42481994628906 163.12754821777344
v 152.06016540527344 246.9027557373047 163.53018188476562
v 184.3565673828125 247.3831787109375 163.20413208007812
v 184.534912109375 247.2954864501953 162.64915466308594
v 184.53897094726562 247.7439422607422 162.62744140625
v 184.3497772216797 248.14022827148438 163.1667022705078
v 183.9375457763672 249.84896850585938 163.0604705810547
v 145.777099609375 251.6550750732422 162.7696075439453
v 146.31326293945312 251.16830444335938 163.25750732421875
v 145.3975372314453 252.252197265625 163.16725158691406
v 145.90823364257812 251.7327117919922 163.66033935546875
v 144.62786865234375 253.516357421875 162.94825744628906
v 145.06954956054688 252.91775512695312 163.50743103027344
v 182.77969360351562 252.5240478515625 162.82313537597656
v 181.93341064453125 253.6779022216797 162.9510498046875
v 143.90528869628906 255.6315155029297 162.6224365234375
v 144.13034057617188 255.20645141601562 163.1631622314453
v 180.44351196289062 255.28126525878906 163.49655151367188
v 143.8733673095703 256.1303405761719 162.65835571289062
v 144.1071014404297 256.0621643066406 163.34324645996094
v 143.90814208984375 256.6152038574219 162.6413116455078
v 144.12722778320312 256.9434814453125 163.1638946533203
v 144.38673400878906 257.6846618652344 163.10418701171875
v 144.88348388671875 258.3980712890625 163.1598663330078
v 145.4473419189453 258.9025573730469 163.2918701171875
v 146.08644104003906 259.2587585449219 163.57009887695312
v 147.6254425048828 259.80023193359375 163.27735900878906
v 148.54782104492188 259.95709228515625 163.02108764648438
v 152.23541259765625 260.1051025390625 163.25782775878906
v 153.96592712402344 260.2010803222656 162.96302795410156
v 175.89161682128906 259.7584228515625 163.2114715576172
v 161.88388061523438 261.4319152832031 162.9443359375
v 173.3194122314453 261.3946533203125 163.03285217285156
v 174.80331420898438 260.6199951171875 163.69003295898438
v 171.25729370117188 262.03192138671875 162.9874267578125
v 171.97097778320312 261.8919372558594 163.22267150878906
v 167.3133087158203 242.23756408691406 164.20106506347656
v 170.20335388183594 242.1093292236328 164.26905822753906
v 171.2247772216797 242.11622619628906 164.60877990722656
v 172.26495361328125 242.1278076171875 164.25987243652344
v 174.10533142089844 242.2643280029297 164.12396240234375
v 175.71446228027344 242.53634643554688 164.2134552001953
v 159.809814453125 243.6300048828125 164.2611083984375
v 162.0570068359375 243.18942260742188 164.34352111816406
v 180.65582275390625 243.60279846191406 163.81979370117188
v 156.81849670410156 244.61740112304688 164.16123962402344
v 181.2836456298828 243.8982696533203 164.45965576171875
v 182.00047302246094 244.20582580566406 164.1887969970703
v 182.5657501220703 244.504638671875 163.93942260742188
v 154.71815490722656 245.5103302001953 164.21365356445312
v 183.11915588378906 245.01133728027344 164.21914672851562
v 183.56471252441406 245.4995880126953 163.9813995361328
v 183.88182067871094 246.23692321777344 164.26589965820312
v 151.49851989746094 247.31277465820312 164.0242156982422
v 184.09390258789062 247.15826416015625 164.1541748046875
v 149.6988525390625 248.57421875 163.85812377929688
v 184.08934020996094 248.16860961914062 164.02706909179688
v 148.53819274902344 249.4257049560547 163.86900329589844
v 146.86801147460938 250.7393035888672 163.75511169433594
v 147.35581970214844 250.41722106933594 164.21368408203125
v 183.71559143066406 249.66038513183594 163.86927795410156
v 146.4493865966797 251.261474609375 164.1287078857422
v 182.4636688232422 252.10446166992188 164.28411865234375
v 145.2395477294922 253.07688903808594 164.3561248779297
v 144.6417999267578 254.26622009277344 164.0946044921875
v 181.28515625 254.0833740234375 164.29075622558594
v 180.43321228027344 255.15118408203125 164.4582977294922
v 144.3993377685547 255.89637756347656 164.27011108398438
v 144.40245056152344 256.82012939453125 164.03729248046875
v 144.74400329589844 257.79644775390625 164.1477508544922
v 145.1076202392578 258.4667663574219 163.90707397460938
v 145.61422729492188 258.8239440917969 164.27066040039062
v 146.23190307617188 259.22235107421875 164.3251495361328
v 176.4855194091797 259.2809143066406 164.19325256347656
v 146.76507568359375 259.52264404296875 163.87942504882812
v 146.78451538085938 259.4151916503906 164.72262573242188
v 147.35678100585938 259.68011474609375 164.2283477783203
v 155.14764404296875 260.44732666015625 164.16250610351562
v 174.27748107910156 261.03216552734375 164.35980224609375
v 166.24229431152344 262.38580322265625 164.2306671142578
v 170.22085571289062 262.3839111328125 164.1936798095703
v 172.0970916748047 261.9898681640625 164.23660278320312
v 168.18569946289062 262.6141357421875 164.7262725830078
v 165.48158264160156 242.5505828857422 165.09422302246094
v 166.38931274414062 242.39756774902344 164.95913696289062
v 169.21649169921875 242.1729278564453 165.1659393310547
v 173.07591247558594 242.20449829101562 165.0774383544922
v 160.41368103027344 243.57196044921875 165.08999633789062
v 179.79196166992188 243.48321533203125 164.9390106201172
v 157.60552978515625 244.43536376953125 164.935791015625
v 159.30313110351562 243.91033935546875 165.20384216308594
v 159.89341735839844 243.7960205078125 165.56787109375
v 180.5093231201172 243.78175354003906 165.608642578125
v 181.897216796875 244.31451416015625 165.30152893066406
v 182.6062774658203 244.66903686523438 164.82020568847656
v 156.94631958007812 244.76959228515625 165.55198669433594
v 183.1204071044922 245.2306671142578 165.30029296875
v 183.55149841308594 245.69419860839844 164.84249877929688
v 153.4261932373047 246.2408447265625 165.1186981201172
v 154.1166534423828 245.92877197265625 165.42396545410156
v 183.75750732421875 246.3765106201172 165.33609008789062
v 151.54454040527344 247.4010467529297 164.91500854492188
v 183.9244384765625 246.94810485839844 164.99685668945312
v 150.28688049316406 248.38107299804688 165.1974334716797
v 183.86911010742188 247.81275939941406 165.12965393066406
v 183.7324981689453 248.73675537109375 164.8809814453125
v 183.343994140625 249.3155517578125 165.45631408691406
v 148.20106506347656 250.0563507080078 165.28599548339844
v 146.61183166503906 251.40716552734375 164.9451904296875
v 147.18280029296875 250.99925231933594 165.34860229492188
v 145.7297821044922 252.5421142578125 164.8675537109375
v 146.2553253173828 252.0384063720703 165.3113250732422
v 145.43614196777344 253.3472137451172 165.25555419921875
v 181.79534912109375 252.86782836914062 165.0742645263672
v 144.7667694091797 254.5336456298828 164.73130798339844
v 145.0972900390625 254.07858276367188 165.22523498535156
v 181.14608764648438 253.95228576660156 165.15794372558594
v 144.64698791503906 255.32876586914062 164.86842346191406
v 144.99526977539062 254.7565155029297 165.4661102294922
v 180.7005157470703 254.45777893066406 165.6335906982422
v 144.6144256591797 256.1668701171875 164.9418182373047
v 144.74415588378906 257.0196533203125 165.05328369140625
v 178.5404815673828 257.231201171875 165.29620361328125
v 144.9290008544922 257.72454833984375 164.98739624023438
v 145.13836669921875 258.25274658203125 164.62857055664062
v 145.25430297851562 258.0442810058594 165.3624725341797
v 145.52635192871094 258.5213928222656 165.0287322998047
v 146.1292266845703 258.954345703125 165.12586975097656
v 146.9004669189453 259.28851318359375 165.60243225097656
v 148.40762329101562 259.8286437988281 165.09600830078125
v 175.2144012451172 260.4503479003906 165.2928009033203
v 158.23988342285156 261.1516418457031 165.20565795898438
v 174.1387939453125 261.2138977050781 165.20733642578125
v 171.41419982910156 262.3016662597656 164.97903442382812
v 173.12588500976562 261.7531433105469 165.27114868164062
v 173.6663818359375 261.52874755859375 165.66131591796875
v 166.4335479736328 262.6322021484375 165.48097229003906
v 169.2044677734375 262.7504577636719 165.68614196777344
v 170.07164001464844 262.6436767578125 165.4776153564453
v 165.67372131347656 242.6011962890625 165.8258514404297
v 167.43194580078125 242.37705993652344 166.06301879882812
v 168.30349731445312 242.30157470703125 166.05848693847656
v 170.224853515625 242.23484802246094 166.15420532226562
v 171.21975708007812 242.2678985595703 166.44290161132812
v 172.14723205566406 242.25042724609375 166.099609375
v 173.98828125 242.3845977783203 165.98822021484375
v 174.9982147216797 242.54141235351562 166.0889434814453
v 161.5261993408203 243.4729766845703 165.9353485107422
v 162.40274047851562 243.32400512695312 166.10952758789062
v 164.94334411621094 242.86122131347656 166.46072387695312
v 179.72171020507812 243.59878540039062 165.8367919921875
v 158.3557891845703 244.4295196533203 166.12437438964844
v 160.86605834960938 243.7848663330078 166.6085662841797
v 180.4431915283203 243.94705200195312 166.48207092285156
v 181.30349731445312 244.20201110839844 166.15919494628906
v 182.04759216308594 244.57919311523438 166.18649291992188
v 182.57760620117188 244.844970703125 165.77316284179688
v 154.81483459472656 245.6611328125 165.76393127441406
v 155.42227172851562 245.47190856933594 166.10293579101562
v 157.05548095703125 244.94468688964844 166.40528869628906
v 182.4533233642578 244.99945068359375 166.595703125
v 183.00814819335938 245.38954162597656 166.17596435546875
v 183.45689392089844 245.8402862548828 165.7305145263672
v 152.8153533935547 246.6926727294922 165.7281494140625
v 154.21774291992188 246.07691955566406 166.35064697265625
v 183.2884521484375 245.99185180664062 166.47152709960938
v 183.60035705566406 246.39576721191406 166.0422821044922
v 152.2757110595703 247.17507934570312 166.23126220703125
v 183.7156219482422 247.12049865722656 165.93907165527344
v 183.64395141601562 247.91981506347656 165.9976806640625
v 149.43568420410156 249.33804321289062 166.06033325195312
v 183.55267333984375 248.56201171875 165.72190856933594
v 183.35740661621094 248.38265991210938 166.48187255859375
v 147.77822875976562 250.62208557128906 165.72662353515625
v 149.00050354003906 249.92056274414062 166.47003173828125
v 147.3922576904297 251.22169494628906 166.11026000976562
v 145.95791625976562 252.7138214111328 165.66578674316406
v 146.4825897216797 252.25595092773438 166.0748748779297
v 147.04815673828125 251.8584442138672 166.46624755859375
v 145.77786254882812 253.31781005859375 165.99783325195312
v 146.2126007080078 252.9285125732422 166.39111328125
v 181.2471466064453 253.07730102539062 166.271728515625
v 145.4484100341797 254.07025146484375 165.96180725097656
v 180.55616760253906 254.29788208007812 166.4989776611328
v 144.90219116210938 255.61123657226562 165.6085205078125
v 145.29916381835938 255.04153442382812 166.21685791015625
v 144.85006713867188 256.33843994140625 165.59033203125
v 145.24209594726562 256.1172790527344 166.36386108398438
v 179.7635040283203 255.72946166992188 165.96780395507812
v 144.98648071289062 256.8009033203125 165.81951904296875
v 145.3006134033203 257.0845947265625 166.32017517089844
v 178.4234161376953 257.30926513671875 166.50428771972656
v 145.05628967285156 257.42657470703125 165.62901306152344
v 145.45632934570312 257.8083801269531 166.08135986328125
v 177.4379425048828 258.3545837402344 166.19583129882812
v 145.7415008544922 258.4145202636719 165.72164916992188
v 145.9609832763672 258.2002258300781 166.5342254638672
v 146.36802673339844 258.79254150390625 166.1273193359375
v 147.0688018798828 259.1519775390625 166.5399627685547
v 147.68380737304688 259.5631103515625 165.91946411132812
v 148.5959930419922 259.78155517578125 166.17027282714844
v 150.3128204345703 260.0153503417969 166.20535278320312
v 154.13185119628906 260.4461975097656 166.12908935546875
v 174.8269500732422 260.81207275390625 166.19253540039062
v 171.5679168701172 262.42010498046875 165.87294006347656
v 172.17298889160156 262.277587890625 166.19862365722656
v 173.68801879882812 261.6029357910156 166.6081085205078
v 167.66575622558594 262.8547668457031 166.3211212158203
v 170.9807586669922 262.63800048828125 166.37777709960938
v 166.65855407714844 242.60548400878906 166.8164520263672
v 167.5037841796875 242.50245666503906 166.87779235839844
v 168.38009643554688 242.4245147705078 166.87640380859375
v 169.34475708007812 242.3799591064453 166.9053192138672
v 172.10166931152344 242.38848876953125 166.95114135742188
v 173.160888671875 242.4265899658203 166.76161193847656
v 174.82437133789062 242.63645935058594 166.80467224121094
v 161.69627380371094 243.62672424316406 166.77783203125
v 163.34286499023438 243.33876037597656 167.00779724121094
v 165.10491943359375 243.03945922851562 167.2987823486328
v 165.9832763671875 242.9092559814453 167.4870147705078
v 166.84361267089844 242.77622985839844 167.58975219726562
v 175.45901489257812 242.92991638183594 167.4024200439453
v 159.42034912109375 244.3415069580078 166.96517944335938
v 160.2404022216797 244.1576690673828 167.18927001953125
v 161.0517120361328 243.99014282226562 167.38121032714844
v 179.46527099609375 243.93984985351562 167.48574829101562
v 181.06961059570312 244.3604278564453 167.09335327148438
v 181.8075408935547 244.65599060058594 166.88107299804688
v 156.4477996826172 245.3408203125 166.98609924316406
v 158.8423309326172 244.75543212890625 167.5432891845703
v 182.22840881347656 245.15000915527344 167.3387908935547
v 182.80909729003906 245.54974365234375 166.938232421875
v 153.6392059326172 246.5462646484375 166.90512084960938
v 155.216552734375 245.91090393066406 167.26803588867188
v 155.87095642089844 245.7593536376953 167.542236328125
v 183.0553741455078 246.22438049316406 167.16014099121094
v 183.4503631591797 246.659423828125 166.6035614013672
v 152.44480895996094 247.34584045410156 167.0404815673828
v 153.11016845703125 247.04278564453125 167.3705291748047
v 183.17005920410156 247.1323699951172 167.27593994140625
v 183.51243591308594 247.14044189453125 166.6201171875
v 151.3656768798828 248.2252655029297 167.11282348632812
v 183.47488403320312 247.64056396484375 166.60121154785156
v 183.1217803955078 248.08921813964844 167.18736267089844
v 149.62860107421875 249.56687927246094 166.82981872558594
v 182.94625854492188 248.88180541992188 167.0071563720703
v 182.70042419433594 249.62632751464844 166.7508087158203
v 182.4711151123047 249.3913116455078 167.51246643066406
v 148.8676300048828 250.81263732910156 167.54647827148438
v 146.7484588623047 252.52999877929688 166.79580688476562
v 145.96839904785156 253.64767456054688 166.61087036132812
v 146.49050903320312 253.2384796142578 167.07896423339844
v 181.03150939941406 252.85440063476562 167.0436248779297
v 145.76214599609375 254.4642791748047 166.7793731689453
v 180.5960235595703 253.42616271972656 167.5076446533203
v 145.64083862304688 255.33297729492188 166.9462432861328
v 146.0977325439453 254.80931091308594 167.4703826904297
v 180.08355712890625 254.78445434570312 167.19822692871094
v 179.26507568359375 256.12506103515625 167.3060760498047
v 145.64610290527344 256.7248229980469 167.08070373535156
v 178.38226318359375 257.25909423828125 167.51629638671875
v 145.71035766601562 257.5335693359375 166.81651306152344
v 146.02890014648438 257.2890625 167.54745483398438
v 146.13116455078125 257.9109802246094 167.24037170410156
v 146.58248901367188 258.5328369140625 167.13922119140625
v 147.25233459472656 259.03143310546875 167.4162139892578
v 147.78060913085938 259.4604187011719 166.8542022705078
v 147.88279724121094 259.3439636230469 167.70196533203125
v 148.39511108398438 259.6419372558594 167.1483917236328
v 175.43521118164062 260.33203125 167.30816650390625
v 174.31332397460938 261.2313232421875 166.98764038085938
v 173.0496826171875 262.0031433105469 167.24819946289062
v 165.476318359375 262.7145690917969 167.54884338378906
v 167.37025451660156 262.9283752441406 167.26446533203125
v 169.08773803710938 262.9774169921875 167.27188110351562
v 170.73263549804688 262.7751159667969 167.2783203125
v 171.6431884765625 262.5944519042969 167.62545776367188
v 168.58074951171875 242.60714721679688 167.67269897460938
v 171.06356811523438 242.5052947998047 167.59927368164062
v 172.83778381347656 242.62925720214844 167.67027282714844
v 173.788330078125 242.71530151367188 167.6540069580078
v 162.69854736328125 243.6939697265625 167.66763305664062
v 167.14175415039062 242.9380645751953 168.19821166992188
v 168.89666748046875 242.8630828857422 168.44676208496094
v 170.11767578125 242.8862762451172 168.5906524658203
v 171.3488006591797 242.79092407226562 168.34829711914062
v 172.505859375 242.87710571289062 168.41319274902344
v 174.36807250976562 243.0552978515625 168.3103790283203
v 177.8007049560547 243.577880859375 167.6862030029297
v 160.45729064941406 244.40731811523438 167.9239044189453
v 162.09861755371094 244.10296630859375 168.255615234375
v 162.94740295410156 243.9608154296875 168.395263671875
v 178.3356475830078 243.89730834960938 168.22027587890625
v 180.07655334472656 244.35952758789062 168.087890625
v 180.85678100585938 244.56629943847656 167.87477111816406
v 181.5731964111328 244.82423400878906 167.6401824951172
v 157.4679412841797 245.37034606933594 167.93247985839844
v 158.27296447753906 245.18968200683594 168.0883331298828
v 159.90524291992188 244.86117553710938 168.43540954589844
v 181.3314971923828 245.05984497070312 168.35086059570312
v 181.97830200195312 245.35574340820312 168.0455780029297
v 182.5567169189453 245.7417449951172 167.65013122558594
v 154.42848205566406 246.607421875 168.0292510986328
v 156.90016174316406 245.83096313476562 168.47779846191406
v 182.26760864257812 245.98081970214844 168.32382202148438
v 182.75282287597656 246.44125366210938 167.86709594726562
v 153.3433380126953 247.2780303955078 168.10604858398438
v 182.73809814453125 247.1141357421875 168.1350860595703
v 152.2776641845703 248.10214233398438 168.19161987304688
v 182.81265258789062 247.82537841796875 167.90574645996094
v 150.55162048339844 249.43150329589844 167.9458770751953
v 151.9013671875 248.6912384033203 168.6020050048828
v 182.6925048828125 248.62742614746094 167.7378387451172
v 182.39031982421875 248.3736114501953 168.42950439453125
v 149.81088256835938 250.7398223876953 168.6205291748047
v 147.64764404296875 252.4878387451172 167.8449249267578
v 148.86903381347656 251.77566528320312 168.5382537841797
v 146.8167266845703 253.58433532714844 167.74925231933594
v 146.6150360107422 254.35801696777344 167.9600372314453
v 146.44342041015625 255.17539978027344 168.1006622314453
v 145.87864685058594 256.2297668457031 167.54441833496094
v 146.28721618652344 256.07208251953125 168.1275634765625
v 179.60037231445312 255.4487762451172 167.6772003173828
v 179.4296875 255.27769470214844 168.44595336914062
v 146.0038299560547 256.66448974609375 167.72430419921875
v 146.36074829101562 256.904541015625 168.22613525390625
v 178.80740356445312 256.6391296386719 167.82606506347656
v 146.5705108642578 257.8266906738281 168.09275817871094
v 177.43496704101562 258.29425048828125 168.17018127441406
v 146.9512176513672 258.5577392578125 167.90928649902344
v 147.43463134765625 258.8975524902344 168.20448303222656
v 148.04022216796875 259.2023620605469 168.50094604492188
v 176.4253387451172 259.3567199707031 168.2713165283203
v 148.61355590820312 259.58331298828125 167.8994140625
v 150.49095153808594 259.9993896484375 168.05133056640625
v 151.99656677246094 260.28997802734375 168.2991485595703
v 175.44253540039062 260.33270263671875 168.28353881835938
v 174.30410766601562 261.2861633300781 168.19947814941406
v 159.3963623046875 261.69683837890625 168.34706115722656
v 172.41883850097656 262.3397521972656 167.9464111328125
v 173.6901397705078 261.7225646972656 168.54612731933594
v 167.20416259765625 262.97979736328125 168.27117919921875
v 170.978759765625 262.80615234375 168.37611389160156
v 164.68370056152344 243.68026733398438 168.67225646972656
v 166.2732696533203 243.50851440429688 169.0718536376953
v 168.17945861816406 243.196044921875 169.0537567138672
v 170.1981658935547 243.28721618652344 169.4121856689453
v 171.16786193847656 243.15748596191406 169.15345764160156
v 173.17359924316406 243.26625061035156 169.0931396484375
v 174.9423370361328 243.45013427734375 168.8894805908203
v 175.82688903808594 243.5552215576172 168.73634338378906
v 161.56541442871094 244.56076049804688 168.78529357910156
v 162.41334533691406 244.41822814941406 168.94580078125
v 164.13763427734375 244.12831115722656 169.23097229003906
v 164.99325561523438 243.98953247070312 169.37814331054688
v 176.43887329101562 243.98117065429688 169.30274963378906
v 177.3412322998047 244.0935821533203 169.14866638183594
v 179.177734375 244.54464721679688 169.06698608398438
v 180.6232147216797 244.82977294921875 168.59552001953125
v 159.3887176513672 245.3356475830078 168.93768310546875
v 161.08807373046875 245.05178833007812 169.28042602539062
v 161.944580078125 244.9120635986328 169.44834899902344
v 180.33285522460938 245.14479064941406 169.2736358642578
v 181.04176330566406 245.36013793945312 169.01834106445312
v 181.69097900390625 245.6334686279297 168.7087860107422
v 154.7602996826172 246.7853546142578 168.63868713378906
v 155.54946899414062 246.5380401611328 168.82473754882812
v 156.3691864013672 246.32798767089844 169.01220703125
v 181.33360290527344 245.97927856445312 169.33888244628906
v 181.9248046875 246.31971740722656 168.95277404785156
v 182.42068481445312 246.6624755859375 168.51548767089844
v 153.6391143798828 247.54290771484375 168.80276489257812
v 154.3624267578125 247.29925537109375 169.08717346191406
v 155.90145874023438 246.85142517089844 169.52056884765625
v 182.04885864257812 247.19821166992188 169.08790588378906
v 182.4734344482422 247.12628173828125 168.5913543701172
v 182.4676055908203 247.6150360107422 168.55369567871094
v 182.0424346923828 248.08448791503906 169.04635620117188
v 150.84414672851562 249.69630432128906 168.67947387695312
v 152.8973846435547 248.67556762695312 169.5845947265625
v 181.8953094482422 248.87498474121094 168.92962646484375
v 181.68017578125 249.64663696289062 168.71713256835938
v 181.36293029785156 249.3389892578125 169.4032745361328
v 181.1417236328125 250.1131591796875 169.16860961914062
v 149.8225555419922 251.72938537597656 169.59823608398438
v 180.66293334960938 251.68800354003906 168.68023681640625
v 147.53286743164062 254.32261657714844 169.0260009765625
v 146.8104705810547 255.5411376953125 168.73117065429688
v 179.65304565429688 254.54278564453125 168.6155548095703
v 146.77223205566406 257.1400451660156 168.88931274414062
v 147.1118927001953 256.6459655761719 169.4630126953125
v 178.72689819335938 256.4530944824219 168.6671905517578
v 178.5693817138672 256.2507019042969 169.46141052246094
v 146.97091674804688 257.7605895996094 169.01589965820312
v 147.100341796875 258.3365173339844 168.60556030273438
v 147.33116149902344 258.1368103027344 169.3118896484375
v 147.61172485351562 258.70257568359375 168.95631408691406
v 148.20492553710938 259.0149841308594 169.2872314453125
v 148.73733520507812 259.4505615234375 168.78688049316406
v 148.86097717285156 259.2828674316406 169.60958862304688
v 149.37615966796875 259.61834716796875 169.1125946044922
v 152.2083282470703 260.37493896484375 169.20895385742188
v 153.47959899902344 260.6700439453125 169.3030242919922
v 174.56341552734375 261.0999450683594 169.22679138183594
v 172.59011840820312 262.30194091796875 169.1255645751953
v 173.35406494140625 261.930419921875 169.25045776367188
v 166.41233825683594 262.977294921875 169.41400146484375
v 168.1795196533203 263.0481262207031 169.2054443359375
v 169.31129455566406 263.0216064453125 169.0450897216797
v 170.44448852539062 262.9243469238281 169.2484588623047
v 171.29415893554688 262.7665100097656 169.35855102539062
v 171.95108032226562 262.5690612792969 169.50411987304688
v 169.29324340820312 243.5531768798828 169.82171630859375
v 171.8902587890625 243.51841735839844 169.7303924560547
v 163.66653442382812 244.61795043945312 169.75665283203125
v 167.14337158203125 244.05967712402344 170.2637939453125
v 171.28939819335938 243.88973999023438 170.33074951171875
v 172.43075561523438 243.95445251464844 170.31727600097656
v 173.3699188232422 244.0359649658203 170.2776336669922
v 174.24049377441406 244.12408447265625 170.2021026611328
v 175.14283752441406 244.23068237304688 170.11598205566406
v 177.83468627929688 244.5672607421875 169.73704528808594
v 178.7651824951172 244.77235412597656 169.63690185546875
v 164.91986083984375 244.80972290039062 170.5321807861328
v 165.76034545898438 244.6681671142578 170.6850128173828
v 176.30789184570312 244.7698211669922 170.57919311523438
v 178.28836059570312 245.10394287109375 170.30699157714844
v 179.17938232421875 245.29763793945312 170.13229370117188
v 179.9610595703125 245.49533081054688 169.91790771484375
v 180.67677307128906 245.71371459960938 169.65541076660156
v 156.72216796875 246.6618194580078 169.6885223388672
v 157.5987091064453 246.49468994140625 169.84616088867188
v 179.53591918945312 245.87213134765625 170.53648376464844
v 180.25128173828125 246.1024932861328 170.26622009277344
v 180.90774536132812 246.37271118164062 169.94296264648438
v 181.49966430664062 246.69784545898438 169.56051635742188
v 154.72903442382812 247.60430908203125 169.75198364257812
v 158.1599578857422 246.8995361328125 170.5902557373047
v 180.45132446289062 246.794677734375 170.51406860351562
v 181.03524780273438 247.11685180664062 170.12551879882812
v 181.50807189941406 247.36550903320312 169.72718811035156
v 155.87652587890625 247.73391723632812 170.60598754882812
v 181.09457397460938 248.01422119140625 170.15158081054688
v 181.6824951171875 247.84603881835938 169.5460968017578
v 151.83151245117188 249.63006591796875 169.72877502441406
v 181.54017639160156 248.54000854492188 169.55276489257812
v 180.46214294433594 249.4056854248047 170.47991943359375
v 180.27078247070312 250.1826629638672 170.2832489013672
v 151.10826110839844 250.97564697265625 170.42987060546875
v 179.84376525878906 251.7313690185547 169.84225463867188
v 179.3304901123047 252.1533660888672 170.30023193359375
v 147.70327758789062 255.4689178466797 169.84210205078125
v 148.820556640625 254.6601104736328 170.718994140625
v 178.93240356445312 254.7105255126953 169.86244201660156
v 178.4974365234375 255.2843017578125 170.3906707763672
v 147.55535888671875 256.23236083984375 169.96554565429688
v 178.7825927734375 255.50857543945312 169.68211364746094
v 147.14024353027344 257.3311462402344 169.50723266601562
v 147.48524475097656 256.96368408203125 170.0060272216797
v 147.20257568359375 257.7445983886719 169.4844970703125
v 147.5719451904297 257.7269287109375 169.94656372070312
v 177.68252563476562 257.6166687011719 169.91043090820312
v 147.82705688476562 258.4557800292969 169.6710662841797
v 148.11378479003906 258.20343017578125 170.33181762695312
v 148.4127960205078 258.79541015625 170.02610778808594
v 149.06272888183594 259.088623046875 170.38243103027344
v 176.9102783203125 258.69439697265625 169.8631591796875
v 151.2311553955078 260.0688781738281 170.19586181640625
v 151.94322204589844 260.2966613769531 170.15843200683594
v 175.46884155273438 260.22271728515625 170.31484985351562
v 176.02398681640625 259.67742919921875 170.0948028564453
v 152.69322204589844 260.5263977050781 170.46624755859375
v 174.27476501464844 261.2879943847656 170.3145294189453
v 173.1402587890625 262.0278015136719 170.1387481689453
v 163.57162475585938 262.7113037109375 170.53582763671875
v 166.25491333007812 262.9969787597656 170.19284057617188
v 168.1711883544922 263.0598449707031 170.24282836914062
v 170.15403747558594 262.9571533203125 170.22312927246094
v 171.74586486816406 262.6231384277344 170.2748260498047
v 166.6558074951172 244.55140686035156 170.83041381835938
v 167.6310577392578 244.41799926757812 170.88414001464844
v 168.63571166992188 244.3211669921875 170.89854431152344
v 169.99435424804688 244.41830444335938 171.11048889160156
v 172.37765502929688 244.9033203125 171.5591583251953
v 174.24549865722656 244.85723876953125 171.18519592285156
v 177.89886474609375 245.4970245361328 170.959716796875
v 178.75355529785156 245.66978454589844 170.76283264160156
v 160.6772918701172 246.42819213867188 170.85848999023438
v 164.01004028320312 245.8705291748047 171.4403076171875
v 164.82969665527344 245.70669555664062 171.58880615234375
v 177.5578155517578 245.8988037109375 171.5418701171875
v 178.34393310546875 246.06654357910156 171.35684204101562
v 179.10049438476562 246.27037048339844 171.1251678466797
v 179.8035430908203 246.51304626464844 170.84613037109375
v 156.67642211914062 247.55746459960938 170.794921875
v 159.2307586669922 247.11026000976562 171.21868896484375
v 179.3561248779297 246.93601989746094 171.38699340820312
v 179.99295043945312 247.24136352539062 171.04574584960938
v 180.5725555419922 247.55068969726562 170.64405822753906
v 180.09976196289062 248.1166534423828 171.12667846679688
v 180.6137237548828 248.07431030273438 170.67237854003906
v 153.54852294921875 249.33544921875 170.93087768554688
v 180.58132934570312 248.6080780029297 170.61892700195312
v 151.7706298828125 250.61314392089844 170.7986297607422
v 152.44271850585938 250.27236938476562 171.09906005859375
v 179.50247192382812 249.4830780029297 171.50006103515625
v 151.11143493652344 251.96255493164062 171.36318969726562
v 178.998046875 251.7894744873047 170.92503356933594
v 178.57115173339844 252.195068359375 171.30514526367188
v 178.24388122558594 254.11386108398438 171.21253967285156
v 178.17489624023438 255.0432891845703 171.07508850097656
v 148.96470642089844 255.73390197753906 171.5064239501953
v 178.04396057128906 256.0335693359375 170.8750762939453
v 147.83050537109375 257.2201843261719 170.43797302246094
v 177.75372314453125 256.8442687988281 170.97116088867188
v 148.02003479003906 257.64849853515625 170.55889892578125
v 148.45175170898438 257.89654541015625 170.9369659423828
v 177.3899688720703 257.28411865234375 171.44776916503906
v 177.13775634765625 257.9703674316406 171.17379760742188
v 148.67617797851562 258.53863525390625 170.71795654296875
v 148.98472595214844 258.2304382324219 171.37838745117188
v 149.29296875 258.84765625 171.13157653808594
v 176.79510498046875 258.61962890625 170.82427978515625
v 176.2900848388672 259.11883544921875 171.33546447753906
v 149.76522827148438 259.35699462890625 170.74900817871094
v 149.93734741210938 259.1487121582031 171.5448455810547
v 150.37600708007812 259.56768798828125 171.12350463867188
v 151.1741943359375 259.93603515625 171.038818359375
v 175.33779907226562 260.2002868652344 171.42237854003906
v 154.20516967773438 260.8768005371094 171.03335571289062
v 174.84564208984375 260.7566223144531 170.9521484375
v 174.2808837890625 261.1817321777344 171.44435119628906
v 172.29981994628906 262.3491516113281 171.32493591308594
v 173.7046661376953 261.6570739746094 170.8766326904297
v 163.51821899414062 262.7771301269531 171.41001892089844
v 165.2481231689453 262.972412109375 171.2010955810547
v 167.2002410888672 263.0565490722656 171.19735717773438
v 168.1981201171875 263.0526123046875 171.2437286376953
v 169.17535400390625 263.0125732421875 171.26966857910156
v 170.91781616210938 262.8086242675781 171.13729858398438
v 166.5040740966797 245.47708129882812 171.93649291992188
v 167.2551727294922 245.46714782714844 172.12448120117188
v 168.17332458496094 245.22265625 171.98928833007812
v 169.34188842773438 245.20867919921875 172.08438110351562
v 170.39894104003906 245.29559326171875 172.1945343017578
v 171.51443481445312 245.29034423828125 172.11318969726562
v 173.0914306640625 245.35043334960938 171.95262145996094
v 175.0061492919922 245.58953857421875 171.88876342773438
v 175.8201141357422 245.6068115234375 171.74075317382812
v 176.72897338867188 245.7350616455078 171.64930725097656
v 166.02047729492188 245.9991912841797 172.3281707763672
v 172.641357421875 245.83583068847656 172.49546813964844
v 174.49066162109375 245.96954345703125 172.324462890625
v 176.28952026367188 246.1613006591797 172.16693115234375
v 177.13662719726562 246.297607421875 172.05238342285156
v 177.9208526611328 246.47650146484375 171.8944091796875
v 178.66189575195312 246.689208984375 171.6713104248047
v 160.29385375976562 247.3643035888672 171.82647705078125
v 161.20066833496094 247.37364196777344 172.0842742919922
v 163.04556274414062 247.0013427734375 172.25277709960938
v 177.4833221435547 246.90367126464844 172.35360717773438
v 178.2079620361328 247.12716674804688 172.15792846679688
v 178.90733337402344 247.3890380859375 171.8779754638672
v 179.5403594970703 247.65420532226562 171.53346252441406
v 156.6322021484375 248.47825622558594 171.7955780029297
v 157.44944763183594 248.3154296875 171.95339965820312
v 158.2793731689453 248.1795654296875 172.0961456298828
v 159.1167449951172 248.0740966796875 172.23031616210938
v 160.82676696777344 247.831298828125 172.41107177734375
v 178.43350219726562 247.84146118164062 172.31126403808594
v 179.11582946777344 248.1952667236328 171.94778442382812
v 179.61886596679688 248.15155029296875 171.58309936523438
v 154.61300659179688 249.45045471191406 171.7958221435547
v 155.39779663085938 249.24588012695312 172.0137939453125
v 179.5965576171875 248.67909240722656 171.5782012939453
v 178.98300170898438 249.09596252441406 172.06329345703125
v 153.44837951660156 250.31661987304688 171.97894287109375
v 178.93023681640625 249.93963623046875 171.92015075683594
v 151.7525634765625 251.58836364746094 171.74639892578125
v 152.4100341796875 251.25340270996094 172.08290100097656
v 153.09217834472656 250.96133422851562 172.36614990234375
v 152.1127471923828 251.92112731933594 172.3827362060547
v 177.65740966796875 251.6171112060547 172.5957794189453
v 177.41278076171875 253.47218322753906 172.4952850341797
v 150.92665100097656 253.68792724609375 172.56735229492188
v 177.32469177246094 254.32110595703125 172.49444580078125
v 150.08526611328125 254.83340454101562 172.44219970703125
v 177.4392547607422 255.10067749023438 172.2289276123047
v 148.8238067626953 256.5191955566406 171.5707244873047
v 177.2957763671875 256.1610412597656 172.21690368652344
v 148.77621459960938 257.0366516113281 171.5704345703125
v 149.2443084716797 257.0046081542969 172.1193084716797
v 177.58489990234375 256.5177307128906 171.58535766601562
v 177.1477508544922 257.026611328125 172.12315368652344
v 149.33578491210938 257.87310791015625 172.0264434814453
v 176.94699096679688 257.7762451171875 171.9343719482422
v 149.56968688964844 258.57373046875 171.8485107421875
v 149.88729858398438 258.29107666015625 172.54827880859375
v 150.19436645507812 258.9378662109375 172.30709838867188
v 176.659423828125 258.4674072265625 171.66470336914062
v 176.45050048828125 258.2708740234375 172.41119384765625
v 176.14349365234375 258.95806884765625 172.14662170410156
v 150.63937377929688 259.4787292480469 171.87513732910156
v 151.49681091308594 259.8562927246094 172.2515106201172
v 152.2802276611328 260.2452087402344 172.26205444335938
v 175.23287963867188 260.0633544921875 172.3035888671875
v 152.86119079589844 260.5241394042969 171.81076049804688
v 152.87008666992188 260.41668701171875 172.6651153564453
v 153.42999267578125 260.65863037109375 172.16445922851562
v 154.243408203125 260.8449401855469 171.98341369628906
v 174.79446411132812 260.6459045410156 171.92459106445312
v 174.2487030029297 261.03887939453125 172.3606414794922
v 157.86602783203125 261.58319091796875 172.62672424316406
v 159.9329071044922 262.0510559082031 172.186279296875
v 160.94944763183594 262.27783203125 172.22735595703125
v 173.06793212890625 261.8884582519531 172.13328552246094
v 172.385498046875 262.1944885253906 172.44970703125
v 165.26231384277344 263.0037841796875 172.17007446289062
v 167.22569274902344 263.0487365722656 172.20574951171875
v 169.1968994140625 262.9675598144531 172.2457275390625
v 170.10983276367188 262.87347412109375 172.2025909423828
v 171.6637725830078 262.5574951171875 171.83126831054688
v 167.66201782226562 245.8079833984375 172.54806518554688
v 169.49974060058594 245.6273956298828 172.5547332763672
v 169.9954833984375 245.8066864013672 172.72764587402344
v 171.76101684570312 245.78765869140625 172.57620239257812
v 164.75086975097656 246.71884155273438 172.56414794921875
v 165.5982208251953 246.58714294433594 172.71621704101562
v 167.19615173339844 246.2679901123047 172.87171936035156
v 169.0847625732422 246.19898986816406 173.01976013183594
v 171.09420776367188 246.3102264404297 173.06362915039062
v 173.9130401611328 246.49790954589844 172.8257293701172
v 174.86741638183594 246.6062469482422 172.74853515625
v 175.83145141601562 246.6971435546875 172.64085388183594
v 176.71340942382812 246.76373291015625 172.50115966796875
v 164.380126953125 247.35440063476562 172.93411254882812
v 165.2286376953125 247.22491455078125 173.08087158203125
v 166.1139373779297 247.09523010253906 173.21420288085938
v 168.22959899902344 246.86563110351562 173.41915893554688
v 169.22210693359375 246.86648559570312 173.48297119140625
v 172.3925323486328 246.96627807617188 173.38381958007812
v 173.30935668945312 247.0646514892578 173.30316162109375
v 176.37603759765625 247.3986358642578 172.88595581054688
v 177.10540771484375 247.32606506347656 172.6834259033203
v 177.74362182617188 247.5750274658203 172.55569458007812
v 161.29701232910156 248.23263549804688 172.81515502929688
v 174.48536682128906 247.90316772460938 173.5525360107422
v 175.21315002441406 248.15773010253906 173.49635314941406
v 177.98495483398438 248.2183074951172 172.62644958496094
v 178.52500915527344 248.5802001953125 172.39852905273438
v 156.63272094726562 249.47996520996094 172.78260803222656
v 158.26014709472656 249.08596801757812 172.9020233154297
v 177.94412231445312 248.96217346191406 172.719970703125
v 178.51129150390625 249.0825958251953 172.44056701660156
v 154.58409118652344 250.4840087890625 172.84234619140625
v 156.230712890625 250.0956268310547 173.2204132080078
v 162.7356719970703 249.51800537109375 173.81996154785156
v 176.4547882080078 249.73207092285156 173.55738830566406
v 178.44895935058594 249.58023071289062 172.41165161132812
v 153.4936065673828 251.35919189453125 173.0028839111328
v 177.09463500976562 252.03485107421875 173.07969665527344
v 176.57725524902344 251.56459045410156 173.59442138671875
v 177.0034942626953 252.99575805664062 173.0364532470703
v 176.45452880859375 253.45828247070312 173.5494842529297
v 176.3544464111328 254.30996704101562 173.58590698242188
v 150.44236755371094 255.19827270507812 173.12107849121094
v 149.72640991210938 256.4822998046875 172.71731567382812
v 150.29978942871094 256.138671875 173.39724731445312
v 176.9315643310547 255.77525329589844 172.79759216308594
v 176.40670776367188 256.29901123046875 173.33023071289062
v 150.08828735351562 257.12359619140625 173.26109313964844
v 176.81748962402344 256.7158203125 172.745849609375
v 176.30615234375 257.22674560546875 173.24278259277344
v 149.71054077148438 257.5549621582031 172.66342163085938
v 150.22372436523438 258.00408935546875 173.23110961914062
v 176.6705322265625 257.5373229980469 172.6151580810547
v 176.1510467529297 258.0279235839844 173.09202575683594
v 150.4713134765625 258.7128601074219 173.05665588378906
v 175.9161834716797 258.75238037109375 172.88323974609375
v 150.85243225097656 259.3006896972656 172.73605346679688
v 151.06787109375 259.1141052246094 173.50831604003906
v 151.42605590820312 259.57452392578125 173.14791870117188
v 152.15257263183594 259.98858642578125 173.16661071777344
v 153.0023651123047 260.2967529296875 173.51187133789062
v 175.06106567382812 259.8755187988281 173.08030700683594
v 153.63148498535156 260.6190185546875 172.8768310546875
v 174.69482421875 260.48419189453125 172.75924682617188
v 174.5031280517578 260.2938537597656 173.5148468017578
v 174.13327026367188 260.8776550292969 173.16575622558594
v 157.8413543701172 261.57452392578125 173.19802856445312
v 173.01409912109375 261.7501220703125 173.0459747314453
v 172.30166625976562 262.0605773925781 173.35623168945312
v 173.6624755859375 261.4047546386719 172.7237548828125
v 173.52346801757812 261.25238037109375 173.5234375
v 162.43849182128906 262.62939453125 173.1542205810547
v 163.2516632080078 262.77197265625 173.2671661376953
v 164.2517547607422 262.91070556640625 173.13485717773438
v 166.26449584960938 263.01739501953125 173.16000366210938
v 167.26153564453125 263.0035400390625 173.19577026367188
v 168.2428436279297 262.9592590332031 173.2100372314453
v 170.08367919921875 262.7893981933594 173.10264587402344
v 170.91246032714844 262.6446533203125 172.96701049804688
v 171.67803955078125 262.4447021484375 172.75772094726562
v 171.55491638183594 262.3310241699219 173.5889892578125
v 166.66470336914062 247.6600799560547 173.64979553222656
v 167.63673400878906 247.53794860839844 173.7333984375
v 170.9646759033203 247.4442901611328 173.83908081054688
v 171.80453491210938 247.5349884033203 173.82257080078125
v 173.06886291503906 248.32223510742188 174.06687927246094
v 172.5889434814453 248.87799072265625 174.44871520996094
v 174.20587158203125 249.1389617919922 174.1871795654297
v 175.75375366210938 249.5000762939453 173.8118896484375
v 161.51318359375 250.18630981445312 174.09129333496094
v 165.23487854003906 249.988037109375 174.5435028076172
v 175.252685546875 250.03353881835938 174.1688995361328
v 176.5681610107422 250.23919677734375 173.59359741210938
v 154.67849731445312 251.53477478027344 173.8775634765625
v 158.05108642578125 250.8628387451172 174.39175415039062
v 159.1810760498047 250.90065002441406 174.518310546875
v 161.2946319580078 250.78578186035156 174.51092529296875
v 163.0303955078125 250.57351684570312 174.5123748779297
v 175.43499755859375 250.7993621826172 174.27789306640625
v 176.59982299804688 250.75057983398438 173.59762573242188
v 155.83642578125 251.70846557617188 174.60928344726562
v 175.94798278808594 252.9590301513672 174.0255584716797
v 175.50326538085938 254.26393127441406 174.30352783203125
v 151.34408569335938 255.10667419433594 174.15013122558594
v 151.94703674316406 254.73252868652344 174.4821319580078
v 150.7361602783203 256.1927185058594 174.05746459960938
v 151.14102172851562 255.83895874023438 174.38417053222656
v 175.90170288085938 255.7689666748047 173.8905792236328
v 175.2384033203125 256.1812744140625 174.40919494628906
v 150.62277221679688 256.9239196777344 174.0657958984375
v 175.850341796875 256.7972412109375 173.8302459716797
v 175.3129425048828 257.28472900390625 174.26840209960938
v 150.59182739257812 257.755126953125 173.91363525390625
v 175.7692108154297 257.7059020996094 173.71530151367188
v 175.2137908935547 258.1520080566406 174.1636962890625
v 150.76834106445312 258.4982604980469 173.76568603515625
v 151.09056091308594 258.2938232421875 174.4130859375
v 151.34228515625 258.9441223144531 174.20364379882812
v 175.60165405273438 258.4933166503906 173.5594482421875
v 175.03311157226562 258.9308776855469 174.01434326171875
v 151.71163940429688 259.4948425292969 173.84585571289062
v 152.50682067871094 259.8478698730469 174.1897430419922
v 153.2386016845703 260.20489501953125 174.1911163330078
v 174.7963409423828 259.64410400390625 173.79779052734375
v 174.44427490234375 259.34320068359375 174.45408630371094
v 174.20977783203125 260.056640625 174.2235565185547
v 153.78001403808594 260.5196838378906 173.70066833496094
v 153.8805694580078 260.3259582519531 174.44683837890625
v 154.5673065185547 260.6817321777344 173.87649536132812
v 173.91824340820312 260.6943664550781 173.90533447265625
v 173.2918243408203 261.06744384765625 174.24952697753906
v 157.7954864501953 261.4024963378906 174.62452697753906
v 159.3527069091797 261.87811279296875 173.9840850830078
v 160.4612274169922 262.1041259765625 174.3219451904297
v 172.0347137451172 261.89495849609375 174.22186279296875
v 171.31153869628906 262.22711181640625 174.2276153564453
v 172.84385681152344 261.596435546875 173.8566131591797
v 161.94683837890625 262.4900817871094 174.01869201660156
v 163.36032104492188 262.73187255859375 174.24642944335938
v 164.05496215820312 262.8537902832031 173.90280151367188
v 165.10816955566406 262.8962707519531 174.1769256591797
v 166.24378967285156 262.93377685546875 174.10171508789062
v 167.25091552734375 262.9049987792969 174.11865234375
v 168.2139892578125 262.83966064453125 174.1242218017578
v 169.1341094970703 262.7564697265625 174.0667724609375
v 170.00198364257812 262.6560363769531 173.94207763671875
v 170.80113220214844 262.52899169921875 173.76690673828125
v 170.65646362304688 262.3271484375 174.50070190429688
v 171.1863555908203 248.7608642578125 174.5898895263672
v 170.2748260498047 249.2787628173828 174.84585571289062
v 172.14833068847656 249.37985229492188 174.75831604003906
v 173.17446899414062 250.21188354492188 174.87258911132812
v 173.88092041015625 250.45411682128906 174.75682067871094
v 174.68565368652344 250.63406372070312 174.54461669921875
v 156.6546173095703 251.53697204589844 174.7250213623047
v 157.569580078125 251.4394989013672 174.818603515625
v 160.2178192138672 251.38717651367188 174.94866943359375
v 169.72030639648438 250.71810913085938 175.47097778320312
v 172.21151733398438 251.16748046875 175.39234924316406
v 174.03463745117188 251.31832885742188 174.9069061279297
v 154.6616973876953 252.5472869873047 174.7720947265625
v 155.41229248046875 252.32833862304688 174.95648193359375
v 156.20755004882812 252.14874267578125 175.09515380859375
v 157.09474182128906 252.04591369628906 175.20989990234375
v 158.21018981933594 252.08265686035156 175.35757446289062
v 159.28701782226562 251.96612548828125 175.34942626953125
v 173.32754516601562 252.07876586914062 175.24563598632812
v 174.95135498046875 252.21275329589844 174.67906188964844
v 175.3538360595703 251.89877319335938 174.4617156982422
v 153.58851623535156 253.43234252929688 174.80348205566406
v 154.28932189941406 253.1855010986328 175.043701171875
v 155.03163146972656 252.9817352294922 175.25027465820312
v 173.51467895507812 253.212158203125 175.27305603027344
v 174.8556671142578 252.9567413330078 174.7266845703125
v 152.59481811523438 254.39028930664062 174.77874755859375
v 153.275634765625 254.0924530029297 175.04220581054688
v 173.38572692871094 254.32142639160156 175.35963439941406
v 174.12464904785156 254.15847778320312 175.06048583984375
v 151.6854705810547 255.45684814453125 174.7163848876953
v 152.31431579589844 255.09881591796875 175.01043701171875
v 153.01278686523438 254.80653381347656 175.2688446044922
v 174.69729614257812 255.11399841308594 174.78201293945312
v 151.01454162597656 256.5770263671875 174.5297393798828
v 151.5121612548828 256.2459411621094 174.90228271484375
v 152.09756469726562 255.8481903076172 175.20436096191406
v 173.23641967773438 255.96160888671875 175.49398803710938
v 174.5005340576172 256.079345703125 174.90638732910156
v 150.95645141601562 257.07647705078125 174.5694580078125
v 151.42816162109375 257.1859130859375 175.002197265625
v 174.1858673095703 257.0547180175781 175.0858917236328
v 174.8406524658203 256.8961486816406 174.68692016601562
v 150.97520446777344 257.5709533691406 174.52911376953125
v 151.45297241210938 258.05255126953125 174.95037841796875
v 173.51715087890625 257.71038818359375 175.43411254882812
v 174.1461639404297 258.1210632324219 175.05999755859375
v 174.75839233398438 257.7123718261719 174.6693572998047
v 151.6431121826172 258.73388671875 174.81101989746094
v 173.55458068847656 258.60150146484375 175.38613891601562
v 174.04678344726562 258.9570617675781 174.98878479003906
v 174.63320922851562 258.5663757324219 174.59219360351562
v 151.9586944580078 259.3122863769531 174.55706787109375
v 152.2329559326172 259.0615234375 175.10882568359375
v 152.52435302734375 259.5191650390625 174.85682678222656
v 153.2196044921875 259.8455505371094 174.8542022705078
v 154.09967041015625 260.006103515625 175.12713623046875
v 173.79739379882812 259.7291564941406 174.90472412109375
v 154.6588134765625 260.47137451171875 174.63922119140625
v 154.91043090820312 260.1587829589844 175.31802368164062
v 157.92405700683594 261.2170715332031 175.41592407226562
v 173.60520935058594 260.4615173339844 174.5879669189453
v 173.20956420898438 260.19122314453125 175.16000366210938
v 172.97999572753906 260.8148193359375 174.8883819580078
v 158.6199188232422 261.5885314941406 174.8565673828125
v 159.57749938964844 261.7761535644531 175.15345764160156
v 161.1008758544922 262.1422424316406 175.10440063476562
v 162.0502166748047 262.2945556640625 175.3852081298828
v 171.30043029785156 261.8620300292969 174.88681030273438
v 170.41201782226562 262.0166931152344 175.2042236328125
v 172.01348876953125 261.540771484375 174.86856079101562
v 172.62210083007812 261.37408447265625 174.5675811767578
v 172.3227081298828 261.0638732910156 175.15687561035156
v 163.3793182373047 262.6421813964844 174.96725463867188
v 164.23947143554688 262.75042724609375 174.81857299804688
v 165.36093139648438 262.714599609375 175.22128295898438
v 166.23016357421875 262.78131103515625 174.96615600585938
v 167.16061401367188 262.7528381347656 174.92298889160156
v 168.0927276611328 262.6600646972656 174.93374633789062
v 168.9955596923828 262.5539855957031 174.87356567382812
v 169.84939575195312 262.44451904296875 174.72412109375
v 169.59014892578125 262.15313720703125 175.4287872314453
v 170.5626220703125 250.77975463867188 175.51683044433594
v 171.0653839111328 250.85035705566406 175.52989196777344
v 165.6473388671875 251.63101196289062 175.59217834472656
v 167.4873809814453 251.7791748046875 175.77084350585938
v 170.27444458007812 251.41761779785156 175.70960998535156
v 171.6832733154297 251.65335083007812 175.62353515625
v 155.82095336914062 252.8085479736328 175.41448974609375
v 156.65188598632812 252.67259216308594 175.53480529785156
v 158.44931030273438 252.7875213623047 175.80201721191406
v 160.20889282226562 252.53590393066406 175.73681640625
v 162.23158264160156 252.58059692382812 175.8173828125
v 163.3437042236328 252.41806030273438 175.7859649658203
v 165.2244110107422 252.13955688476562 175.82704162597656
v 166.00485229492188 252.25704956054688 175.9281463623047
v 170.1108856201172 252.20555114746094 175.88771057128906
v 170.97622680664062 252.0439910888672 175.79849243164062
v 171.7606201171875 252.49026489257812 175.72918701171875
v 154.74134826660156 253.67425537109375 175.50022888183594
v 155.5452117919922 253.529541015625 175.6890411376953
v 157.1579132080078 253.21038818359375 175.88624572753906
v 159.2239532470703 253.33042907714844 176.1111297607422
v 166.25692749023438 253.05056762695312 176.23928833007812
v 169.15811157226562 253.1135711669922 176.1105499267578
v 170.85145568847656 253.0550994873047 175.94503784179688
v 171.82801818847656 253.44114685058594 175.79331970214844
v 153.7657012939453 254.5809326171875 175.5032501220703
v 155.3748016357422 254.3041534423828 175.9244384765625
v 156.25071716308594 254.1864776611328 176.091796875
v 160.18894958496094 254.02597045898438 176.4625701904297
v 163.06256103515625 253.9857940673828 176.54635620117188
v 164.17762756347656 253.96067810058594 176.5654754638672
v 165.34536743164062 253.64999389648438 176.4580535888672
v 167.302978515625 254.17892456054688 176.5020294189453
v 169.9727325439453 253.9047393798828 176.1503448486328
v 171.90260314941406 254.4052734375 175.8207550048828
v 152.77658081054688 255.57763671875 175.46319580078125
v 153.57200622558594 255.4010009765625 175.70326232910156
v 154.42640686035156 255.24673461914062 175.921875
v 156.13206481933594 255.0217742919922 176.30409240722656
v 157.001708984375 254.89817810058594 176.44497680664062
v 170.2065887451172 255.06407165527344 176.21351623535156
v 152.01914978027344 256.6462707519531 175.3602294921875
v 152.55380249023438 256.2594299316406 175.5648193359375
v 153.30943298339844 256.3312683105469 175.84365844726562
v 154.25936889648438 256.17047119140625 176.06973266601562
v 155.1973114013672 256.040283203125 176.28440856933594
v 170.29393005371094 256.09515380859375 176.26495361328125
v 152.07261657714844 257.3605651855469 175.4693603515625
v 152.72784423828125 257.03741455078125 175.73818969726562
v 153.35064697265625 257.0130920410156 175.9629669189453
v 153.94712829589844 257.0372009277344 176.10311889648438
v 172.75357055664062 257.3730163574219 175.73025512695312
v 151.8553466796875 257.8466491699219 175.3275909423828
v 152.54434204101562 257.9942321777344 175.63583374023438
v 153.37033081054688 257.63037109375 175.95022583007812
v 155.1412353515625 258.1905517578125 176.37319946289062
v 155.90338134765625 257.6703796386719 176.62220764160156
v 171.25750732421875 257.8631896972656 176.17929077148438
v 172.86685180664062 258.355224609375 175.705322265625
v 152.01148986816406 258.4568176269531 175.28146362304688
v 152.5820770263672 258.735107421875 175.4829864501953
v 153.3756561279297 258.59527587890625 175.7760772705078
v 154.37942504882812 258.82843017578125 176.0118865966797
v 155.2954864501953 259.0213928222656 176.2613983154297
v 172.2269744873047 259.1962585449219 175.87661743164062
v 173.064697265625 259.15472412109375 175.57913208007812
v 173.57217407226562 259.2382507324219 175.28884887695312
v 152.9049835205078 259.2568359375 175.317626953125
v 153.71847534179688 259.4053649902344 175.51527404785156
v 154.57815551757812 259.5682373046875 175.73207092285156
v 155.37057495117188 259.7505187988281 175.91612243652344
v 155.94358825683594 259.3173828125 176.39071655273438
v 156.13941955566406 259.9456481933594 176.089111328125
v 170.38511657714844 259.9820251464844 176.3543243408203
v 171.4980926513672 259.9403076171875 176.00021362304688
v 172.2181854248047 260.03778076171875 175.7471923828125
v 172.7881317138672 259.8087158203125 175.56947326660156
v 173.30690002441406 259.6492919921875 175.34884643554688
v 155.71278381347656 260.331787109375 175.4835968017578
v 156.52865600585938 260.52777099609375 175.66744995117188
v 156.94741821289062 260.1433410644531 176.29342651367188
v 157.35421752929688 260.7359924316406 175.88986206054688
v 158.1640167236328 260.94580078125 176.13597106933594
v 171.09848022460938 260.7427062988281 175.8880615234375
v 170.272216796875 260.95819091796875 176.12733459472656
v 171.91163635253906 260.62774658203125 175.63739013671875
v 172.59938049316406 260.4653625488281 175.40383911132812
v 158.7341766357422 261.3989562988281 175.6829833984375
v 158.92991638183594 261.1432800292969 176.3732147216797
v 159.40249633789062 261.5186462402344 175.96096801757812
v 160.2515869140625 261.77105712890625 175.86236572265625
v 161.33737182617188 261.9122009277344 176.1756134033203
v 162.43116760253906 262.1155090332031 176.17127990722656
v 163.23680114746094 262.27508544921875 176.09576416015625
v 170.01239013671875 261.63232421875 175.8303680419922
v 169.52828979492188 261.2185974121094 176.3146209716797
v 169.21714782714844 261.804443359375 176.01377868652344
v 170.81411743164062 261.4537048339844 175.5899200439453
v 171.60606384277344 261.26336669921875 175.37173461914062
v 163.72874450683594 262.5302429199219 175.568115234375
v 164.03846740722656 262.2295837402344 176.29092407226562
v 164.66990661621094 262.5249328613281 175.7176971435547
v 165.1570281982422 262.083251953125 176.46853637695312
v 165.5576629638672 262.4524230957031 175.9031524658203
v 166.28099060058594 262.0843811035156 176.32765197753906
v 166.3147735595703 262.5155334472656 175.70352172851562
v 167.322021484375 262.1429443359375 176.10983276367188
v 167.01373291015625 262.56951904296875 175.5098876953125
v 167.8372039794922 262.4313659667969 175.59249877929688
v 168.36573791503906 261.9762268066406 176.1052703857422
v 168.74192810058594 262.2894287109375 175.56369018554688
v 158.4057159423828 254.7813720703125 176.630615234375
v 160.2501678466797 255.45297241210938 177.0424346923828
v 163.2632598876953 255.3770294189453 177.1102752685547
v 164.14122009277344 255.18765258789062 177.02183532714844
v 165.0186309814453 255.2035369873047 176.97642517089844
v 156.80186462402344 256.5343322753906 176.75192260742188
v 160.2745819091797 256.22357177734375 177.3490753173828
v 162.31719970703125 255.89352416992188 177.32427978515625
v 165.21484375 256.1553039550781 177.20928955078125
v 165.95858764648438 256.38043212890625 177.14259338378906
v 157.56773376464844 257.10498046875 177.00534057617188
v 159.3115692138672 257.0849914550781 177.44114685058594
v 163.6538543701172 256.779052734375 177.5724639892578
v 164.50247192382812 256.8706359863281 177.48451232910156
v 156.44415283203125 258.06048583984375 176.78128051757812
v 158.0840301513672 258.1044616699219 177.24179077148438
v 159.02481079101562 257.81475830078125 177.50648498535156
v 165.45689392089844 257.8271789550781 177.4840087890625
v 167.3455047607422 258.2855529785156 177.08901977539062
v 155.89158630371094 258.88970947265625 176.53219604492188
v 158.15255737304688 259.1130676269531 177.23080444335938
v 158.8414764404297 258.6534729003906 177.52012634277344
v 168.994384765625 259.1412658691406 176.7832489013672
v 157.51365661621094 259.6639709472656 176.82205200195312
v 158.37037658691406 259.91424560546875 177.1068878173828
v 165.63522338867188 259.5920715332031 177.58331298828125
v 167.0078582763672 259.7779846191406 177.22540283203125
v 169.63873291015625 260.027587890625 176.61634826660156
v 157.77183532714844 260.3645324707031 176.530517578125
v 158.55162048339844 260.6080017089844 176.75904846191406
v 159.0312957763672 260.2534484863281 177.25050354003906
v 159.29794311523438 260.8380432128906 176.95188903808594
v 166.96434020996094 260.63946533203125 177.0833282470703
v 166.04586791992188 260.7444152832031 177.3278350830078
v 168.12234497070312 260.8725280761719 176.77891540527344
v 169.0260467529297 260.82843017578125 176.62078857421875
v 169.64599609375 260.5273132324219 176.51611328125
v 159.700927734375 261.3416442871094 176.53517150878906
v 160.07164001464844 261.0333557128906 177.1190643310547
v 160.52296447753906 261.5152893066406 176.6903076171875
v 160.8386993408203 261.1843566894531 177.2620086669922
v 161.22337341308594 261.56689453125 176.91563415527344
v 162.0283966064453 261.7024230957031 176.8560333251953
v 163.2205047607422 261.8052673339844 176.8504638671875
v 164.3576202392578 261.7931823730469 176.91891479492188
v 165.15927124023438 261.5993957519531 177.03245544433594
v 166.0611114501953 261.4458312988281 176.9239959716797
v 165.47410583496094 261.1302490234375 177.31983947753906
v 167.16287231445312 261.50848388671875 176.6634521484375
v 167.9951171875 261.614013671875 176.482421875
v 168.75836181640625 261.4096374511719 176.44894409179688
v 161.27496337890625 256.6614685058594 177.61668395996094
v 162.78732299804688 256.7243347167969 177.61795043945312
v 159.8108673095703 257.57318115234375 177.654296875
v 160.4651641845703 257.27899169921875 177.70404052734375
v 162.2618408203125 257.514892578125 177.83741760253906
v 163.1412353515625 257.3563232421875 177.76919555664062
v 163.83250427246094 257.5546569824219 177.7313690185547
v 159.61166381835938 258.3763732910156 177.71485900878906
v 160.56541442871094 258.07891845703125 177.83314514160156
v 161.49151611328125 258.0397033691406 177.91622924804688
v 162.0552978515625 258.368408203125 177.9652099609375
v 162.96575927734375 258.20269775390625 177.91212463378906
v 164.72610473632812 258.52008056640625 177.7207489013672
v 158.84242248535156 259.3991394042969 177.47079467773438
v 159.3675079345703 259.0516357421875 177.67498779296875
v 160.09762573242188 259.0228576660156 177.80543518066406
v 161.19061279296875 258.94232177734375 177.92752075195312
v 162.2161407470703 259.087890625 177.9805450439453
v 163.11964416503906 259.10784912109375 177.96051025390625
v 163.96522521972656 259.2138671875 177.87962341308594
v 158.910888671875 259.8430480957031 177.4029541015625
v 159.47312927246094 259.71636962890625 177.5932159423828
v 160.40928649902344 259.8242492675781 177.75047302246094
v 161.45880126953125 259.9875183105469 177.84844970703125
v 162.42935180664062 259.7666320800781 177.94607543945312
v 163.16302490234375 259.9104309082031 177.9040985107422
v 164.0424041748047 260.01763916015625 177.819091796875
v 164.9111328125 260.1387939453125 177.6962890625
v 165.631591796875 260.33770751953125 177.54696655273438
v 159.77490234375 260.4207763671875 177.42214965820312
v 160.59722900390625 260.5971374511719 177.55911254882812
v 161.30418395996094 260.7799072265625 177.6129913330078
v 162.22686767578125 260.56488037109375 177.7443084716797
v 163.2439422607422 260.662109375 177.7173309326172
v 164.18898010253906 260.8079833984375 177.61322021484375
v 165.1060028076172 260.756103515625 177.55197143554688
v 165.59999084472656 260.75732421875 177.48121643066406
v 161.64764404296875 261.238525390625 177.35337829589844
v 162.58551025390625 261.2532043457031 177.38702392578125
v 163.40780639648438 261.2307434082031 177.43588256835938
v 163.9562225341797 261.42584228515625 177.2894744873047
v 164.7094268798828 261.28759765625 177.33990478515625
f 1 2 3
f 2 1 4
f 5 3 6
f 3 5 1
f 5 7 8
f 7 5 6
f 8 9 10
f 9 8 7
f 11 12 13
f 12 11 14
f 15 13 4
f 13 15 11
f 15 1 16
f 1 15 4
f 17 1 5
f 1 17 16
f 18 5 8
f 5 18 17
f 19 8 10
f 8 19 18
f 19 20 21
f 20 19 10
f 22 23 14
f 23 22 24
f 25 14 11
f 14 25 22
f 26 11 15
f 11 26 25
f 27 15 16
f 15 27 26
f 28 16 17
f 16 28 27
f 29 17 18
f 17 29 28
f 29 19 30
f 19 29 18
f 31 19 21
f 19 31 30
f 32 25 33
f 25 32 22
f 33 26 34
f 26 33 25
f 35 26 27
f 26 35 34
f 36 27 28
f 27 36 35
f 37 28 29
f 28 37 36
f 38 29 30
f 29 38 37
f 39 2 40
f 2 39 3
f 41 3 39
f 3 41 6
f 7 41 42
f 41 7 6
f 9 42 43
f 42 9 7
f 44 45 46
f 45 44 47
f 44 12 47
f 12 44 13
f 48 46 40
f 46 48 44
f 48 13 44
f 13 48 4
f 48 2 4
f 2 48 40
f 49 9 10
f 9 49 43
f 49 50 51
f 50 49 43
f 20 49 51
f 49 20 10
f 52 54 53
f 55 53 47
f 53 55 52
f 55 23 52
f 23 55 14
f 55 12 14
f 12 55 47
f 56 20 21
f 20 56 51
f 57 58 54
f 58 57 59
f 57 52 60
f 52 57 54
f 52 24 60
f 24 52 23
f 61 24 60
f 24 61 22
f 31 62 63
f 62 31 30
f 56 31 63
f 31 56 21
f 56 64 63
f 65 66 59
f 66 65 67
f 68 59 57
f 59 68 65
f 69 57 60
f 57 69 68
f 69 61 70
f 61 69 60
f 61 32 70
f 32 61 22
f 71 32 70
f 32 71 33
f 72 33 71
f 33 72 34
f 73 34 72
f 34 73 35
f 74 35 73
f 35 74 36
f 37 74 75
f 74 37 36
f 38 75 76
f 75 38 37
f 62 38 76
f 38 62 30
f 77 62 63
f 62 77 76
f 78 68 79
f 68 78 65
f 80 68 69
f 68 80 79
f 80 70 81
f 70 80 69
f 81 71 86
f 71 81 70
f 71 72 86
f 82 72 73
f 83 73 74
f 73 83 82
f 84 74 75
f 74 84 83
f 85 75 76
f 75 85 84
f 102 87 88
f 89 88 90
f 88 89 102
f 89 45 102
f 45 89 46
f 91 90 133
f 90 91 89
f 91 46 89
f 46 91 40
f 133 92 91
f 39 91 92
f 91 39 40
f 133 93 92
f 41 92 93
f 92 41 39
f 93 94 95
f 94 93 133
f 42 93 95
f 93 42 41
f 95 96 97
f 96 95 94
f 43 95 97
f 95 43 42
f 97 98 99
f 98 97 96
f 50 97 99
f 97 50 43
f 100 101 87
f 101 100 108
f 100 54 108
f 54 100 53
f 87 102 100
f 102 53 100
f 53 102 47
f 102 45 47
f 103 50 51
f 50 103 99
f 103 142 109
f 142 103 99
f 104 105 106
f 105 104 107
f 106 108 104
f 108 58 104
f 58 108 54
f 109 51 56
f 51 109 103
f 109 64 56
f 110 111 107
f 111 110 112
f 113 107 104
f 107 113 110
f 113 66 110
f 66 113 59
f 113 58 59
f 58 113 104
f 114 64 63
f 112 110 115
f 110 67 115
f 67 110 66
f 116 67 115
f 67 116 65
f 117 77 76
f 77 114 63
f 116 78 118
f 78 116 65
f 119 78 118
f 78 119 79
f 120 79 119
f 79 120 80
f 86 80 120
f 80 86 81
f 72 121 82
f 121 72 86
f 84 124 125
f 124 84 83
f 125 85 84
f 85 117 76
f 122 120 123
f 120 122 119
f 86 123 120
f 175 82 83
f 82 175 121
f 175 124 126
f 124 175 83
f 127 128 129
f 128 127 130
f 127 87 130
f 87 127 88
f 129 88 127
f 88 129 90
f 132 131 182
f 131 132 129
f 132 90 129
f 90 132 133
f 132 183 133
f 183 132 182
f 94 133 134
f 134 184 135
f 96 134 135
f 134 96 94
f 135 136 137
f 136 135 184
f 98 135 137
f 135 98 96
f 137 138 139
f 138 137 136
f 140 141 187
f 141 140 151
f 187 130 140
f 130 101 140
f 101 130 87
f 142 98 99
f 98 142 137
f 142 139 143
f 139 142 137
f 143 144 145
f 144 143 139
f 145 146 147
f 146 145 144
f 148 191 149
f 191 148 150
f 149 151 148
f 151 105 148
f 105 151 106
f 106 151 140
f 106 101 108
f 101 106 140
f 143 142 109
f 143 145 152
f 153 145 147
f 145 153 152
f 154 147 155
f 147 154 153
f 156 157 158
f 157 156 159
f 160 158 150
f 158 160 156
f 161 150 148
f 150 161 160
f 161 111 160
f 111 161 107
f 161 105 107
f 105 161 148
f 162 109 64
f 109 162 143
f 152 162 143
f 162 152 153
f 163 164 159
f 164 163 165
f 166 159 156
f 159 166 163
f 167 156 160
f 156 167 166
f 167 111 112
f 111 167 160
f 168 163 169
f 163 168 165
f 170 163 166
f 163 170 169
f 170 167 174
f 167 170 166
f 167 112 174
f 115 112 174
f 114 77 171
f 64 114 171
f 171 64 162
f 172 170 173
f 170 172 169
f 170 174 173
f 115 116 174
f 118 116 174
f 336 77 171
f 77 336 117
f 122 221 123
f 121 176 175
f 176 121 86
f 126 125 124
f 176 123 223
f 123 176 86
f 178 126 125
f 126 178 177
f 223 176 179
f 175 179 176
f 179 175 126
f 179 126 177
f 228 128 180
f 128 228 129
f 181 129 228
f 129 181 131
f 182 131 181
f 133 183 232
f 232 134 133
f 136 184 236
f 138 236 185
f 236 138 136
f 186 141 238
f 141 186 187
f 180 187 186
f 187 128 130
f 128 187 180
f 188 138 139
f 138 188 185
f 188 185 189
f 144 188 189
f 188 144 139
f 146 189 190
f 189 146 144
f 191 245 149
f 192 239 238
f 239 192 245
f 192 149 245
f 149 192 151
f 192 141 151
f 141 192 238
f 193 146 147
f 146 193 190
f 193 194 195
f 194 193 190
f 155 193 195
f 193 155 147
f 196 157 197
f 157 196 158
f 198 244 191
f 244 198 196
f 198 158 196
f 158 198 150
f 198 191 150
f 154 199 200
f 199 154 153
f 200 155 154
f 155 200 195
f 200 201 202
f 201 200 195
f 203 204 197
f 204 203 205
f 203 164 205
f 164 203 159
f 203 157 159
f 157 203 197
f 162 199 153
f 206 199 200
f 207 200 202
f 200 207 206
f 205 165 208
f 165 205 164
f 209 162 199
f 210 199 206
f 199 210 209
f 211 212 208
f 212 211 213
f 208 168 211
f 168 208 165
f 214 168 211
f 168 214 169
f 162 171 215
f 215 162 209
f 211 216 213
f 216 214 217
f 214 216 211
f 214 172 217
f 172 214 169
f 173 172 217
f 270 174 173
f 336 215 171
f 215 264 336
f 118 270 174
f 218 118 270
f 118 218 119
f 85 336 117
f 270 218 219
f 218 122 219
f 122 218 119
f 220 122 219
f 122 220 221
f 221 222 123
f 223 123 222
f 271 125 85
f 125 271 178
f 270 219 224
f 220 224 219
f 273 220 221
f 220 273 224
f 273 222 223
f 222 273 221
f 223 276 179
f 271 177 178
f 177 271 179
f 276 179 225
f 179 226 225
f 229 304 230
f 304 229 228
f 228 229 181
f 230 181 229
f 181 230 182
f 230 231 183
f 183 182 230
f 232 231 305
f 231 232 183
f 232 233 234
f 233 232 305
f 134 232 234
f 184 234 236
f 234 184 134
f 235 236 234
f 180 186 227
f 240 185 189
f 185 240 237
f 240 241 242
f 241 240 237
f 190 240 242
f 240 190 189
f 194 242 243
f 242 194 190
f 246 194 195
f 194 246 243
f 246 247 248
f 247 246 243
f 201 246 248
f 246 201 195
f 197 204 249
f 197 250 196
f 250 244 196
f 251 201 202
f 201 251 248
f 251 252 253
f 252 251 248
f 254 204 205
f 204 254 249
f 207 255 256
f 255 207 206
f 251 207 256
f 207 251 202
f 257 251 253
f 251 257 256
f 258 259 254
f 259 258 260
f 258 212 260
f 212 258 208
f 258 205 208
f 205 258 254
f 210 264 261
f 264 210 209
f 255 210 261
f 210 255 206
f 262 255 256
f 255 262 261
f 213 263 260
f 212 213 260
f 215 264 209
f 265 264 261
f 261 262 265
f 263 213 216
f 264 336 267
f 264 265 267
f 217 266 216
f 269 217 266
f 217 269 173
f 268 173 269
f 173 268 270
f 271 336 85
f 269 340 266
f 270 272 268
f 274 271 179
f 271 277 274
f 223 275 273
f 225 276 274
f 274 226 225
f 226 274 179
f 274 277 286
f 224 273 278
f 275 278 273
f 279 275 223
f 275 279 278
f 276 279 223
f 283 276 274
f 276 283 282
f 274 280 283
f 286 280 274
f 278 362 224
f 278 279 291
f 276 291 279
f 285 280 286
f 281 224 362
f 291 276 287
f 282 287 276
f 284 283 280
f 285 284 280
f 278 291 362
f 292 287 282
f 288 282 283
f 282 288 292
f 288 284 289
f 284 288 283
f 290 284 285
f 284 290 289
f 291 287 292
f 293 292 288
f 294 288 289
f 288 294 293
f 295 296 297
f 296 295 298
f 299 300 301
f 300 299 302
f 304 303 230
f 234 233 401
f 401 235 234
f 227 306 180
f 304 228 306
f 228 180 306
f 236 307 308
f 307 236 235
f 185 236 308
f 308 402 237
f 402 308 307
f 308 237 185
f 238 403 309
f 403 238 239
f 238 309 186
f 309 227 186
f 242 310 311
f 310 242 241
f 243 242 311
f 247 311 312
f 311 247 243
f 244 406 313
f 406 244 409
f 244 250 409
f 244 313 191
f 245 314 239
f 314 245 313
f 245 191 313
f 315 247 248
f 247 315 312
f 315 316 317
f 316 315 312
f 252 315 317
f 315 252 248
f 409 318 319
f 318 249 319
f 249 318 197
f 318 250 197
f 250 318 409
f 317 253 320
f 253 317 252
f 319 259 321
f 259 319 254
f 319 249 254
f 257 322 323
f 322 257 256
f 320 257 323
f 257 320 253
f 320 324 323
f 325 417 321
f 417 325 326
f 325 263 326
f 263 325 260
f 325 259 260
f 259 325 321
f 262 322 256
f 546 322 323
f 327 328 326
f 328 327 329
f 263 327 326
f 322 262 425
f 329 327 330
f 327 263 330
f 263 330 216
f 265 267 425
f 262 265 425
f 332 331 333
f 331 332 329
f 334 329 330
f 329 334 331
f 334 330 335
f 330 266 335
f 266 330 216
f 340 266 335
f 434 267 425
f 337 331 338
f 331 337 333
f 339 331 334
f 331 339 338
f 339 335 350
f 335 339 334
f 340 350 335
f 341 269 340
f 269 341 268
f 271 342 343
f 336 271 343
f 336 344 343
f 345 336 267
f 336 345 344
f 346 339 347
f 339 346 338
f 350 347 339
f 272 341 268
f 277 342 271
f 348 342 343
f 342 348 277
f 347 349 346
f 350 349 347
f 340 341 351
f 341 272 351
f 352 277 348
f 350 340 353
f 351 353 340
f 351 270 353
f 270 351 272
f 277 352 447
f 454 350 354
f 353 354 350
f 354 270 355
f 270 354 353
f 270 224 355
f 277 286 358
f 358 447 359
f 447 358 277
f 461 355 356
f 355 461 354
f 356 224 281
f 224 356 355
f 286 357 358
f 357 286 285
f 461 356 360
f 361 356 281
f 361 281 362
f 290 363 364
f 363 290 289
f 357 290 364
f 290 357 285
f 365 357 358
f 357 365 364
f 365 359 366
f 359 365 358
f 374 360 356
f 360 374 367
f 376 356 361
f 356 376 374
f 361 362 376
f 368 291 362
f 291 368 292
f 293 292 369
f 294 369 370
f 369 294 293
f 363 294 370
f 294 363 289
f 371 363 364
f 363 371 370
f 372 364 365
f 364 372 371
f 373 365 366
f 365 373 372
f 374 376 375
f 376 298 375
f 298 376 296
f 377 376 362
f 362 383 377
f 362 384 383
f 362 385 384
f 385 362 378
f 378 368 481
f 368 378 362
f 481 368 292
f 379 292 369
f 292 379 481
f 369 370 379
f 380 375 381
f 375 380 374
f 381 298 295
f 298 381 375
f 297 381 382
f 381 297 295
f 376 297 382
f 297 376 296
f 382 377 383
f 377 382 376
f 383 384 302
f 302 384 300
f 392 385 378
f 386 378 481
f 378 386 392
f 387 383 388
f 383 387 382
f 388 302 389
f 302 388 383
f 389 302 299
f 301 389 390
f 389 301 299
f 384 301 390
f 301 384 300
f 390 385 391
f 385 390 384
f 392 391 385
f 393 392 386
f 394 391 395
f 391 394 390
f 395 392 396
f 392 395 391
f 396 393 397
f 393 396 392
f 303 304 618
f 398 303 618
f 303 398 230
f 399 230 398
f 230 399 231
f 305 399 400
f 399 305 231
f 305 400 233
f 400 401 233
f 401 307 235
f 309 403 227
f 227 403 306
f 403 304 306
f 304 403 404
f 237 621 405
f 621 237 402
f 241 237 405
f 405 310 241
f 407 313 406
f 313 407 314
f 526 403 407
f 403 314 407
f 314 403 239
f 310 530 408
f 312 310 408
f 310 312 311
f 316 408 411
f 408 316 312
f 409 410 406
f 410 409 412
f 411 316 317
f 413 412 417
f 412 321 417
f 321 412 319
f 412 409 319
f 414 317 320
f 317 414 411
f 414 415 416
f 415 414 411
f 324 414 416
f 414 324 320
f 418 416 419
f 416 418 324
f 421 420 541
f 420 328 541
f 328 420 326
f 420 417 326
f 546 324 323
f 324 540 546
f 422 423 541
f 423 422 424
f 422 329 424
f 422 328 329
f 328 422 541
f 425 546 322
f 426 427 424
f 427 426 428
f 426 332 428
f 426 329 332
f 329 426 424
f 429 332 333
f 332 429 428
f 430 431 429
f 431 430 435
f 429 337 430
f 337 429 333
f 432 337 430
f 337 432 338
f 344 433 434
f 433 344 343
f 434 345 344
f 345 434 267
f 549 434 425
f 435 432 436
f 432 435 430
f 432 346 436
f 346 432 338
f 437 346 436
f 433 348 438
f 348 433 343
f 439 433 434
f 433 439 438
f 434 549 559
f 440 435 441
f 441 435 436
f 437 441 436
f 349 437 346
f 438 352 442
f 352 438 348
f 443 438 439
f 438 443 442
f 444 439 434
f 439 444 443
f 448 434 559
f 434 448 444
f 445 448 559
f 446 437 452
f 437 446 441
f 349 452 437
f 454 349 452
f 349 454 350
f 352 447 442
f 443 447 442
f 447 443 444
f 444 448 447
f 449 448 445
f 449 450 451
f 450 449 445
f 454 453 452
f 461 354 454
f 455 447 359
f 576 447 448
f 447 576 455
f 448 456 576
f 456 449 457
f 449 456 448
f 458 449 451
f 449 458 457
f 459 453 460
f 453 459 452
f 460 454 461
f 454 460 453
f 359 455 462
f 576 462 455
f 463 576 456
f 464 456 457
f 456 464 463
f 465 460 466
f 460 465 459
f 466 461 467
f 461 466 460
f 467 461 468
f 461 473 468
f 461 360 473
f 359 469 470
f 469 359 366
f 471 359 462
f 359 471 470
f 472 462 576
f 462 472 471
f 474 360 367
f 360 474 473
f 371 475 476
f 475 371 370
f 372 476 477
f 476 372 371
f 373 477 478
f 477 373 372
f 469 373 478
f 373 469 366
f 479 469 470
f 469 479 478
f 480 367 374
f 367 480 474
f 481 370 379
f 482 475 476
f 475 482 370
f 486 480 483
f 480 486 474
f 480 380 483
f 380 480 374
f 484 380 483
f 380 484 381
f 485 381 484
f 381 485 382
f 481 386 493
f 486 483 487
f 487 484 488
f 484 487 483
f 488 485 489
f 485 488 484
f 485 387 489
f 387 485 382
f 490 387 489
f 387 490 388
f 491 388 490
f 388 491 389
f 492 389 491
f 389 492 390
f 493 386 393
f 494 493 481
f 495 488 496
f 488 495 487
f 497 488 489
f 488 497 496
f 497 490 498
f 490 497 489
f 498 491 492
f 491 498 490
f 492 394 499
f 394 492 390
f 500 394 499
f 394 500 395
f 501 395 500
f 395 501 396
f 397 501 502
f 501 397 396
f 493 397 502
f 397 493 393
f 502 494 503
f 494 502 493
f 504 496 505
f 496 504 495
f 505 497 506
f 497 505 496
f 506 498 507
f 498 506 497
f 508 498 492
f 498 508 507
f 509 492 499
f 492 509 508
f 510 499 500
f 499 510 509
f 511 500 501
f 500 511 510
f 511 502 512
f 502 511 501
f 512 503 513
f 503 512 502
f 514 508 515
f 508 514 507
f 516 508 509
f 508 516 515
f 519 404 617
f 404 519 304
f 618 304 519
f 398 520 399
f 517 521 520
f 521 399 520
f 399 521 400
f 400 521 517
f 400 401 518
f 401 522 523
f 522 401 518
f 523 524 525
f 524 523 522
f 307 523 525
f 523 307 401
f 402 525 620
f 525 402 307
f 620 621 402
f 526 404 403
f 405 621 527
f 310 405 527
f 527 530 310
f 528 410 627
f 410 528 406
f 528 529 526
f 406 528 407
f 528 526 407
f 531 530 527
f 411 530 531
f 530 411 408
f 413 410 412
f 410 413 627
f 411 532 531
f 532 533 534
f 533 532 531
f 415 532 534
f 532 415 411
f 420 536 417
f 536 413 417
f 413 536 535
f 537 415 416
f 415 537 534
f 537 538 539
f 538 537 534
f 419 537 539
f 537 419 416
f 421 536 420
f 540 418 324
f 539 418 540
f 418 539 419
f 421 541 536
f 542 540 546
f 543 427 544
f 427 543 424
f 543 423 424
f 542 637 546
f 545 427 428
f 427 545 544
f 547 431 548
f 431 547 429
f 547 428 429
f 428 547 545
f 546 425 549
f 549 546 550
f 551 431 435
f 431 551 548
f 549 550 650
f 551 435 552
f 553 549 650
f 549 553 559
f 553 650 554
f 555 556 552
f 556 555 557
f 552 440 555
f 440 552 435
f 558 440 555
f 440 558 441
f 559 553 560
f 450 559 560
f 559 450 445
f 560 554 561
f 554 560 553
f 562 555 563
f 555 562 557
f 563 558 564
f 558 563 555
f 558 446 564
f 446 558 441
f 565 450 451
f 450 565 560
f 565 561 566
f 561 565 560
f 566 567 568
f 567 566 561
f 661 564 662
f 564 661 563
f 662 564 569
f 564 452 569
f 452 564 446
f 570 452 569
f 458 571 572
f 571 458 457
f 565 458 572
f 458 565 451
f 573 565 566
f 565 573 572
f 574 570 575
f 570 574 569
f 570 459 575
f 459 570 452
f 463 576 577
f 464 577 578
f 577 464 463
f 571 464 578
f 464 571 457
f 579 571 572
f 571 579 578
f 580 575 581
f 575 580 574
f 581 459 465
f 459 581 575
f 582 465 581
f 465 582 466
f 583 466 582
f 466 583 467
f 677 467 583
f 467 677 468
f 471 584 585
f 584 471 470
f 472 585 586
f 585 472 471
f 576 472 586
f 587 576 577
f 576 587 586
f 468 473 677
f 477 476 588
f 478 588 589
f 588 478 477
f 479 589 590
f 589 479 478
f 584 479 590
f 479 584 470
f 591 584 585
f 584 591 590
f 473 474 681
f 592 476 588
f 476 592 482
f 681 486 594
f 486 681 474
f 595 486 594
f 486 595 487
f 596 481 494
f 597 595 598
f 595 597 594
f 595 495 598
f 495 595 487
f 599 494 503
f 494 599 596
f 598 504 600
f 504 598 495
f 601 504 600
f 504 601 505
f 602 505 601
f 505 602 506
f 603 506 602
f 506 603 507
f 510 604 605
f 604 510 509
f 511 605 606
f 605 511 510
f 512 606 607
f 606 512 511
f 513 607 608
f 607 513 512
f 599 513 608
f 513 599 503
f 603 514 609
f 514 603 507
f 610 514 609
f 514 610 515
f 516 610 611
f 610 516 515
f 604 516 611
f 516 604 509
f 612 520 619
f 520 612 517
f 613 517 612
f 613 400 517
f 614 400 613
f 400 614 518
f 522 614 615
f 614 522 518
f 524 615 616
f 615 524 522
f 805 519 617
f 618 519 805
f 619 398 618
f 520 398 619
f 620 524 525
f 524 620 616
f 711 620 616
f 404 526 617
f 621 622 623
f 527 621 623
f 531 623 624
f 623 531 527
f 528 627 718
f 531 533 624
f 625 533 624
f 627 535 626
f 535 627 413
f 628 533 534
f 533 628 625
f 628 629 630
f 629 628 625
f 538 628 630
f 628 538 534
f 632 631 626
f 632 535 536
f 535 632 626
f 634 538 539
f 538 634 630
f 633 634 630
f 636 539 540
f 539 636 634
f 635 632 423
f 423 632 541
f 632 536 541
f 636 542 637
f 542 636 540
f 636 634 637
f 544 638 543
f 638 423 543
f 545 639 544
f 545 547 639
f 640 547 548
f 547 640 639
f 641 546 550
f 546 641 637
f 736 641 637
f 642 738 640
f 738 642 643
f 642 548 551
f 548 642 640
f 644 643 642
f 643 644 645
f 644 556 645
f 556 644 552
f 644 551 552
f 551 644 642
f 646 650 550
f 647 648 645
f 648 647 649
f 647 556 557
f 556 647 645
f 650 554 561
f 650 646 651
f 567 650 651
f 650 567 561
f 651 652 653
f 652 651 646
f 654 647 655
f 647 654 649
f 647 562 655
f 562 647 557
f 656 562 655
f 562 656 563
f 568 657 658
f 657 568 566
f 651 568 658
f 568 651 567
f 659 651 653
f 651 659 658
f 660 656 661
f 656 660 655
f 661 656 563
f 662 663 569
f 573 664 665
f 664 573 572
f 657 573 665
f 573 657 566
f 666 657 658
f 657 666 665
f 667 662 668
f 662 667 661
f 668 663 669
f 663 668 662
f 663 574 669
f 574 663 569
f 578 670 671
f 670 578 577
f 579 671 672
f 671 579 578
f 664 579 672
f 579 664 572
f 673 664 665
f 664 673 672
f 674 669 675
f 669 674 668
f 675 574 580
f 574 675 669
f 676 580 675
f 580 676 581
f 581 676 582
f 677 582 676
f 582 677 583
f 678 586 585
f 587 586 769
f 670 587 769
f 587 670 577
f 679 670 671
f 670 679 769
f 680 677 473
f 681 473 680
f 589 682 683
f 682 589 588
f 684 589 683
f 589 684 590
f 684 591 590
f 591 678 585
f 593 370 481
f 482 593 783
f 593 482 370
f 592 783 686
f 783 592 482
f 682 592 686
f 592 682 588
f 1015 682 683
f 682 1015 686
f 685 594 786
f 594 685 681
f 687 593 481
f 596 687 481
f 594 597 688
f 689 597 688
f 597 689 598
f 794 596 599
f 596 794 687
f 689 600 690
f 600 689 598
f 691 600 690
f 600 691 601
f 692 601 691
f 601 692 602
f 693 602 692
f 602 693 603
f 605 694 695
f 694 605 604
f 606 695 696
f 695 606 605
f 607 696 697
f 696 607 606
f 608 697 698
f 697 608 607
f 698 599 608
f 599 698 794
f 693 609 699
f 609 693 603
f 610 699 700
f 699 610 609
f 611 700 701
f 700 611 610
f 694 611 701
f 611 694 604
f 702 694 695
f 694 702 701
f 703 695 696
f 695 703 702
f 704 696 697
f 696 704 703
f 705 697 698
f 697 705 704
f 705 706 707
f 706 705 698
f 612 619 708
f 612 709 613
f 615 614 804
f 804 616 615
f 711 616 710
f 805 619 618
f 619 805 708
f 711 806 712
f 806 711 710
f 621 711 712
f 711 621 620
f 712 622 621
f 529 713 526
f 714 526 713
f 617 526 714
f 622 715 716
f 715 622 712
f 624 622 716
f 622 624 623
f 716 625 624
f 718 717 528
f 719 528 717
f 719 529 528
f 529 719 713
f 625 720 716
f 721 720 716
f 629 720 721
f 720 629 625
f 722 631 723
f 631 722 626
f 724 809 718
f 809 724 722
f 724 626 722
f 718 725 724
f 725 626 724
f 626 725 627
f 725 718 627
f 726 629 630
f 629 726 721
f 726 727 728
f 727 726 721
f 633 726 728
f 726 633 630
f 729 730 723
f 730 729 731
f 729 635 731
f 635 729 632
f 729 631 632
f 631 729 723
f 732 633 634
f 633 732 728
f 733 732 728
f 634 894 732
f 635 638 823
f 638 635 423
f 639 638 544
f 638 639 823
f 736 634 637
f 634 734 736
f 736 734 737
f 738 639 640
f 639 738 735
f 739 738 643
f 744 641 550
f 641 744 736
f 744 646 550
f 744 740 741
f 740 744 736
f 742 743 739
f 742 648 743
f 648 742 645
f 742 643 645
f 643 742 739
f 744 741 749
f 652 744 749
f 744 652 646
f 741 745 749
f 746 741 747
f 741 746 745
f 748 648 649
f 648 748 743
f 749 652 653
f 750 749 745
f 748 654 751
f 654 748 649
f 752 654 751
f 654 752 655
f 659 753 754
f 753 659 658
f 754 653 659
f 653 754 749
f 755 752 756
f 752 755 751
f 752 660 756
f 660 752 655
f 757 660 756
f 660 757 661
f 666 758 759
f 758 666 665
f 753 666 759
f 666 753 658
f 760 753 754
f 753 760 759
f 761 757 667
f 757 761 756
f 667 757 661
f 667 762 668
f 672 763 764
f 763 672 671
f 673 764 850
f 764 673 672
f 758 673 850
f 673 758 665
f 765 762 766
f 762 765 667
f 762 674 766
f 674 762 668
f 767 674 766
f 674 767 675
f 771 675 767
f 675 771 676
f 768 677 676
f 586 678 769
f 679 769 770
f 763 679 770
f 679 763 671
f 771 676 772
f 773 768 774
f 768 773 676
f 768 680 774
f 680 768 677
f 775 680 774
f 680 775 681
f 684 776 777
f 776 684 683
f 591 777 778
f 777 591 684
f 678 591 778
f 772 676 785
f 785 773 779
f 773 785 676
f 780 773 774
f 773 780 779
f 780 775 781
f 775 780 774
f 775 685 781
f 685 775 681
f 593 782 783
f 783 1015 686
f 1015 776 683
f 785 784 772
f 779 781 786
f 781 779 780
f 786 781 685
f 782 687 787
f 687 782 593
f 788 786 594
f 788 688 867
f 688 788 594
f 789 688 867
f 688 789 689
f 789 690 790
f 690 789 689
f 791 690 790
f 690 791 691
f 792 691 791
f 691 792 692
f 693 792 793
f 792 693 692
f 795 698 794
f 698 795 706
f 793 699 796
f 699 793 693
f 700 796 797
f 796 700 699
f 700 797 701
f 702 797 798
f 797 702 701
f 799 702 798
f 702 799 703
f 800 703 799
f 703 800 704
f 801 704 800
f 704 801 705
f 801 795 802
f 795 801 794
f 802 705 801
f 705 802 707
f 802 706 707
f 706 802 795
f 612 708 880
f 709 803 613
f 614 803 804
f 803 614 613
f 806 710 882
f 805 617 957
f 712 806 807
f 807 715 712
f 714 713 962
f 716 715 808
f 808 721 716
f 717 718 962
f 717 962 719
f 719 962 713
f 721 810 808
f 810 811 812
f 811 810 808
f 727 810 812
f 810 727 721
f 813 730 814
f 730 813 723
f 815 816 809
f 816 815 813
f 815 723 813
f 723 815 722
f 815 809 722
f 817 727 728
f 727 817 812
f 817 818 819
f 818 817 812
f 733 817 819
f 817 733 728
f 730 731 814
f 733 820 821
f 820 733 732
f 819 733 821
f 822 821 819
f 894 820 732
f 894 820 821
f 823 731 635
f 895 894 634
f 823 735 738
f 735 823 639
f 895 734 897
f 734 895 634
f 897 737 825
f 737 897 734
f 738 739 901
f 824 737 736
f 737 824 825
f 824 740 736
f 740 824 827
f 901 739 826
f 739 743 826
f 827 740 741
f 827 828 829
f 747 827 829
f 827 747 741
f 830 831 826
f 831 830 835
f 743 830 826
f 746 832 833
f 832 746 745
f 833 747 746
f 747 833 829
f 834 835 830
f 830 748 834
f 748 830 743
f 750 836 837
f 836 750 749
f 832 750 837
f 750 832 745
f 838 832 833
f 832 838 837
f 839 834 840
f 834 839 835
f 840 748 751
f 748 840 834
f 836 754 841
f 754 836 749
f 842 836 837
f 836 842 841
f 843 840 844
f 840 843 839
f 840 755 844
f 755 840 751
f 756 755 844
f 759 845 846
f 845 759 758
f 760 846 847
f 846 760 759
f 841 760 847
f 760 841 754
f 917 756 761
f 756 917 844
f 761 848 667
f 764 849 850
f 849 764 763
f 850 845 758
f 923 845 846
f 845 923 850
f 667 765 848
f 765 851 852
f 851 765 848
f 765 852 766
f 767 852 853
f 852 767 766
f 778 769 678
f 854 769 778
f 770 854 1010
f 854 770 769
f 849 770 1010
f 770 849 763
f 853 771 855
f 771 853 767
f 855 856 857
f 856 855 853
f 772 855 857
f 855 772 771
f 928 777 776
f 778 928 858
f 928 778 777
f 857 772 859
f 783 860 937
f 860 783 782
f 1015 928 776
f 859 784 861
f 784 859 772
f 862 784 861
f 784 862 785
f 863 785 862
f 785 863 779
f 864 779 863
f 786 779 864
f 787 865 937
f 860 787 937
f 787 860 782
f 786 788 866
f 868 787 687
f 787 868 865
f 867 866 788
f 794 868 687
f 869 789 790
f 789 869 867
f 791 869 870
f 869 791 790
f 792 870 871
f 870 792 791
f 793 871 872
f 871 793 792
f 868 794 873
f 874 793 796
f 793 874 872
f 874 797 796
f 875 798 797
f 799 798 876
f 800 876 877
f 876 800 799
f 878 879 873
f 879 878 877
f 878 800 877
f 800 878 801
f 878 794 801
f 794 878 873
f 880 805 957
f 805 880 708
f 880 955 612
f 612 955 709
f 1041 709 955
f 709 1041 803
f 1041 804 803
f 1041 616 804
f 882 710 881
f 882 881 807
f 882 807 806
f 962 957 714
f 714 957 617
f 881 807 715
f 881 808 715
f 811 881 883
f 881 811 808
f 884 816 885
f 816 884 809
f 809 884 886
f 809 886 718
f 962 718 886
f 887 811 812
f 811 887 883
f 888 887 883
f 818 887 888
f 887 818 812
f 889 814 890
f 814 889 813
f 889 816 813
f 816 889 885
f 891 818 819
f 818 891 888
f 891 892 893
f 892 891 888
f 822 891 893
f 891 822 819
f 890 814 731
f 890 731 973
f 822 894 974
f 894 822 821
f 972 822 893
f 822 972 974
f 976 731 823
f 731 976 973
f 896 894 974
f 894 896 895
f 898 895 896
f 895 898 897
f 738 978 823
f 978 738 901
f 899 897 825
f 899 898 900
f 898 899 897
f 825 899 900
f 825 900 828
f 827 825 828
f 825 827 824
f 902 828 900
f 903 904 901
f 904 903 905
f 903 831 905
f 831 903 826
f 903 901 826
f 906 828 829
f 828 906 902
f 906 907 908
f 907 906 902
f 909 831 835
f 831 909 905
f 910 829 833
f 829 910 906
f 838 911 912
f 911 838 837
f 910 838 912
f 838 910 833
f 835 839 913
f 842 914 915
f 914 842 841
f 911 842 915
f 842 911 837
f 913 843 916
f 843 913 839
f 917 843 916
f 843 917 844
f 847 918 919
f 918 847 846
f 914 847 919
f 847 914 841
f 920 917 921
f 917 920 916
f 917 921 761
f 922 761 921
f 761 922 848
f 922 851 848
f 923 850 849
f 923 918 846
f 926 851 852
f 851 926 922
f 924 926 922
f 926 853 852
f 925 926 924
f 926 856 853
f 854 858 1010
f 858 854 778
f 849 1010 923
f 927 856 857
f 856 927 926
f 927 859 930
f 859 927 857
f 930 927 931
f 937 1015 783
f 930 861 932
f 861 930 859
f 932 931 933
f 931 932 930
f 862 932 933
f 932 862 861
f 934 862 933
f 862 934 863
f 935 863 934
f 863 935 864
f 936 864 935
f 864 936 786
f 937 865 938
f 936 866 940
f 866 936 786
f 1028 941 938
f 1028 865 868
f 865 1028 938
f 942 866 867
f 866 942 940
f 1028 943 944
f 1028 868 943
f 945 867 869
f 867 945 942
f 870 945 946
f 945 870 869
f 946 871 870
f 946 872 871
f 947 944 943
f 944 947 948
f 947 879 948
f 879 947 873
f 943 873 947
f 873 943 868
f 949 872 874
f 949 797 874
f 875 949 950
f 949 875 797
f 950 951 875
f 798 875 951
f 951 950 952
f 951 876 798
f 953 952 948
f 952 953 951
f 953 876 951
f 876 953 877
f 953 879 877
f 879 953 948
f 954 957 1036
f 957 954 880
f 955 880 954
f 955 1039 1041
f 1041 710 616
f 962 958 957
f 1036 957 958
f 959 883 881
f 959 888 883
f 960 885 961
f 885 960 884
f 886 884 960
f 888 963 959
f 964 963 959
f 892 963 964
f 963 892 888
f 965 890 966
f 890 965 889
f 965 885 889
f 885 965 961
f 967 892 893
f 892 967 964
f 967 968 969
f 968 967 964
f 893 967 969
f 893 972 970
f 969 893 970
f 969 971 970
f 1054 966 973
f 966 890 973
f 975 974 972
f 976 978 1069
f 978 976 823
f 977 896 898
f 896 977 974
f 975 977 974
f 979 898 900
f 898 979 977
f 979 902 900
f 979 1066 981
f 1066 979 977
f 901 904 978
f 902 907 979
f 981 907 979
f 982 904 905
f 904 982 980
f 908 983 984
f 983 908 906
f 984 907 908
f 907 984 981
f 985 986 982
f 986 985 987
f 985 905 909
f 905 985 982
f 983 910 988
f 910 983 906
f 989 983 984
f 983 989 988
f 990 987 985
f 987 990 991
f 990 909 835
f 909 990 985
f 912 992 993
f 992 912 911
f 993 910 912
f 910 993 988
f 994 990 995
f 990 994 991
f 990 913 995
f 913 990 835
f 915 996 997
f 996 915 914
f 992 915 997
f 915 992 911
f 998 995 999
f 995 998 994
f 995 916 999
f 916 995 913
f 918 1000 919
f 996 919 1000
f 919 996 914
f 999 920 1001
f 920 999 916
f 1002 920 1001
f 920 1002 921
f 1091 921 1002
f 1003 921 1091
f 921 1003 922
f 1004 922 1003
f 924 1004 1005
f 1004 924 922
f 925 1005 1006
f 1005 925 924
f 923 1010 1007
f 1000 923 1007
f 918 923 1000
f 1008 925 926
f 925 1008 1006
f 927 1008 1009
f 1008 927 926
f 929 1010 858
f 929 928 1011
f 928 929 858
f 927 931 1012
f 1013 939 1014
f 939 1013 937
f 937 1013 1098
f 1098 1015 937
f 1015 1011 928
f 1012 933 1016
f 933 1012 931
f 934 1016 1017
f 1016 934 933
f 935 1017 1018
f 1017 935 934
f 936 1018 1019
f 1018 936 935
f 1020 1021 1014
f 1021 1020 1022
f 1020 941 1022
f 941 1020 938
f 1014 1023 1020
f 1023 938 1020
f 938 1023 937
f 1023 939 937
f 939 1023 1014
f 1019 940 1024
f 940 1019 936
f 1025 941 1028
f 941 1025 1022
f 1026 940 942
f 940 1026 1024
f 1027 942 1026
f 1030 942 945
f 942 1030 1027
f 946 1030 1031
f 1030 946 945
f 946 1031 1121
f 872 946 1121
f 949 872 1122
f 950 1122 1032
f 1122 950 949
f 950 1032 1033
f 952 1033 1034
f 1033 952 950
f 1035 1029 1028
f 1029 1035 1034
f 1035 952 1034
f 952 1035 948
f 1035 944 948
f 944 1035 1028
f 1037 954 1036
f 954 1037 955
f 1038 956 1037
f 956 955 1037
f 1039 956 955
f 956 1039 1040
f 1039 1040 1041
f 1041 881 710
f 881 1041 1042
f 881 1042 1044
f 1043 958 1047
f 958 1043 1036
f 1044 881 959
f 1044 964 959
f 1045 961 1046
f 961 1045 960
f 960 1045 886
f 1047 886 1045
f 886 1047 962
f 962 1047 958
f 964 1048 1044
f 1049 1048 1044
f 968 1048 1049
f 1048 968 964
f 965 1050 1051
f 1050 965 966
f 1051 961 965
f 961 1051 1046
f 1052 968 969
f 968 1052 1049
f 1052 1053 971
f 1053 1052 1049
f 1052 971 969
f 966 1054 1050
f 971 1055 1056
f 1145 1054 973
f 971 972 1060
f 972 971 970
f 971 1057 1060
f 1056 1057 971
f 1057 1058 1059
f 1058 1057 1056
f 975 1060 972
f 1060 1057 1061
f 1061 1059 1062
f 1059 1061 1057
f 1063 975 977
f 975 1063 1060
f 1063 1066 977
f 1064 1060 1061
f 1060 1064 1063
f 1065 1061 1062
f 1061 1065 1064
f 1066 1064 1067
f 1064 1066 1063
f 981 1066 1067
f 1068 1064 1065
f 1064 1068 1067
f 1069 980 1070
f 980 978 904
f 978 980 1069
f 981 1071 1072
f 981 1072 1067
f 1073 1074 1070
f 1074 1073 1075
f 1073 986 1075
f 986 1073 982
f 1073 980 982
f 980 1073 1070
f 1071 984 1076
f 984 1071 981
f 1077 1071 1072
f 1071 1077 1076
f 1078 986 987
f 986 1078 1075
f 989 1081 1161
f 1081 989 988
f 1076 989 1161
f 989 1076 984
f 1079 987 991
f 987 1079 1078
f 993 1080 1081
f 1080 993 992
f 993 1081 988
f 1079 994 1082
f 994 1079 991
f 1083 997 996
f 1080 997 1083
f 997 1080 992
f 1082 998 1084
f 998 1082 994
f 1085 998 1084
f 998 1085 999
f 1087 1000 1086
f 1087 996 1000
f 996 1087 1083
f 1088 1085 1089
f 1085 1088 1084
f 1085 1001 1089
f 1001 1085 999
f 1090 1001 1089
f 1001 1090 1002
f 1091 1002 1090
f 1004 1091 1092
f 1091 1004 1003
f 1092 1005 1004
f 1006 1092 1093
f 1092 1006 1005
f 1010 1094 1007
f 1094 1000 1007
f 1000 1094 1086
f 1093 1008 1095
f 1008 1093 1006
f 1009 1095 1096
f 1095 1009 1008
f 1010 929 1094
f 1100 1009 927
f 1009 1100 1096
f 1097 1100 1096
f 1099 1011 1098
f 1011 1099 929
f 1012 1100 927
f 1100 1174 1101
f 1174 1100 1097
f 1101 1174 1175
f 1103 1175 1102
f 1175 1103 1101
f 1103 1102 1104
f 1021 1105 1014
f 1013 1014 1098
f 1015 1098 1011
f 1100 1016 1106
f 1016 1100 1012
f 1106 1100 1107
f 1017 1106 1107
f 1106 1017 1016
f 1107 1101 1108
f 1101 1107 1100
f 1018 1107 1108
f 1107 1018 1017
f 1101 1109 1108
f 1019 1108 1109
f 1108 1019 1018
f 1110 1101 1103
f 1101 1110 1109
f 1103 1114 1110
f 1111 1025 1112
f 1025 1111 1022
f 1111 1021 1022
f 1021 1111 1105
f 1109 1024 1113
f 1024 1109 1019
f 1113 1110 1114
f 1110 1113 1109
f 1025 1028 1112
f 1115 1024 1026
f 1024 1115 1113
f 1116 1026 1115
f 1026 1116 1027
f 1117 1027 1030
f 1027 1117 1116
f 1117 1118 1119
f 1118 1117 1116
f 1031 1117 1119
f 1117 1031 1030
f 1119 1120 1121
f 1120 1119 1118
f 1119 1121 1031
f 1121 1122 872
f 1032 1122 1123
f 1124 1032 1123
f 1032 1124 1033
f 1125 1033 1124
f 1033 1125 1034
f 1125 1029 1034
f 1126 1038 1210
f 1038 1126 956
f 1040 1126 1127
f 1126 1040 956
f 1036 1038 1037
f 1040 1041 1127
f 1128 1041 1127
f 1041 1128 1208
f 1041 1208 1129
f 1129 1042 1041
f 1042 1129 1130
f 1044 1130 1131
f 1130 1044 1042
f 1047 1132 1043
f 1213 1043 1132
f 1036 1043 1213
f 1133 1049 1044
f 1134 1046 1135
f 1046 1134 1045
f 1136 1045 1134
f 1045 1136 1047
f 1132 1047 1136
f 1049 1137 1133
f 1137 1138 1139
f 1138 1137 1133
f 1053 1137 1139
f 1137 1053 1049
f 1051 1140 1141
f 1140 1051 1050
f 1135 1051 1141
f 1051 1135 1046
f 1142 1053 971
f 1053 1142 1139
f 1142 1143 1144
f 1143 1142 1139
f 1055 1142 1144
f 1142 1055 971
f 1145 1050 1054
f 1050 1145 1140
f 1146 1055 1056
f 1055 1146 1144
f 1146 1147 1148
f 1147 1146 1144
f 1058 1146 1148
f 1146 1058 1056
f 1149 1058 1059
f 1058 1149 1148
f 1150 1059 1062
f 1059 1150 1149
f 973 1069 1230
f 1069 973 976
f 1151 1062 1065
f 1062 1151 1150
f 1068 1152 1153
f 1152 1068 1067
f 1151 1068 1153
f 1068 1151 1065
f 1074 1069 1070
f 1152 1072 1155
f 1072 1152 1067
f 1156 1152 1153
f 1152 1156 1155
f 1157 1074 1075
f 1074 1157 1154
f 1077 1158 1159
f 1158 1077 1076
f 1155 1077 1159
f 1077 1155 1072
f 1157 1078 1160
f 1078 1157 1075
f 1161 1158 1076
f 1162 1163 1160
f 1162 1078 1079
f 1078 1162 1160
f 1081 1080 1166
f 1164 1162 1165
f 1162 1164 1163
f 1162 1082 1165
f 1082 1162 1079
f 1166 1083 1250
f 1166 1080 1083
f 1167 1082 1084
f 1082 1167 1165
f 1086 1168 1087
f 1168 1083 1087
f 1083 1168 1250
f 1167 1088 1169
f 1088 1167 1084
f 1089 1088 1169
f 1090 1089 1252
f 1170 1090 1252
f 1090 1170 1091
f 1091 1170 1171
f 1171 1092 1091
f 1093 1171 1172
f 1171 1093 1092
f 1086 1094 929
f 1172 1095 1173
f 1095 1172 1093
f 1173 1096 1095
f 1173 1097 1096
f 1174 1097 1173
f 1175 1174 1176
f 1177 1176 1178
f 1176 1177 1175
f 1102 1175 1177
f 1177 1179 1180
f 1179 1177 1178
f 1104 1177 1180
f 1177 1104 1102
f 1099 1188 1181
f 1188 1099 1098
f 1182 1104 1103
f 1104 1182 1180
f 1182 1183 1184
f 1183 1182 1180
f 1105 1185 1014
f 1014 1185 1098
f 1186 1098 1185
f 1098 1186 1187
f 1098 1187 1188
f 1114 1182 1103
f 1114 1184 1272
f 1184 1114 1182
f 1112 1189 1111
f 1189 1105 1111
f 1105 1189 1185
f 1114 1190 1191
f 1190 1114 1113
f 1114 1191 1192
f 1192 1272 1193
f 1272 1192 1114
f 1270 1112 1028
f 1190 1115 1195
f 1115 1190 1113
f 1195 1191 1196
f 1191 1195 1190
f 1196 1115 1195
f 1115 1196 1116
f 1197 1191 1192
f 1191 1197 1196
f 1118 1196 1197
f 1196 1118 1116
f 1198 1192 1193
f 1192 1198 1197
f 1198 1118 1197
f 1118 1198 1120
f 1199 1194 1270
f 1194 1199 1200
f 1199 1028 1029
f 1028 1199 1270
f 1120 1121 1198
f 1122 1201 1202
f 1201 1122 1121
f 1123 1202 1203
f 1202 1123 1122
f 1124 1203 1204
f 1203 1124 1123
f 1204 1199 1205
f 1199 1204 1200
f 1205 1124 1204
f 1124 1205 1125
f 1205 1029 1125
f 1029 1205 1199
f 1206 1210 1284
f 1210 1206 1126
f 1127 1206 1207
f 1206 1127 1126
f 1210 1038 1209
f 1460 1130 1129
f 1209 1036 1213
f 1209 1038 1036
f 1130 1211 1460
f 1131 1211 1212
f 1211 1131 1130
f 1044 1212 1214
f 1212 1044 1131
f 1213 1132 1288
f 1044 1215 1214
f 1215 1133 1044
f 1133 1215 1216
f 1138 1216 1217
f 1216 1138 1133
f 1218 1135 1222
f 1135 1218 1134
f 1295 1134 1218
f 1134 1295 1136
f 1288 1136 1295
f 1136 1288 1132
f 1219 1138 1139
f 1138 1219 1217
f 1219 1220 1221
f 1220 1219 1217
f 1143 1219 1221
f 1219 1143 1139
f 1140 1222 1141
f 1141 1222 1135
f 1223 1143 1144
f 1143 1223 1221
f 1147 1223 1224
f 1223 1147 1144
f 1225 1145 973
f 1225 1140 1145
f 1140 1225 1222
f 1226 1147 1148
f 1147 1226 1224
f 1226 1149 1227
f 1149 1226 1148
f 1228 1149 1150
f 1149 1228 1227
f 1229 1150 1151
f 1150 1229 1228
f 1231 1151 1153
f 1151 1231 1229
f 1230 1232 1233
f 1232 1154 1233
f 1154 1232 1074
f 1232 1069 1074
f 1069 1232 1230
f 1156 1234 1235
f 1234 1156 1155
f 1231 1156 1235
f 1156 1231 1153
f 1236 1154 1157
f 1154 1236 1233
f 1159 1237 1238
f 1237 1159 1158
f 1234 1159 1238
f 1159 1234 1155
f 1239 1240 1236
f 1240 1239 1241
f 1239 1163 1241
f 1163 1239 1160
f 1239 1157 1160
f 1157 1239 1236
f 1161 1237 1158
f 1163 1243 1241
f 1242 1166 1244
f 1166 1242 1081
f 1242 1161 1081
f 1243 1164 1245
f 1164 1243 1163
f 1246 1164 1245
f 1164 1246 1165
f 1250 1247 1166
f 1166 1247 1244
f 1248 1246 1249
f 1246 1248 1245
f 1246 1167 1249
f 1167 1246 1165
f 1249 1169 1251
f 1169 1249 1167
f 1252 1169 1251
f 1169 1252 1089
f 1252 1256 1170
f 1256 1171 1170
f 1171 1256 1253
f 1171 1253 1254
f 1172 1254 1335
f 1254 1172 1171
f 1086 1397 1168
f 1397 1086 929
f 1256 1255 1252
f 1173 1335 1172
f 1174 1173 1257
f 1176 1257 1258
f 1257 1176 1174
f 1178 1258 1259
f 1258 1178 1176
f 1179 1259 1260
f 1259 1179 1178
f 929 1099 1397
f 1261 1179 1180
f 1179 1261 1260
f 1261 1262 1263
f 1262 1261 1260
f 1183 1261 1263
f 1261 1183 1180
f 1341 1181 1188
f 1099 1181 1397
f 1264 1183 1184
f 1183 1264 1263
f 1264 1265 1266
f 1265 1264 1263
f 1189 1267 1185
f 1268 1185 1346
f 1185 1268 1186
f 1186 1268 1187
f 1187 1268 1188
f 1188 1268 1341
f 1184 1272 1264
f 1264 1266 1272
f 1270 1269 1271
f 1112 1270 1271
f 1273 1272 1266
f 1266 1269 1273
f 1277 1269 1270
f 1270 1194 1277
f 1272 1198 1274
f 1198 1272 1193
f 1274 1273 1275
f 1273 1274 1272
f 1276 1273 1269
f 1273 1276 1275
f 1277 1276 1269
f 1278 1277 1194
f 1278 1194 1200
f 1279 1198 1121
f 1198 1279 1274
f 1279 1275 1280
f 1275 1279 1274
f 1201 1279 1280
f 1279 1201 1121
f 1202 1280 1281
f 1280 1202 1201
f 1203 1281 1282
f 1281 1203 1202
f 1282 1278 1283
f 1278 1282 1277
f 1283 1203 1282
f 1203 1283 1204
f 1283 1200 1204
f 1200 1283 1278
f 1284 1207 1206
f 1127 1207 1285
f 1128 1285 1286
f 1285 1128 1127
f 1286 1208 1128
f 1209 1287 1210
f 1287 1284 1210
f 1460 1212 1211
f 1290 1214 1212
f 1288 1289 1213
f 1209 1213 1289
f 1214 1290 1291
f 1216 1214 1291
f 1214 1216 1215
f 1217 1291 1292
f 1291 1217 1216
f 1220 1292 1293
f 1292 1220 1217
f 1222 1294 1218
f 1366 1218 1294
f 1218 1366 1295
f 1296 1220 1221
f 1220 1296 1293
f 1294 1222 1297
f 1298 1221 1223
f 1221 1298 1296
f 1298 1299 1300
f 1299 1298 1296
f 1224 1298 1300
f 1298 1224 1223
f 1301 1222 1225
f 1222 1301 1297
f 1302 1224 1226
f 1224 1302 1300
f 1303 1301 973
f 1301 1225 973
f 1304 1226 1227
f 1226 1304 1302
f 1230 1303 973
f 1305 1227 1228
f 1227 1305 1304
f 1307 1308 1230
f 1230 1308 1303
f 1306 1228 1229
f 1228 1306 1305
f 1309 1229 1231
f 1229 1309 1306
f 1310 1230 1233
f 1230 1310 1307
f 1235 1311 1312
f 1311 1235 1234
f 1312 1231 1235
f 1231 1312 1309
f 1314 1313 1310
f 1240 1314 1236
f 1314 1233 1236
f 1233 1314 1310
f 1315 1237 1316
f 1237 1315 1238
f 1315 1234 1238
f 1234 1315 1311
f 1317 1240 1241
f 1240 1317 1314
f 1318 1242 1320
f 1242 1318 1161
f 1318 1237 1161
f 1237 1318 1316
f 1317 1243 1319
f 1243 1317 1241
f 1320 1242 1324
f 1242 1244 1324
f 1321 1319 1322
f 1319 1321 1323
f 1322 1243 1245
f 1243 1322 1319
f 1324 1244 1247
f 1322 1248 1325
f 1248 1322 1245
f 1326 1248 1325
f 1248 1326 1249
f 1247 1250 1502
f 1327 1326 1328
f 1326 1327 1325
f 1326 1251 1328
f 1251 1326 1249
f 1329 1251 1328
f 1251 1329 1252
f 1330 1252 1329
f 1253 1256 1331
f 1254 1331 1336
f 1331 1254 1253
f 1336 1335 1254
f 1397 1250 1168
f 1250 1397 1502
f 1332 1330 1333
f 1330 1332 1329
f 1330 1255 1333
f 1255 1330 1252
f 1334 1255 1333
f 1255 1334 1256
f 1334 1256 1331
f 1257 1173 1335
f 1258 1257 1337
f 1337 1259 1258
f 1338 1259 1337
f 1259 1338 1260
f 1262 1338 1339
f 1338 1262 1260
f 1340 1262 1263
f 1262 1340 1339
f 1340 1265 1263
f 1341 1403 1181
f 1403 1397 1181
f 1342 1265 1266
f 1265 1342 1340
f 1342 1340 1271
f 1269 1342 1271
f 1342 1269 1266
f 1271 1344 1343
f 1344 1271 1340
f 1343 1344 1404
f 1112 1343 1404
f 1343 1112 1271
f 1112 1404 1189
f 1345 1189 1404
f 1189 1345 1267
f 1346 1267 1345
f 1267 1346 1185
f 1347 1268 1346
f 1341 1268 1347
f 1276 1348 1349
f 1348 1276 1275
f 1350 1276 1349
f 1276 1350 1277
f 1348 1280 1351
f 1280 1348 1275
f 1351 1349 1352
f 1349 1351 1348
f 1281 1351 1352
f 1351 1281 1280
f 1352 1350 1353
f 1350 1352 1349
f 1353 1281 1352
f 1281 1353 1282
f 1353 1277 1282
f 1277 1353 1350
f 1207 1354 1355
f 1354 1207 1284
f 1285 1355 1356
f 1355 1285 1207
f 1356 1286 1285
f 1208 1356 1357
f 1356 1208 1286
f 1208 1357 1359
f 1209 1358 1287
f 1354 1287 1358
f 1287 1354 1284
f 1129 1359 1460
f 1359 1129 1208
f 1463 1360 1460
f 1358 1209 1413
f 1360 1212 1460
f 1360 1290 1212
f 1290 1360 1362
f 1361 1289 1288
f 1361 1209 1289
f 1209 1361 1413
f 1363 1290 1291
f 1290 1363 1362
f 1363 1292 1291
f 1364 1292 1363
f 1292 1364 1293
f 1366 1294 1365
f 1366 1367 1295
f 1288 1295 1412
f 1368 1293 1296
f 1293 1368 1364
f 1299 1368 1369
f 1368 1299 1296
f 1365 1297 1370
f 1297 1365 1294
f 1371 1299 1300
f 1299 1371 1369
f 1370 1301 1423
f 1301 1370 1297
f 1371 1302 1372
f 1302 1371 1300
f 1303 1423 1301
f 1373 1302 1304
f 1302 1373 1372
f 1374 1304 1305
f 1304 1374 1373
f 1428 1426 1303
f 1428 1303 1308
f 1375 1305 1306
f 1305 1375 1374
f 1308 1307 1376
f 1375 1309 1377
f 1309 1375 1306
f 1313 1307 1310
f 1307 1313 1376
f 1378 1379 1377
f 1379 1378 1380
f 1378 1311 1380
f 1311 1378 1312
f 1378 1309 1312
f 1309 1378 1377
f 1381 1313 1314
f 1313 1381 1432
f 1382 1316 1384
f 1316 1382 1315
f 1382 1311 1315
f 1311 1382 1380
f 1381 1317 1383
f 1317 1381 1314
f 1320 1316 1318
f 1385 1386 1383
f 1386 1385 1387
f 1385 1323 1387
f 1323 1385 1319
f 1385 1317 1319
f 1317 1385 1383
f 1388 1323 1321
f 1323 1388 1387
f 1389 1321 1388
f 1321 1389 1322
f 1390 1389 1391
f 1389 1390 1388
f 1389 1325 1391
f 1325 1389 1322
f 1502 1324 1247
f 1391 1327 1392
f 1327 1391 1325
f 1393 1327 1392
f 1327 1393 1328
f 1394 1328 1393
f 1328 1394 1329
f 1395 1336 1331
f 1336 1395 1396
f 1336 1396 1448
f 1394 1332 1398
f 1332 1394 1329
f 1399 1332 1398
f 1332 1399 1333
f 1334 1399 1400
f 1399 1334 1333
f 1334 1400 1447
f 1395 1334 1447
f 1334 1395 1331
f 1257 1336 1337
f 1336 1257 1335
f 1338 1337 1401
f 1339 1401 1402
f 1401 1339 1338
f 1402 1339 1340
f 1402 1344 1340
f 1345 1404 1346
f 1405 1347 1346
f 1341 1405 1406
f 1405 1341 1347
f 1407 1354 1411
f 1355 1407 1408
f 1407 1355 1354
f 1356 1408 1409
f 1408 1356 1355
f 1356 1409 1410
f 1410 1357 1356
f 1410 1359 1357
f 1358 1411 1354
f 1362 1360 1464
f 1413 1288 1412
f 1288 1413 1361
f 1414 1362 1363
f 1362 1414 1464
f 1364 1414 1415
f 1414 1364 1363
f 1416 1365 1417
f 1365 1416 1366
f 1367 1366 1416
f 1412 1367 1517
f 1367 1412 1295
f 1418 1364 1368
f 1364 1418 1415
f 1369 1418 1419
f 1418 1369 1368
f 1417 1370 1420
f 1370 1417 1365
f 1421 1369 1371
f 1369 1421 1419
f 1422 1371 1372
f 1371 1422 1421
f 1424 1372 1373
f 1372 1424 1422
f 1423 1426 1477
f 1426 1423 1303
f 1425 1373 1374
f 1373 1425 1424
f 1427 1374 1375
f 1374 1427 1425
f 1428 1376 1480
f 1376 1428 1308
f 1429 1379 1430
f 1379 1429 1377
f 1429 1375 1377
f 1375 1429 1427
f 1432 1431 1313
f 1431 1376 1313
f 1376 1431 1480
f 1433 1379 1380
f 1379 1433 1430
f 1434 1432 1381
f 1435 1436 1433
f 1384 1435 1382
f 1435 1380 1382
f 1380 1435 1433
f 1437 1438 1434
f 1438 1437 1439
f 1437 1386 1439
f 1386 1437 1383
f 1437 1381 1383
f 1381 1437 1434
f 1440 1386 1387
f 1386 1440 1439
f 1316 1320 1593
f 1441 1387 1388
f 1387 1441 1440
f 1491 1324 1502
f 1593 1324 1491
f 1593 1320 1324
f 1441 1390 1442
f 1390 1441 1388
f 1443 1390 1442
f 1390 1443 1391
f 1443 1392 1444
f 1392 1443 1391
f 1445 1392 1444
f 1392 1445 1393
f 1446 1393 1445
f 1393 1446 1394
f 1396 1447 1448
f 1447 1396 1395
f 1446 1398 1449
f 1398 1446 1394
f 1450 1398 1449
f 1398 1450 1399
f 1400 1450 1451
f 1450 1400 1399
f 1451 1447 1400
f 1337 1448 1452
f 1448 1337 1336
f 1401 1452 1402
f 1452 1401 1337
f 1453 1344 1402
f 1453 1404 1344
f 1406 1403 1341
f 1403 1406 1397
f 1404 1454 1455
f 1455 1346 1404
f 1405 1455 1456
f 1455 1405 1346
f 1405 1456 1457
f 1406 1457 1503
f 1457 1406 1405
f 1458 1411 1462
f 1411 1458 1407
f 1459 1407 1458
f 1407 1459 1408
f 1459 1409 1408
f 1460 1359 1410
f 1358 1413 1411
f 1462 1411 1413
f 1460 1463 1461
f 1360 1463 1559
f 1509 1360 1559
f 1360 1509 1464
f 1466 1464 1414
f 1464 1466 1465
f 1415 1466 1467
f 1466 1415 1414
f 1417 1468 1416
f 1517 1416 1468
f 1416 1517 1367
f 1469 1415 1418
f 1415 1469 1467
f 1419 1469 1470
f 1469 1419 1418
f 1471 1417 1420
f 1417 1471 1468
f 1472 1419 1421
f 1419 1472 1470
f 1420 1423 1474
f 1423 1420 1370
f 1473 1421 1422
f 1421 1473 1472
f 1474 1423 1477
f 1475 1422 1424
f 1422 1475 1473
f 1476 1424 1425
f 1424 1476 1475
f 1478 1477 1480
f 1477 1426 1480
f 1479 1425 1427
f 1425 1479 1476
f 1481 1480 1484
f 1480 1426 1428
f 1482 1430 1483
f 1430 1482 1429
f 1482 1427 1429
f 1427 1482 1479
f 1484 1431 1432
f 1484 1480 1431
f 1436 1485 1433
f 1485 1430 1433
f 1430 1485 1483
f 1486 1438 1487
f 1438 1486 1434
f 1486 1432 1434
f 1432 1486 1484
f 1488 1438 1439
f 1438 1488 1487
f 1435 1384 1593
f 1488 1440 1489
f 1440 1488 1439
f 1593 1384 1316
f 1490 1440 1441
f 1440 1490 1489
f 1490 1442 1492
f 1442 1490 1441
f 1493 1442 1492
f 1442 1493 1443
f 1493 1444 1494
f 1444 1493 1443
f 1495 1444 1494
f 1444 1495 1445
f 1496 1445 1495
f 1445 1496 1446
f 1496 1449 1497
f 1449 1496 1446
f 1498 1449 1497
f 1449 1498 1450
f 1499 1450 1498
f 1450 1499 1451
f 1451 1499 1500
f 1500 1447 1451
f 1448 1699 1447
f 1452 1501 1402
f 1406 1502 1397
f 1551 1453 1402
f 1404 1453 1551
f 1406 1503 1554
f 1502 1406 1554
f 1454 1404 1555
f 1555 1455 1454
f 1555 1456 1455
f 1456 1555 1504
f 1504 1457 1456
f 1505 1457 1504
f 1457 1505 1503
f 1503 1505 1553
f 1462 1506 1458
f 1507 1458 1506
f 1458 1507 1459
f 1508 1459 1507
f 1459 1508 1409
f 1508 1410 1409
f 1460 1508 1557
f 1508 1460 1410
f 1460 1557 1461
f 1413 1660 1462
f 1463 1461 1559
f 1510 1509 1559
f 1509 1510 1511
f 1464 1509 1511
f 1465 1511 1512
f 1511 1465 1464
f 1517 1513 1412
f 1412 1513 1413
f 1512 1466 1514
f 1466 1512 1465
f 1467 1514 1515
f 1514 1467 1466
f 1516 1468 1521
f 1517 1468 1516
f 1518 1467 1469
f 1467 1518 1515
f 1518 1519 1520
f 1519 1518 1515
f 1470 1518 1520
f 1518 1470 1469
f 1468 1471 1521
f 1522 1470 1472
f 1470 1522 1520
f 1474 1574 1420
f 1574 1471 1420
f 1471 1574 1521
f 1523 1472 1473
f 1472 1523 1522
f 1526 1474 1477
f 1526 1524 1574
f 1474 1526 1574
f 1525 1473 1475
f 1473 1525 1523
f 1526 1478 1578
f 1478 1526 1477
f 1527 1475 1476
f 1475 1527 1525
f 1528 1481 1582
f 1481 1528 1480
f 1528 1478 1480
f 1478 1528 1578
f 1529 1476 1479
f 1476 1529 1527
f 1530 1481 1484
f 1481 1530 1582
f 1531 1532 1529
f 1532 1531 1533
f 1531 1483 1533
f 1483 1531 1482
f 1531 1479 1482
f 1479 1531 1529
f 1534 1585 1530
f 1484 1534 1530
f 1535 1483 1485
f 1483 1535 1533
f 1486 1536 1537
f 1536 1486 1487
f 1537 1484 1486
f 1484 1537 1534
f 1535 1436 1593
f 1535 1485 1436
f 1538 1487 1488
f 1487 1538 1536
f 1593 1436 1435
f 1539 1488 1489
f 1488 1539 1538
f 1540 1489 1490
f 1489 1540 1539
f 1541 1490 1492
f 1490 1541 1540
f 1493 1541 1542
f 1541 1493 1492
f 1491 1502 1544
f 1542 1494 1543
f 1494 1542 1493
f 1495 1543 1545
f 1543 1495 1494
f 1495 1545 1496
f 1497 1545 1496
f 1546 1497 1545
f 1497 1546 1498
f 1547 1498 1546
f 1498 1547 1499
f 1499 1547 1500
f 1447 1500 1699
f 1452 1603 1501
f 1548 1501 1603
f 1501 1548 1402
f 1502 1554 1549
f 1544 1502 1549
f 1544 1599 1549
f 1548 1402 1550
f 1402 1550 1551
f 1552 1404 1551
f 1503 1553 1554
f 1552 1404 1750
f 1555 1404 1750
f 1553 1505 1607
f 1556 1507 1506
f 1507 1556 1508
f 1461 1557 1558
f 1559 1558 1461
f 1560 1510 1559
f 1561 1513 1614
f 1562 1513 1561
f 1513 1562 1413
f 1562 1660 1413
f 1660 1562 1612
f 1563 1510 1511
f 1510 1563 1560
f 1511 1563 1564
f 1512 1564 1565
f 1564 1512 1511
f 1565 1514 1566
f 1514 1565 1512
f 1567 1514 1566
f 1514 1567 1515
f 1568 1515 1567
f 1515 1568 1519
f 1570 1521 1569
f 1521 1570 1516
f 1571 1516 1570
f 1516 1571 1517
f 1572 1568 1573
f 1568 1572 1567
f 1573 1519 1520
f 1519 1573 1568
f 1521 1574 1569
f 1573 1522 1575
f 1522 1573 1520
f 1574 1524 1626
f 1576 1522 1523
f 1522 1576 1575
f 1578 1524 1526
f 1524 1578 1626
f 1577 1523 1525
f 1523 1577 1576
f 1579 1580 1577
f 1580 1579 1581
f 1579 1525 1527
f 1525 1579 1577
f 1582 1578 1528
f 1583 1581 1579
f 1581 1583 1584
f 1583 1532 1584
f 1532 1583 1529
f 1583 1527 1529
f 1527 1583 1579
f 1585 1582 1530
f 1586 1532 1533
f 1532 1586 1584
f 1586 1535 1587
f 1586 1533 1535
f 1537 1588 1589
f 1588 1537 1536
f 1585 1537 1589
f 1537 1585 1534
f 1593 1590 1535
f 1535 1590 1587
f 1588 1538 1591
f 1538 1588 1536
f 1592 1538 1539
f 1538 1592 1591
f 1594 1539 1540
f 1539 1594 1592
f 1595 1540 1541
f 1540 1595 1594
f 1542 1595 1596
f 1595 1542 1541
f 1544 1593 1491
f 1597 1542 1543
f 1542 1597 1596
f 1545 1597 1598
f 1597 1545 1543
f 1544 1599 1593
f 1598 1545 1600
f 1546 1600 1601
f 1600 1546 1545
f 1601 1547 1546
f 1547 1601 1602
f 1602 1500 1547
f 1602 1699 1500
f 1699 1700 1448
f 1700 1452 1448
f 1452 1700 1603
f 1549 1554 1604
f 1604 1599 1549
f 1550 1603 1548
f 1702 1550 1603
f 1550 1702 1551
f 1605 1551 1702
f 1551 1605 1552
f 1606 1554 1553
f 1750 1605 1552
f 1505 1504 1607
f 1607 1606 1553
f 1506 1608 1556
f 1657 1556 1608
f 1556 1657 1508
f 1609 1508 1657
f 1609 1557 1508
f 1557 1609 1610
f 1610 1558 1557
f 1558 1610 1611
f 1608 1462 1660
f 1462 1608 1506
f 1558 1559 1611
f 1613 1560 1559
f 1615 1561 1614
f 1612 1561 1615
f 1561 1612 1562
f 1616 1560 1563
f 1560 1616 1613
f 1564 1616 1617
f 1616 1564 1563
f 1565 1617 1618
f 1617 1565 1564
f 1614 1513 1571
f 1619 1565 1566
f 1565 1619 1618
f 1620 1566 1619
f 1566 1620 1567
f 1623 1570 1569
f 1571 1623 1667
f 1623 1571 1570
f 1571 1513 1517
f 1620 1572 1621
f 1572 1620 1567
f 1622 1572 1621
f 1572 1622 1573
f 1624 1622 1625
f 1622 1624 1621
f 1622 1575 1625
f 1575 1622 1573
f 1623 1574 1626
f 1574 1623 1569
f 1627 1575 1576
f 1575 1627 1625
f 1626 1578 1630
f 1628 1676 1627
f 1676 1628 1629
f 1628 1580 1629
f 1580 1628 1577
f 1628 1576 1577
f 1576 1628 1627
f 1630 1578 1631
f 1633 1580 1581
f 1580 1633 1629
f 1582 1632 1631
f 1582 1631 1578
f 1633 1581 1584
f 1632 1585 1634
f 1585 1632 1582
f 1587 1635 1633
f 1587 1584 1586
f 1584 1587 1633
f 1637 1585 1634
f 1585 1637 1636
f 1635 1590 1684
f 1590 1635 1587
f 1589 1638 1639
f 1638 1589 1588
f 1636 1589 1639
f 1589 1636 1585
f 1638 1591 1640
f 1591 1638 1588
f 1641 1638 1639
f 1638 1641 1640
f 1642 1591 1592
f 1591 1642 1640
f 1642 1594 1643
f 1594 1642 1592
f 1644 1594 1595
f 1594 1644 1643
f 1644 1645 1646
f 1645 1644 1643
f 1596 1644 1646
f 1644 1596 1595
f 1647 1596 1597
f 1596 1647 1646
f 1648 1597 1647
f 1597 1648 1598
f 1600 1648 1649
f 1648 1600 1598
f 1599 1650 1593
f 1600 1651 1649
f 1651 1601 1600
f 1601 1651 1652
f 1652 1602 1601
f 1652 1699 1602
f 1653 1604 1554
f 1650 1604 1653
f 1604 1650 1599
f 1606 1653 1554
f 1504 1555 1705
f 1705 1607 1504
f 1655 1607 1705
f 1653 1607 1655
f 1607 1653 1606
f 1656 1608 1661
f 1657 1608 1656
f 1657 1708 1609
f 1610 1609 1658
f 1610 1658 1611
f 1661 1608 1660
f 1659 1611 1559
f 1613 1659 1662
f 1659 1613 1559
f 1663 1614 1716
f 1614 1663 1615
f 1663 1612 1615
f 1612 1663 1713
f 1664 1613 1616
f 1613 1664 1662
f 1665 1616 1664
f 1616 1665 1617
f 1666 1617 1665
f 1617 1666 1618
f 1667 1614 1571
f 1614 1667 1716
f 1668 1618 1619
f 1618 1668 1666
f 1669 1619 1668
f 1619 1669 1620
f 1623 1670 1667
f 1667 1670 1720
f 1671 1620 1621
f 1620 1671 1669
f 1623 1626 1672
f 1670 1623 1672
f 1671 1624 1673
f 1624 1671 1621
f 1674 1624 1673
f 1624 1674 1625
f 1675 1673 1674
f 1673 1675 1676
f 1676 1675 1627
f 1675 1625 1627
f 1625 1675 1674
f 1728 1630 1729
f 1630 1728 1626
f 1630 1679 1729
f 1679 1630 1631
f 1677 1633 1684
f 1677 1629 1633
f 1629 1677 1676
f 1631 1678 1679
f 1678 1631 1632
f 1684 1633 1635
f 1678 1634 1680
f 1634 1678 1632
f 1681 1678 1679
f 1678 1681 1680
f 1637 1682 1683
f 1682 1637 1636
f 1680 1637 1683
f 1637 1680 1634
f 1733 1684 1685
f 1682 1639 1735
f 1639 1682 1636
f 1685 1684 1590
f 1641 1686 1687
f 1686 1641 1640
f 1735 1641 1687
f 1641 1735 1639
f 1685 1593 1688
f 1593 1685 1590
f 1686 1642 1689
f 1642 1686 1640
f 1690 1686 1687
f 1686 1690 1689
f 1691 1642 1643
f 1642 1691 1689
f 1691 1690 1692
f 1690 1691 1689
f 1645 1691 1692
f 1691 1645 1643
f 1693 1645 1646
f 1645 1693 1692
f 1693 1647 1694
f 1647 1693 1646
f 1648 1694 1695
f 1694 1648 1647
f 1649 1695 1696
f 1695 1649 1648
f 1701 1593 1650
f 1651 1649 1697
f 1652 1697 1698
f 1697 1652 1651
f 1652 1698 1699
f 1701 1650 1653
f 1748 1603 1802
f 1603 1748 1700
f 1702 1603 1802
f 1654 1703 1704
f 1703 1654 1653
f 1701 1654 1704
f 1654 1701 1653
f 1750 1702 1605
f 1705 1555 1751
f 1655 1705 1706
f 1655 1706 1703
f 1655 1703 1653
f 1656 1661 1707
f 1707 1657 1656
f 1657 1707 1756
f 1756 1708 1657
f 1609 1708 1709
f 1710 1609 1709
f 1609 1710 1658
f 1711 1658 1710
f 1658 1711 1611
f 1712 1611 1711
f 1712 1659 1611
f 1714 1612 1713
f 1612 1714 1660
f 1660 1714 1661
f 1754 1661 1714
f 1659 1712 1662
f 1715 1662 1712
f 1715 1664 1717
f 1664 1715 1662
f 1718 1664 1717
f 1664 1718 1665
f 1719 1665 1718
f 1665 1719 1666
f 1667 1720 1716
f 1721 1666 1668
f 1666 1721 1719
f 1722 1668 1721
f 1668 1722 1669
f 1670 1672 1720
f 1723 1669 1671
f 1669 1723 1722
f 1672 1724 1769
f 1724 1672 1626
f 1725 1671 1673
f 1671 1725 1723
f 1626 1726 1774
f 1774 1724 1626
f 1727 1673 1676
f 1673 1727 1725
f 1726 1728 1774
f 1728 1726 1626
f 1727 1676 1731
f 1728 1729 1730
f 1731 1684 1776
f 1684 1731 1677
f 1731 1676 1677
f 1729 1679 1732
f 1729 1730 1732
f 1684 1733 1776
f 1681 1732 1679
f 1683 1735 1734
f 1735 1683 1682
f 1681 1683 1734
f 1683 1681 1680
f 1786 1735 1734
f 1685 1736 1733
f 1738 1735 1687
f 1685 1688 1736
f 1690 1738 1687
f 1737 1688 1593
f 1739 1690 1692
f 1690 1739 1738
f 1739 1693 1740
f 1693 1739 1692
f 1740 1694 1741
f 1694 1740 1693
f 1695 1741 1742
f 1741 1695 1694
f 1696 1742 1743
f 1742 1696 1695
f 1701 1744 1593
f 1745 1696 1649
f 1696 1745 1743
f 1745 1746 1747
f 1746 1745 1743
f 1697 1745 1747
f 1745 1697 1649
f 1697 1747 1698
f 1698 1747 1872
f 1872 1699 1698
f 1748 1700 1699
f 1701 1704 1744
f 1749 1704 1703
f 1750 1753 1555
f 1555 1753 1751
f 1706 1751 1752
f 1751 1706 1705
f 1703 1752 1805
f 1752 1703 1706
f 1807 1750 1753
f 1751 1809 1753
f 1755 1661 1754
f 1661 1755 1707
f 1707 1755 1811
f 1707 1811 1812
f 1812 1756 1707
f 1708 1756 1813
f 1709 1813 1814
f 1813 1709 1708
f 1815 1709 1814
f 1709 1815 1710
f 1757 1710 1815
f 1710 1757 1711
f 1817 1711 1757
f 1711 1817 1712
f 1713 1758 1714
f 1759 1712 1817
f 1712 1759 1715
f 1717 1715 1759
f 1663 1760 1761
f 1760 1663 1716
f 1761 1713 1663
f 1762 1713 1758
f 1713 1762 1761
f 1717 1763 1759
f 1764 1717 1763
f 1717 1764 1718
f 1765 1718 1764
f 1718 1765 1719
f 1766 1716 1720
f 1766 1716 1760
f 1765 1721 1767
f 1721 1765 1719
f 1768 1721 1767
f 1721 1768 1722
f 1720 1769 1770
f 1769 1720 1672
f 1768 1723 1771
f 1723 1768 1722
f 1769 1772 1834
f 1772 1769 1724
f 1773 1723 1725
f 1723 1773 1771
f 1772 1724 1774
f 1775 1725 1727
f 1725 1775 1773
f 1778 1774 1728
f 1776 1727 1731
f 1727 1776 1775
f 1730 1778 1728
f 1730 1779 1780
f 1779 1730 1732
f 1733 1917 1777
f 1776 1733 1777
f 1732 1781 1782
f 1781 1732 1681
f 1779 1732 1782
f 1733 1784 1917
f 1781 1734 1783
f 1734 1781 1681
f 1785 1786 1735
f 1786 1783 1734
f 1784 1736 1787
f 1784 1733 1736
f 1785 1738 1788
f 1738 1785 1735
f 1789 1785 1786
f 1785 1789 1788
f 1737 1790 1787
f 1737 1736 1688
f 1736 1737 1787
f 1788 1738 1791
f 1737 1859 1790
f 1791 1739 1792
f 1739 1791 1738
f 1737 1793 1859
f 1793 1737 1593
f 1792 1740 1794
f 1740 1792 1739
f 1593 1801 1793
f 1795 1740 1741
f 1740 1795 1794
f 1795 1796 1797
f 1796 1795 1794
f 1742 1795 1797
f 1795 1742 1741
f 1798 1742 1797
f 1742 1798 1743
f 1746 1798 1799
f 1798 1746 1743
f 1801 1593 1744
f 1746 1747 1799
f 1800 1872 1747
f 1699 1873 1748
f 1704 1801 1744
f 1802 1748 1873
f 1803 1749 1703
f 1801 1749 1803
f 1749 1801 1704
f 1702 2009 1802
f 1752 1804 1805
f 1804 1752 1751
f 1805 1803 1703
f 1803 1806 1805
f 1808 1809 1753
f 1809 1751 1804
f 1755 1810 1880
f 1810 1755 1754
f 1880 1811 1755
f 1816 1817 1757
f 1714 1818 1819
f 1818 1714 1758
f 1754 1819 1888
f 1819 1754 1714
f 1754 1888 1820
f 1810 1754 1820
f 1890 1810 1880
f 1810 1890 1820
f 1821 1817 1892
f 1817 1821 1759
f 1822 1761 1760
f 1822 1762 1761
f 1823 1758 1818
f 1758 1823 1762
f 1896 1821 1824
f 1821 1763 1824
f 1763 1821 1759
f 1825 1763 1824
f 1764 1825 1826
f 1825 1764 1763
f 1827 1764 1826
f 1764 1827 1765
f 1766 1828 1829
f 1828 1766 1720
f 1766 1829 1830
f 1822 1766 1830
f 1766 1822 1760
f 1822 1968 1830
f 1831 1827 1832
f 1827 1831 1826
f 1827 1767 1832
f 1767 1827 1765
f 1833 1767 1832
f 1767 1833 1768
f 1770 1834 1835
f 1834 1770 1769
f 1828 1770 1835
f 1770 1828 1720
f 1904 1828 1829
f 1828 1904 1835
f 1836 1833 1837
f 1833 1836 1832
f 1833 1771 1837
f 1771 1833 1768
f 1838 1834 1772
f 1839 1771 1773
f 1771 1839 1837
f 1774 1838 1772
f 1839 1775 1840
f 1775 1839 1773
f 1841 1774 1778
f 1842 1843 1840
f 1842 1777 1843
f 1777 1842 1776
f 1842 1775 1776
f 1775 1842 1840
f 1778 1844 1845
f 1844 1778 1730
f 1841 1778 1845
f 1917 1843 1777
f 1846 1780 1779
f 1844 1780 1846
f 1780 1844 1730
f 1919 1844 1845
f 1844 1919 1846
f 1782 1847 1848
f 1847 1782 1781
f 1846 1782 1848
f 1782 1846 1779
f 1846 1849 1848
f 1784 1852 1917
f 1847 1783 1850
f 1783 1847 1781
f 1851 1847 1848
f 1847 1851 1850
f 1853 1783 1786
f 1783 1853 1850
f 1852 1790 1854
f 1790 1852 1787
f 1852 1784 1787
f 1789 1855 1856
f 1855 1789 1788
f 1853 1789 1856
f 1789 1853 1786
f 1790 1859 1854
f 1855 1791 1857
f 1791 1855 1788
f 1858 1855 1856
f 1855 1858 1857
f 1857 1792 1860
f 1792 1857 1791
f 1860 1858 1861
f 1858 1860 1857
f 1859 1793 1862
f 1863 1792 1794
f 1792 1863 1860
f 1863 1861 1864
f 1861 1863 1860
f 1796 1863 1864
f 1863 1796 1794
f 1865 1793 1801
f 1793 1865 1862
f 1866 1796 1797
f 1796 1866 1864
f 1866 1867 1868
f 1867 1866 1864
f 1798 1866 1868
f 1866 1798 1797
f 1799 1868 1869
f 1868 1799 1798
f 1801 1940 1865
f 1870 1799 1747
f 1799 1870 1869
f 1800 1870 1871
f 1870 1800 1747
f 1871 1872 1800
f 1699 1872 2005
f 2005 1873 1699
f 1801 1874 1940
f 1874 1801 1803
f 1943 1702 2009
f 1807 1702 1943
f 1702 1807 1750
f 1805 1875 1876
f 1875 1805 1804
f 1806 1876 1877
f 1876 1806 1805
f 1874 1806 1877
f 1806 1874 1803
f 1878 1753 1807
f 1808 1878 1945
f 1878 1808 1753
f 1879 1808 1945
f 1808 1879 1809
f 1875 1809 1879
f 1809 1875 1804
f 1879 1875 1876
f 1811 1880 1881
f 1812 1881 1882
f 1881 1812 1811
f 1756 1882 1883
f 1882 1756 1812
f 1813 1883 1949
f 1883 1813 1756
f 1949 1814 1813
f 1884 1814 1949
f 1814 1884 1815
f 1885 1815 1884
f 1815 1885 1757
f 1816 1885 1886
f 1885 1816 1757
f 1816 1886 1817
f 1819 1887 1952
f 1887 1819 1818
f 1952 1888 1819
f 1820 2014 1889
f 2014 1820 1888
f 1889 1890 1820
f 1891 1880 1881
f 1880 1891 1890
f 1892 1886 1817
f 1892 1959 1821
f 1896 1821 1959
f 1762 1893 1894
f 1893 1762 1822
f 1823 1894 1895
f 1894 1823 1762
f 1887 1823 1895
f 1823 1887 1818
f 1961 1887 1952
f 1887 1961 1895
f 1896 1963 1959
f 1896 1964 1824
f 1897 1824 1964
f 1824 1897 1825
f 1898 1825 1897
f 1825 1898 1826
f 1830 1899 1967
f 1899 1830 1829
f 1967 1968 1830
f 1900 1822 1893
f 1822 1900 1968
f 1898 1831 1901
f 1831 1898 1826
f 1902 1831 1901
f 1831 1902 1832
f 1835 1903 1973
f 1903 1835 1834
f 1973 1904 1835
f 1905 1829 1899
f 1829 1905 1904
f 1902 1836 1906
f 1836 1902 1832
f 1907 1836 1906
f 1836 1907 1837
f 1838 1908 1909
f 1903 1838 1909
f 1838 1903 1834
f 1910 1907 1911
f 1907 1910 1906
f 1907 1839 1911
f 1839 1907 1837
f 1908 1774 1912
f 1774 1908 1838
f 1913 1910 1911
f 1910 1913 1914
f 1913 1843 1914
f 1843 1913 1840
f 1913 1839 1840
f 1839 1913 1911
f 1912 1841 1915
f 1841 1912 1774
f 1843 1916 1914
f 1915 1845 1919
f 1845 1915 1841
f 1917 1918 1916
f 1918 1917 2052
f 1843 1917 1916
f 1849 1919 1846
f 1917 1852 2052
f 1920 1849 1848
f 1851 1921 1922
f 1921 1851 1850
f 1920 1851 1922
f 1851 1920 1848
f 1920 1986 1922
f 1852 1923 2056
f 1921 1853 1924
f 1853 1921 1850
f 1988 1921 1922
f 1921 1988 1924
f 1854 1925 1852
f 1852 1925 1923
f 1924 1856 1926
f 1856 1924 1853
f 1927 1924 1988
f 1924 1927 1926
f 1928 1854 1859
f 1854 1928 1925
f 1926 1858 1991
f 1858 1926 1856
f 1991 1926 1927
f 1930 1858 1861
f 1858 1930 1991
f 1859 1862 1929
f 1932 1861 1864
f 1861 1932 1930
f 1932 1933 1934
f 1933 1932 1930
f 1867 1932 1934
f 1932 1867 1864
f 1931 1862 1865
f 1935 1867 1868
f 1867 1935 1934
f 1869 1935 1936
f 1935 1869 1868
f 1865 1940 1931
f 1937 1869 1870
f 1869 1937 1936
f 1937 1938 1939
f 1938 1937 1936
f 1871 1937 1939
f 1937 1871 1870
f 1871 1939 1872
f 1872 1939 2005
f 1874 1941 1940
f 1942 1877 1876
f 1941 1877 1942
f 1877 1941 1874
f 1944 1807 1943
f 1807 1944 1878
f 1945 1878 1944
f 1946 1879 1945
f 1879 1946 1947
f 1876 1879 1947
f 1882 1881 1948
f 1948 1883 1882
f 1884 1950 1885
f 1951 1885 1950
f 1885 1951 1886
f 1890 1889 2015
f 1891 2015 1953
f 2015 1891 1890
f 1881 1891 1953
f 1953 1881 1948
f 1954 1948 1883
f 1948 1954 1953
f 1955 1883 1949
f 1883 1955 1954
f 1949 1956 1955
f 1956 1884 1957
f 1884 1956 1949
f 1957 1950 2019
f 1950 1957 1884
f 2019 1951 1958
f 1951 2019 1950
f 1951 1886 1958
f 1892 1886 1958
f 1959 1892 2021
f 1894 1969 1960
f 1969 1894 1893
f 1960 1895 1894
f 1962 1952 1888
f 1952 1962 1961
f 1963 2028 1896
f 1964 1896 2028
f 1964 1965 1897
f 1966 1897 1965
f 1897 1966 1898
f 1974 1967 1899
f 1900 1969 1893
f 1970 1966 1971
f 1966 1970 1965
f 1966 1901 1971
f 1901 1966 1898
f 1972 1901 1971
f 1901 1972 1902
f 1905 1974 1899
f 1975 1972 1976
f 1972 1975 1971
f 1972 1906 1976
f 1906 1972 1902
f 1909 1979 1977
f 1979 1909 1908
f 1973 1909 1977
f 1909 1973 1903
f 1976 1910 1978
f 1910 1976 1906
f 1979 1908 1912
f 1980 1910 1914
f 1910 1980 1978
f 1912 1981 1982
f 1981 1912 1915
f 1979 1912 1982
f 1983 1984 1980
f 1984 1983 2051
f 1983 1918 2051
f 1918 1983 1916
f 1983 1914 1916
f 1914 1983 1980
f 1985 1915 1919
f 1981 1915 1985
f 1918 2052 2051
f 1985 1919 1987
f 1919 1920 1986
f 1920 1919 1849
f 1919 1987 1986
f 1988 1986 1922
f 1986 2057 1988
f 2056 1923 1925
f 1989 1927 1990
f 1927 1989 1988
f 1989 2057 1990
f 1928 2059 1925
f 1990 1991 1992
f 1991 1990 1927
f 1993 1994 2059
f 1993 1929 1994
f 1929 1993 1859
f 1993 1928 1859
f 1928 1993 2059
f 1991 1930 1995
f 1995 1992 1996
f 1992 1995 1991
f 1933 1995 1996
f 1995 1933 1930
f 1997 1931 2062
f 1931 1997 1862
f 1997 1929 1862
f 1929 1997 1994
f 1998 1933 1934
f 1933 1998 1996
f 1931 1999 2062
f 1998 1935 2000
f 1935 1998 1934
f 1936 2000 2001
f 2000 1936 1935
f 1938 2001 2002
f 2001 1938 1936
f 1931 2003 1999
f 2003 1931 1940
f 2004 1938 1939
f 1938 2004 2002
f 1939 2004 2005
f 2005 2006 1873
f 1940 2007 2003
f 1873 2073 1802
f 1940 2008 2007
f 2008 1940 1941
f 1942 2010 2011
f 2010 1942 1876
f 2008 1942 2011
f 1942 2008 1941
f 2012 1943 2077
f 1943 2012 1944
f 1944 2012 1945
f 2013 1946 1945
f 2013 1947 1946
f 2010 1947 2013
f 1947 2010 1876
f 1889 2014 2015
f 1954 2016 2083
f 2016 1954 1953
f 1955 2083 2017
f 2083 1955 1954
f 2018 1955 2017
f 1955 2018 1956
f 2084 1956 2018
f 1956 2084 1957
f 2019 1957 2084
f 1958 2020 1892
f 2021 1892 2020
f 2021 2026 1959
f 1895 1960 2022
f 1961 2022 2023
f 2022 1961 1895
f 2023 1962 1961
f 1888 1962 2024
f 2014 1888 2024
f 2025 2014 2015
f 2014 2025 2024
f 2090 2020 2091
f 2020 2090 1958
f 2091 2021 2026
f 2021 2091 2020
f 2026 1963 2027
f 1963 2026 1959
f 2029 1964 2028
f 1964 2029 1965
f 1900 1968 2030
f 2030 1969 1900
f 2031 1960 2022
f 1960 2031 1969
f 2032 2022 2023
f 2022 2032 2031
f 2033 2029 2034
f 2029 2033 2028
f 2029 1970 2034
f 1970 2029 1965
f 2035 1970 2034
f 1970 2035 1971
f 1904 2036 2037
f 2036 1904 1973
f 1905 2037 2038
f 2037 1905 1904
f 2038 1974 1905
f 1968 2030 1967
f 2039 2035 2040
f 2035 2039 2034
f 2035 1975 2040
f 1975 2035 1971
f 2041 1975 2040
f 1975 2041 1976
f 1973 2042 2043
f 2042 1973 1977
f 2036 1973 2043
f 2107 2036 2037
f 2036 2107 2043
f 2044 2037 2038
f 2037 2044 2107
f 2045 2041 2046
f 2041 2045 2040
f 2041 1978 2046
f 1978 2041 1976
f 1977 1982 2042
f 1982 1977 1979
f 2047 2045 2046
f 2045 2047 2048
f 2047 1984 2048
f 1984 2047 1980
f 2047 1978 1980
f 1978 2047 2046
f 1982 2049 2115
f 2049 1982 1981
f 1982 2115 2050
f 2050 1982 2042
f 1984 2051 2048
f 1985 2049 1981
f 2052 2053 2051
f 2053 2052 2054
f 2052 1852 2054
f 2049 1985 2055
f 2056 2118 2054
f 2118 2056 2120
f 1852 2056 2054
f 2057 1987 1986
f 1985 1987 2057
f 1985 2055 2057
f 2120 2056 2180
f 1989 2057 1988
f 1925 2059 2056
f 2057 2058 2122
f 2058 2057 1990
f 2058 1992 2060
f 1992 2058 1990
f 2061 2058 2122
f 2058 2061 2060
f 1996 2060 1992
f 2063 2062 2132
f 2062 1994 1997
f 2060 1998 2064
f 1998 2060 1996
f 2132 2062 1999
f 2065 1998 2000
f 1998 2065 2064
f 2065 2066 2067
f 2066 2065 2064
f 2001 2065 2067
f 2065 2001 2000
f 2002 2067 2068
f 2067 2002 2001
f 1999 2137 2132
f 2137 1999 2003
f 2069 2002 2004
f 2002 2069 2068
f 2069 2070 2071
f 2070 2069 2068
f 2005 2069 2071
f 2069 2005 2004
f 2005 2071 2138
f 2006 2138 2072
f 2138 2006 2005
f 2006 2072 1873
f 2007 2074 2141
f 2141 2003 2007
f 2003 2141 2137
f 2073 2072 1873
f 2073 2200 1802
f 2009 1802 2200
f 2074 2007 2008
f 2145 1943 2009
f 2011 2075 2076
f 2075 2011 2010
f 2076 2008 2011
f 2008 2076 2074
f 2078 2012 2077
f 2079 2012 2078
f 2012 2079 1945
f 2013 2079 2080
f 2079 2013 1945
f 2013 2080 2081
f 2013 2081 2082
f 2075 2013 2082
f 2013 2075 2010
f 1953 2015 2086
f 2086 2016 1953
f 2019 2089 1958
f 2024 2085 2094
f 2085 2024 1962
f 2025 2094 2015
f 2094 2025 2024
f 2083 2017 2153
f 2087 2017 2018
f 2017 2087 2153
f 2087 2084 2088
f 2084 2087 2018
f 2088 2019 2089
f 2019 2088 2084
f 2090 2089 1958
f 2091 2096 2026
f 2027 2026 2096
f 2027 2092 1963
f 2093 1963 2092
f 1963 2093 2028
f 2085 2023 2159
f 2023 2085 1962
f 2015 2095 2094
f 2155 2091 2096
f 2091 2155 2090
f 2096 2092 2097
f 2092 2096 2027
f 2097 2093 2098
f 2093 2097 2092
f 2093 2028 2098
f 2099 2028 2098
f 2028 2099 2033
f 2100 2033 2099
f 2033 2100 2034
f 1974 2101 2102
f 2101 1974 2038
f 1967 2102 2030
f 2102 1967 1974
f 2031 2030 2158
f 2030 2031 1969
f 2158 2031 2032
f 2158 2032 2023
f 2158 2023 2159
f 2103 2099 2104
f 2099 2103 2098
f 2104 2100 2105
f 2100 2104 2099
f 2100 2039 2105
f 2039 2100 2034
f 2106 2039 2105
f 2039 2106 2040
f 2112 2044 2107
f 2101 2044 2112
f 2044 2101 2038
f 2165 2101 2102
f 2101 2165 2112
f 2108 2102 2030
f 2102 2108 2165
f 2109 2105 2110
f 2105 2109 2104
f 2110 2106 2111
f 2106 2110 2105
f 2106 2045 2111
f 2045 2106 2040
f 2113 2111 2114
f 2111 2113 2110
f 2114 2045 2048
f 2045 2114 2111
f 2050 2115 2172
f 2043 2050 2172
f 2050 2043 2042
f 2043 2107 2172
f 2116 2113 2114
f 2113 2116 2173
f 2116 2053 2173
f 2053 2116 2051
f 2116 2048 2051
f 2048 2116 2114
f 2049 2119 2174
f 2115 2049 2174
f 2115 2175 2174
f 2247 2115 2172
f 2115 2247 2175
f 2118 2117 2054
f 2117 2053 2054
f 2053 2117 2173
f 2055 2119 2049
f 2178 2248 2118
f 2178 2118 2120
f 2055 2057 2119
f 2178 2120 2121
f 2120 2180 2121
f 2177 2057 2119
f 2056 2059 2180
f 2057 2122 2182
f 2123 2057 2257
f 2057 2123 2182
f 2124 2180 2059
f 2180 2124 2125
f 2124 2059 1994
f 2122 2061 2126
f 2259 2122 2182
f 2122 2259 2126
f 2127 2125 2124
f 2125 2127 2063
f 2063 2127 2062
f 2127 1994 2062
f 1994 2127 2124
f 2061 2128 2129
f 2128 2061 2060
f 2126 2061 2129
f 2184 2126 2259
f 2126 2184 2129
f 2128 2064 2130
f 2064 2128 2060
f 2131 2128 2129
f 2128 2131 2130
f 2066 2130 2131
f 2130 2066 2064
f 2133 2066 2067
f 2066 2133 2131
f 2133 2134 2135
f 2134 2133 2131
f 2068 2133 2135
f 2133 2068 2067
f 2070 2135 2136
f 2135 2070 2068
f 2070 2071 2136
f 2138 2139 2072
f 2140 2141 2074
f 2139 2073 2142
f 2073 2139 2072
f 2073 2142 2200
f 2075 2144 2076
f 2143 2076 2144
f 2076 2143 2074
f 2145 2146 1943
f 1943 2146 2077
f 2147 2077 2146
f 2077 2147 2078
f 2148 2078 2147
f 2078 2148 2079
f 2079 2148 2080
f 2149 2080 2148
f 2080 2149 2081
f 2081 2149 2082
f 2144 2082 2149
f 2082 2144 2075
f 2086 2150 2151
f 2150 2086 2015
f 2016 2151 2152
f 2151 2016 2086
f 2083 2152 2153
f 2152 2083 2016
f 2153 2216 2087
f 2088 2087 2216
f 2089 2155 2090
f 2085 2159 2160
f 2094 2160 2221
f 2160 2094 2085
f 2095 2221 2211
f 2221 2095 2094
f 2150 2095 2211
f 2095 2150 2015
f 2212 2150 2151
f 2150 2212 2211
f 2216 2088 2154
f 2154 2089 2155
f 2089 2154 2088
f 2155 2218 2096
f 2156 2096 2220
f 2096 2156 2097
f 2157 2097 2156
f 2097 2157 2098
f 2159 2158 2306
f 2161 2156 2162
f 2156 2161 2220
f 2162 2157 2163
f 2157 2162 2156
f 2157 2103 2163
f 2103 2157 2098
f 2164 2103 2163
f 2103 2164 2104
f 2237 2108 2165
f 2166 2108 2237
f 2108 2166 2030
f 2166 2158 2030
f 2230 2158 2306
f 2167 2164 2168
f 2164 2167 2163
f 2164 2109 2168
f 2109 2164 2104
f 2169 2109 2168
f 2109 2169 2110
f 2165 2112 2235
f 2236 2165 2237
f 2165 2236 2235
f 2170 2169 2171
f 2169 2170 2168
f 2169 2113 2171
f 2113 2169 2110
f 2107 2172 2243
f 2112 2107 2243
f 2112 2244 2243
f 2112 2235 2244
f 2173 2170 2171
f 2170 2173 2245
f 2173 2117 2245
f 2113 2173 2171
f 2248 2176 2118
f 2176 2117 2118
f 2117 2176 2245
f 2174 2119 2249
f 2250 2174 2175
f 2174 2250 2249
f 2177 2249 2119
f 2178 2179 2248
f 2178 2180 2179
f 2180 2178 2121
f 2257 2177 2057
f 2123 2182 2257
f 2181 2180 2125
f 2183 2125 2063
f 2125 2183 2181
f 2259 2184 2261
f 2183 2132 2185
f 2132 2183 2063
f 2184 2131 2186
f 2131 2184 2129
f 2186 2261 2187
f 2261 2186 2184
f 2134 2186 2187
f 2186 2134 2131
f 2188 2185 2189
f 2185 2132 2189
f 2190 2134 2135
f 2134 2190 2187
f 2190 2191 2192
f 2191 2190 2187
f 2136 2190 2192
f 2190 2136 2135
f 2193 2141 2194
f 2141 2193 2137
f 2193 2132 2137
f 2132 2193 2189
f 2195 2136 2071
f 2136 2195 2192
f 2195 2196 2197
f 2196 2195 2192
f 2138 2195 2197
f 2195 2138 2071
f 2198 2138 2197
f 2139 2198 2277
f 2198 2139 2138
f 2194 2140 2199
f 2140 2194 2141
f 2142 2277 2139
f 2201 2143 2202
f 2143 2201 2074
f 2201 2140 2074
f 2140 2201 2199
f 2145 2200 2283
f 2200 2145 2009
f 2204 2144 2203
f 2204 2143 2144
f 2143 2204 2202
f 2206 2145 2205
f 2145 2206 2146
f 2207 2146 2206
f 2208 2146 2207
f 2146 2208 2147
f 2209 2147 2208
f 2147 2209 2148
f 2210 2148 2209
f 2148 2210 2149
f 2203 2149 2210
f 2149 2203 2144
f 2212 2213 2151
f 2152 2213 2214
f 2213 2152 2151
f 2153 2214 2215
f 2214 2153 2152
f 2215 2216 2153
f 2154 2216 2222
f 2217 2154 2222
f 2154 2217 2155
f 2218 2219 2096
f 2220 2096 2219
f 2299 2211 2212
f 2211 2299 2221
f 2217 2155 2223
f 2218 2223 2155
f 2218 2219 2224
f 2224 2220 2225
f 2220 2224 2219
f 2220 2161 2225
f 2226 2161 2225
f 2161 2226 2162
f 2227 2162 2226
f 2162 2227 2163
f 2166 2237 2238
f 2228 2166 2238
f 2166 2228 2158
f 2228 2229 2158
f 2229 2230 2158
f 2231 2226 2232
f 2226 2231 2225
f 2232 2227 2233
f 2227 2232 2226
f 2227 2167 2233
f 2167 2227 2163
f 2234 2167 2233
f 2167 2234 2168
f 2239 2228 2229
f 2240 2233 2241
f 2233 2240 2232
f 2241 2234 2242
f 2234 2241 2233
f 2234 2170 2242
f 2170 2234 2168
f 2322 2236 2237
f 2236 2322 2235
f 2245 2241 2242
f 2241 2245 2246
f 2245 2176 2246
f 2170 2245 2242
f 2243 2172 2247
f 2176 2248 2246
f 2251 2175 2247
f 2175 2251 2250
f 2248 2179 2253
f 2252 2249 2250
f 2253 2179 2180
f 2249 2177 2255
f 2177 2255 2257
f 2256 2254 2180
f 2258 2256 2181
f 2180 2181 2256
f 2258 2181 2183
f 2262 2259 2182
f 2259 2262 2261
f 2263 2260 2258
f 2260 2263 2264
f 2263 2188 2264
f 2188 2263 2185
f 2263 2183 2185
f 2183 2263 2258
f 2261 2262 2265
f 2191 2261 2265
f 2261 2191 2187
f 2266 2188 2189
f 2188 2266 2264
f 2267 2191 2192
f 2191 2267 2265
f 2267 2268 2269
f 2268 2267 2265
f 2196 2267 2269
f 2267 2196 2192
f 2270 2271 2266
f 2271 2270 2272
f 2270 2194 2272
f 2194 2270 2193
f 2270 2189 2193
f 2189 2270 2266
f 2273 2196 2197
f 2196 2273 2269
f 2198 2273 2274
f 2273 2198 2197
f 2277 2274 2275
f 2274 2277 2198
f 2272 2199 2276
f 2199 2272 2194
f 2277 2278 2279
f 2278 2277 2275
f 2200 2277 2279
f 2277 2200 2142
f 2280 2200 2279
f 2200 2280 2422
f 2200 2422 2283
f 2281 2202 2282
f 2202 2281 2201
f 2281 2199 2201
f 2199 2281 2276
f 2283 2284 2145
f 2285 2145 2284
f 2286 2203 2287
f 2203 2286 2204
f 2202 2204 2286
f 2285 2205 2365
f 2205 2285 2145
f 2205 2288 2206
f 2289 2206 2288
f 2206 2289 2207
f 2290 2207 2289
f 2207 2290 2208
f 2208 2290 2209
f 2291 2209 2290
f 2209 2291 2210
f 2292 2210 2291
f 2292 2203 2210
f 2203 2292 2287
f 2213 2293 2300
f 2293 2213 2212
f 2214 2300 2294
f 2300 2214 2213
f 2215 2294 2295
f 2294 2215 2214
f 2301 2215 2295
f 2215 2301 2216
f 2296 2216 2301
f 2216 2296 2222
f 2160 2297 2298
f 2297 2160 2159
f 2221 2298 2299
f 2298 2221 2160
f 2299 2293 2212
f 2295 2300 2294
f 2302 2217 2222
f 2217 2302 2223
f 2303 2223 2302
f 2223 2303 2218
f 2304 2218 2303
f 2218 2304 2224
f 2305 2224 2304
f 2224 2305 2225
f 2229 2316 2230
f 2306 2297 2159
f 2307 2297 2298
f 2297 2307 2306
f 2308 2298 2299
f 2298 2308 2307
f 2299 2293 2309
f 2309 2300 2310
f 2300 2309 2293
f 2310 2295 2377
f 2295 2310 2300
f 2301 2377 2295
f 2301 2296 2311
f 2311 2222 2312
f 2222 2311 2296
f 2312 2302 2317
f 2302 2312 2222
f 2317 2303 2318
f 2303 2317 2302
f 2318 2304 2313
f 2304 2318 2303
f 2313 2305 2314
f 2305 2313 2304
f 2305 2231 2314
f 2231 2305 2225
f 2315 2231 2314
f 2231 2315 2232
f 2238 2322 2228
f 2322 2238 2237
f 2239 2316 2229
f 2230 2306 2316
f 2391 2306 2307
f 2307 2308 2391
f 2312 2379 2311
f 2382 2318 2313
f 2313 2314 2382
f 2314 2315 2319
f 2315 2240 2319
f 2240 2315 2232
f 2320 2240 2319
f 2240 2320 2241
f 2235 2244 2321
f 2235 2321 2322
f 2228 2239 2322
f 2327 2316 2306
f 2316 2327 2383
f 2306 2391 2327
f 2328 2382 2314
f 2323 2314 2319
f 2314 2323 2328
f 2323 2320 2324
f 2320 2323 2319
f 2320 2246 2324
f 2246 2320 2241
f 2247 2251 2325
f 2325 2243 2247
f 2244 2243 2325
f 2326 2244 2321
f 2244 2326 2325
f 2388 2321 2322
f 2321 2388 2326
f 2383 2239 2316
f 2239 2383 2322
f 2329 2328 2323
f 2328 2329 2386
f 2329 2323 2324
f 2329 2246 2248
f 2246 2329 2324
f 2330 2251 2325
f 2325 2387 2330
f 2325 2326 2387
f 2253 2386 2329
f 2386 2253 2393
f 2248 2253 2329
f 2252 2251 2250
f 2331 2332 2393
f 2332 2331 2395
f 2331 2253 2180
f 2253 2331 2393
f 2255 2252 2249
f 2463 2251 2330
f 2333 2395 2331
f 2395 2333 2334
f 2333 2180 2254
f 2180 2333 2331
f 2252 2255 2398
f 2468 2252 2251
f 2252 2468 2398
f 2256 2334 2333
f 2334 2256 2335
f 2254 2256 2333
f 2255 2257 2336
f 2397 2255 2398
f 2255 2397 2336
f 2335 2256 2258
f 2257 2182 2337
f 2338 2257 2336
f 2257 2338 2337
f 2339 2335 2258
f 2335 2339 2340
f 2339 2258 2260
f 2337 2262 2344
f 2262 2337 2182
f 2341 2337 2338
f 2337 2341 2344
f 2342 2340 2339
f 2340 2342 2343
f 2342 2260 2264
f 2260 2342 2339
f 2344 2262 2265
f 2344 2341 2345
f 2268 2344 2345
f 2344 2268 2265
f 2346 2343 2342
f 2343 2346 2347
f 2346 2271 2347
f 2271 2346 2266
f 2346 2264 2266
f 2264 2346 2342
f 2348 2268 2269
f 2268 2348 2345
f 2349 2271 2272
f 2271 2349 2347
f 2350 2269 2273
f 2269 2350 2348
f 2350 2351 2352
f 2351 2350 2348
f 2274 2350 2352
f 2350 2274 2273
f 2353 2274 2352
f 2274 2353 2275
f 2278 2353 2354
f 2353 2278 2275
f 2349 2276 2355
f 2276 2349 2272
f 2356 2278 2279
f 2278 2356 2354
f 2356 2280 2279
f 2356 2422 2280
f 2360 2283 2422
f 2357 2358 2355
f 2358 2357 2359
f 2357 2282 2359
f 2282 2357 2281
f 2357 2276 2281
f 2276 2357 2355
f 2283 2360 2284
f 2285 2284 2431
f 2365 2285 2431
f 2361 2287 2362
f 2287 2361 2286
f 2363 2364 2359
f 2364 2363 2361
f 2363 2286 2361
f 2286 2363 2202
f 2363 2282 2202
f 2282 2363 2359
f 2365 2366 2205
f 2367 2205 2366
f 2205 2367 2288
f 2369 2288 2368
f 2288 2369 2289
f 2370 2289 2369
f 2289 2370 2290
f 2438 2290 2370
f 2371 2290 2438
f 2290 2371 2291
f 2372 2291 2371
f 2291 2372 2292
f 2373 2374 2362
f 2374 2373 2372
f 2373 2292 2372
f 2373 2287 2292
f 2287 2373 2362
f 2299 2375 2376
f 2375 2299 2308
f 2376 2309 2299
f 2378 2301 2377
f 2301 2378 2311
f 2375 2308 2391
f 2309 2310 2443
f 2377 2443 2310
f 2378 2442 2377
f 2378 2379 2442
f 2379 2378 2311
f 2381 2312 2379
f 2312 2381 2317
f 2318 2317 2381
f 2384 2391 2375
f 2443 2376 2309
f 2380 2379 2445
f 2379 2380 2442
f 2381 2445 2379
f 2381 2318 2385
f 2382 2318 2385
f 2450 2383 2322
f 2375 2376 2384
f 2385 2382 2386
f 2382 2328 2386
f 2326 2394 2448
f 2394 2326 2387
f 2322 2389 2388
f 2322 2450 2389
f 2390 2450 2383
f 2383 2327 2390
f 2386 2392 2385
f 2386 2393 2392
f 2393 2332 2392
f 2330 2464 2454
f 2387 2330 2454
f 2455 2387 2394
f 2387 2455 2454
f 2462 2332 2395
f 2332 2462 2392
f 2469 2463 2251
f 2463 2464 2330
f 2395 2461 2462
f 2468 2469 2251
f 2396 2334 2335
f 2334 2396 2395
f 2399 2397 2336
f 2396 2335 2475
f 2338 2399 2336
f 2400 2399 2397
f 2401 2475 2335
f 2475 2401 2402
f 2401 2335 2340
f 2403 2338 2341
f 2338 2403 2399
f 2404 2402 2401
f 2402 2404 2405
f 2404 2340 2343
f 2340 2404 2401
f 2406 2341 2345
f 2341 2406 2403
f 2407 2405 2404
f 2405 2407 2408
f 2407 2343 2347
f 2343 2407 2404
f 2409 2345 2348
f 2345 2409 2406
f 2409 2410 2411
f 2410 2409 2406
f 2351 2409 2411
f 2409 2351 2348
f 2412 2408 2407
f 2408 2412 2413
f 2412 2355 2413
f 2355 2412 2349
f 2412 2347 2349
f 2347 2412 2407
f 2414 2351 2352
f 2351 2414 2411
f 2353 2414 2415
f 2414 2353 2352
f 2354 2415 2416
f 2415 2354 2353
f 2417 2418 2413
f 2418 2417 2419
f 2417 2358 2419
f 2358 2417 2355
f 2355 2417 2413
f 2420 2354 2356
f 2354 2420 2416
f 2420 2421 2422
f 2421 2420 2416
f 2356 2420 2422
f 2360 2422 2425
f 2423 2364 2424
f 2364 2423 2359
f 2423 2358 2359
f 2358 2423 2419
f 2360 2425 2506
f 2426 2360 2506
f 2360 2426 2284
f 2284 2426 2427
f 2427 2431 2284
f 2428 2374 2429
f 2374 2428 2362
f 2430 2362 2428
f 2362 2430 2361
f 2430 2364 2361
f 2364 2430 2424
f 2366 2431 2432
f 2431 2366 2365
f 2433 2366 2432
f 2366 2433 2367
f 2434 2367 2433
f 2367 2434 2288
f 2435 2288 2434
f 2288 2435 2368
f 2436 2368 2435
f 2368 2436 2369
f 2437 2369 2436
f 2369 2437 2370
f 2438 2370 2437
f 2438 2439 2371
f 2440 2441 2429
f 2441 2440 2439
f 2440 2371 2439
f 2371 2440 2372
f 2440 2374 2372
f 2374 2440 2429
f 2443 2442 2377
f 2442 2380 2444
f 2445 2380 2444
f 2376 2537 2527
f 2537 2376 2384
f 2443 2527 2451
f 2527 2443 2376
f 2443 2442 2525
f 2452 2442 2444
f 2442 2452 2525
f 2445 2452 2444
f 2445 2446 2381
f 2447 2381 2446
f 2381 2447 2385
f 2326 2448 2449
f 2388 2449 2389
f 2449 2388 2326
f 2450 2389 2459
f 2450 2533 2390
f 2327 2390 2533
f 2384 2536 2526
f 2536 2384 2391
f 2384 2537 2526
f 2445 2446 2453
f 2453 2447 2462
f 2447 2453 2446
f 2447 2392 2462
f 2392 2447 2385
f 2394 2455 2456
f 2448 2394 2456
f 2457 2448 2449
f 2448 2457 2456
f 2458 2449 2389
f 2449 2458 2457
f 2389 2459 2458
f 2533 2459 2450
f 2535 2391 2536
f 2452 2445 2460
f 2460 2453 2461
f 2453 2460 2445
f 2462 2461 2453
f 2465 2454 2455
f 2454 2465 2464
f 2540 2460 2466
f 2460 2540 2452
f 2466 2461 2467
f 2461 2466 2460
f 2467 2461 2395
f 2548 2466 2470
f 2466 2548 2540
f 2471 2466 2467
f 2466 2471 2470
f 2467 2396 2471
f 2395 2396 2467
f 2398 2472 2473
f 2472 2398 2397
f 2468 2398 2473
f 2474 2468 2469
f 2468 2474 2473
f 2475 2470 2471
f 2475 2471 2396
f 2400 2476 2477
f 2476 2400 2399
f 2472 2400 2477
f 2400 2472 2397
f 2478 2472 2473
f 2472 2478 2477
f 2475 2479 2470
f 2475 2480 2479
f 2475 2402 2480
f 2476 2403 2481
f 2403 2476 2399
f 2482 2476 2477
f 2476 2482 2481
f 2483 2480 2484
f 2480 2483 2479
f 2484 2402 2405
f 2402 2484 2480
f 2485 2403 2406
f 2403 2485 2481
f 2485 2482 2486
f 2482 2485 2481
f 2410 2485 2486
f 2485 2410 2406
f 2487 2483 2488
f 2483 2487 2479
f 2489 2483 2484
f 2483 2489 2488
f 2489 2405 2408
f 2405 2489 2484
f 2490 2410 2411
f 2410 2490 2486
f 2491 2488 2492
f 2488 2491 2487
f 2493 2488 2489
f 2488 2493 2492
f 2493 2418 2492
f 2418 2493 2413
f 2493 2408 2413
f 2408 2493 2489
f 2494 2411 2414
f 2411 2494 2490
f 2494 2495 2496
f 2495 2494 2490
f 2415 2494 2496
f 2494 2415 2414
f 2497 2415 2496
f 2415 2497 2416
f 2421 2497 2498
f 2497 2421 2416
f 2499 2418 2419
f 2418 2499 2492
f 2500 2421 2422
f 2421 2500 2498
f 2500 2501 2602
f 2501 2500 2498
f 2500 2602 2422
f 2425 2422 2605
f 2425 2605 2502
f 2503 2504 2499
f 2504 2503 2505
f 2503 2424 2505
f 2424 2503 2423
f 2503 2419 2423
f 2419 2503 2499
f 2425 2506 2502
f 2426 2506 2507
f 2427 2507 2614
f 2507 2427 2426
f 2508 2427 2614
f 2427 2508 2431
f 2431 2508 2509
f 2510 2441 2511
f 2441 2510 2429
f 2428 2510 2512
f 2510 2428 2429
f 2513 2514 2505
f 2514 2513 2512
f 2513 2428 2512
f 2428 2513 2430
f 2513 2424 2430
f 2424 2513 2505
f 2431 2515 2509
f 2617 2515 2509
f 2515 2432 2431
f 2516 2432 2515
f 2432 2516 2433
f 2434 2516 2517
f 2516 2434 2433
f 2518 2434 2517
f 2434 2518 2435
f 2519 2435 2518
f 2435 2519 2436
f 2520 2436 2519
f 2436 2520 2437
f 2521 2437 2520
f 2437 2521 2438
f 2522 2523 2511
f 2523 2522 2521
f 2522 2438 2521
f 2438 2522 2439
f 2522 2441 2439
f 2441 2522 2511
f 2524 2525 2443
f 2524 2451 2528
f 2451 2524 2443
f 2524 2525 2528
f 2525 2529 2452
f 2456 2530 2531
f 2530 2456 2455
f 2457 2531 2543
f 2531 2457 2456
f 2458 2543 2532
f 2543 2458 2457
f 2459 2458 2532
f 2533 2534 2327
f 2535 2327 2534
f 2327 2535 2391
f 2526 2537 2536
f 2546 2527 2451
f 2538 2451 2528
f 2451 2538 2546
f 2539 2528 2525
f 2528 2539 2538
f 2539 2529 2540
f 2529 2539 2525
f 2529 2452 2540
f 2465 2541 2542
f 2541 2465 2464
f 2530 2465 2542
f 2465 2530 2455
f 2543 2530 2531
f 2530 2543 2542
f 2544 2532 2459
f 2459 2533 2544
f 2553 2534 2535
f 2554 2535 2536
f 2535 2554 2553
f 2536 2537 2545
f 2545 2527 2556
f 2527 2545 2537
f 2547 2538 2539
f 2547 2540 2548
f 2540 2547 2539
f 2463 2549 2541
f 2549 2463 2469
f 2463 2541 2464
f 2550 2541 2542
f 2551 2542 2543
f 2542 2551 2550
f 2543 2532 2635
f 2532 2544 2635
f 2552 2544 2533
f 2533 2534 2553
f 2555 2554 2536
f 2555 2545 2556
f 2545 2555 2536
f 2557 2527 2546
f 2527 2557 2556
f 2557 2546 2538
f 2557 2547 2558
f 2547 2557 2538
f 2548 2558 2547
f 2474 2559 2560
f 2559 2474 2473
f 2549 2474 2560
f 2474 2549 2469
f 2561 2549 2541
f 2549 2561 2560
f 2541 2550 2561
f 2562 2550 2551
f 2563 2551 2543
f 2551 2563 2562
f 2543 2635 2563
f 2552 2636 2544
f 2636 2552 2533
f 2533 2553 2636
f 2556 2557 2564
f 2558 2564 2557
f 2564 2558 2479
f 2558 2470 2479
f 2470 2558 2548
f 2478 2565 2566
f 2565 2478 2477
f 2559 2478 2566
f 2478 2559 2473
f 2567 2559 2560
f 2559 2567 2566
f 2568 2560 2561
f 2560 2568 2567
f 2569 2561 2550
f 2561 2569 2568
f 2550 2562 2569
f 2564 2570 2556
f 2570 2564 2479
f 2565 2482 2571
f 2482 2565 2477
f 2572 2565 2566
f 2565 2572 2571
f 2572 2567 2573
f 2567 2572 2566
f 2574 2567 2568
f 2567 2574 2573
f 2579 2568 2569
f 2568 2579 2574
f 2640 2569 2562
f 2569 2640 2579
f 2479 2581 2570
f 2479 2575 2581
f 2576 2482 2486
f 2482 2576 2571
f 2577 2571 2572
f 2571 2577 2576
f 2578 2572 2573
f 2572 2578 2577
f 2578 2574 2586
f 2574 2578 2573
f 2579 2586 2574
f 2580 2579 2640
f 2581 2657 2570
f 2581 2575 2582
f 2575 2487 2582
f 2487 2575 2479
f 2583 2486 2490
f 2486 2583 2576
f 2583 2577 2584
f 2577 2583 2576
f 2495 2583 2584
f 2583 2495 2490
f 2585 2577 2578
f 2577 2585 2584
f 2586 2585 2578
f 2586 2579 2587
f 2657 2581 2662
f 2588 2582 2589
f 2582 2588 2581
f 2582 2491 2589
f 2491 2582 2487
f 2590 2491 2589
f 2491 2590 2492
f 2591 2495 2496
f 2495 2591 2584
f 2591 2585 2592
f 2585 2591 2584
f 2497 2591 2592
f 2591 2497 2496
f 2592 2586 2593
f 2586 2592 2585
f 2498 2592 2593
f 2592 2498 2497
f 2593 2587 2594
f 2587 2593 2586
f 2501 2593 2594
f 2593 2501 2498
f 2594 2595 2596
f 2595 2594 2587
f 2597 2581 2598
f 2581 2597 2662
f 2598 2588 2599
f 2588 2598 2581
f 2600 2588 2589
f 2588 2600 2599
f 2601 2589 2590
f 2589 2601 2600
f 2601 2504 2600
f 2504 2601 2499
f 2590 2499 2601
f 2499 2590 2492
f 2501 2602 2594
f 2602 2596 2603
f 2596 2602 2594
f 2422 2602 2603
f 2603 2604 2605
f 2604 2603 2596
f 2603 2605 2422
f 2502 2605 2606
f 2607 2597 2598
f 2597 2607 2608
f 2609 2598 2599
f 2598 2609 2607
f 2610 2599 2600
f 2599 2610 2609
f 2610 2514 2609
f 2514 2610 2505
f 2610 2504 2505
f 2504 2610 2600
f 2611 2502 2506
f 2502 2611 2606
f 2611 2612 2613
f 2612 2611 2606
f 2507 2611 2613
f 2611 2507 2506
f 2614 2507 2613
f 2508 2614 2615
f 2509 2615 2616
f 2615 2509 2508
f 2616 2617 2509
f 2618 2619 2608
f 2619 2618 2620
f 2618 2523 2620
f 2523 2618 2511
f 2621 2608 2607
f 2608 2621 2618
f 2621 2511 2618
f 2511 2621 2510
f 2622 2607 2609
f 2607 2622 2621
f 2622 2510 2621
f 2510 2622 2512
f 2622 2514 2512
f 2514 2622 2609
f 2623 2617 2515
f 2623 2624 2625
f 2624 2623 2617
f 2516 2623 2625
f 2623 2516 2515
f 2625 2626 2627
f 2626 2625 2624
f 2517 2625 2627
f 2625 2517 2516
f 2627 2628 2629
f 2628 2627 2626
f 2629 2517 2627
f 2517 2629 2518
f 2629 2630 2631
f 2630 2629 2628
f 2631 2518 2629
f 2518 2631 2519
f 2632 2630 2633
f 2630 2632 2631
f 2632 2519 2631
f 2519 2632 2520
f 2634 2633 2620
f 2633 2634 2632
f 2634 2520 2632
f 2520 2634 2521
f 2634 2523 2521
f 2523 2634 2620
f 2553 2636 2638
f 2638 2554 2553
f 2639 2554 2638
f 2554 2639 2555
f 2636 2635 2544
f 2637 2636 2638
f 2639 2555 2644
f 2556 2644 2555
f 2640 2563 2562
f 2646 2635 2636
f 2635 2646 2563
f 2646 2636 2641
f 2636 2686 2641
f 2636 2642 2686
f 2642 2637 2647
f 2637 2642 2636
f 2637 2638 2647
f 2638 2639 2643
f 2644 2643 2639
f 2644 2556 2570
f 2640 2645 2649
f 2645 2563 2646
f 2563 2645 2640
f 2647 2638 2648
f 2648 2643 2652
f 2643 2648 2638
f 2644 2652 2643
f 2644 2570 2657
f 2580 2654 2649
f 2654 2580 2579
f 2580 2649 2640
f 2650 2645 2646
f 2645 2650 2649
f 2646 2651 2650
f 2652 2692 2648
f 2652 2644 2653
f 2657 2653 2644
f 2587 2654 2579
f 2654 2595 2587
f 2654 2649 2658
f 2658 2650 2655
f 2650 2658 2649
f 2656 2650 2651
f 2650 2656 2655
f 2698 2652 2661
f 2653 2661 2652
f 2653 2657 2661
f 2604 2595 2596
f 2595 2604 2654
f 2658 2604 2654
f 2658 2655 2659
f 2661 2660 2698
f 2657 2662 2661
f 2663 2604 2605
f 2604 2663 2658
f 2663 2659 2664
f 2659 2663 2658
f 2606 2663 2664
f 2663 2606 2605
f 2664 2665 2666
f 2665 2664 2659
f 2612 2664 2666
f 2664 2612 2606
f 2661 2667 2668
f 2667 2661 2669
f 2669 2662 2670
f 2662 2669 2661
f 2662 2671 2670
f 2671 2619 2670
f 2619 2671 2608
f 2671 2597 2608
f 2597 2671 2662
f 2672 2612 2613
f 2612 2672 2666
f 2672 2673 2674
f 2673 2672 2666
f 2614 2672 2674
f 2672 2614 2613
f 2674 2675 2676
f 2675 2674 2673
f 2615 2674 2676
f 2674 2615 2614
f 2677 2615 2676
f 2615 2677 2616
f 2678 2616 2677
f 2616 2678 2617
f 2624 2678 2679
f 2678 2624 2617
f 2626 2679 2680
f 2679 2626 2624
f 2681 2682 2668
f 2682 2681 2680
f 2681 2626 2680
f 2626 2681 2628
f 2681 2667 2683
f 2667 2681 2668
f 2683 2628 2681
f 2628 2683 2630
f 2683 2669 2684
f 2669 2683 2667
f 2684 2630 2683
f 2630 2684 2633
f 2685 2669 2670
f 2669 2685 2684
f 2685 2633 2684
f 2633 2685 2620
f 2685 2619 2620
f 2619 2685 2670
f 2687 2642 2686
f 2642 2687 2647
f 2641 2688 2689
f 2688 2641 2646
f 2686 2641 2689
f 2690 2687 2691
f 2687 2690 2686
f 2687 2647 2691
f 2692 2647 2691
f 2647 2692 2648
f 2688 2651 2693
f 2651 2688 2646
f 2694 2688 2689
f 2688 2694 2693
f 2694 2686 2695
f 2686 2694 2689
f 2695 2690 2696
f 2690 2695 2686
f 2697 2690 2691
f 2690 2697 2696
f 2697 2692 2705
f 2692 2697 2691
f 2698 2692 2705
f 2692 2698 2652
f 2656 2699 2700
f 2699 2656 2655
f 2693 2656 2700
f 2656 2693 2651
f 2701 2693 2694
f 2693 2701 2700
f 2702 2694 2695
f 2694 2702 2701
f 2702 2696 2703
f 2696 2702 2695
f 2703 2697 2704
f 2697 2703 2696
f 2705 2704 2697
f 2705 2698 2713
f 2699 2659 2706
f 2659 2699 2655
f 2707 2699 2700
f 2699 2707 2706
f 2665 2706 2707
f 2706 2665 2659
f 2707 2701 2708
f 2701 2707 2700
f 2708 2702 2709
f 2702 2708 2701
f 2709 2703 2710
f 2703 2709 2702
f 2710 2704 2711
f 2704 2710 2703
f 2711 2705 2712
f 2705 2711 2704
f 2713 2712 2705
f 2660 2713 2698
f 2714 2660 2713
f 2660 2714 2661
f 2715 2665 2666
f 2665 2715 2707
f 2715 2708 2716
f 2708 2715 2707
f 2673 2715 2716
f 2715 2673 2666
f 2716 2709 2717
f 2709 2716 2708
f 2675 2716 2717
f 2716 2675 2673
f 2718 2709 2710
f 2709 2718 2717
f 2718 2711 2719
f 2711 2718 2710
f 2719 2712 2720
f 2712 2719 2711
f 2720 2713 2721
f 2713 2720 2712
f 2721 2714 2722
f 2714 2721 2713
f 2722 2682 2721
f 2682 2722 2668
f 2714 2668 2722
f 2668 2714 2661
f 2723 2675 2676
f 2675 2723 2717
f 2723 2718 2724
f 2718 2723 2717
f 2677 2723 2724
f 2723 2677 2676
f 2724 2719 2725
f 2719 2724 2718
f 2678 2724 2725
f 2724 2678 2677
f 2725 2720 2726
f 2720 2725 2719
f 2726 2678 2725
f 2678 2726 2679
f 2727 2720 2721
f 2720 2727 2726
f 2727 2679 2726
f 2679 2727 2680
f 2727 2682 2680
f 2682 2727 2721
