# Generated by Visualization Toolkit
v 161.3155975341797 200.50057983398438 129.83865356445312
v 160.70870971679688 199.9023895263672 130.0572967529297
v 161.43887329101562 199.9295654296875 129.97816467285156
v 160.4515380859375 200.55838012695312 129.86141967773438
v 162.18060302734375 200.34036254882812 129.9161834716797
v 161.92123413085938 199.69044494628906 130.0818634033203
v 162.6516876220703 199.79327392578125 130.12083435058594
v 163.03329467773438 200.38014221191406 130.04345703125
v 159.42958068847656 201.3882293701172 129.78448486328125
v 158.76669311523438 200.77059936523438 130.0723876953125
v 159.5864715576172 200.63673400878906 129.94192504882812
v 158.591552734375 201.50259399414062 129.88926696777344
v 160.30474853515625 201.3107452392578 129.74200439453125
v 161.1865234375 201.239501953125 129.76266479492188
v 162.04039001464844 201.12950134277344 129.85269165039062
v 162.8299560546875 200.98789978027344 130.00921630859375
v 163.46449279785156 200.79641723632812 130.21893310546875
v 163.49090576171875 200.38424682617188 130.18467712402344
v 158.476806640625 202.28253173828125 129.79795837402344
v 157.80438232421875 201.67453002929688 130.05372619628906
v 157.65492248535156 202.43992614746094 129.93313598632812
v 159.33255004882812 202.1800537109375 129.72488403320312
v 160.20582580566406 202.1035614013672 129.7183074951172
v 161.0723419189453 202.01785278320312 129.77847290039062
v 161.90293884277344 201.89060974121094 129.90443420410156
v 162.6692657470703 201.70188903808594 130.09323120117188
v 157.4601287841797 203.24234008789062 129.9169158935547
v 156.9122314453125 202.66534423828125 130.12196350097656
v 156.8468017578125 203.15614318847656 130.0552215576172
v 158.34735107421875 203.0951385498047 129.8114471435547
v 159.21595764160156 202.98110961914062 129.77395629882812
v 160.07635498046875 202.88894653320312 129.80294799804688
v 160.9148712158203 202.7775421142578 129.8966522216797
v 161.7121124267578 202.6178741455078 130.05198669433594
v 156.87564086914062 203.63291931152344 130.07626342773438
v 157.4548797607422 203.91958618164062 129.98184204101562
v 158.1715850830078 203.92271423339844 129.9404754638672
v 159.01719665527344 203.75091552734375 129.93365478515625
v 159.84918212890625 203.62684631347656 129.99876403808594
v 160.6571502685547 203.47789001464844 130.12234497070312
v 157.74595642089844 204.4314422607422 130.13677978515625
v 158.2451934814453 204.4514923095703 130.11912536621094
v 158.73590087890625 204.3957061767578 130.18263244628906
v 161.2216033935547 199.34963989257812 130.31976318359375
v 160.7550811767578 198.83935546875 130.85997009277344
v 161.53070068359375 198.81179809570312 130.72132873535156
v 160.2636260986328 199.36807250976562 130.48484802246094
v 162.2066650390625 199.15396118164062 130.4198760986328
v 162.2173309326172 198.52835083007812 130.93849182128906
v 162.8685760498047 198.7716827392578 130.74703979492188
v 163.1338348388672 199.3236083984375 130.4583740234375
v 163.6340789794922 198.83628845214844 130.9129638671875
v 163.9756622314453 199.5928497314453 130.71817016601562
v 159.0469512939453 200.09664916992188 130.33450317382812
v 158.67881774902344 199.69674682617188 130.85667419433594
v 159.4346466064453 199.488525390625 130.66238403320312
v 158.29830932617188 200.30836486816406 130.52459716796875
v 159.85577392578125 199.95803833007812 130.18032836914062
v 163.39462280273438 199.9645538330078 130.2635040283203
v 163.9059600830078 200.39505004882812 130.5026092529297
v 164.48294067382812 200.181396484375 131.0034637451172
v 164.62474060058594 199.60964965820312 131.1375274658203
v 158.00511169433594 200.96493530273438 130.25491333007812
v 157.59535217285156 200.57125854492188 130.75833129882812
v 157.2942657470703 201.21780395507812 130.48658752441406
v 163.33946228027344 201.4431915283203 130.3368682861328
v 163.89028930664062 201.1020965576172 130.62454223632812
v 164.3193359375 200.7655029296875 130.92723083496094
v 157.07220458984375 201.9211883544922 130.26918029785156
v 156.61585998535156 201.52880859375 130.75674438476562
v 156.38320922851562 202.26844787597656 130.52932739257812
v 162.4499053955078 202.39688110351562 130.2670135498047
v 163.11782836914062 202.1109161376953 130.53807067871094
v 163.7151336669922 201.7601318359375 130.85418701171875
v 156.2296600341797 203.19728088378906 130.37728881835938
v 155.70074462890625 202.61553955078125 130.84024047851562
v 155.45779418945312 203.28993225097656 130.78367614746094
v 161.42697143554688 203.2755584716797 130.2992706298828
v 162.14297485351562 203.01828002929688 130.5206756591797
v 162.7941436767578 202.71627807617188 130.79766845703125
v 155.53457641601562 204.0692596435547 130.72775268554688
v 154.91798400878906 203.6474609375 131.0506591796875
v 154.8861846923828 204.11619567871094 131.018310546875
v 156.3655548095703 204.0129852294922 130.3467559814453
v 157.00315856933594 204.3072509765625 130.21505737304688
v 159.50328063964844 204.2704620361328 130.2978973388672
v 160.2815399169922 204.0875701904297 130.44578552246094
v 161.03500366210938 203.8414306640625 130.6510467529297
v 161.76014709472656 203.53680419921875 130.8729248046875
v 154.918701171875 204.5439453125 131.1068878173828
v 155.4957733154297 204.798095703125 130.94447326660156
v 156.34500122070312 204.78829956054688 130.6794891357422
v 157.3223114013672 204.87608337402344 130.5006866455078
v 158.20335388183594 204.84080505371094 130.4744873046875
v 159.03958129882812 204.7806854248047 130.68490600585938
v 159.82418823242188 204.57781982421875 130.86227416992188
v 155.8522491455078 205.24606323242188 131.1917724609375
v 156.51710510253906 205.34288024902344 131.12533569335938
v 156.99484252929688 205.2340850830078 130.89659118652344
v 157.71261596679688 205.26400756835938 130.95816040039062
v 161.395263671875 198.32542419433594 131.2973175048828
v 160.42808532714844 198.43202209472656 131.48471069335938
v 162.23538208007812 198.08096313476562 131.4234161376953
v 163.1416778564453 198.17947387695312 131.3209991455078
v 162.6640625 197.6866912841797 131.8612060546875
v 163.4055633544922 197.61900329589844 131.907470703125
v 163.9091339111328 197.83189392089844 131.75515747070312
v 164.14732360839844 198.35655212402344 131.42381286621094
v 164.63693237304688 197.9039306640625 131.959716796875
v 165.0061492919922 198.61544799804688 131.7344512939453
v 159.1215362548828 199.12612915039062 131.2446746826172
v 159.9036407470703 198.94134521484375 131.04669189453125
v 164.43209838867188 199.0254669189453 131.1879119873047
v 165.04295349121094 199.3506317138672 131.53134155273438
v 165.56800842285156 199.1837921142578 132.0123748779297
v 165.65737915039062 198.61102294921875 132.1573486328125
v 157.96710205078125 199.9612579345703 131.08139038085938
v 157.2769317626953 200.25306701660156 131.3470458984375
v 165.00521850585938 200.0039825439453 131.48599243164062
v 165.42869567871094 199.7511444091797 131.87892150878906
v 156.91769409179688 200.86972045898438 131.0332794189453
v 156.2447052001953 201.19361877441406 131.33584594726562
v 164.25660705566406 201.3428955078125 131.1934356689453
v 164.78822326660156 200.76669311523438 131.52452087402344
v 155.27403259277344 202.2204132080078 131.36436462402344
v 163.390869140625 202.37368774414062 131.13145446777344
v 163.95419311523438 201.9895477294922 131.51275634765625
v 164.53253173828125 201.5359649658203 131.9075164794922
v 155.04441833496094 202.93556213378906 131.16343688964844
v 162.41213989257812 203.21087646484375 131.09844970703125
v 162.9745635986328 202.88600158691406 131.42828369140625
v 163.51263427734375 202.5399627685547 131.8004608154297
v 154.3385772705078 204.11244201660156 131.4176025390625
v 153.80284118652344 203.6109161376953 131.8565673828125
v 153.76077270507812 204.10084533691406 131.81092834472656
v 160.55836486816406 204.30422973632812 131.03990173339844
v 161.2954559326172 203.95986938476562 131.3916015625
v 162.05271911621094 203.5563201904297 131.4905548095703
v 162.57579040527344 203.24853515625 131.6308135986328
v 153.8270721435547 204.5535888671875 131.88507080078125
v 154.46128845214844 204.84580993652344 131.57142639160156
v 155.12384033203125 205.10223388671875 131.35157775878906
v 158.5132293701172 205.17747497558594 131.09913635253906
v 159.31597900390625 204.95701599121094 131.43177795410156
v 160.12013244628906 204.61778259277344 131.48245239257812
v 160.69647216796875 204.3347930908203 131.5991973876953
v 154.81175231933594 205.354736328125 131.92828369140625
v 155.58152770996094 205.49288940429688 131.76905822753906
v 156.37550354003906 205.5545654296875 131.64404296875
v 157.2098388671875 205.50828552246094 131.46778869628906
v 158.07180786132812 205.439697265625 131.54010009765625
v 158.6957244873047 205.27976989746094 131.6642303466797
v 163.1465606689453 197.26205444335938 132.39453125
v 164.1202392578125 197.314453125 132.395751953125
v 163.64114379882812 196.8863525390625 132.93971252441406
v 164.2128143310547 196.89117431640625 132.95071411132812
v 165.08865356445312 197.47503662109375 132.51988220214844
v 160.574462890625 197.5990447998047 132.69178771972656
v 159.2994842529297 198.28082275390625 132.3538818359375
v 161.80770874023438 197.7882843017578 131.89373779296875
v 165.40341186523438 198.06768798828125 132.21926879882812
v 165.85009765625 197.67343139648438 132.72454833984375
v 166.04678344726562 198.27658081054688 132.52798461914062
v 158.09161376953125 199.07083129882812 132.11329650878906
v 166.1839599609375 198.9677276611328 132.5359344482422
v 166.56309509277344 198.4782257080078 132.84141540527344
v 166.77194213867188 198.8919677734375 133.00633239746094
v 156.26724243164062 200.24444580078125 132.317626953125
v 165.39328002929688 200.3583984375 132.04710388183594
v 165.93673706054688 199.8148651123047 132.46864318847656
v 155.56178283691406 200.54571533203125 132.65719604492188
v 165.14515686035156 201.06472778320312 132.31951904296875
v 165.7490997314453 200.61647033691406 132.7564239501953
v 154.48361206054688 201.49278259277344 132.60690307617188
v 153.49916076660156 202.4535675048828 132.59237670898438
v 154.86781311035156 201.8551788330078 131.96006774902344
v 164.0234832763672 202.1916046142578 132.306396484375
v 164.71530151367188 201.68463134765625 132.71768188476562
v 153.2987060546875 203.17835998535156 132.3771209716797
v 152.8483123779297 202.7257537841797 132.93614196777344
v 152.65933227539062 203.4000701904297 132.78187561035156
v 153.94586181640625 202.87498474121094 132.01138305664062
v 162.9808807373047 202.97735595703125 132.1919708251953
v 163.53842163085938 202.60963439941406 132.2716064453125
v 152.3978729248047 203.99093627929688 132.87899780273438
v 152.14637756347656 203.5343017578125 133.13351440429688
v 151.9097137451172 203.90335083007812 133.26507568359375
v 153.19300842285156 204.0531005859375 132.30484008789062
v 161.80545043945312 203.69424438476562 132.0600128173828
v 161.04808044433594 204.07081604003906 132.1903533935547
v 162.36480712890625 203.4005584716797 131.9861602783203
v 162.32191467285156 203.3321990966797 132.5641632080078
v 152.6596221923828 204.63803100585938 132.8297882080078
v 153.37600708007812 204.8826904296875 132.44631958007812
v 154.0828094482422 205.15078735351562 132.14801025390625
v 159.8599395751953 204.71151733398438 132.08740234375
v 159.0877685546875 205.05877685546875 132.25347900390625
v 160.43357849121094 204.45440673828125 131.9785919189453
v 160.3987579345703 204.32452392578125 132.56637573242188
v 153.76243591308594 205.4400634765625 132.8329620361328
v 154.56289672851562 205.562744140625 132.63255310058594
v 155.38330078125 205.6368408203125 132.47080993652344
v 156.2178497314453 205.65869140625 132.33729553222656
v 157.04794311523438 205.61683654785156 132.2080841064453
v 157.83297729492188 205.5186004638672 132.10806274414062
v 158.4409942626953 205.38467407226562 132.03631591796875
v 158.42337036132812 205.2754669189453 132.61537170410156
v 165.13827514648438 196.71141052246094 133.4724884033203
v 159.42222595214844 197.57249450683594 133.4486846923828
v 161.09915161132812 197.12493896484375 133.22830200195312
v 161.95176696777344 197.00088500976562 133.0748291015625
v 161.70172119140625 196.67221069335938 133.7608642578125
v 162.79747009277344 196.91839599609375 132.973388671875
v 165.54737854003906 197.120361328125 133.0825958251953
v 165.843994140625 196.76016235351562 133.68331909179688
v 166.2836151123047 197.30210876464844 133.2813720703125
v 166.63722229003906 196.9098358154297 133.88504028320312
v 166.98744201660156 197.53948974609375 133.5452880859375
v 158.25376892089844 198.2140655517578 133.267822265625
v 157.50962829589844 198.47572326660156 133.5173797607422
v 166.5191650390625 197.9242401123047 132.999755859375
v 167.19912719726562 198.3546905517578 133.3847198486328
v 167.6486053466797 197.74327087402344 133.89324951171875
v 167.91171264648438 198.31973266601562 133.91357421875
v 157.0657196044922 199.04763793945312 133.0750732421875
v 166.6014404296875 199.4915008544922 133.02609252929688
v 167.17596435546875 199.15919494628906 133.45327758789062
v 167.72000122070312 198.865478515625 133.82984924316406
v 168.1262969970703 198.71102905273438 134.13551330566406
v 168.2795867919922 198.40293884277344 134.2825927734375
v 155.67308044433594 199.63059997558594 133.73953247070312
v 166.35169982910156 200.19964599609375 133.21141052246094
v 166.95433044433594 199.83424377441406 133.6576690673828
v 167.5277862548828 199.49049377441406 134.03805541992188
v 153.4626922607422 201.44390869140625 133.56973266601562
v 165.36782836914062 201.2418212890625 133.1046905517578
v 165.9867401123047 200.83453369140625 133.5199432373047
v 153.11178588867188 202.06964111328125 133.21133422851562
v 152.79544067382812 201.75537109375 133.86602783203125
v 152.46575927734375 202.37484741210938 133.53944396972656
v 164.13165283203125 202.15721130371094 133.20736694335938
v 152.2406463623047 203.0125274658203 133.29022216796875
v 151.84275817871094 202.73739624023438 133.89498901367188
v 151.67156982421875 203.4523468017578 133.63172912597656
v 162.85972595214844 202.92852783203125 133.04908752441406
v 162.1585693359375 203.1983184814453 133.2942657470703
v 163.51568603515625 202.59500122070312 132.7757110595703
v 151.49517822265625 204.13340759277344 133.6372833251953
v 151.99383544921875 204.43641662597656 133.2457275390625
v 160.94332885742188 203.87408447265625 133.01220703125
v 151.4803009033203 204.8086395263672 133.78062438964844
v 151.06504821777344 204.35968017578125 134.01669311523438
v 150.90249633789062 204.73780822753906 134.21878051757812
v 152.2260284423828 205.0811004638672 133.38961791992188
v 152.981201171875 205.27755737304688 133.08016967773438
v 159.00387573242188 204.85545349121094 133.09071350097656
v 151.83883666992188 205.4921417236328 133.99668884277344
v 152.62713623046875 205.66506958007812 133.7600860595703
v 156.0699920654297 205.66598510742188 133.111083984375
v 156.9051055908203 205.57778930664062 132.96060180664062
v 156.73004150390625 205.46206665039062 133.74050903320312
v 157.52188110351562 205.287841796875 133.55384826660156
v 157.70095825195312 205.44725036621094 132.80523681640625
v 161.4688720703125 196.3441925048828 134.46905517578125
v 166.9359130859375 196.50369262695312 134.52294921875
v 167.36505126953125 197.10671997070312 134.11753845214844
v 167.70269775390625 196.72467041015625 134.71426391601562
v 167.9911346435547 197.33251953125 134.42930603027344
v 157.99313354492188 197.9281005859375 133.99139404296875
v 168.18495178222656 197.9332275390625 134.30067443847656
v 168.4848175048828 197.63038635253906 134.86380004882812
v 168.51171875 198.28416442871094 134.76934814453125
v 168.0247344970703 199.17018127441406 134.34120178222656
v 168.3596649169922 198.81019592285156 134.58636474609375
v 166.58364868164062 200.45635986328125 133.95916748046875
v 167.1680908203125 200.09971618652344 134.3883056640625
v 167.7493133544922 199.7252655029297 134.74192810058594
v 168.23513793945312 199.3290252685547 134.9665069580078
v 152.5347900390625 201.4986572265625 134.5638427734375
v 153.87777709960938 200.83505249023438 133.98294067382812
v 165.50071716308594 201.33181762695312 133.8846893310547
v 166.09085083007812 200.97706604003906 134.3172149658203
v 166.66873168945312 200.6299285888672 134.73785400390625
v 152.1418914794922 202.1007080078125 134.1962890625
v 163.20823669433594 202.4456329345703 134.30551147460938
v 165.00421142578125 201.65428161621094 134.27651977539062
v 165.53517150878906 201.37350463867188 134.63955688476562
v 160.9527130126953 202.9822235107422 134.98641967773438
v 151.07635498046875 203.806396484375 134.1078643798828
v 150.65733337402344 203.5145721435547 134.7010498046875
v 150.58876037597656 204.23867797851562 134.512939453125
v 150.4770965576172 204.92019653320312 134.6931610107422
v 150.12460327148438 204.41729736328125 134.9556121826172
v 149.9633331298828 204.78427124023438 135.14891052246094
v 151.1211700439453 205.26144409179688 134.30145263671875
v 158.03041076660156 204.86712646484375 134.0951385498047
v 150.77798461914062 205.59510803222656 134.8443145751953
v 151.4867706298828 205.85140991210938 134.59605407714844
v 152.31045532226562 206.069580078125 134.48226928710938
v 153.1331787109375 206.0685577392578 134.32827758789062
v 155.74835205078125 205.54690551757812 134.7705078125
v 152.8780975341797 206.3285369873047 134.84780883789062
v 152.48365783691406 206.41604614257812 135.068359375
v 166.0229949951172 195.37527465820312 135.76470947265625
v 166.83905029296875 195.57801818847656 135.69424438476562
v 167.28878784179688 196.13314819335938 135.15341186523438
v 167.6983184814453 195.79806518554688 135.7698516845703
v 168.0666961669922 196.38369750976562 135.33135986328125
v 158.2132568359375 197.13134765625 135.2345428466797
v 168.32577514648438 196.99041748046875 135.0143280029297
v 168.71389770507812 196.70252990722656 135.64100646972656
v 168.78118896484375 197.2980194091797 135.41087341308594
v 168.85638427734375 198.04360961914062 135.5735626220703
v 155.85482788085938 198.7893524169922 134.86001586914062
v 168.55943298339844 198.8936309814453 135.3152618408203
v 167.21517944335938 200.29673767089844 135.27047729492188
v 167.95680236816406 199.77239990234375 135.56423950195312
v 168.3486328125 199.3910369873047 135.424072265625
v 152.98338317871094 200.90647888183594 134.99478149414062
v 166.08355712890625 201.04771423339844 135.22840881347656
v 166.6784210205078 200.70111083984375 135.27671813964844
v 164.94015502929688 201.64353942871094 135.03709411621094
v 165.4278564453125 201.35365295410156 135.66757202148438
v 150.87515258789062 202.85418701171875 134.95306396484375
v 150.291748046875 203.2093505859375 135.334228515625
v 160.18524169921875 203.21517944335938 135.24630737304688
v 159.4263153076172 203.46974182128906 135.56277465820312
v 150.13858032226562 203.86451721191406 135.0972900390625
v 149.75558471679688 203.56312561035156 135.7103729248047
v 149.6776123046875 204.28907775878906 135.4930877685547
v 149.58413696289062 204.9895477294922 135.62820434570312
v 149.20481872558594 204.5754852294922 136.00994873046875
v 149.2166290283203 204.97352600097656 136.00180053710938
v 150.1492156982422 205.3201141357422 135.1944122314453
v 149.82504272460938 205.65599060058594 135.74960327148438
v 150.46559143066406 205.92724609375 135.4307403564453
v 151.16835021972656 206.1507110595703 135.2047882080078
v 151.89512634277344 206.31797790527344 135.07969665527344
v 153.5014190673828 206.29330444335938 135.0432586669922
v 154.2261505126953 206.1209259033203 135.45640563964844
v 154.9561004638672 205.81243896484375 135.06776428222656
v 151.65182495117188 206.55523681640625 135.7468719482422
v 152.39015197753906 206.57745361328125 135.6405792236328
v 152.99905395507812 206.49742126464844 135.43264770507812
v 153.62484741210938 206.40826416015625 135.8203887939453
v 160.357177734375 195.5963897705078 136.41539001464844
v 162.11964416503906 195.15521240234375 136.34649658203125
v 163.63153076171875 194.69601440429688 136.8124542236328
v 164.6073760986328 194.6565704345703 136.79232788085938
v 165.23863220214844 194.6515655517578 136.7828369140625
v 166.75552368164062 194.78712463378906 136.85093688964844
v 167.2488555908203 195.2587432861328 136.2874755859375
v 168.10789489746094 195.46192932128906 136.40994262695312
v 159.93275451660156 195.97911071777344 135.98294067382812
v 168.4779052734375 196.0616912841797 135.96080017089844
v 169.00582885742188 195.7550506591797 136.64486694335938
v 169.0972442626953 196.40692138671875 136.20240783691406
v 169.76731872558594 196.43075561523438 136.78524780273438
v 169.66407775878906 195.75921630859375 137.0739288330078
v 157.1786651611328 197.13331604003906 136.20074462890625
v 169.30990600585938 197.2085723876953 136.19989013671875
v 169.90113830566406 197.0799560546875 136.8253936767578
v 170.1991424560547 196.8502655029297 137.1214141845703
v 170.31288146972656 196.5164794921875 137.28802490234375
v 155.36119079589844 198.28076171875 136.35086059570312
v 169.2071533203125 198.15199279785156 136.54452514648438
v 169.71360778808594 197.64393615722656 136.96141052246094
v 168.7689208984375 198.81101989746094 136.17564392089844
v 167.37464904785156 200.194580078125 136.32516479492188
v 168.0345001220703 199.75294494628906 136.32740783691406
v 168.3973388671875 199.3799591064453 135.91546630859375
v 168.4168701171875 199.36390686035156 136.69566345214844
v 165.99203491210938 201.00067138671875 136.1757049560547
v 166.66795349121094 200.67759704589844 135.84689331054688
v 166.5847625732422 200.5981903076172 136.7398223876953
v 150.9515380859375 201.99026489257812 135.99085998535156
v 161.43592834472656 202.39187622070312 136.40219116210938
v 163.95008850097656 201.81552124023438 136.03089904785156
v 164.5497283935547 201.47576904296875 136.6923065185547
v 149.97779846191406 202.92031860351562 135.9842987060547
v 149.69122314453125 202.63919067382812 136.65048217773438
v 149.41477966308594 203.26441955566406 136.35011291503906
v 159.99610900878906 203.03671264648438 136.05459594726562
v 149.2523193359375 203.93247985839844 136.12705993652344
v 148.8749542236328 203.65733337402344 136.76815795898438
v 148.7900390625 204.3759765625 136.6022186279297
v 148.9220733642578 204.99276733398438 136.41058349609375
v 149.29010009765625 205.37596130371094 136.10752868652344
v 148.89517211914062 205.63177490234375 136.71995544433594
v 149.47802734375 205.99627685546875 136.367431640625
v 150.1455078125 206.2611541748047 136.0790252685547
v 150.8817138671875 206.4486083984375 135.87451171875
v 154.15689086914062 206.1648406982422 136.37547302246094
v 149.78671264648438 206.60125732421875 136.7692108154297
v 150.56515502929688 206.76766967773438 136.59750366210938
v 151.39974975585938 206.8096466064453 136.5084228515625
v 152.24624633789062 206.7455291748047 136.4147186279297
v 153.07762145996094 206.59368896484375 136.22991943359375
v 153.64556884765625 206.44729614257812 136.33436584472656
v 163.22845458984375 194.45533752441406 137.36550903320312
v 162.48196411132812 194.49130249023438 137.5382843017578
v 166.22898864746094 194.3391571044922 137.55764770507812
v 167.15667724609375 194.54165649414062 137.3891143798828
v 167.62490844726562 194.9347381591797 136.90870666503906
v 168.46115112304688 195.0973663330078 137.06602478027344
v 168.75631713867188 194.7307891845703 137.7257080078125
v 169.2464141845703 195.2570343017578 137.28994750976562
v 169.92840576171875 195.45181274414062 137.5607147216797
v 158.88427734375 195.8736114501953 136.95205688476562
v 170.18165588378906 196.02870178222656 137.3450927734375
v 170.50718688964844 195.75042724609375 137.91641235351562
v 170.59088134765625 196.36105346679688 137.79383850097656
v 155.5171661376953 197.4561309814453 137.47134399414062
v 170.1590576171875 197.30101013183594 137.30247497558594
v 170.47605895996094 196.94664001464844 137.66737365722656
v 169.4008026123047 198.27134704589844 137.4180450439453
v 169.929931640625 197.7891387939453 137.67474365234375
v 170.30577087402344 197.429443359375 137.80577087402344
v 168.87791442871094 198.8271484375 137.0606231689453
v 168.35641479492188 199.3318328857422 137.5413360595703
v 167.15335083007812 200.16766357421875 137.3594970703125
v 167.8599090576172 199.7974395751953 137.0576934814453
v 151.85873413085938 200.81044006347656 136.87583923339844
v 165.1346893310547 201.11581420898438 137.2787322998047
v 165.85906982421875 200.88589477539062 137.0301971435547
v 149.4065704345703 202.35679626464844 137.33758544921875
v 163.59083557128906 201.49285888671875 137.65440368652344
v 149.09437561035156 202.983154296875 137.00921630859375
v 148.7742919921875 202.6951904296875 137.69166564941406
v 148.5086212158203 203.3730010986328 137.4296112060547
v 148.34963989257812 204.1289520263672 137.2604522705078
v 148.33270263671875 205.05560302734375 137.19891357421875
v 147.8292694091797 204.5803985595703 137.79177856445312
v 147.8640594482422 205.6256103515625 137.8159637451172
v 148.4459686279297 205.96224975585938 137.37783813476562
v 149.0814666748047 206.32296752929688 137.0242156982422
v 154.7713165283203 205.68014526367188 136.83082580566406
v 154.13502502441406 206.02490234375 137.25192260742188
v 148.6727752685547 206.6498260498047 137.66619873046875
v 149.39126586914062 206.9095916748047 137.43679809570312
v 150.20423889160156 207.11842346191406 137.35980224609375
v 151.0643768310547 207.09727478027344 137.25718688964844
v 152.01568603515625 206.94317626953125 137.35659790039062
v 152.89573669433594 206.66822814941406 137.08424377441406
v 153.59913635253906 206.4178009033203 136.83956909179688
v 153.49037170410156 206.34535217285156 137.6283416748047
v 149.7649383544922 207.32144165039062 137.93862915039062
v 150.2476043701172 207.38720703125 137.87918090820312
v 150.7385711669922 207.35784912109375 137.88612365722656
v 161.3968963623047 194.3460235595703 138.4214324951172
v 165.20730590820312 193.68711853027344 138.8475799560547
v 168.20761108398438 194.2615509033203 138.2756805419922
v 160.84385681152344 194.75186157226562 137.8312225341797
v 169.53656005859375 194.9051055908203 137.90553283691406
v 170.24740600585938 195.14120483398438 138.16310119628906
v 170.57933044433594 194.80946350097656 138.8035125732422
v 170.89588928222656 195.4688720703125 138.5843505859375
v 170.91090393066406 196.11965942382812 138.3972625732422
v 171.19760131835938 195.91546630859375 138.88644409179688
v 171.30813598632812 195.5662841796875 139.12510681152344
v 155.24981689453125 197.1857452392578 138.19308471679688
v 170.77401733398438 196.78965759277344 138.43495178222656
v 169.5231475830078 198.2259063720703 138.36834716796875
v 170.1632537841797 197.6856689453125 138.315185546875
v 170.4987030029297 197.27516174316406 138.1947784423828
v 153.1709747314453 199.05145263671875 138.20745849609375
v 168.89306640625 198.80763244628906 137.94891357421875
v 168.25770568847656 199.23402404785156 138.40261840820312
v 152.49996948242188 199.4010772705078 138.5693359375
v 152.0712127685547 199.98410034179688 138.13233947753906
v 166.18646240234375 200.38827514648438 138.3161163330078
v 167.7029571533203 199.71652221679688 137.94375610351562
v 151.61863708496094 200.56271362304688 137.66404724121094
v 164.9727020263672 200.94174194335938 138.07032775878906
v 148.81106567382812 201.7724609375 138.76280212402344
v 148.4525146484375 202.39779663085938 138.39190673828125
v 147.81040954589844 202.7538604736328 138.7922821044922
v 147.55294799804688 203.4615936279297 138.56027221679688
v 147.9363555908203 203.7971954345703 137.90553283691406
v 147.3902587890625 204.24588012695312 138.3981170654297
v 155.49765014648438 204.44924926757812 138.43028259277344
v 156.91282653808594 203.86453247070312 137.86065673828125
v 156.69674682617188 203.65602111816406 138.63888549804688
v 147.33375549316406 205.15179443359375 138.31419372558594
v 146.83685302734375 205.19277954101562 138.8192138671875
v 146.8623046875 205.71055603027344 138.82684326171875
v 147.41445922851562 206.0242156982422 138.37484741210938
v 148.0160675048828 206.35235595703125 137.98475646972656
v 153.990234375 205.8701934814453 138.0558319091797
v 153.33848571777344 206.221923828125 138.4296875
v 147.60694885253906 206.73385620117188 138.57147216796875
v 148.29193115234375 206.97488403320312 138.29417419433594
v 149.02586364746094 207.17611694335938 138.083740234375
v 151.46978759765625 207.2377471923828 137.98355102539062
v 152.1284942626953 206.9894561767578 138.31387329101562
v 152.78811645507812 206.6668701171875 137.95260620117188
v 148.72434997558594 207.43850708007812 138.7761993408203
v 149.53053283691406 207.50320434570312 138.6273193359375
v 150.34234619140625 207.4962158203125 138.4439697265625
v 151.1083221435547 207.4159698486328 138.50604248046875
v 151.65713500976562 207.241943359375 138.59808349609375
v 161.9806365966797 193.9613800048828 139.0244598388672
v 162.87008666992188 193.85333251953125 138.89479064941406
v 163.7567138671875 193.76475524902344 138.8348388671875
v 170.1935577392578 194.25457763671875 139.2136688232422
v 170.9032745361328 194.47976684570312 139.4588623046875
v 171.17160034179688 195.0670928955078 139.1951904296875
v 171.4899139404297 194.78953552246094 139.86289978027344
v 171.54530334472656 195.41098022460938 139.6956329345703
v 155.80621337890625 195.79359436035156 139.7653350830078
v 171.13226318359375 196.395751953125 139.00595092773438
v 171.4122314453125 196.00828552246094 139.50123596191406
v 154.97235107421875 196.90719604492188 138.91644287109375
v 170.8861846923828 196.89862060546875 139.2776336669922
v 171.21524047851562 196.51214599609375 139.59967041015625
v 169.97711181640625 197.80076599121094 139.06166076660156
v 170.4972381591797 197.34115600585938 138.82225036621094
v 152.6373748779297 198.54518127441406 139.719970703125
v 168.8002166748047 198.72671508789062 138.83242797851562
v 168.62147521972656 198.5869140625 139.6651611328125
v 151.0951385498047 200.03634643554688 139.1936492919922
v 165.4328155517578 200.3272247314453 139.42861938476562
v 167.02139282226562 199.74021911621094 139.15216064453125
v 167.5926055908203 199.5476531982422 138.7972869873047
v 167.4649658203125 199.35177612304688 139.57261657714844
v 149.2153778076172 201.17369079589844 139.20327758789062
v 164.00950622558594 200.9403839111328 139.05738830566406
v 164.62498474121094 200.53817749023438 139.64883422851562
v 148.1387176513672 202.10340881347656 139.09803771972656
v 147.84361267089844 201.8197784423828 139.80398559570312
v 147.20358276367188 203.12843322753906 139.22418212890625
v 158.77459716796875 202.7334747314453 138.84129333496094
v 146.9937744140625 203.8714599609375 139.0217742919922
v 146.6492156982422 203.52145385742188 139.66046142578125
v 146.47903442382812 204.3020782470703 139.47528076171875
v 155.71304321289062 203.70465087890625 139.66651916503906
v 155.2506866455078 204.23095703125 139.20230102539062
v 146.37750244140625 205.2133331298828 139.3565673828125
v 145.91326904296875 205.21087646484375 139.88902282714844
v 146.39492797851562 206.1240997314453 139.3627471923828
v 146.9735565185547 206.46043395996094 138.92562866210938
v 153.1329345703125 206.0408172607422 139.19369506835938
v 145.93472290039062 206.57418823242188 139.9160919189453
v 146.54415893554688 206.89845275878906 139.49789428710938
v 147.2183380126953 207.13951110839844 139.17153930664062
v 147.9451904296875 207.31631469726562 138.94154357910156
v 152.67437744140625 206.57791137695312 138.7825927734375
v 152.4884796142578 206.3937225341797 139.55577087402344
v 151.98464965820312 206.9573211669922 139.12779235839844
v 146.85543823242188 207.57345581054688 139.7820587158203
v 147.61476135253906 207.69894409179688 139.60107421875
v 148.4442138671875 207.73614501953125 139.5289764404297
v 149.3127899169922 207.68359375 139.43531799316406
v 150.14352416992188 207.58201599121094 139.26451110839844
v 150.8867950439453 207.45606994628906 139.11679077148438
v 151.44021606445312 207.3083038330078 139.0006561279297
v 151.3995361328125 207.18069458007812 139.578369140625
v 158.44076538085938 194.3648681640625 140.4287872314453
v 170.83419799804688 193.61671447753906 140.55322265625
v 171.23696899414062 194.1725616455078 140.13162231445312
v 171.56085205078125 193.8442840576172 140.79026794433594
v 171.88658142089844 194.50335693359375 140.56959533691406
v 171.87481689453125 195.22056579589844 140.4808349609375
v 172.199951171875 194.91580200195312 140.89529418945312
v 172.3102264404297 194.57659912109375 141.09136962890625
v 155.09844970703125 196.05690002441406 140.04364013671875
v 154.8400421142578 195.7820587158203 140.77835083007812
v 154.4236297607422 196.35874938964844 140.37603759765625
v 171.61648559570312 195.8573760986328 140.26539611816406
v 153.7687530517578 196.70399475097656 140.7571258544922
v 170.946533203125 196.79647827148438 140.10618591308594
v 171.3708038330078 196.32276916503906 140.0438995361328
v 171.32403564453125 196.3255157470703 140.68296813964844
v 169.79750061035156 197.73606872558594 139.87681579589844
v 151.96826171875 198.88833618164062 140.0706787109375
v 150.58749389648438 199.48619079589844 140.63626098632812
v 166.02601623535156 199.8743438720703 140.0134735107422
v 166.54273986816406 199.4053192138672 140.5717315673828
v 148.2452850341797 201.20761108398438 140.19735717773438
v 161.373291015625 201.26719665527344 140.32608032226562
v 163.00051879882812 200.90139770507812 139.98391723632812
v 163.60450744628906 200.48779296875 140.58343505859375
v 147.20326232910156 202.16554260253906 140.17361450195312
v 159.94485473632812 201.89141845703125 140.0233612060547
v 146.6136932373047 202.52627563476562 140.5758819580078
v 146.3483428955078 203.20628356933594 140.31600952148438
v 156.22129821777344 203.2075653076172 140.19558715820312
v 146.15371704101562 203.92965698242188 140.08709716796875
v 145.7486114501953 204.3307647705078 140.4677276611328
v 154.99337768554688 203.9996337890625 139.975341796875
v 154.7515869140625 203.76466369628906 140.7554168701172
v 154.29856872558594 204.31565856933594 140.32264709472656
v 153.62461853027344 204.6451416015625 140.6768341064453
v 145.42529296875 206.16647338867188 140.42445373535156
v 145.50225830078125 207.0021514892578 140.4598388671875
v 145.01348876953125 206.63221740722656 140.91775512695312
v 145.14219665527344 207.2864532470703 140.87367248535156
v 146.13294982910156 207.35826110839844 140.08871459960938
v 151.2669677734375 206.99388122558594 140.31301879882812
v 145.6783447265625 207.88714599609375 140.74290466308594
v 145.04286193847656 207.70565795898438 141.11228942871094
v 146.53744506835938 208.03741455078125 140.3824005126953
v 147.29263305664062 208.11325073242188 140.22398376464844
v 148.1048583984375 208.10621643066406 140.23980712890625
v 149.08859252929688 207.92971801757812 140.42027282714844
v 150.00125122070312 207.61932373046875 140.1420440673828
v 150.75071716308594 207.39559936523438 139.86172485351562
v 150.64138793945312 207.2734375 140.6732177734375
v 146.38198852539062 208.57215881347656 140.9683074951172
v 145.75669860839844 208.6126708984375 141.1591033935547
v 147.0189208984375 208.4910125732422 140.7454071044922
v 147.70364379882812 208.5154571533203 140.84115600585938
v 169.7974395751953 192.6418914794922 141.6865234375
v 171.88368225097656 193.4927215576172 141.43112182617188
v 172.1670379638672 194.0863037109375 141.1611328125
v 172.5204620361328 193.74887084960938 141.80206298828125
v 172.57701110839844 194.392578125 141.6522216796875
v 154.59388732910156 195.52137756347656 141.5281982421875
v 155.77926635742188 194.6947784423828 141.72518920898438
v 172.16445922851562 195.27859497070312 141.1087188720703
v 172.42575073242188 194.9722900390625 141.4745635986328
v 171.7469024658203 195.782958984375 141.2410430908203
v 171.15234375 196.3215789794922 141.38702392578125
v 172.2116241455078 195.4108123779297 141.5836181640625
v 170.76223754882812 196.7408905029297 140.93438720703125
v 170.57049560546875 196.5989532470703 141.6888885498047
v 152.09542846679688 198.04571533203125 141.19239807128906
v 167.01217651367188 198.92042541503906 141.0496826171875
v 167.71694946289062 198.66183471679688 140.7523193359375
v 164.18186950683594 200.04978942871094 141.16542053222656
v 164.99571228027344 199.8579864501953 140.98898315429688
v 165.51356506347656 199.385498046875 141.53109741210938
v 147.98435974121094 200.92958068847656 140.92433166503906
v 147.73025512695312 200.6488494873047 141.6659698486328
v 147.3148651123047 201.26199340820312 141.2409210205078
v 146.3553009033203 202.25247192382812 141.27989196777344
v 156.58627319335938 202.53643798828125 141.58761596679688
v 159.58836364746094 201.45346069335938 141.64453125
v 146.07177734375 202.93016052246094 141.0016326904297
v 145.8077850341797 202.67111206054688 141.7218780517578
v 145.55435180664062 203.4144744873047 141.45716857910156
v 154.54222106933594 203.5382843017578 141.54727172851562
v 156.00411987304688 202.9839324951172 140.98577880859375
v 145.03472900390625 205.0926971435547 141.23841857910156
v 152.74290466308594 204.74224853515625 141.7753448486328
v 152.3525848388672 205.31527709960938 141.36859130859375
v 144.99644470214844 205.8162078857422 141.03884887695312
v 144.6485137939453 205.5351104736328 141.71109008789062
v 144.60675048828125 206.37071228027344 141.53414916992188
v 144.73887634277344 207.15252685546875 141.3166046142578
v 151.1020965576172 206.7906494140625 141.04994201660156
v 150.5923614501953 207.09864807128906 141.38189697265625
v 144.67213439941406 207.84263610839844 141.58775329589844
v 145.20408630371094 208.2950897216797 141.26513671875
v 148.49537658691406 208.36761474609375 141.03517150878906
v 149.20912170410156 208.09634399414062 141.4833984375
v 149.9556121826172 207.5870819091797 141.18792724609375
v 144.81495666503906 208.61129760742188 141.77056884765625
v 145.42498779296875 208.94818115234375 141.54354858398438
v 146.1533966064453 209.16285705566406 141.5384063720703
v 147.17958068847656 208.98228454589844 141.50079345703125
v 148.05032348632812 208.7271728515625 141.4909210205078
v 148.64955139160156 208.53785705566406 141.84622192382812
v 145.62937927246094 209.44876098632812 141.84286499023438
v 146.03353881835938 209.67323303222656 142.01165771484375
v 164.72900390625 191.79061889648438 142.87701416015625
v 166.22303771972656 191.7113800048828 142.8147735595703
v 167.78273010253906 191.7342529296875 142.8773193359375
v 160.59689331054688 192.65960693359375 142.6851348876953
v 161.83934020996094 192.78343200683594 141.80418395996094
v 171.47279357910156 192.93357849121094 141.8547821044922
v 172.24342346191406 193.11460876464844 142.05506896972656
v 172.65908813476562 192.70108032226562 142.63729858398438
v 172.9484405517578 193.33810424804688 142.37391662597656
v 156.7803955078125 193.71556091308594 142.81227111816406
v 173.06268310546875 194.09498596191406 142.47488403320312
v 173.50827026367188 193.50462341308594 142.73373413085938
v 173.67483520507812 193.85372924804688 142.99057006835938
v 155.04922485351562 194.96185302734375 141.9775848388672
v 154.80714416503906 194.72293090820312 142.7384033203125
v 172.65347290039062 194.8226776123047 142.22418212890625
v 153.92173767089844 195.8646697998047 141.88790893554688
v 171.14767456054688 196.0699005126953 142.27085876464844
v 171.980712890625 195.60557556152344 142.1215362548828
v 172.38514709472656 195.25445556640625 142.00511169433594
v 151.15753173828125 198.11630249023438 142.2503662109375
v 150.74990844726562 198.66835021972656 141.80279541015625
v 165.9808807373047 198.89578247070312 142.02963256835938
v 148.16505432128906 200.05853271484375 142.12652587890625
v 148.60140991210938 199.50180053710938 142.59596252441406
v 146.8311309814453 200.71836853027344 142.7416534423828
v 146.45083618164062 201.34207153320312 142.34909057617188
v 159.36346435546875 201.25592041015625 142.42535400390625
v 145.8617401123047 201.7461700439453 142.76539611816406
v 155.6124725341797 202.60751342773438 142.60702514648438
v 155.06959533691406 203.04495239257812 142.04135131835938
v 145.04351806640625 203.93072509765625 141.98294067382812
v 153.85255432128906 203.85025024414062 141.88571166992188
v 153.6810760498047 203.6412811279297 142.69415283203125
v 144.81581115722656 204.7352752685547 141.83656311035156
v 151.54815673828125 205.46697998046875 142.500244140625
v 144.26626586914062 207.09771728515625 142.0555877685547
v 143.81080627441406 207.53334045410156 142.7676239013672
v 150.24374389648438 207.16390991210938 142.1263885498047
v 144.21270751953125 208.15403747558594 142.26214599609375
v 143.79820251464844 208.1558074951172 142.8014373779297
v 149.68601989746094 207.74545288085938 142.00723266601562
v 149.14797973632812 208.19911193847656 142.392578125
v 143.92404174804688 208.8743896484375 142.83233642578125
v 144.48648071289062 208.9665985107422 142.2618865966797
v 145.05520629882812 209.3148651123047 142.01840209960938
v 146.643310546875 209.57740783691406 142.04957580566406
v 147.2919464111328 209.44776916503906 142.2777557373047
v 148.0681610107422 208.9917755126953 142.32786560058594
v 148.678955078125 208.61227416992188 142.37498474121094
v 144.57919311523438 209.77479553222656 142.66058349609375
v 143.87574768066406 209.67556762695312 143.11239624023438
v 145.49241638183594 209.91432189941406 142.3440704345703
v 146.23594665527344 210.03439331054688 142.4716339111328
v 145.15707397460938 210.37896728515625 142.81582641601562
v 144.6963348388672 210.52236938476562 143.05682373046875
v 145.7995147705078 210.48709106445312 142.87818908691406
v 165.42276000976562 191.45272827148438 143.5047607421875
v 160.23342895507812 192.4638671875 143.3030242919922
v 163.13719177246094 191.9207000732422 143.1718292236328
v 170.1182403564453 191.61053466796875 143.51560974121094
v 172.19049072265625 192.038818359375 143.183837890625
v 172.08853149414062 191.50379943847656 143.81182861328125
v 173.1540985107422 192.3470001220703 143.1129913330078
v 174.13304138183594 192.4945831298828 143.3729705810547
v 174.40267944335938 191.88072204589844 143.73548889160156
v 175.21560668945312 192.3701629638672 143.67808532714844
v 175.19668579101562 191.7370147705078 143.94911193847656
v 176.17018127441406 192.24005126953125 143.91290283203125
v 175.89614868164062 191.64833068847656 144.11373901367188
v 176.6127166748047 191.8526153564453 144.18186950683594
v 176.9569854736328 192.3263397216797 144.0806121826172
v 157.30487060546875 193.25860595703125 143.373046875
v 158.11573791503906 193.0834503173828 143.1864013671875
v 158.93336486816406 192.93252563476562 143.0013885498047
v 173.46372985839844 192.935791015625 142.85952758789062
v 174.14254760742188 193.3572998046875 143.24009704589844
v 175.06980895996094 193.0436553955078 143.62705993652344
v 176.02525329589844 192.89208984375 143.86473083496094
v 176.94276428222656 192.81182861328125 144.06764221191406
v 177.48684692382812 192.57899475097656 144.27296447753906
v 177.50167846679688 192.91221618652344 144.26646423339844
v 156.00186157226562 193.94137573242188 142.99539184570312
v 155.73025512695312 193.7305145263672 143.74295043945312
v 173.43032836914062 194.26409912109375 143.15065002441406
v 173.9632568359375 194.0430450439453 143.57977294921875
v 174.77455139160156 193.6826934814453 143.86114501953125
v 175.6787872314453 193.4638671875 144.08900451660156
v 176.5660858154297 193.32705688476562 144.25189208984375
v 154.12924194335938 195.05557250976562 143.0823516845703
v 153.47921752929688 195.42095947265625 143.47836303710938
v 173.42144775390625 194.46453857421875 143.62596130371094
v 171.11549377441406 195.8444366455078 143.18728637695312
v 171.73228454589844 195.63278198242188 142.90066528320312
v 167.34417724609375 197.37716674804688 143.4124298095703
v 148.33380126953125 199.26329040527344 143.34263610839844
v 163.28607177734375 199.23458862304688 143.38958740234375
v 147.23410034179688 200.12623596191406 143.1758575439453
v 146.59463500976562 200.48336791992188 143.51010131835938
v 161.18820190429688 200.12351989746094 143.20765686035156
v 161.68740844726562 199.68841552734375 143.7632293701172
v 145.6177215576172 201.52151489257812 143.5370330810547
v 156.14773559570312 202.18350219726562 143.37353515625
v 145.01553344726562 202.9175262451172 142.95895385742188
v 154.20579528808594 203.1488037109375 143.1762237548828
v 154.76145935058594 202.7097930908203 143.67193603515625
v 144.30531311035156 204.19915771484375 143.27322387695312
v 152.3882293701172 204.33360290527344 143.37120056152344
v 151.9420166015625 204.89346313476562 142.90814208984375
v 151.3536376953125 205.29891967773438 143.30120849609375
v 143.9656219482422 205.79257202148438 142.967041015625
v 143.54257202148438 207.14822387695312 143.3262939453125
v 143.41281127929688 208.1071014404297 143.43865966796875
v 149.6773223876953 207.5972137451172 142.7615966796875
v 149.56015014648438 207.43165588378906 143.58795166015625
v 149.1639862060547 208.0592041015625 143.2735595703125
v 143.36817932128906 209.25830078125 143.52825927734375
v 148.20179748535156 209.16384887695312 143.34423828125
v 148.68809509277344 208.6141815185547 142.92318725585938
v 143.1414031982422 209.8534393310547 143.8628692626953
v 143.5465850830078 210.07180786132812 143.53305053710938
v 142.9511260986328 209.43946838378906 144.05007934570312
v 144.12367248535156 210.3209686279297 143.21104431152344
v 146.52401733398438 210.4142608642578 143.05142211914062
v 143.75149536132812 210.7545166015625 143.7053985595703
v 144.42141723632812 210.95420837402344 143.48052978515625
v 145.2518768310547 211.0155029296875 143.352783203125
v 144.74143981933594 211.51181030273438 143.8450927734375
v 145.2530517578125 211.54571533203125 143.80076599121094
v 170.3350372314453 191.1151885986328 144.36715698242188
v 173.200927734375 191.07469177246094 144.3381805419922
v 174.1678009033203 191.25791931152344 144.198974609375
v 174.39297485351562 190.79727172851562 144.6929473876953
v 175.2191619873047 191.14451599121094 144.41497802734375
v 174.93869018554688 190.65402221679688 144.931884765625
v 175.73638916015625 190.79957580566406 144.8931884765625
v 176.1859130859375 191.3095703125 144.46121215820312
v 176.9755859375 191.50692749023438 144.60047912597656
v 158.4497833251953 192.4014892578125 144.4744873046875
v 177.30780029296875 192.05796813964844 144.37399291992188
v 177.67343139648438 191.72122192382812 144.85520935058594
v 177.89810180664062 192.30714416503906 144.67144775390625
v 155.45614624023438 193.60826110839844 144.3968963623047
v 157.0533447265625 193.00904846191406 144.13864135742188
v 157.6436004638672 192.5740509033203 144.67686462402344
v 177.3207550048828 193.21054077148438 144.4151153564453
v 177.92831420898438 192.9233856201172 144.6548309326172
v 178.4072265625 192.54835510253906 145.054931640625
v 178.4087371826172 192.9230194091797 145.04249572753906
v 155.03347778320312 194.0164337158203 143.96653747558594
v 154.37167358398438 194.323486328125 144.31314086914062
v 174.2733154296875 194.16175842285156 144.29525756835938
v 175.09532165527344 193.92559814453125 144.5335693359375
v 175.9935302734375 193.75177001953125 144.69728088378906
v 176.85301208496094 193.6150665283203 144.80886840820312
v 177.60757446289062 193.4541473388672 144.9486083984375
v 153.72052001953125 194.6770477294922 144.71141052246094
v 173.685791015625 194.40142822265625 144.06893920898438
v 173.5929412841797 194.48260498046875 144.6851806640625
v 151.78976440429688 196.7350616455078 143.88108825683594
v 167.64382934570312 196.6473846435547 144.69496154785156
v 148.09646606445312 199.04505920410156 144.10032653808594
v 163.82308959960938 198.77685546875 143.93338012695312
v 146.99839782714844 199.90658569335938 143.94259643554688
v 146.36180114746094 200.27809143066406 144.291259765625
v 160.2368621826172 200.17398071289062 144.2544403076172
v 160.7985382080078 199.7489013671875 144.75003051757812
v 145.7405242919922 200.68275451660156 144.6836395263672
v 145.0467071533203 201.9811553955078 143.99549865722656
v 144.51072692871094 202.4553985595703 144.4691619873047
v 156.2555389404297 201.92469787597656 144.22262573242188
v 156.7586669921875 201.59161376953125 144.7390594482422
v 154.0548858642578 202.9903106689453 144.02191162109375
v 153.37887573242188 203.30319213867188 144.36509704589844
v 143.80264282226562 203.71043395996094 144.72882080078125
v 151.6150360107422 204.5763702392578 144.58665466308594
v 152.8722686767578 203.79782104492188 143.86444091796875
v 143.5428466796875 205.21267700195312 144.2902069091797
v 151.1761474609375 205.14891052246094 144.1322021484375
v 150.23272705078125 206.18846130371094 144.1907958984375
v 143.18894958496094 207.1711883544922 144.09559631347656
v 149.70895385742188 206.63623046875 144.65028381347656
v 142.63912963867188 208.52561950683594 144.70729064941406
v 148.70545959472656 208.52374267578125 144.6830291748047
v 148.3206024169922 209.3495635986328 144.35943603515625
v 143.19493103027344 210.4491729736328 144.0179443359375
v 147.9652557373047 210.09339904785156 144.38726806640625
v 142.75698852539062 210.72647094726562 144.62327575683594
v 143.33290100097656 211.13682556152344 144.26112365722656
v 144.00572204589844 211.38531494140625 143.9969024658203
v 147.24478149414062 211.1221160888672 144.26429748535156
v 163.37307739257812 211.44073486328125 144.91629028320312
v 162.7877960205078 210.964111328125 145.1877899169922
v 163.6553497314453 210.91552734375 145.13255310058594
v 162.448486328125 211.4914093017578 144.97015380859375
v 164.33265686035156 211.3658905029297 144.9173126220703
v 164.2191162109375 210.9148406982422 145.07847595214844
v 164.8070068359375 210.925048828125 145.13406372070312
v 165.30125427246094 211.42367553710938 144.963134765625
v 165.67623901367188 210.95974731445312 145.21246337890625
v 166.0983123779297 211.41598510742188 145.07723999023438
v 142.87721252441406 211.48623657226562 144.87939453125
v 143.5569305419922 211.7709197998047 144.56961059570312
v 144.2987823486328 211.9302215576172 144.37353515625
v 145.19224548339844 212.0251007080078 144.3244171142578
v 146.1599578857422 211.9742889404297 144.38046264648438
v 155.37582397460938 212.33798217773438 145.0182342529297
v 154.783203125 211.88623046875 145.19496154785156
v 155.26451110839844 211.84103393554688 145.1539764404297
v 154.59872436523438 212.45506286621094 145.0193634033203
v 155.77259826660156 211.86245727539062 145.16371154785156
v 156.16513061523438 212.3670654296875 145.0259246826172
v 161.8677978515625 211.818603515625 145.00111389160156
v 162.42706298828125 212.05543518066406 144.89186096191406
v 161.8505096435547 211.4286651611328 145.06494140625
v 163.11351013183594 212.0548553466797 144.8372039794922
v 164.0738983154297 212.13946533203125 144.82305908203125
v 165.00637817382812 212.02597045898438 144.88912963867188
v 165.8487548828125 211.94639587402344 145.02378845214844
v 166.55567932128906 211.77841186523438 145.21958923339844
v 166.59815979003906 211.396728515625 145.20135498046875
v 143.84622192382812 212.2932586669922 144.93502807617188
v 144.50730895996094 212.3546600341797 144.77430725097656
v 144.98948669433594 212.58497619628906 144.9613800048828
v 154.34896850585938 212.98599243164062 144.9758758544922
v 154.01470947265625 212.51898193359375 145.04702758789062
v 153.75946044921875 212.86056518554688 145.04568481445312
v 155.978515625 212.95620727539062 144.9964141845703
v 156.65428161621094 212.7410430908203 145.05722045898438
v 156.61973571777344 212.34719848632812 145.06114196777344
v 162.80111694335938 212.684814453125 144.89334106445312
v 163.6549835205078 212.7755584716797 144.86170959472656
v 164.2416229248047 212.76394653320312 144.8572998046875
v 164.7940673828125 212.73133850097656 144.93145751953125
v 165.60447692871094 212.62770080566406 145.0908203125
v 155.25262451171875 213.72593688964844 145.0050506591797
v 154.6458740234375 217.80853271484375 145.01429748535156
v 154.60125732421875 217.6993865966797 144.96070861816406
v 154.73007202148438 217.6321258544922 145.0452117919922
v 154.4631805419922 217.73385620117188 145.104248046875
v 173.1689910888672 190.4395294189453 145.19818115234375
v 175.24359130859375 190.31253051757812 145.52951049804688
v 176.16317749023438 190.55091857910156 145.35586547851562
v 164.19918823242188 190.96978759765625 145.19212341308594
v 167.2539825439453 190.50172424316406 145.6339874267578
v 171.82553100585938 190.76771545410156 144.82308959960938
v 176.57620239257812 190.97621154785156 144.94879150390625
v 176.895751953125 190.6361083984375 145.5527801513672
v 177.3354034423828 191.15455627441406 145.1541748046875
v 177.6610565185547 190.81214904785156 145.79525756835938
v 178.02304077148438 191.3707733154297 145.44583129882812
v 159.62716674804688 191.6153564453125 145.6942596435547
v 178.2803955078125 191.9633331298828 145.18882751464844
v 178.618896484375 191.63795471191406 145.78712463378906
v 178.7821044921875 192.23797607421875 145.56869506835938
v 154.71469116210938 193.6467742919922 145.60769653320312
v 156.70675659179688 192.56658935546875 145.69776916503906
v 178.25177001953125 193.26153564453125 145.19317626953125
v 178.8087158203125 192.89173889160156 145.55018615722656
v 179.14926147460938 192.4557647705078 145.92591857910156
v 179.29832458496094 192.80599975585938 146.1033477783203
v 174.31300354003906 194.24261474609375 145.04859924316406
v 173.44107055664062 194.44911193847656 145.4741973876953
v 177.8618621826172 193.70590209960938 145.60946655273438
v 178.57119750976562 193.52362060546875 145.8248291015625
v 172.5985565185547 194.60696411132812 145.7599639892578
v 151.42416381835938 196.342529296875 145.4878387451172
v 168.20814514160156 196.19479370117188 145.2501220703125
v 150.9552001953125 196.86801147460938 145.03160095214844
v 165.4369354248047 197.3913116455078 145.48171997070312
v 166.72052001953125 196.67481994628906 145.738525390625
v 147.22645568847656 199.169921875 145.189453125
v 147.71060180664062 198.6504669189453 145.6793670654297
v 162.251953125 198.94805908203125 145.27008056640625
v 146.13914489746094 200.0897979736328 145.08847045898438
v 145.13999938964844 201.1072235107422 145.10755920410156
v 144.5698699951172 201.536865234375 145.5406494140625
v 154.369140625 202.50735473632812 145.3317108154297
v 144.0150909423828 202.93455505371094 144.95433044433594
v 152.5881805419922 203.51992797851562 145.58079528808594
v 153.7858428955078 202.7344512939453 145.71963500976562
v 152.08908081054688 204.02964782714844 145.07752990722656
v 150.4444580078125 205.42086791992188 145.38565063476562
v 149.54086303710938 206.46421813964844 145.42909240722656
v 149.24070739746094 207.10830688476562 145.13876342773438
v 142.3536376953125 208.2439727783203 145.40164184570312
v 148.97682189941406 207.79061889648438 144.91336059570312
v 148.8839569091797 207.6544189453125 145.71176147460938
v 148.71095275878906 208.39817810058594 145.54913330078125
v 142.2609100341797 209.0979461669922 145.24147033691406
v 148.5596160888672 209.2081756591797 145.3621826171875
v 141.8286590576172 209.6520233154297 145.8106231689453
v 141.77734375 210.5152130126953 145.77996826171875
v 148.37965393066406 210.14816284179688 145.15606689453125
v 163.25045776367188 210.47015380859375 145.64332580566406
v 162.30870056152344 210.6796875 145.52406311035156
v 164.20248413085938 210.5978240966797 145.4065704345703
v 165.20376586914062 210.44789123535156 145.65008544921875
v 166.14219665527344 210.6044921875 145.56790161132812
v 169.04510498046875 210.33473205566406 146.10679626464844
v 168.49093627929688 210.05250549316406 146.14739990234375
v 168.93228149414062 209.88723754882812 146.28627014160156
v 168.25772094726562 210.46607971191406 145.95982360839844
v 142.22247314453125 211.0620574951172 145.34158325195312
v 141.77377319335938 211.0653076171875 145.82054138183594
v 155.24020385742188 211.42562866210938 145.46556091308594
v 154.35455322265625 211.46343994140625 145.58522033691406
v 156.15896606445312 211.41212463378906 145.47412109375
v 155.71054077148438 210.91213989257812 145.95416259765625
v 157.51795959472656 211.0744171142578 145.77915954589844
v 158.28948974609375 210.8789825439453 145.93528747558594
v 159.1967010498047 211.20330810546875 145.68478393554688
v 159.23373413085938 210.61720275878906 146.125732421875
v 160.23231506347656 210.76869201660156 145.88330078125
v 160.2351837158203 211.45774841308594 145.4768829345703
v 161.35302734375 210.8375701904297 145.63221740722656
v 161.26336669921875 211.5653076171875 145.21888732910156
v 161.96156311035156 211.1041717529297 145.22531127929688
v 166.4860076904297 211.04052734375 145.3195037841797
v 167.15171813964844 210.56216430664062 145.7959442138672
v 167.13800048828125 211.38082885742188 145.49436950683594
v 168.0175018310547 211.0712432861328 145.84324645996094
v 168.83798217773438 210.86920166015625 146.05426025390625
v 169.42007446289062 210.72642517089844 146.21937561035156
v 169.6390838623047 210.3966522216797 146.28480529785156
v 141.88540649414062 211.56005859375 145.90451049804688
v 142.47454833984375 211.8587188720703 145.499267578125
v 143.1376495361328 212.1182098388672 145.16311645507812
v 146.64697265625 212.44873046875 144.88194274902344
v 148.214599609375 212.13221740722656 145.27890014648438
v 150.24407958984375 212.43067932128906 145.63778686523438
v 151.28274536132812 212.4640350341797 145.58267211914062
v 152.25489807128906 211.77462768554688 145.86785888671875
v 152.42543029785156 212.55886840820312 145.4171905517578
v 153.36663818359375 211.7330322265625 145.6473846435547
v 153.44398498535156 212.42172241210938 145.21563720703125
v 154.06414794921875 212.03616333007812 145.23785400390625
v 156.49615478515625 211.96559143066406 145.1756134033203
v 159.05409240722656 212.1351776123047 145.40078735351562
v 160.40260314941406 212.45187377929688 145.2647705078125
v 162.0176239013672 212.49765014648438 144.9761962890625
v 166.37033081054688 212.4315643310547 145.31973266601562
v 167.07864379882812 212.12042236328125 145.60504150390625
v 167.81625366210938 211.76565551757812 145.92115783691406
v 168.58876037597656 211.4608917236328 146.20347595214844
v 142.8407440185547 212.48095703125 145.77377319335938
v 143.4771270751953 212.57318115234375 145.46139526367188
v 145.2467498779297 213.0880126953125 145.5314483642578
v 146.2565460205078 213.07565307617188 145.37399291992188
v 147.30874633789062 212.9443359375 145.32994079589844
v 150.28436279296875 213.18930053710938 145.5049591064453
v 151.2855224609375 213.25100708007812 145.42953491210938
v 152.25474548339844 213.53396606445312 145.31710815429688
v 153.92294311523438 213.44436645507812 145.04901123046875
v 156.61106872558594 213.45054626464844 145.10833740234375
v 160.313720703125 213.5929718017578 145.31507873535156
v 161.38958740234375 213.18617248535156 145.15586853027344
v 162.3480224609375 213.23013305664062 145.02406311035156
v 163.2723846435547 213.63375854492188 145.05528259277344
v 164.3739013671875 213.43157958984375 145.04588317871094
v 165.3158721923828 213.38995361328125 145.22607421875
v 166.0984344482422 213.19654846191406 145.47608947753906
v 166.81642150878906 212.8848419189453 145.7998046875
v 146.72402954101562 213.67185974121094 145.79782104492188
v 147.61651611328125 213.7748565673828 145.730712890625
v 148.5083770751953 213.88592529296875 145.6928253173828
v 150.34976196289062 213.95346069335938 145.560302734375
v 158.50692749023438 214.14364624023438 145.464111328125
v 160.25814819335938 214.33578491210938 145.46261596679688
v 161.0874481201172 214.1903076171875 145.3768310546875
v 162.23341369628906 214.12832641601562 145.25335693359375
v 163.19822692871094 214.58460998535156 145.373779296875
v 164.09564208984375 214.34375 145.34559631347656
v 164.9969940185547 214.17051696777344 145.44631958007812
v 165.78134155273438 213.9735870361328 145.65838623046875
v 148.72775268554688 214.6147918701172 145.94374084472656
v 151.3917999267578 214.9217987060547 145.61111450195312
v 160.63645935058594 214.7989044189453 145.7071990966797
v 161.63027954101562 214.79811096191406 145.64324951171875
v 162.49156188964844 214.8438262939453 145.5522003173828
v 162.9975128173828 215.04922485351562 145.74609375
v 163.75865173339844 214.95687866210938 145.76817321777344
v 164.64190673828125 214.8156280517578 145.8184814453125
v 154.5940704345703 216.11990356445312 145.15830993652344
v 155.37193298339844 216.4156951904297 145.2098388671875
v 156.19186401367188 216.2561798095703 145.5185089111328
v 153.32400512695312 217.12123107910156 145.45054626464844
v 152.4253692626953 217.39137268066406 145.78164672851562
v 154.44166564941406 217.1767578125 145.1392364501953
v 155.1190643310547 217.2416534423828 145.25469970703125
v 155.7206268310547 216.8256378173828 145.4365692138672
v 152.9927215576172 217.7882080078125 145.69686889648438
v 152.37774658203125 218.3117218017578 145.81533813476562
v 153.8451690673828 217.7496337890625 145.5125274658203
v 154.6615447998047 217.72158813476562 145.44105529785156
v 151.24639892578125 218.7410888671875 146.08934020996094
v 151.04934692382812 218.4547119140625 146.01156616210938
v 151.63726806640625 218.3607635498047 146.01937866210938
v 150.7557373046875 218.77940368652344 146.0758819580078
v 164.29733276367188 190.55496215820312 146.35467529296875
v 168.11907958984375 190.1984100341797 146.25119018554688
v 169.25592041015625 190.17977905273438 146.15538024902344
v 170.13963317871094 190.0191650390625 146.35971069335938
v 170.62539672851562 189.75440979003906 146.86294555664062
v 172.15530395507812 189.98233032226562 146.16259765625
v 172.52967834472656 189.60870361328125 146.90380859375
v 173.43614196777344 189.72117614746094 146.5824432373047
v 174.267578125 189.98611450195312 146.0196990966797
v 175.17495727539062 189.87489318847656 146.3184814453125
v 174.97459411621094 189.59486389160156 146.87213134765625
v 176.19674682617188 190.1483612060547 146.06700134277344
v 176.6418914794922 189.84364318847656 146.8358917236328
v 177.18553161621094 190.3033905029297 146.24708557128906
v 177.94207763671875 190.50479125976562 146.4810791015625
v 160.26065063476562 191.25196838378906 146.3192138671875
v 162.1451873779297 190.94027709960938 146.22979736328125
v 178.33062744140625 191.04820251464844 146.0970458984375
v 178.58631896972656 190.77415466308594 146.7885284423828
v 178.91213989257812 191.36277770996094 146.44711303710938
v 156.50779724121094 192.41781616210938 146.5028076171875
v 157.99017333984375 191.96800231933594 145.99453735351562
v 179.1092987060547 191.96368408203125 146.14334106445312
v 179.4175262451172 191.79579162597656 146.83615112304688
v 179.46791076660156 192.39559936523438 146.45982360839844
v 155.25018310546875 193.1632080078125 146.155517578125
v 179.17306518554688 193.29098510742188 146.1619415283203
v 179.62181091308594 192.97804260253906 146.6456756591797
v 154.02471923828125 194.00152587890625 145.99664306640625
v 175.21839904785156 194.0039825439453 146.1863555908203
v 177.31959533691406 193.97698974609375 146.18563842773438
v 178.935791015625 193.81166076660156 146.4028778076172
v 179.52670288085938 193.6595001220703 146.78314208984375
v 169.42330932617188 195.36062622070312 146.43370056152344
v 150.10885620117188 197.02328491210938 146.1699676513672
v 162.5620574951172 198.46226501464844 146.57806396484375
v 146.38961791992188 199.34286499023438 146.35169982910156
v 160.49188232421875 199.46397399902344 146.51524353027344
v 145.93377685546875 199.90505981445312 145.9022216796875
v 145.30894470214844 200.29954528808594 146.30059814453125
v 159.8780517578125 199.8700408935547 145.97218322753906
v 179.9668731689453 200.2974395751953 147.12484741210938
v 179.58863830566406 199.82859802246094 147.1792449951172
v 179.96685791015625 199.7743377685547 147.19325256347656
v 179.36322021484375 200.56698608398438 147.05596923828125
v 178.9514617919922 201.00770568847656 147.06968688964844
v 179.29159545898438 201.439208984375 146.9387664794922
v 178.83580017089844 200.55279541015625 147.18191528320312
v 179.78216552734375 201.0100555419922 147.04901123046875
v 180.17689514160156 200.78118896484375 147.20758056640625
v 180.35000610351562 200.4005584716797 147.33175659179688
v 144.03578186035156 201.9702606201172 145.97439575195312
v 143.5379180908203 202.4227294921875 146.4313507080078
v 153.67662048339844 202.61019897460938 146.62864685058594
v 155.22943115234375 201.9123077392578 146.22491455078125
v 179.21102905273438 202.17401123046875 146.26412963867188
v 143.3117218017578 203.16326904296875 146.2084197998047
v 179.0418701171875 203.0187530517578 146.96473693847656
v 178.66513061523438 202.59393310546875 146.90965270996094
v 178.33863830566406 203.35946655273438 146.91036987304688
v 143.12350463867188 203.9734344482422 146.0417938232422
v 151.35232543945312 204.2825164794922 146.3224639892578
v 178.0747833251953 204.13475036621094 146.9178466796875
v 177.58627319335938 203.5881805419922 146.9634246826172
v 177.3345184326172 204.33851623535156 146.90663146972656
v 178.7219696044922 203.8955841064453 147.00234985351562
v 179.16415405273438 203.71864318847656 147.18601989746094
v 179.4039764404297 203.30491638183594 147.30096435546875
v 150.31143188476562 205.2561798095703 146.24147033691406
v 176.3225860595703 205.25511169433594 146.897216796875
v 175.76553344726562 204.73155212402344 147.03839111328125
v 176.55349731445312 204.5310516357422 146.94947814941406
v 175.5208740234375 205.45228576660156 146.93597412109375
v 177.10826110839844 205.0599822998047 146.91566467285156
v 177.84722900390625 204.8516082763672 146.98997497558594
v 178.50193786621094 204.6035919189453 147.13381958007812
v 149.89784240722656 205.8485870361328 145.80369567871094
v 149.7652130126953 205.71629333496094 146.68136596679688
v 149.3962860107422 206.3275604248047 146.2652587890625
v 175.2726593017578 206.18492126464844 146.9235076904297
v 174.72042846679688 205.6553955078125 147.02774047851562
v 174.45652770996094 206.39230346679688 146.9523162841797
v 176.08349609375 205.97120666503906 146.9410400390625
v 176.8700408935547 205.74961853027344 147.0070037841797
v 177.6037139892578 205.5158233642578 147.1409454345703
v 149.10794067382812 206.96450805664062 145.92620849609375
v 149.00343322753906 206.88868713378906 146.74374389648438
v 148.82037353515625 207.5498809814453 146.5161895751953
v 174.18612670898438 207.1431884765625 146.945068359375
v 173.6433563232422 206.59747314453125 147.0224609375
v 173.37115478515625 207.34359741210938 146.9388885498047
v 174.994873046875 206.92283630371094 146.99696350097656
v 175.79302978515625 206.67709350585938 147.09268188476562
v 176.5800018310547 206.40032958984375 147.21694946289062
v 148.71141052246094 208.28392028808594 146.38381958007812
v 172.3152313232422 208.25482177734375 146.89456176757812
v 171.76296997070312 207.72203063964844 147.0703582763672
v 172.56015014648438 207.531982421875 146.9813232421875
v 171.50535583496094 208.43084716796875 146.9144744873047
v 173.1187286376953 208.0752716064453 146.9197235107422
v 173.9090118408203 207.87460327148438 147.00181579589844
v 174.67874145507812 207.63836669921875 147.14141845703125
v 148.68421936035156 209.05589294433594 146.24876403808594
v 168.35305786132812 209.66488647460938 146.48187255859375
v 169.27828979492188 209.44671630859375 146.6804962158203
v 171.2574005126953 209.13873291015625 146.8200225830078
v 170.68260192871094 208.6092987060547 146.9664306640625
v 170.36863708496094 209.31234741210938 146.75390625
v 172.08143615722656 208.95542907714844 146.88998413085938
v 172.87213134765625 208.76226806640625 146.98348999023438
v 173.62388610839844 208.5460662841797 147.1257781982422
v 141.38905334472656 210.1511688232422 146.38575744628906
v 148.74130249023438 209.85791015625 146.0609130859375
v 156.23304748535156 210.44570922851562 146.56805419921875
v 155.2854461669922 210.58380126953125 146.4486846923828
v 157.36981201171875 210.61410522460938 146.24893188476562
v 158.30592346191406 210.38938903808594 146.4785614013672
v 160.18771362304688 210.26036071777344 146.43386840820312
v 166.17620849609375 210.1027069091797 146.13514709472656
v 167.05970764160156 209.96282958984375 146.27439880371094
v 167.80638122558594 210.0257568359375 146.17929077148438
v 167.51849365234375 209.59632873535156 146.64454650878906
v 169.4298858642578 210.0204620361328 146.31202697753906
v 170.08517456054688 210.06265258789062 146.5627899169922
v 170.98196411132812 209.84280395507812 146.81576538085938
v 171.80238342285156 209.62496948242188 146.99476623535156
v 172.58761596679688 209.39028930664062 147.16983032226562
v 141.392822265625 211.07162475585938 146.36961364746094
v 141.01231384277344 210.588623046875 146.92984008789062
v 141.00814819335938 211.10452270507812 146.91876220703125
v 148.8915557861328 210.68115234375 145.8697509765625
v 149.20291137695312 210.35325622558594 146.60980224609375
v 152.0601806640625 211.17434692382812 146.52352905273438
v 153.07667541503906 211.16546630859375 146.29861450195312
v 153.9845428466797 211.05783081054688 146.1414337158203
v 154.83221435546875 210.95565795898438 146.0185089111328
v 154.552001953125 210.6063232421875 146.60797119140625
v 169.28948974609375 211.19261169433594 146.4236297607422
v 169.91053771972656 210.8156280517578 146.6316680908203
v 170.65762329101562 210.5313720703125 146.98516845703125
v 141.10232543945312 211.6021728515625 146.94503784179688
v 141.5742950439453 211.92849731445312 146.48648071289062
v 142.15914916992188 212.2486114501953 146.10499572753906
v 167.5194549560547 212.4920196533203 146.15594482421875
v 168.91615295410156 211.77159118652344 146.80406188964844
v 169.57211303710938 211.4544219970703 147.0362548828125
v 141.87307739257812 212.632568359375 146.72775268554688
v 166.46170043945312 213.6975555419922 145.99908447265625
v 167.13095092773438 213.28102111816406 146.43536376953125
v 167.77993774414062 212.78610229492188 146.82540893554688
v 147.8932647705078 214.4940643310547 146.0609893798828
v 156.90509033203125 214.8592529296875 145.39056396484375
v 157.67062377929688 214.87503051757812 145.63096618652344
v 158.45982360839844 214.97286987304688 145.84518432617188
v 159.0653533935547 214.6520233154297 145.6351776123047
v 159.76766967773438 214.7450408935547 145.6885986328125
v 165.44773864746094 214.63584899902344 145.94801330566406
v 166.07180786132812 214.36016845703125 146.14105224609375
v 166.61538696289062 214.19833374023438 146.70204162597656
v 149.0214080810547 215.34434509277344 146.20079040527344
v 157.82933044433594 215.5210418701172 146.36802673339844
v 159.98802185058594 215.14111328125 146.2117919921875
v 160.9764404296875 215.1511688232422 146.2418212890625
v 162.1246795654297 215.16004943847656 146.16661071777344
v 163.12139892578125 215.21115112304688 146.34695434570312
v 164.15707397460938 215.18858337402344 146.5133056640625
v 165.0498046875 215.04873657226562 146.35328674316406
v 165.8060760498047 214.88397216796875 146.66018676757812
v 166.3447723388672 214.8225860595703 147.18922424316406
v 150.52996826171875 217.39901733398438 146.13372802734375
v 155.49586486816406 217.22071838378906 145.9196319580078
v 156.1104736328125 216.71047973632812 145.84828186035156
v 150.01889038085938 218.30699157714844 146.3096160888672
v 150.6072998046875 218.33059692382812 146.0889434814453
v 151.26649475097656 217.90115356445312 146.04469299316406
v 152.2545166015625 218.14822387695312 146.26412963867188
v 153.03256225585938 218.20265197753906 146.09559631347656
v 153.9731903076172 218.0413818359375 146.1730194091797
v 154.79959106445312 217.71107482910156 146.42181396484375
v 150.3349151611328 218.93939208984375 146.23184204101562
v 149.86732482910156 219.05615234375 146.45526123046875
v 150.83949279785156 219.1846160888672 146.2849884033203
v 151.66030883789062 218.95518493652344 146.396484375
v 171.1668701171875 189.41078186035156 147.63348388671875
v 174.25067138671875 189.46751403808594 147.1399383544922
v 176.0101318359375 189.44979858398438 147.50184631347656
v 176.91912841796875 189.58761596679688 147.59188842773438
v 166.20884704589844 189.97145080566406 147.3052978515625
v 166.93820190429688 189.9534149169922 147.1166534423828
v 167.62948608398438 189.6729736328125 147.7675018310547
v 177.47286987304688 190.0211181640625 146.96922302246094
v 177.7197723388672 189.79678344726562 147.7125701904297
v 178.17799377441406 190.25094604492188 147.19345092773438
v 178.79969787597656 190.55706787109375 147.5222625732422
v 157.69229125976562 191.61077880859375 147.63931274414062
v 159.3475341796875 191.115478515625 147.3756103515625
v 160.69119262695312 190.72364807128906 147.77169799804688
v 179.1627655029297 191.14340209960938 147.1726837158203
v 179.6938934326172 191.6327362060547 147.63803100585938
v 155.62649536132812 192.59011840820312 147.63156127929688
v 157.07620239257812 192.00979614257812 147.07704162597656
v 179.89175415039062 192.43736267089844 147.2808380126953
v 155.06956481933594 193.0374298095703 147.04287719726562
v 180.06716918945312 193.28941345214844 147.30197143554688
v 153.25631713867188 194.23788452148438 147.25491333007812
v 173.6494903564453 193.76133728027344 147.85025024414062
v 174.3555450439453 193.708984375 147.9114532470703
v 174.8484344482422 193.77975463867188 147.67794799804688
v 178.1398162841797 194.52413940429688 147.2285614013672
v 179.07643127441406 194.45526123046875 147.0814971923828
v 180.02452087402344 194.111328125 147.36807250976562
v 180.59226989746094 193.70065307617188 147.88487243652344
v 180.66064453125 194.5291290283203 147.83106994628906
v 151.55885314941406 195.52073669433594 147.5985565185547
v 179.15786743164062 195.28485107421875 147.55137634277344
v 180.76588439941406 195.4363555908203 147.83485412597656
v 151.08192443847656 196.02906799316406 147.14356994628906
v 167.09255981445312 196.05455017089844 147.1003875732422
v 180.21507263183594 196.2075653076172 147.6764373779297
v 180.96347045898438 196.4051513671875 147.86216735839844
v 181.3141632080078 195.7230224609375 148.20631408691406
v 181.4035186767578 196.4322967529297 148.23348999023438
v 165.80332946777344 196.7429962158203 146.81494140625
v 165.63223266601562 196.57717895507812 147.62242126464844
v 179.5457000732422 197.20455932617188 147.74661254882812
v 180.47702026367188 197.1774444580078 147.69143676757812
v 180.99952697753906 197.1986083984375 147.83314514160156
v 181.2812042236328 196.93124389648438 148.05259704589844
v 147.3800048828125 198.302490234375 147.33633422851562
v 163.1322784423828 198.03573608398438 147.15301513671875
v 180.16033935546875 198.17994689941406 147.62095642089844
v 179.40744018554688 198.39865112304688 147.61216735839844
v 180.8271942138672 197.95962524414062 147.8190460205078
v 181.26512145996094 197.6143341064453 148.1200714111328
v 146.87423706054688 198.80853271484375 146.82997131347656
v 179.91839599609375 199.19729614257812 147.3974151611328
v 179.21006774902344 199.26373291015625 147.43238830566406
v 180.67279052734375 199.14332580566406 147.8454132080078
v 145.12191772460938 200.10562133789062 147.1245574951172
v 179.00714111328125 199.97952270507812 147.27259826660156
v 178.57522583007812 199.5130157470703 147.63888549804688
v 178.43057250976562 200.25291442871094 147.47630310058594
v 180.28744506835938 199.83401489257812 147.3675994873047
v 180.61166381835938 200.2202911376953 147.75738525390625
v 144.13194274902344 201.1047821044922 147.10011291503906
v 143.59593200683594 201.52493286132812 147.49693298339844
v 156.29136657714844 201.1975555419922 147.2946014404297
v 180.0797576904297 201.35549926757812 147.31295776367188
v 180.43548583984375 200.89210510253906 147.57330322265625
v 179.21102905273438 202.17401123046875 147.2625274658203
v 179.832275390625 202.15988159179688 147.4982452392578
v 180.3332061767578 201.6089324951172 147.88587951660156
v 143.07545471191406 202.91677856445312 146.95098876953125
v 142.8606414794922 202.6683349609375 147.70054626464844
v 152.34063720703125 203.27224731445312 147.31236267089844
v 177.8884735107422 202.81092834472656 147.06492614746094
v 177.08737182617188 203.05001831054688 147.2395782470703
v 179.47206115722656 202.7503204345703 147.29388427734375
v 179.71754455566406 203.01275634765625 147.69346618652344
v 142.4706268310547 204.33189392089844 147.439208984375
v 150.65994262695312 204.57131958007812 147.60885620117188
v 151.84103393554688 203.7576446533203 146.81471252441406
v 176.0286102294922 204.01522827148438 147.2163848876953
v 176.3114013671875 203.2930145263672 147.4427490234375
v 176.8056182861328 203.79788208007812 147.07261657714844
v 179.02281188964844 204.29176330566406 147.3180389404297
v 179.4311981201172 203.87088012695312 147.68499755859375
v 150.19186401367188 205.13720703125 147.13693237304688
v 149.6783447265625 205.64138793945312 147.5717315673828
v 174.9869384765625 204.94302368164062 147.17538452148438
v 174.5194854736328 204.47979736328125 147.60304260253906
v 174.220703125 205.16419982910156 147.35731506347656
v 178.2515106201172 205.2394561767578 147.30967712402344
v 178.8169403076172 204.91189575195312 147.64268493652344
v 179.18983459472656 204.4384765625 147.62649536132812
v 149.26104736328125 206.30804443359375 147.2463836669922
v 148.93240356445312 206.9420928955078 147.437744140625
v 173.92869567871094 205.86692810058594 147.16305541992188
v 173.46609497070312 205.39698791503906 147.56967163085938
v 173.15042114257812 206.08956909179688 147.32888793945312
v 177.3026123046875 206.11135864257812 147.34420776367188
v 177.9523468017578 205.82615661621094 147.64857482910156
v 178.44142150878906 205.41197204589844 147.62045288085938
v 148.8036651611328 207.48681640625 147.28994750976562
v 172.0606689453125 207.0181427001953 147.27342224121094
v 171.6502685546875 206.5747833251953 147.72645568847656
v 172.39039611816406 206.32479858398438 147.51693725585938
v 171.3039093017578 207.24668884277344 147.45120239257812
v 172.84181213378906 206.80419921875 147.13002014160156
v 175.42889404296875 207.35858154296875 147.32554626464844
v 176.17413330078125 207.02706909179688 147.5570831298828
v 176.9772491455078 206.6185760498047 147.74913024902344
v 177.5015106201172 206.26853942871094 147.65243530273438
v 148.7450408935547 208.18421936035156 147.18841552734375
v 170.98150634765625 207.92410278320312 147.198486328125
v 170.56654357910156 207.488525390625 147.65830993652344
v 170.20745849609375 208.1304168701172 147.3575897216797
v 174.33262634277344 208.2916259765625 147.33555603027344
v 175.00975036621094 207.98446655273438 147.6147918701172
v 175.67193603515625 207.62091064453125 147.89768981933594
v 141.20074462890625 209.04405212402344 147.19412231445312
v 148.78102111816406 208.9263458251953 147.07656860351562
v 169.05621337890625 208.82095336914062 147.2089385986328
v 173.3201141357422 209.12832641601562 147.3340606689453
v 173.9644317626953 208.8488311767578 147.57640075683594
v 174.56167602539062 208.5301971435547 147.8876953125
v 141.07260131835938 209.81752014160156 147.01724243164062
v 140.79421997070312 209.61129760742188 147.69834899902344
v 140.76763916015625 210.29640197753906 147.462646484375
v 148.93026733398438 209.65673828125 146.8865509033203
v 149.41650390625 210.098388671875 147.3488311767578
v 161.47244262695312 209.23458862304688 147.59425354003906
v 165.4854278564453 209.26608276367188 147.3705596923828
v 171.4335479736328 210.2534637451172 147.23471069335938
v 172.18475341796875 209.96983337402344 147.4964141845703
v 172.9837646484375 209.63101196289062 147.7535400390625
v 173.6084747314453 209.26319885253906 147.7772216796875
v 140.7233428955078 211.13278198242188 147.52577209472656
v 170.2000274658203 211.19908142089844 147.4314422607422
v 170.96888732910156 210.81544494628906 147.6659393310547
v 171.6748809814453 210.48605346679688 147.87908935546875
v 140.89134216308594 211.94122314453125 147.47142028808594
v 141.30091857910156 212.3161163330078 147.08743286132812
v 141.0084228515625 212.59796142578125 147.74761962890625
v 141.5784454345703 212.99720764160156 147.37551879882812
v 144.7525177001953 213.83482360839844 146.64576721191406
v 167.3623504638672 213.49449157714844 147.2646942138672
v 144.31253051757812 214.16464233398438 147.24642944335938
v 145.1251678466797 214.3274688720703 147.09181213378906
v 166.82644653320312 214.37936401367188 147.53076171875
v 159.14149475097656 215.38780212402344 146.92466735839844
v 160.13919067382812 215.3230743408203 147.08274841308594
v 162.23199462890625 215.27099609375 147.17501831054688
v 164.95953369140625 215.25648498535156 147.18646240234375
v 165.8250274658203 215.18177795410156 147.5305938720703
v 166.41151428222656 214.97361755371094 147.80760192871094
v 156.23782348632812 216.73704528808594 146.82257080078125
v 155.50352478027344 217.28175354003906 147.08807373046875
v 149.37965393066406 218.56495666503906 146.71066284179688
v 153.34005737304688 218.50921630859375 146.8063507080078
v 148.9557342529297 219.32659912109375 147.18382263183594
v 149.54446411132812 219.52711486816406 146.79014587402344
v 150.23028564453125 219.6251220703125 146.57240295410156
v 151.09567260742188 219.7823944091797 146.75596618652344
v 152.0487518310547 219.47862243652344 146.9657440185547
v 148.78321838378906 219.86093139648438 147.55909729003906
v 149.1990509033203 220.0041961669922 147.2729034423828
v 148.5655975341797 219.5026092529297 147.6801300048828
v 149.78427124023438 220.15711975097656 147.0529327392578
v 150.4305419921875 220.26925659179688 147.00489807128906
v 150.98289489746094 220.40699768066406 147.16580200195312
v 151.7078094482422 220.30604553222656 147.3550262451172
v 149.43795776367188 220.4617919921875 147.69869995117188
v 150.0936737060547 220.61416625976562 147.53932189941406
v 150.64047241210938 220.66285705566406 147.42791748046875
v 151.20094299316406 220.77090454101562 147.63449096679688
v 151.7932586669922 220.8528289794922 147.82957458496094
v 166.54269409179688 189.55934143066406 148.62420654296875
v 168.37704467773438 189.39341735839844 148.47476196289062
v 169.3425750732422 189.341796875 148.33413696289062
v 172.08984375 189.1060333251953 148.3155517578125
v 173.138671875 189.10951232910156 148.15585327148438
v 175.178466796875 189.13345336914062 148.1609649658203
v 176.20716857910156 189.1977996826172 148.2921905517578
v 177.22830200195312 189.36062622070312 148.4813995361328
v 177.99063110351562 189.6735076904297 148.38931274414062
v 161.40594482421875 190.43402099609375 148.4915771484375
v 162.28257751464844 190.3113250732422 148.4060821533203
v 163.16812133789062 190.18954467773438 148.29896545410156
v 165.66004943847656 189.66555786132812 148.7236785888672
v 178.38600158691406 190.05911254882812 147.9320526123047
v 178.54684448242188 189.89450073242188 148.73130798339844
v 178.9800262451172 190.388671875 148.31288146972656
v 158.3118438720703 191.2304229736328 148.23316955566406
v 159.72825622558594 190.7047576904297 148.7035369873047
v 179.37144470214844 190.9654083251953 147.95782470703125
v 179.53553771972656 190.8219757080078 148.79806518554688
v 179.9005584716797 191.46340942382812 148.4779510498047
v 156.20936584472656 192.1614227294922 148.23095703125
v 180.20204162597656 192.167236328125 148.19886779785156
v 154.28834533691406 193.25656127929688 148.25079345703125
v 174.24789428710938 193.60379028320312 148.5865478515625
v 173.45433044433594 193.6175079345703 148.6256561279297
v 175.0304412841797 193.70565795898438 148.48843383789062
v 175.7710723876953 193.91238403320312 148.67147827148438
v 180.44125366210938 192.92213439941406 147.99856567382812
v 180.67706298828125 192.66229248046875 148.79335021972656
v 180.9307403564453 193.3841094970703 148.58441162109375
v 171.23312377929688 194.1923828125 148.22897338867188
v 172.80780029296875 193.86502075195312 147.91859436035156
v 172.63507080078125 193.7029571533203 148.69879150390625
v 177.14634704589844 194.59844970703125 148.22958374023438
v 181.1013946533203 194.13565063476562 148.3748016357422
v 151.4160919189453 195.3816680908203 148.45338439941406
v 167.38514709472656 195.57102966308594 148.38934326171875
v 177.5106201171875 195.11557006835938 148.5992431640625
v 181.21044921875 194.90858459472656 148.23602294921875
v 181.50299072265625 194.6611328125 148.8480224609375
v 181.55052185058594 195.32473754882812 148.6442413330078
v 166.7851104736328 195.75355529785156 148.72463989257812
v 181.6492462158203 196.16644287109375 148.80335998535156
v 149.62954711914062 196.55262756347656 148.6681365966797
v 163.57156372070312 197.47494506835938 148.57034301757812
v 164.8162384033203 196.72743225097656 148.75572204589844
v 181.54702758789062 197.13438415527344 148.5705108642578
v 146.5591278076172 198.49478149414062 148.52334594726562
v 178.8525848388672 197.819091796875 147.9597930908203
v 181.1824951171875 198.44960021972656 148.2299346923828
v 181.48092651367188 198.0317840576172 148.6078338623047
v 146.058837890625 199.00204467773438 148.03306579589844
v 178.1068878173828 199.04623413085938 148.12930297851562
v 177.64605712890625 198.58045959472656 148.70501708984375
v 181.16343688964844 199.20144653320312 148.59872436523438
v 181.40182495117188 198.6497344970703 148.71707153320312
v 180.90782165527344 200.02967834472656 148.482421875
v 143.9384765625 200.89898681640625 147.89540100097656
v 177.0935821533203 201.00216674804688 148.1245880126953
v 180.67579650878906 200.97314453125 148.3323516845703
v 143.1112060546875 201.96820068359375 147.91856384277344
v 142.9042205810547 201.8006591796875 148.6873779296875
v 142.7203369140625 202.3953094482422 148.34556579589844
v 180.10940551757812 202.4751434326172 148.32606506347656
v 180.48074340820312 201.76051330566406 148.5592041015625
v 151.62924194335938 203.47669982910156 148.50379943847656
v 152.843017578125 202.83233642578125 147.81820678710938
v 175.40310668945312 202.37646484375 148.52684020996094
v 179.765869140625 203.40060424804688 148.34600830078125
v 151.14971923828125 204.0040283203125 148.0545654296875
v 150.59652709960938 204.49261474609375 148.5187225341797
v 179.5133056640625 204.02601623535156 148.34548950195312
v 150.0618133544922 205.15536499023438 148.12039184570312
v 149.65159606933594 205.64320373535156 148.17214965820312
v 172.31492614746094 205.2335662841797 148.3508758544922
v 179.2460479736328 204.47915649414062 148.04287719726562
v 179.26806640625 204.43228149414062 148.73019409179688
v 178.9076690673828 204.9632110595703 148.3763427734375
v 149.03810119628906 206.7960662841797 148.01963806152344
v 149.35231018066406 206.1639862060547 148.2006378173828
v 178.48875427246094 205.449951171875 148.04115295410156
v 178.46189880371094 205.4156494140625 148.74818420410156
v 178.0189666748047 205.89523315429688 148.3673095703125
v 148.87100219726562 207.41448974609375 147.9748992919922
v 176.3302459716797 207.19583129882812 148.37306213378906
v 177.07484436035156 206.67335510253906 148.35833740234375
v 177.54710388183594 206.31053161621094 148.0514373779297
v 177.48983764648438 206.31045532226562 148.71705627441406
v 148.83824157714844 208.06423950195312 147.91616821289062
v 169.4773406982422 207.3521270751953 148.45314025878906
v 175.14768981933594 208.14234924316406 148.37132263183594
v 175.73410034179688 207.70603942871094 148.3650360107422
v 140.94020080566406 208.81211853027344 147.91815185546875
v 140.51817321777344 209.40711975097656 148.4584503173828
v 148.92181396484375 208.77308654785156 147.8396453857422
v 160.1505889892578 209.00723266601562 148.0910186767578
v 164.2163543701172 208.83399963378906 147.9557647705078
v 165.03985595703125 208.33499145507812 148.49974060058594
v 166.12548828125 208.27493286132812 148.5297088623047
v 166.2865753173828 208.82301330566406 147.88653564453125
v 167.22483825683594 208.34169006347656 148.30047607421875
v 167.1829071044922 208.91078186035156 147.62631225585938
v 174.07623291015625 208.99276733398438 148.29286193847656
v 174.6210479736328 208.6022186279297 148.33474731445312
v 140.4481201171875 210.39572143554688 148.20030212402344
v 149.109130859375 209.46995544433594 147.65615844726562
v 149.34693908691406 209.23060607910156 148.34280395507812
v 149.66241455078125 209.83575439453125 148.04397583007812
v 153.36856079101562 209.91659545898438 148.1409912109375
v 152.2979736328125 210.0816192626953 148.14901733398438
v 154.26370239257812 209.47195434570312 148.58087158203125
v 155.25131225585938 209.4161834716797 148.4708251953125
v 156.3084259033203 209.37387084960938 148.35748291015625
v 158.34307861328125 209.1658172607422 148.29803466796875
v 172.3385467529297 210.14761352539062 148.34466552734375
v 173.0713653564453 209.7163848876953 148.3711700439453
v 173.48361206054688 209.4447021484375 148.15562438964844
v 140.40150451660156 211.1617889404297 148.2230987548828
v 150.0713653564453 210.34197998046875 147.6242218017578
v 150.39991760253906 210.00018310546875 148.28334045410156
v 151.30137634277344 210.1768341064453 148.13172912597656
v 170.4247589111328 211.26953125 148.28692626953125
v 171.1766815185547 210.87063598632812 148.49449157714844
v 171.74075317382812 210.5627899169922 148.36241149902344
v 140.5286102294922 211.90777587890625 148.2026824951172
v 169.88417053222656 211.5764923095703 148.09274291992188
v 140.6846160888672 212.86387634277344 148.49359130859375
v 141.2600860595703 213.3261260986328 148.05784606933594
v 167.86239624023438 212.9919891357422 147.88723754882812
v 167.23574829101562 213.75936889648438 148.24732971191406
v 140.93435668945312 213.63807678222656 148.76844787597656
v 141.57223510742188 213.98797607421875 148.41241455078125
v 142.28436279296875 214.23141479492188 148.175537109375
v 166.73085021972656 214.61607360839844 148.2156982421875
v 141.909423828125 214.59246826171875 148.8057403564453
v 145.9022674560547 215.43048095703125 147.9244842529297
v 157.74761962890625 215.82391357421875 147.97622680664062
v 159.2822723388672 215.44964599609375 148.14830017089844
v 160.22886657714844 215.35350036621094 148.18081665039062
v 164.44891357421875 215.3362579345703 147.98895263671875
v 165.19032287597656 215.3249053955078 148.2079620361328
v 165.99867248535156 215.19422912597656 148.38894653320312
v 166.44252014160156 215.01905822753906 148.25381469726562
v 145.52078247070312 215.80255126953125 148.5737762451172
v 147.70025634765625 216.84988403320312 147.7449951171875
v 157.265380859375 216.06077575683594 148.1211700439453
v 156.09214782714844 216.86927795410156 148.19815063476562
v 155.36880493164062 217.4473876953125 148.43716430664062
v 152.8668975830078 219.15589904785156 147.26834106445312
v 154.0994873046875 218.53033447265625 148.0862579345703
v 154.6307373046875 218.04391479492188 148.17401123046875
v 152.5498809814453 219.9497528076172 147.60922241210938
v 153.83323669433594 219.20143127441406 148.534423828125
v 148.46888732910156 219.87013244628906 148.1398468017578
v 148.87391662597656 220.23777770996094 147.91314697265625
v 152.37026977539062 220.6897735595703 147.9404296875
v 153.0527801513672 220.47955322265625 148.29319763183594
v 153.62255859375 220.13946533203125 148.8265380859375
v 148.5435791015625 220.2597198486328 148.69728088378906
v 149.10400390625 220.55935668945312 148.5403289794922
v 149.83448791503906 220.7886199951172 148.36314392089844
v 150.67327880859375 220.94308471679688 148.1429443359375
v 151.51828002929688 221.1007537841797 148.2655029296875
v 152.15028381347656 221.10153198242188 148.2875518798828
v 152.8614044189453 221.18548583984375 148.6282196044922
v 153.4954071044922 221.13551330566406 148.93910217285156
v 153.38729858398438 221.52261352539062 148.9026336669922
v 153.56178283691406 221.58448791503906 148.92031860351562
v 167.2983856201172 189.28561401367188 149.3640899658203
v 170.26800537109375 189.05613708496094 149.0165557861328
v 171.94590759277344 188.87278747558594 149.11026000976562
v 173.6152801513672 188.64111328125 149.67251586914062
v 174.11032104492188 188.8900604248047 148.8011932373047
v 174.99481201171875 188.5962371826172 149.8650665283203
v 176.4275360107422 188.96630859375 149.10084533691406
v 176.6988525390625 188.7993927001953 149.849365234375
v 177.1881103515625 189.07643127441406 149.2911376953125
v 177.9837188720703 189.39735412597656 149.3102569580078
v 178.69656372070312 189.78240966796875 149.49949645996094
v 160.452880859375 190.41595458984375 149.42539978027344
v 161.3065948486328 190.28048706054688 149.33441162109375
v 163.90911865234375 189.90499877929688 149.01092529296875
v 179.11997985839844 190.2415008544922 149.17649841308594
v 179.6471710205078 190.69009399414062 149.71522521972656
v 158.1671905517578 191.10528564453125 149.10789489746094
v 158.82675170898438 190.76747131347656 149.7350616455078
v 180.04278564453125 191.33705139160156 149.33888244628906
v 155.40969848632812 192.364990234375 149.4104461669922
v 156.70655822753906 191.6404266357422 149.71397399902344
v 180.7625732421875 192.44924926757812 149.49659729003906
v 153.6785888671875 193.4224853515625 149.42877197265625
v 173.34559631347656 193.5210723876953 149.4577178955078
v 172.4986572265625 193.58023071289062 149.53292846679688
v 174.17276000976562 193.5355682373047 149.3983154296875
v 174.9283905029297 193.63668823242188 149.3311004638672
v 175.61587524414062 193.8661651611328 149.34649658203125
v 181.1214599609375 193.1387939453125 149.47946166992188
v 169.38992309570312 194.54367065429688 149.40040588378906
v 171.02264404296875 194.02320861816406 149.05767822265625
v 171.8278350830078 193.84231567382812 148.83367919921875
v 171.6705322265625 193.70138549804688 149.67172241210938
v 176.25242614746094 194.2456817626953 149.29820251464844
v 176.9079132080078 194.80401611328125 149.10935974121094
v 181.35903930664062 193.9109649658203 149.09742736816406
v 181.6734619140625 194.56488037109375 149.63702392578125
v 151.2801971435547 195.24391174316406 149.31651306152344
v 168.2802734375 195.0106964111328 149.2832794189453
v 177.34263610839844 195.46035766601562 149.19842529296875
v 181.75552368164062 195.4575653076172 149.39981079101562
v 165.40966796875 196.3049774169922 149.37890625
v 181.8126678466797 196.3336944580078 149.5602569580078
v 181.73776245117188 197.0250701904297 149.341796875
v 161.63218688964844 198.47158813476562 149.32986450195312
v 181.6351776123047 197.82345581054688 149.18167114257812
v 160.27029418945312 199.17703247070312 149.35977172851562
v 177.0518798828125 198.98423767089844 149.12545776367188
v 181.53753662109375 198.42564392089844 149.0675811767578
v 181.5281219482422 198.48736572265625 149.67872619628906
v 181.3824920654297 199.0050048828125 149.2385711669922
v 143.5904541015625 200.52232360839844 149.5216522216797
v 144.7880859375 199.74127197265625 148.79428100585938
v 158.27474975585938 200.02223205566406 149.32215881347656
v 176.17791748046875 200.1527557373047 149.32925415039062
v 181.13478088378906 199.7840118408203 149.30194091796875
v 143.21141052246094 201.1388397216797 149.08387756347656
v 142.69508361816406 201.63168334960938 149.51502990722656
v 175.51625061035156 200.50604248046875 149.70150756835938
v 180.8624725341797 200.73776245117188 149.31112670898438
v 152.66549682617188 202.53921508789062 149.50570678710938
v 175.6666717529297 201.64480590820312 148.82449340820312
v 180.3157501220703 202.2178497314453 149.33413696289062
v 180.6447296142578 201.4613037109375 149.05528259277344
v 142.0958251953125 203.22744750976562 149.23110961914062
v 151.52162170410156 203.362548828125 149.34385681152344
v 179.91848754882812 203.08970642089844 149.1492156982422
v 151.06637573242188 203.9010467529297 148.91465759277344
v 150.59283447265625 204.4617919921875 149.42701721191406
v 179.58477783203125 203.82534790039062 148.98533630371094
v 179.21356201171875 204.28370666503906 149.4869384765625
v 149.70494079589844 205.79214477539062 148.84011840820312
v 150.16014099121094 205.09873962402344 149.087646484375
v 178.8562469482422 204.875244140625 149.1298828125
v 149.177978515625 206.77865600585938 148.6311492919922
v 149.40692138671875 206.47120666503906 148.94589233398438
v 177.9282684326172 205.83164978027344 149.11155700683594
v 149.07017517089844 207.36228942871094 148.60678100585938
v 149.43690490722656 207.2126007080078 149.25753784179688
v 162.32521057128906 207.59353637695312 149.23468017578125
v 169.83029174804688 206.7202606201172 148.78213500976562
v 169.06886291503906 206.94863891601562 149.02093505859375
v 176.22674560546875 207.16664123535156 149.33221435546875
v 148.98606872558594 207.9087677001953 148.46340942382812
v 149.38858032226562 208.0895233154297 149.0382080078125
v 166.30555725097656 207.8452911376953 148.95965576171875
v 166.9005126953125 207.8203887939453 148.9062042236328
v 167.35240173339844 207.25465393066406 149.32215881347656
v 167.81544494628906 207.72540283203125 148.80860900878906
v 168.2473602294922 207.1251678466797 149.20846557617188
v 168.6913299560547 207.55990600585938 148.66481018066406
v 175.70127868652344 207.68048095703125 148.89776611328125
v 175.1005096435547 208.08847045898438 149.2664031982422
v 140.26300048828125 209.1141357421875 149.23641967773438
v 149.1263885498047 208.53506469726562 148.4942626953125
v 149.65493774414062 208.9068145751953 148.91566467285156
v 152.31109619140625 209.22195434570312 149.26156616210938
v 153.70689392089844 208.70379638671875 149.72422790527344
v 158.35321044921875 208.23867797851562 149.45103454589844
v 174.02024841308594 208.9475555419922 149.184326171875
v 140.1295623779297 210.03863525390625 149.08502197265625
v 139.79510498046875 210.56015014648438 149.76312255859375
v 149.9442138671875 209.52647399902344 148.64321899414062
v 150.3992156982422 209.19676208496094 149.13070678710938
v 150.40228271484375 209.6546630859375 148.75253295898438
v 150.9346466064453 209.69161987304688 148.76004028320312
v 151.3377227783203 209.15480041503906 149.34681701660156
v 172.90830993652344 209.76254272460938 149.01095581054688
v 140.08981323242188 211.1739501953125 149.00299072265625
v 139.77471923828125 211.17857360839844 149.70925903320312
v 170.4730682373047 211.2239227294922 149.30557250976562
v 171.17648315429688 210.84205627441406 149.27294921875
v 171.71612548828125 210.55453491210938 148.89002990722656
v 139.8104705810547 211.78224182128906 149.76101684570312
v 140.195068359375 212.2938690185547 149.08596801757812
v 139.92953491210938 212.66537475585938 149.86099243164062
v 140.3815155029297 213.18116760253906 149.2600555419922
v 167.76255798339844 212.97398376464844 148.78221130371094
v 167.6311492919922 212.7958221435547 149.6630859375
v 140.63433837890625 213.9282989501953 149.4883575439453
v 141.23446655273438 214.30911254882812 149.08514404296875
v 166.77369689941406 214.2373046875 148.91114807128906
v 166.2932891845703 214.58038330078125 149.4042510986328
v 140.9340057373047 214.59344482421875 149.77528381347656
v 141.56736755371094 214.92088317871094 149.44712829589844
v 142.2690887451172 215.15904235839844 149.2280731201172
v 143.03660583496094 215.3287353515625 149.07237243652344
v 157.70010375976562 215.85464477539062 149.0711212158203
v 163.3154296875 215.2720947265625 149.23973083496094
v 164.4061737060547 215.2733917236328 149.01780700683594
v 165.39625549316406 215.19432067871094 149.1348876953125
v 166.0054473876953 215.0312042236328 149.1135711669922
v 166.42071533203125 214.86904907226562 148.71363830566406
v 141.93406677246094 215.48922729492188 149.85549926757812
v 142.66806030273438 215.69033813476562 149.68829345703125
v 143.4700164794922 215.84112548828125 149.55987548828125
v 145.16183471679688 216.16343688964844 149.25253295898438
v 145.949951171875 216.41192626953125 149.0338592529297
v 156.62303161621094 216.4714813232422 149.30030822753906
v 146.88143920898438 217.36749267578125 149.21925354003906
v 154.93246459960938 218.02088928222656 149.30946350097656
v 148.14736938476562 219.81893920898438 149.03121948242188
v 153.83145141601562 220.66258239746094 149.5803680419922
v 148.34317016601562 220.23643493652344 149.2476348876953
v 148.73133850097656 220.48765563964844 149.45724487304688
v 149.51492309570312 220.78466796875 149.34315490722656
v 150.38677978515625 221.01995849609375 149.16539001464844
v 151.16842651367188 221.17979431152344 148.9169158935547
v 152.0742645263672 221.3045654296875 149.07272338867188
v 153.13577270507812 221.48626708984375 149.3346710205078
v 153.58758544921875 221.27374267578125 149.57591247558594
v 153.49205017089844 221.65975952148438 149.0015869140625
v 153.53834533691406 221.5473175048828 149.10400390625
v 172.43679809570312 188.49508666992188 150.61769104003906
v 171.49020385742188 188.55470275878906 150.6721649169922
v 176.105712890625 188.53565979003906 150.70164489746094
v 176.97900390625 188.7174835205078 150.475830078125
v 168.9843292236328 188.93875122070312 150.0164337158203
v 170.85418701171875 188.7767791748047 149.87574768066406
v 177.45059204101562 188.97332763671875 149.94068908691406
v 177.56117248535156 188.8507843017578 150.72418212890625
v 177.9932098388672 189.13735961914062 150.20535278320312
v 178.51400756835938 189.4736328125 150.19943237304688
v 159.5275421142578 190.45948791503906 150.4423828125
v 161.2215576171875 190.14158630371094 150.1925506591797
v 163.68421936035156 189.6187744140625 150.716064453125
v 179.15853881835938 190.0279541015625 150.2180938720703
v 157.3231201171875 191.2542266845703 150.2954559326172
v 180.13946533203125 191.23191833496094 150.26712036132812
v 154.63525390625 192.58651733398438 150.60238647460938
v 180.9886474609375 192.58953857421875 150.3551788330078
v 172.40040588378906 193.4968719482422 150.4197998046875
v 171.5666961669922 193.59530639648438 150.54615783691406
v 173.267333984375 193.47019958496094 150.34857177734375
v 174.12442016601562 193.52333068847656 150.27276611328125
v 174.89710998535156 193.64996337890625 150.1466522216797
v 175.46475219726562 193.8195343017578 149.9812774658203
v 181.3612518310547 193.29519653320312 150.30715942382812
v 168.7442169189453 194.5819091796875 150.66867065429688
v 170.25582885742188 194.01356506347656 150.22879028320312
v 170.8829803466797 193.8650665283203 149.908203125
v 170.7971954345703 193.74911499023438 150.7476348876953
v 176.04156494140625 194.2362518310547 150.21507263183594
v 176.5782470703125 194.7955780029297 150.0340118408203
v 181.52188110351562 193.83641052246094 149.915283203125
v 181.6187286376953 193.83985900878906 150.7678985595703
v 181.75430297851562 194.50534057617188 150.5084991455078
v 151.14820861816406 195.10443115234375 150.18389892578125
v 167.40528869628906 195.22482299804688 150.32095336914062
v 181.8309326171875 195.2949981689453 150.33433532714844
v 166.1095428466797 195.8582000732422 150.2018585205078
v 181.84226989746094 196.1466522216797 150.2385711669922
v 163.2610626220703 197.39956665039062 150.27001953125
v 181.78224182128906 196.9679412841797 150.12838745117188
v 176.8184356689453 197.7993927001953 149.99798583984375
v 181.6659393310547 197.7537078857422 149.9334716796875
v 181.6031494140625 197.66757202148438 150.7528533935547
v 160.90675354003906 198.79278564453125 150.25794982910156
v 176.05677795410156 199.0436553955078 150.1988525390625
v 181.24525451660156 199.32003784179688 150.1421661376953
v 157.19058227539062 200.34548950195312 150.15953063964844
v 175.79046630859375 199.78192138671875 149.95657348632812
v 142.8613739013672 200.7749786376953 150.7344207763672
v 142.51065063476562 201.42112731933594 150.35548400878906
v 155.9088592529297 200.8872833251953 149.9341583251953
v 174.21389770507812 201.1721649169922 150.32467651367188
v 180.7516326904297 200.97747802734375 150.16233825683594
v 142.21484375 202.14437866210938 150.0537872314453
v 152.5393829345703 202.44203186035156 150.40853881835938
v 153.917236328125 201.81845092773438 149.85232543945312
v 180.5876007080078 201.5304412841797 149.81927490234375
v 180.4586944580078 201.49415588378906 150.66734313964844
v 180.20864868164062 202.1863555908203 150.36160278320312
v 152.0052032470703 202.8782196044922 149.8373260498047
v 151.887451171875 202.8299560546875 150.72853088378906
v 151.4142303466797 203.30812072753906 150.22305297851562
v 172.8450164794922 202.81288146972656 149.95755004882812
v 179.8963165283203 202.9125213623047 150.05764770507812
v 150.99932861328125 203.8502197265625 149.7876739501953
v 150.95147705078125 203.86288452148438 150.6694793701172
v 150.63417053222656 204.49639892578125 150.35157775878906
v 170.60401916503906 203.63768005371094 150.67169189453125
v 171.76467895507812 203.76004028320312 149.86859130859375
v 179.5543212890625 203.63038635253906 149.7890167236328
v 179.42807006835938 203.46253967285156 150.61744689941406
v 149.968994140625 205.72244262695312 149.63824462890625
v 150.30001831054688 205.1822967529297 150.01512145996094
v 169.95669555664062 204.94757080078125 149.9715576171875
v 178.7296905517578 204.72499084472656 149.90162658691406
v 178.5607452392578 204.54409790039062 150.67208862304688
v 149.76763916015625 206.51693725585938 149.67538452148438
v 150.24183654785156 206.10780334472656 150.49403381347656
v 177.77455139160156 205.69683837890625 149.88296508789062
v 149.89529418945312 207.31150817871094 149.88858032226562
v 150.27023315429688 207.01829528808594 150.40025329589844
v 159.64894104003906 206.6594696044922 150.7036895751953
v 160.57974243164062 206.5147705078125 150.6246795654297
v 167.7323455810547 206.63063049316406 149.71609497070312
v 168.58544921875 206.49240112304688 149.55979919433594
v 175.46302795410156 207.40792846679688 150.53106689453125
v 176.71595764160156 206.63502502441406 149.81756591796875
v 149.9119110107422 207.94468688964844 149.64439392089844
v 150.45530700683594 207.7830810546875 150.1711883544922
v 157.978759765625 207.79763793945312 150.06700134277344
v 174.3846435546875 208.30429077148438 150.46348571777344
v 139.84092712402344 208.62799072265625 150.6951446533203
v 139.73963928222656 209.30233764648438 150.45770263671875
v 149.968017578125 208.5743408203125 149.3666229248047
v 150.6544189453125 208.54676818847656 149.72982788085938
v 151.3104705810547 208.70443725585938 149.81869506835938
v 172.7769317626953 209.6848602294922 149.84544372558594
v 172.63272094726562 209.5482635498047 150.68048095703125
v 139.59429931640625 211.16018676757812 150.27259826660156
v 170.24266052246094 211.18997192382812 150.35226440429688
v 139.5557098388672 212.08706665039062 150.61605834960938
v 168.29336547851562 212.21986389160156 150.15768432617188
v 139.75794982910156 212.97250366210938 150.49986267089844
v 140.1265106201172 213.4622802734375 149.9945068359375
v 166.73069763183594 212.86900329589844 150.78018188476562
v 139.8941192626953 213.6291046142578 150.75363159179688
v 140.37332153320312 214.16824340820312 150.22286987304688
v 166.02830505371094 214.2462158203125 150.08128356933594
v 165.45201110839844 214.5009002685547 150.35394287109375
v 140.6732940673828 214.8358154296875 150.49436950683594
v 141.2703857421875 215.20892333984375 150.1132049560547
v 160.46487426757812 215.2388458251953 150.4113311767578
v 161.34457397460938 215.21910095214844 150.40939331054688
v 162.12477111816406 215.2029266357422 150.2357940673828
v 163.02890014648438 215.1748046875 150.14508056640625
v 163.93775939941406 215.12826538085938 150.04495239257812
v 164.89181518554688 214.9397735595703 150.05165100097656
v 165.71185302734375 214.83056640625 149.75155639648438
v 141.00967407226562 215.4546356201172 150.81466674804688
v 141.64732360839844 215.77186584472656 150.51669311523438
v 142.35557556152344 216.00323486328125 150.331787109375
v 143.1378173828125 216.16964721679688 150.21253967285156
v 156.6242218017578 216.43585205078125 150.41864013671875
v 143.71328735351562 216.56381225585938 150.818603515625
v 155.6995086669922 217.2288360595703 150.73049926757812
v 147.09896850585938 218.18228149414062 150.44749450683594
v 147.55776977539062 218.92271423339844 150.1229705810547
v 154.30526733398438 219.718505859375 150.568603515625
v 147.9243927001953 219.6383819580078 149.91839599609375
v 154.04454040527344 220.40298461914062 150.33395385742188
v 148.26263427734375 220.16427612304688 149.76312255859375
v 148.25872802734375 220.07066345214844 150.5061492919922
v 148.59182739257812 220.40655517578125 150.22817993164062
v 149.1753692626953 220.65475463867188 150.26846313476562
v 150.03662109375 220.91761779785156 150.19869995117188
v 151.12962341308594 221.16534423828125 149.9849853515625
v 152.27943420410156 221.2951202392578 150.2210235595703
v 153.2742462158203 221.19581604003906 150.4022674560547
v 153.78102111816406 220.9657440185547 150.15054321289062
v 170.25831604003906 188.53343200683594 151.34852600097656
v 173.21226501464844 188.34295654296875 151.34600830078125
v 174.20506286621094 188.36602783203125 151.06173706054688
v 175.89346313476562 188.37594604492188 151.60699462890625
v 176.78182983398438 188.5520477294922 151.35899353027344
v 177.61016845703125 188.77000427246094 151.59547424316406
v 167.0318145751953 188.94851684570312 151.02603149414062
v 168.62179565429688 188.6245880126953 151.65374755859375
v 178.18389892578125 189.11407470703125 150.9367218017578
v 178.7948760986328 189.52996826171875 151.11961364746094
v 159.37156677246094 190.36834716796875 151.38429260253906
v 161.11114501953125 190.0172882080078 151.0667724609375
v 179.3728790283203 190.05252075195312 151.3236083984375
v 179.8048553466797 190.5272979736328 151.53463745117188
v 156.50221252441406 191.44134521484375 151.5107879638672
v 157.9496612548828 190.90060424804688 150.88702392578125
v 155.21014404296875 192.15380859375 151.2065887451172
v 181.00643920898438 192.39601135253906 151.44004821777344
v 171.50428771972656 193.53256225585938 151.4490203857422
v 170.70773315429688 193.68690490722656 151.6192626953125
v 172.3419952392578 193.45619201660156 151.3413848876953
v 173.2077178955078 193.4625244140625 151.27284240722656
v 174.06826782226562 193.5569305419922 151.1820068359375
v 174.86709594726562 193.73387145996094 151.00979614257812
v 175.5305938720703 193.96839904785156 150.720947265625
v 181.3986358642578 193.21058654785156 151.24691772460938
v 181.6713409423828 193.90951538085938 151.5413818359375
v 170.0677032470703 193.96766662597656 150.96099853515625
v 175.44500732421875 194.1482696533203 151.555419921875
v 175.9835662841797 194.47869873046875 151.13011169433594
v 176.36033630371094 194.7845916748047 150.73333740234375
v 181.77862548828125 194.49057006835938 151.38706970214844
v 167.25827026367188 195.22384643554688 151.28472900390625
v 176.21560668945312 195.16592407226562 151.37132263183594
v 176.5871124267578 195.39060974121094 150.711181640625
v 181.82981872558594 195.22756958007812 151.24464416503906
v 164.5904083251953 196.56874084472656 151.2156219482422
v 181.81398010253906 196.03720092773438 151.10403442382812
v 162.68756103515625 197.6687774658203 151.6414337158203
v 176.15614318847656 197.17678833007812 151.28892517089844
v 181.30918884277344 198.32814025878906 151.35922241210938
v 160.6972198486328 198.85430908203125 151.41627502441406
v 175.38478088378906 198.44981384277344 151.5363006591797
v 143.26429748535156 200.18392944335938 151.17227172851562
v 156.38961791992188 200.53848266601562 151.2407684326172
v 158.79006958007812 199.67454528808594 151.63360595703125
v 142.33151245117188 201.2386932373047 151.18185424804688
v 153.73118591308594 201.69186401367188 151.61268615722656
v 155.28073120117188 200.9933624267578 151.2841033935547
v 173.8779754638672 200.8340301513672 150.9456787109375
v 180.6791534423828 200.77694702148438 150.8568572998047
v 180.29393005371094 201.33103942871094 151.4733123779297
v 141.84304809570312 201.75779724121094 151.6720428466797
v 141.65614318847656 202.36692810058594 151.35693359375
v 152.4174346923828 202.4259796142578 151.3162078857422
v 151.81161499023438 202.83596801757812 151.56272888183594
v 153.12380981445312 202.0491485595703 151.0518035888672
v 172.5199432373047 201.45286560058594 151.5814666748047
v 180.03778076171875 202.067138671875 151.22816467285156
v 151.3131561279297 203.36215209960938 151.2084197998047
v 150.92138671875 203.955322265625 151.3927001953125
v 170.60337829589844 202.61685180664062 151.71055603027344
v 170.18727111816406 203.24110412597656 151.2651824951172
v 171.74002075195312 202.7347412109375 150.8406524658203
v 179.74862670898438 202.77659606933594 150.934326171875
v 179.24713134765625 203.2831268310547 151.41549682617188
v 150.7181396484375 204.5020751953125 151.2246551513672
v 167.992919921875 204.27737426757812 151.19515991210938
v 168.48622131347656 203.61245727539062 151.58596801757812
v 167.1978759765625 204.16233825683594 151.5133056640625
v 169.81057739257812 203.8701171875 150.8590545654297
v 178.91510009765625 203.9288787841797 151.05441284179688
v 150.53175354003906 205.33697509765625 151.0576934814453
v 165.1759490966797 205.09231567382812 151.31666564941406
v 140.42230224609375 206.28269958496094 151.43560791015625
v 150.61920166015625 206.1395263671875 151.31924438476562
v 159.20205688476562 206.2588348388672 151.28292846679688
v 158.80575561523438 205.85740661621094 151.8966064453125
v 160.47109985351562 205.6831512451172 151.59567260742188
v 161.9768524169922 206.0419464111328 150.89910888671875
v 176.97994995117188 205.89865112304688 151.04132080078125
v 140.2181396484375 207.0854949951172 151.1945343017578
v 150.71566772460938 206.765869140625 151.0992889404297
v 139.8185272216797 207.66957092285156 151.75436401367188
v 150.96531677246094 207.48106384277344 150.77182006835938
v 151.5056610107422 207.12741088867188 151.51658630371094
v 152.58245849609375 207.81106567382812 150.99996948242188
v 172.46485900878906 209.377197265625 151.49362182617188
v 173.58346557617188 208.468994140625 151.6090850830078
v 171.31028747558594 210.25244140625 151.36312866210938
v 139.34120178222656 211.11390686035156 151.12025451660156
v 169.41082763671875 211.3321533203125 151.52174377441406
v 170.78903198242188 210.74168395996094 150.88336181640625
v 139.26951599121094 211.89239501953125 151.47149658203125
v 166.40516662597656 212.57066345214844 151.53504943847656
v 139.47340393066406 212.8405303955078 151.3262939453125
v 165.9705047607422 213.18333435058594 151.04498291015625
v 165.5594940185547 212.82345581054688 151.6858367919922
v 139.6774444580078 213.77523803710938 151.58767700195312
v 140.1426544189453 214.3619842529297 150.99522399902344
v 161.13230895996094 214.55223083496094 151.4600067138672
v 160.2758331298828 214.4199981689453 151.70225524902344
v 162.17942810058594 214.46530151367188 151.39988708496094
v 163.1083221435547 214.41290283203125 151.32565307617188
v 163.9681854248047 214.35311889648438 151.19515991210938
v 164.8475799560547 214.28347778320312 150.87742614746094
v 140.4391632080078 215.04689025878906 151.24801635742188
v 156.84898376464844 215.6675262451172 151.6644287109375
v 155.963134765625 214.93214416503906 152.2530059814453
v 157.5778045654297 214.8831024169922 151.8880615234375
v 158.4574737548828 214.76931762695312 151.7386474609375
v 158.88516235351562 215.16705322265625 151.13475036621094
v 159.66868591308594 215.12364196777344 150.9959716796875
v 160.305908203125 214.90553283691406 151.22222900390625
v 160.99176025390625 215.0522003173828 150.9123077392578
v 161.75987243652344 214.9736785888672 150.9060821533203
v 162.66537475585938 214.92233276367188 150.8382110595703
v 163.54466247558594 214.8755340576172 150.76513671875
v 164.2797088623047 214.79676818847656 150.6629180908203
v 140.77110290527344 215.66561889648438 151.55270385742188
v 141.39625549316406 216.00355529785156 151.22360229492188
v 142.0957794189453 216.2553253173828 151.02207946777344
v 142.86898803710938 216.43128967285156 150.9052734375
v 156.061279296875 216.3603057861328 151.7078857421875
v 156.50650024414062 216.35574340820312 151.2264404296875
v 157.14453125 215.96063232421875 150.94906616210938
v 141.8783721923828 216.44473266601562 151.77098083496094
v 142.6569366455078 216.61764526367188 151.65499877929688
v 143.50344848632812 216.73106384277344 151.57923889160156
v 144.41424560546875 216.83428955078125 151.4973602294922
v 145.35824584960938 217.01321411132812 151.34803771972656
v 156.04226684570312 216.7765655517578 151.26986694335938
v 155.6005401611328 217.00218200683594 151.58067321777344
v 155.24102783203125 217.6343536376953 151.40975952148438
v 147.5802459716797 218.83895874023438 150.94776916503906
v 147.77281188964844 218.6564483642578 151.6426239013672
v 148.08035278320312 219.33694458007812 151.44520568847656
v 154.4341583251953 219.37364196777344 151.30490112304688
v 147.91815185546875 219.5142822265625 150.72276306152344
v 148.39450073242188 219.95388793945312 151.2229766845703
v 154.07876586914062 220.2434844970703 151.1741943359375
v 154.15658569335938 219.8656463623047 151.87322998046875
v 153.85678100585938 220.3766326904297 151.751708984375
v 148.78750610351562 220.3936309814453 150.89749145507812
v 149.58860778808594 220.66195678710938 151.1627655029297
v 150.48776245117188 220.94070434570312 150.92604064941406
v 151.37350463867188 221.0374298095703 151.08726501464844
v 152.443603515625 221.02989196777344 151.2307891845703
v 153.42015075683594 220.77203369140625 151.37066650390625
v 153.7941436767578 220.80636596679688 150.7264404296875
v 176.05430603027344 188.3260955810547 152.32662963867188
v 176.90382385253906 188.48524475097656 152.34742736816406
v 177.6743621826172 188.7251739501953 152.54342651367188
v 178.30303955078125 189.09527587890625 151.86917114257812
v 178.98956298828125 189.58224487304688 152.2920379638672
v 158.3625030517578 190.5556640625 152.29544067382812
v 180.0545196533203 190.78433227539062 152.22796630859375
v 157.11964416503906 191.06764221191406 152.09518432617188
v 180.70457458496094 191.71505737304688 152.6244354248047
v 153.8812713623047 192.8097686767578 151.8265380859375
v 171.4530487060547 193.506103515625 152.38307189941406
v 170.63360595703125 193.64707946777344 152.54421997070312
v 172.30126953125 193.4562225341797 152.2813262939453
v 173.15386962890625 193.4984588623047 152.2025909423828
v 173.98690795898438 193.6313018798828 152.08566284179688
v 174.76637268066406 193.8527069091797 151.87680053710938
v 181.31178283691406 192.89553833007812 152.3505401611328
v 181.60325622558594 193.69424438476562 152.23362731933594
v 169.23507690429688 194.1949005126953 152.17274475097656
v 175.24273681640625 194.3440704345703 152.34426879882812
v 175.77978515625 194.7515106201172 151.90150451660156
v 181.74838256835938 194.4287872314453 152.24838256835938
v 150.8782196044922 194.8278045654297 151.92124938964844
v 166.4269256591797 195.6407012939453 152.04901123046875
v 175.863037109375 195.5537109375 152.13572692871094
v 181.7827606201172 195.1717071533203 152.14669799804688
v 175.84303283691406 196.26806640625 152.152587890625
v 181.7386474609375 195.9501953125 151.9949188232422
v 163.2610321044922 197.33050537109375 152.1856231689453
v 181.63327026367188 196.74537658691406 151.79849243164062
v 181.50279235839844 196.60752868652344 152.64263916015625
v 175.62799072265625 197.7030792236328 151.77993774414062
v 175.30279541015625 197.40042114257812 152.44168090820312
v 159.4139862060547 199.43641662597656 151.92079162597656
v 174.79159545898438 198.8426971435547 151.91864013671875
v 174.18267822265625 199.1865997314453 152.26266479492188
v 142.52291870117188 200.45382690429688 152.40936279296875
v 155.89634704589844 200.7063751220703 152.34776306152344
v 157.08262634277344 200.29566955566406 152.30751037597656
v 142.14846801757812 201.0819854736328 152.017822265625
v 141.6375274658203 201.6167755126953 152.52133178710938
v 154.19845581054688 201.45750427246094 152.2039794921875
v 153.67869567871094 201.70248413085938 152.19808959960938
v 172.5545654296875 200.47731018066406 152.5976104736328
v 180.1014404296875 201.12892150878906 152.2708282470703
v 152.2127685546875 202.57431030273438 152.0709228515625
v 151.8020782470703 202.8562774658203 152.0615692138672
v 153.0586395263672 202.0816650390625 152.13522338867188
v 141.04782104492188 203.2082061767578 152.2460479736328
v 151.0867919921875 203.83363342285156 151.96495056152344
v 151.4813690185547 203.2659454345703 152.10467529296875
v 167.21475219726562 203.26593017578125 152.34849548339844
v 166.39501953125 203.396240234375 152.53492736816406
v 168.5576934814453 202.60043334960938 152.6597900390625
v 169.4232635498047 202.43609619140625 152.52207946777344
v 179.55641174316406 202.60281372070312 151.74520874023438
v 150.85931396484375 204.42782592773438 151.9402618408203
v 165.6060791015625 203.5587615966797 152.73196411132812
v 178.5137481689453 203.48318481445312 152.58718872070312
v 150.77783203125 205.09494018554688 151.89382934570312
v 163.8778076171875 204.80763244628906 151.96466064453125
v 177.7813262939453 204.7205047607422 151.82241821289062
v 150.84986877441406 205.82911682128906 151.89132690429688
v 176.11756896972656 206.07272338867188 152.1705780029297
v 151.05673217773438 206.500732421875 151.79217529296875
v 151.32948303222656 206.18341064453125 152.3902130126953
v 151.61383056640625 206.68667602539062 152.1560516357422
v 152.41015625 206.9525604248047 152.1413116455078
v 154.70835876464844 206.55979919433594 152.68405151367188
v 139.43487548828125 208.2962646484375 152.37559509277344
v 172.93161010742188 208.82398986816406 151.9564971923828
v 139.03709411621094 210.18447875976562 152.31846618652344
v 138.8291778564453 211.134521484375 152.8672637939453
v 169.96401977539062 210.86831665039062 152.03955078125
v 170.47073364257812 210.37738037109375 152.51292419433594
v 139.11624145507812 212.21380615234375 152.16033935546875
v 165.9481658935547 212.3148193359375 152.26217651367188
v 139.27879333496094 213.1367645263672 152.26075744628906
v 161.13784790039062 213.25250244140625 152.36656188964844
v 160.66339111328125 212.79141235351562 152.8736114501953
v 161.56265258789062 212.7086639404297 152.83775329589844
v 160.24375915527344 213.3171844482422 152.44805908203125
v 162.0570526123047 213.20223999023438 152.28900146484375
v 162.5333709716797 212.64434814453125 152.77029418945312
v 162.98284912109375 213.15362548828125 152.19937133789062
v 163.50550842285156 212.5985565185547 152.65135192871094
v 164.7432098388672 213.00051879882812 151.8705596923828
v 139.93505859375 214.55445861816406 151.80557250976562
v 156.4840545654297 214.21730041503906 152.4654083251953
v 155.8543701171875 213.88584899902344 152.92694091796875
v 156.58969116210938 213.6143798828125 152.91429138183594
v 155.5055389404297 214.52572631835938 152.56869506835938
v 157.32623291015625 213.61570739746094 152.7156219482422
v 157.4286346435547 214.2320556640625 152.26956176757812
v 158.3017120361328 213.63063049316406 152.53683471679688
v 159.33795166015625 213.4269256591797 152.5172119140625
v 140.2234344482422 215.24835205078125 152.02256774902344
v 155.10400390625 215.41673278808594 152.36012268066406
v 154.63418579101562 214.73818969726562 152.76255798339844
v 154.20370483398438 215.37109375 152.6178741455078
v 140.55294799804688 215.85255432128906 152.31629943847656
v 141.17291259765625 216.19064331054688 151.9778594970703
v 152.48605346679688 216.259521484375 152.80892944335938
v 151.89112854003906 215.865234375 153.1051788330078
v 152.57081604003906 215.5792694091797 152.99180603027344
v 151.71066284179688 216.50462341308594 152.96014404296875
v 153.34254455566406 215.6670684814453 152.7641143798828
v 153.24293518066406 216.4486083984375 152.63958740234375
v 155.24131774902344 216.50135803222656 152.0870361328125
v 140.98184204101562 216.3428955078125 152.77320861816406
v 141.69845581054688 216.58148193359375 152.5767364501953
v 142.49026489257812 216.73483276367188 152.4659881591797
v 144.2490234375 216.86480712890625 152.31932067871094
v 152.01528930664062 216.91030883789062 152.8385009765625
v 152.69566345214844 216.9851837158203 152.7301483154297
v 154.46786499023438 217.34637451171875 152.32928466796875
v 155.1232147216797 217.2943572998047 151.93057250976562
v 147.99024963378906 218.34262084960938 152.16090393066406
v 153.64474487304688 218.0353240966797 152.6637420654297
v 154.41261291503906 218.24044799804688 152.2780303955078
v 154.85885620117188 217.81271362304688 151.94952392578125
v 148.40692138671875 218.97573852539062 152.12615966796875
v 154.25033569335938 219.09530639648438 152.2151641845703
v 153.94561767578125 219.7227783203125 152.33401489257812
v 148.6295623779297 219.74070739746094 151.87193298339844
v 153.76043701171875 220.17127990722656 152.16851806640625
v 148.9688262939453 220.2696533203125 151.6072235107422
v 149.21043395996094 220.0262908935547 152.1820068359375
v 149.5410919189453 220.42808532714844 151.89666748046875
v 150.41001892089844 220.6676788330078 151.768798828125
v 151.56222534179688 220.73155212402344 151.90628051757812
v 152.64540100097656 220.64952087402344 152.01243591308594
v 153.4260711669922 220.52322387695312 151.9712371826172
v 167.30862426757812 188.4719696044922 153.5909881591797
v 166.39407348632812 188.6267852783203 153.4141387939453
v 169.2742919921875 188.30740356445312 153.3317413330078
v 170.2258758544922 188.25306701660156 153.267822265625
v 173.15931701660156 188.16932678222656 152.86146545410156
v 175.2628936767578 188.172607421875 153.26612854003906
v 177.04437255859375 188.46676635742188 153.30996704101562
v 177.79345703125 188.72169494628906 153.50672912597656
v 165.7939910888672 188.820556640625 152.836669921875
v 178.3564910888672 189.05528259277344 152.88699340820312
v 158.56845092773438 190.37464904785156 153.22311401367188
v 160.23373413085938 189.89663696289062 153.18780517578125
v 179.41249084472656 189.92474365234375 153.2842254638672
v 179.92587280273438 190.5491180419922 153.20265197753906
v 155.0214080810547 191.94561767578125 152.98805236816406
v 171.38177490234375 193.50253295898438 153.34927368164062
v 170.54869079589844 193.6241912841797 153.4757537841797
v 172.2456512451172 193.48486328125 153.23146057128906
v 173.08322143554688 193.57090759277344 153.123046875
v 173.87405395507812 193.74801635742188 152.9618377685547
v 174.600341796875 194.00723266601562 152.70391845703125
v 181.36111450195312 193.02085876464844 153.4088134765625
v 181.54940795898438 193.51760864257812 152.96719360351562
v 169.12994384765625 194.1859588623047 153.26780700683594
v 169.8685302734375 193.87094116210938 152.80654907226562
v 174.38922119140625 194.20413208007812 153.4928436279297
v 174.9661102294922 194.5703582763672 153.0858917236328
v 175.46144104003906 194.9889678955078 152.6207733154297
v 181.6703338623047 194.26234436035156 153.17552185058594
v 150.5916290283203 194.55340576171875 153.63624572753906
v 181.70034790039062 195.07542419433594 153.02748107910156
v 147.51773071289062 196.44236755371094 153.4923095703125
v 164.68226623535156 196.6128692626953 152.7976531982422
v 165.44651794433594 196.28427124023438 153.26820373535156
v 166.1621551513672 195.9022216796875 153.3534393310547
v 175.60452270507812 196.0447235107422 152.5729217529297
v 162.83599853515625 197.6148681640625 152.98587036132812
v 163.40057373046875 197.32989501953125 153.1576385498047
v 175.47906494140625 196.65110778808594 152.58132934570312
v 161.49508666992188 198.44544982910156 152.85841369628906
v 162.2090301513672 198.0403289794922 153.1853485107422
v 174.7541046142578 197.80615234375 152.88206481933594
v 144.0330047607422 198.95079040527344 152.99853515625
v 161.0142059326172 198.80801391601562 153.3092041015625
v 142.94984436035156 199.87088012695312 152.8554229736328
v 156.40127563476562 200.58738708496094 152.84898376464844
v 155.66998291015625 200.85433959960938 152.87828063964844
v 157.25811767578125 200.3411407470703 153.06651306152344
v 158.04029846191406 200.12149047851562 153.288818359375
v 141.97216796875 200.9278564453125 152.86854553222656
v 141.82484436035156 200.77230834960938 153.72494506835938
v 153.72938537597656 201.75482177734375 152.72744750976562
v 154.4291229248047 201.4490203857422 152.9836883544922
v 155.1459503173828 201.18045043945312 153.25759887695312
v 171.5313262939453 200.46104431152344 153.59378051757812
v 179.89999389648438 200.91546630859375 153.0588836669922
v 141.1710662841797 202.1509552001953 153.0803985595703
v 151.9017333984375 202.9481964111328 152.5323944091797
v 152.5041961669922 202.59092712402344 152.8026885986328
v 153.20620727539062 202.22769165039062 153.13734436035156
v 166.4401397705078 202.6500701904297 153.48394775390625
v 179.63983154296875 201.66957092285156 152.81736755371094
v 179.1559295654297 202.1532440185547 153.29608154296875
v 140.6142120361328 203.30419921875 153.40020751953125
v 151.28456115722656 203.82568359375 152.55015563964844
v 151.63314819335938 203.51487731933594 152.86318969726562
v 152.14381408691406 203.1669158935547 153.20899963378906
v 178.84674072265625 202.83303833007812 152.95547485351562
v 178.64369201660156 202.59214782714844 153.72996520996094
v 151.11007690429688 204.38153076171875 152.5492401123047
v 151.5365753173828 204.2707977294922 153.1324920654297
v 162.15296936035156 204.14666748046875 153.33338928222656
v 150.9808807373047 204.9095916748047 152.43829345703125
v 151.40541076660156 205.0799102783203 152.97793579101562
v 151.10934448242188 205.52232360839844 152.49671936035156
v 151.64979553222656 205.85313415527344 152.8960418701172
v 154.29420471191406 206.2584228515625 153.12863159179688
v 156.60336303710938 205.44822692871094 153.48594665527344
v 151.94374084472656 206.4376220703125 152.6297149658203
v 152.40341186523438 206.12181091308594 153.07647705078125
v 152.42044067382812 206.565673828125 152.69764709472656
v 152.99581909179688 206.58934020996094 152.7235565185547
v 153.40956115722656 206.0784912109375 153.2784423828125
v 153.87460327148438 206.5975341796875 152.73133850097656
v 139.0814971923828 208.93667602539062 153.03836059570312
v 171.40960693359375 209.307373046875 153.42298889160156
v 138.93336486816406 209.79074096679688 152.90402221679688
v 138.79798889160156 209.58633422851562 153.68325805664062
v 138.7430419921875 210.28814697265625 153.4709014892578
v 170.26669311523438 210.17291259765625 153.3033905029297
v 169.06265258789062 210.95053100585938 153.09848022460938
v 168.3165740966797 211.19508361816406 153.3426055908203
v 138.76295471191406 212.04652404785156 153.4951934814453
v 138.9647674560547 212.53919982910156 152.9370574951172
v 161.02883911132812 212.3776397705078 153.44207763671875
v 160.26504516601562 212.50804138183594 153.37142944335938
v 162.0901641845703 212.2317352294922 153.5074005126953
v 167.09658813476562 211.70452880859375 153.0733642578125
v 138.83148193359375 212.7540740966797 153.73046875
v 139.11708068847656 213.37750244140625 153.1346893310547
v 156.1766357421875 213.33865356445312 153.5369110107422
v 155.38961791992188 213.6636962890625 153.46051025390625
v 157.12442016601562 213.17799377441406 153.306396484375
v 158.01698303222656 213.07769775390625 153.162353515625
v 157.7682342529297 212.7356414794922 153.8551483154297
v 158.6592254638672 212.6096954345703 153.73707580566406
v 158.94287109375 212.97027587890625 153.0599822998047
v 159.54623413085938 212.52149963378906 153.5856475830078
v 159.82470703125 212.87001037597656 152.954833984375
v 155.0346221923828 214.11949157714844 153.06907653808594
v 154.68199157714844 213.7911834716797 153.73294067382812
v 154.22732543945312 214.2897186279297 153.31912231445312
v 139.64144897460938 215.01588439941406 153.2934112548828
v 140.03173828125 215.44235229492188 152.7855987548828
v 152.20318603515625 215.21710205078125 153.38015747070312
v 151.82920837402344 214.8707275390625 153.95750427246094
v 152.62620544433594 214.6462860107422 153.78163146972656
v 151.41314697265625 215.48204040527344 153.5548858642578
v 152.9792938232422 215.0399932861328 153.19923400878906
v 153.42257690429688 214.45567321777344 153.57118225097656
v 153.7898712158203 214.89010620117188 152.99050903320312
v 139.84854125976562 215.56582641601562 153.57440185546875
v 140.3629608154297 216.0103759765625 153.10301208496094
v 151.010986328125 216.3016815185547 153.27114868164062
v 150.60215759277344 215.68824768066406 153.76902770996094
v 140.8338165283203 216.4644317626953 153.6048583984375
v 141.5574188232422 216.67926025390625 153.42689514160156
v 142.3588104248047 216.79917907714844 153.3271942138672
v 145.04058837890625 216.81011962890625 153.07797241210938
v 146.36212158203125 216.53871154785156 153.74024963378906
v 149.4049835205078 216.52955627441406 153.5876007080078
v 148.55023193359375 218.13868713378906 152.63858032226562
v 149.4115447998047 218.12319946289062 152.90573120117188
v 151.24851989746094 218.28201293945312 152.9358367919922
v 152.4443817138672 218.39828491210938 152.8685302734375
v 153.4091033935547 218.79774475097656 152.78955078125
v 154.02166748046875 218.63999938964844 152.60421752929688
v 148.97146606445312 218.78268432617188 152.5896759033203
v 149.57347106933594 218.92588806152344 152.7548065185547
v 150.3705291748047 219.02670288085938 152.8570098876953
v 151.3780517578125 219.11854553222656 152.88345336914062
v 152.50120544433594 219.2678985595703 152.8285369873047
v 153.5338134765625 219.4108123779297 152.63612365722656
v 153.90924072265625 218.99156188964844 152.6495819091797
v 149.02102661132812 219.42718505859375 152.393310546875
v 149.6756134033203 219.62899780273438 152.5977783203125
v 150.52334594726562 219.7334747314453 152.70703125
v 151.5729522705078 219.8224334716797 152.72218322753906
v 152.68075561523438 219.9575653076172 152.61814880371094
v 153.48748779296875 219.94699096679688 152.47714233398438
v 149.92955017089844 220.19456481933594 152.3406524658203
v 150.88357543945312 220.29945373535156 152.39956665039062
v 151.92950439453125 220.3506622314453 152.42337036132812
v 152.58543395996094 220.36671447753906 152.4118194580078
v 153.13697814941406 220.31800842285156 152.3306427001953
v 176.52569580078125 188.30828857421875 154.22178649902344
v 177.34278869628906 188.52682495117188 154.27151489257812
v 178.49058532714844 189.04185485839844 154.51800537109375
v 178.78994750976562 189.26889038085938 154.23648071289062
v 179.19993591308594 189.66127014160156 154.2723846435547
v 156.20779418945312 191.15576171875 154.17276000976562
v 180.3172149658203 191.0834503173828 154.2315673828125
v 180.72537231445312 191.72471618652344 154.21939086914062
v 181.04953002929688 192.43878173828125 154.22462463378906
v 171.2467803955078 193.52178955078125 154.39247131347656
v 170.41543579101562 193.63107299804688 154.23838806152344
v 172.16014099121094 193.53033447265625 154.18795776367188
v 172.9798583984375 193.66250610351562 154.0297393798828
v 173.72561645507812 193.89920043945312 153.8131866455078
v 181.38055419921875 193.28492736816406 154.1929168701172
v 181.55567932128906 193.72731018066406 153.72647094726562
v 150.44386291503906 194.4058380126953 154.47845458984375
v 151.63966369628906 193.63401794433594 154.698974609375
v 168.79766845703125 194.3790740966797 154.19854736328125
v 169.35182189941406 194.04483032226562 154.16773986816406
v 169.84121704101562 193.8257598876953 153.7278289794922
v 169.88426208496094 193.80747985839844 154.60398864746094
v 173.54440307617188 194.05593872070312 154.64971923828125
v 174.14869689941406 194.455078125 154.27247619628906
v 174.66513061523438 194.82498168945312 153.79190063476562
v 181.4717559814453 193.90231323242188 154.5091552734375
v 181.58837890625 194.37403869628906 154.10398864746094
v 174.35427856445312 195.33187866210938 154.52645874023438
v 174.75340270996094 195.29759216308594 153.884765625
v 181.59539794921875 194.97080993652344 153.8588104248047
v 164.74363708496094 196.73008728027344 153.68072509765625
v 174.33456420898438 196.31484985351562 154.45083618164062
v 181.5064239501953 195.68536376953125 153.68484497070312
v 181.3652801513672 195.46253967285156 154.45326232910156
v 181.1912841796875 196.21812438964844 154.23776245117188
v 162.8270263671875 197.7525634765625 153.705322265625
v 163.56201171875 197.46031188964844 154.07098388671875
v 164.25648498535156 197.09481811523438 154.0762176513672
v 164.82888793945312 196.9302520751953 154.41160583496094
v 174.66470336914062 196.65682983398438 153.74359130859375
v 174.15640258789062 197.12545776367188 154.2646026611328
v 144.407958984375 198.27407836914062 154.35292053222656
v 161.58729553222656 198.5651397705078 153.7057647705078
v 162.25823974609375 198.2590789794922 154.11036682128906
v 143.30538940429688 199.16720581054688 154.20046997070312
v 158.780029296875 199.91282653808594 153.5034942626953
v 159.54180908203125 199.6943359375 153.70108032226562
v 160.18795776367188 199.5408477783203 153.99205017089844
v 160.9384002685547 199.16258239746094 154.0410919189453
v 142.25279235839844 200.1582489013672 154.13140869140625
v 141.7235870361328 200.62396240234375 154.60084533691406
v 155.86065673828125 200.95785522460938 153.49143981933594
v 156.642578125 200.74569702148438 153.6396484375
v 157.448486328125 200.54896545410156 153.80706787109375
v 158.2416229248047 200.36593627929688 153.9724884033203
v 159.03131103515625 200.1891326904297 154.137451171875
v 159.80506896972656 200.01588439941406 154.3260040283203
v 179.92770385742188 199.92398071289062 154.0390167236328
v 141.32748413085938 201.2639617919922 154.22279357910156
v 153.9024200439453 201.90823364257812 153.4756317138672
v 154.6169891357422 201.63906860351562 153.72781372070312
v 155.36256408691406 201.42356872558594 153.938232421875
v 156.14659118652344 201.2404022216797 154.10284423828125
v 156.9652862548828 201.07217407226562 154.236572265625
v 157.80140686035156 200.91619873046875 154.36111450195312
v 170.82432556152344 200.7321014404297 153.8764190673828
v 170.08596801757812 200.9658203125 154.10838317871094
v 179.23779296875 201.21343994140625 154.36572265625
v 141.0156707763672 201.9337158203125 153.89022827148438
v 140.8827667236328 201.78846740722656 154.71835327148438
v 140.66497802734375 202.40028381347656 154.3330841064453
v 152.8004913330078 202.84222412109375 153.55026245117188
v 153.5038299560547 202.5071258544922 153.8634796142578
v 154.21060180664062 202.20811462402344 154.10418701171875
v 154.96449279785156 201.9969482421875 154.28823852539062
v 165.53671264648438 202.4156494140625 154.3719940185547
v 151.9497528076172 203.81190490722656 153.46749877929688
v 152.5333709716797 203.5386962890625 153.79598999023438
v 153.32484436035156 203.30685424804688 154.17481994628906
v 164.17840576171875 203.0956268310547 154.1497344970703
v 140.08990478515625 204.1265411376953 154.2670440673828
v 152.01324462890625 204.38597106933594 153.62991333007812
v 152.36949157714844 204.1250762939453 153.85227966308594
v 153.0843963623047 204.157470703125 154.16253662109375
v 158.72537231445312 203.52081298828125 154.4692840576172
v 159.5334014892578 203.54603576660156 154.34378051757812
v 158.3463592529297 204.122802734375 154.1476593017578
v 160.27749633789062 203.3904266357422 154.34500122070312
v 161.12518310546875 203.89158630371094 153.79989624023438
v 161.2334442138672 203.29116821289062 154.35023498535156
v 161.95803833007812 203.6853790283203 153.94293212890625
v 162.20616149902344 203.21885681152344 154.36695861816406
v 162.786376953125 203.68551635742188 153.8140106201172
v 163.2320556640625 203.13583374023438 154.35873413085938
v 163.68502807617188 203.59226989746094 153.68536376953125
v 151.96340942382812 204.9451904296875 153.4849090576172
v 152.6494140625 204.7787322998047 153.87672424316406
v 153.42709350585938 204.82762145996094 154.134521484375
v 157.0896453857422 204.895263671875 153.88380432128906
v 156.6562957763672 204.4256134033203 154.3542022705078
v 157.50015258789062 204.2849884033203 154.24710083007812
v 156.2466583251953 205.01513671875 154.04200744628906
v 157.89793395996094 204.71559143066406 153.7445831298828
v 139.82888793945312 205.7147216796875 153.7940673828125
v 151.95896911621094 205.5358123779297 153.28135681152344
v 152.60403442382812 205.50918579101562 153.5430450439453
v 153.4285430908203 205.39071655273438 153.82200622558594
v 154.25364685058594 205.1353759765625 154.114501953125
v 154.2670440673828 205.7910614013672 153.60592651367188
v 154.97056579589844 205.55551147460938 153.80581665039062
v 155.2714080810547 205.00439453125 154.20834350585938
v 155.75430297851562 205.5502166748047 153.66473388671875
v 138.79078674316406 208.6458740234375 154.73959350585938
v 138.59205627441406 210.42918395996094 154.34097290039062
v 157.5521697998047 212.49298095703125 154.6121826171875
v 159.32518005371094 212.2315216064453 154.35459899902344
v 160.3352813720703 212.17398071289062 154.1033935546875
v 162.15721130371094 211.90914916992188 154.21302795410156
v 138.73696899414062 212.92808532714844 154.4415740966797
v 154.37405395507812 213.58233642578125 154.40565490722656
v 156.1847381591797 212.99392700195312 154.26438903808594
v 156.90673828125 212.882568359375 154.00888061523438
v 139.0769805908203 214.1256866455078 154.2832794189453
v 139.38247680664062 214.8911895751953 154.1566162109375
v 151.0275115966797 215.09364318847656 154.14097595214844
v 150.72499084472656 214.78382873535156 154.8256378173828
v 150.2248992919922 215.27880859375 154.34901428222656
v 139.70571899414062 215.66412353515625 154.44979858398438
v 140.21560668945312 216.13449096679688 153.9303741455078
v 144.66815185546875 216.53262329101562 154.71319580078125
v 147.99644470214844 216.0557098388672 154.25645446777344
v 147.77528381347656 215.68701171875 154.92063903808594
v 148.92086791992188 215.99197387695312 154.1069793701172
v 149.41238403320312 215.4363250732422 154.5565185546875
v 149.79339599609375 215.83941650390625 153.96871948242188
v 140.13262939453125 216.23927307128906 154.8056640625
v 140.73699951171875 216.55465698242188 154.4718017578125
v 141.45663452148438 216.74496459960938 154.3068389892578
v 142.25595092773438 216.82717895507812 154.2180938720703
v 143.0962371826172 216.8249969482422 154.13015747070312
v 165.92225646972656 188.55763244628906 155.51318359375
v 168.25941467285156 188.18936157226562 155.24510192871094
v 172.65333557128906 187.73536682128906 155.8434295654297
v 173.17514038085938 187.73855590820312 155.8232879638672
v 176.1787872314453 188.21188354492188 155.26022338867188
v 177.80020141601562 188.6954803466797 155.11944580078125
v 161.41554260253906 189.4256134033203 155.39547729492188
v 178.3501739501953 189.0059356689453 155.70016479492188
v 178.81326293945312 189.30953979492188 155.04795837402344
v 159.00125122070312 189.99685668945312 155.05938720703125
v 179.3739776611328 189.87893676757812 155.24819946289062
v 179.89227294921875 190.51844787597656 155.284912109375
v 156.70745849609375 190.7022705078125 155.63099670410156
v 180.31982421875 191.15335083007812 155.4402618408203
v 180.69398498535156 191.75003051757812 154.88426208496094
v 180.93418884277344 192.46063232421875 155.4245147705078
v 170.6488037109375 193.6205291748047 155.1184844970703
v 169.96739196777344 193.8172607421875 155.3411102294922
v 171.45005798339844 193.5546112060547 155.3098907470703
v 172.09310913085938 193.5962677001953 155.10362243652344
v 172.84976196289062 193.7628173828125 154.90870666503906
v 181.21920776367188 193.38006591796875 155.12107849121094
v 169.24966430664062 194.18923950195312 155.13169860839844
v 168.53076171875 194.64532470703125 154.92245483398438
v 173.33660888671875 194.20272827148438 155.45529174804688
v 173.87692260742188 194.65936279296875 155.08322143554688
v 181.4612579345703 194.47166442871094 154.72283935546875
v 166.75721740722656 195.85015869140625 154.6451873779297
v 167.29307556152344 195.60797119140625 155.06121826171875
v 167.92926025390625 195.16661071777344 155.15892028808594
v 173.92604064941406 195.35438537597656 155.4928436279297
v 181.48497009277344 194.86688232421875 154.50770568847656
v 147.71327209472656 195.62991333007812 155.6768035888672
v 165.5320587158203 196.6804656982422 154.71163940429688
v 166.25596618652344 196.3894500732422 155.03143310546875
v 166.92404174804688 196.08865356445312 155.39732360839844
v 174.0178985595703 196.08831787109375 155.21160888671875
v 145.40440368652344 197.2693328857422 155.3572998046875
v 162.91928100585938 197.9813995361328 154.46876525878906
v 163.5096435546875 197.80677795410156 154.75869750976562
v 164.2306671142578 197.45242309570312 154.7471466064453
v 165.0885772705078 197.21670532226562 155.07362365722656
v 165.8609619140625 196.9796600341797 155.37435913085938
v 173.34658813476562 197.35728454589844 155.47360229492188
v 144.30496215820312 198.12550354003906 155.2036895751953
v 161.7782745361328 198.87612915039062 154.4912567138672
v 162.50421142578125 198.572021484375 154.8371124267578
v 163.19020080566406 198.29844665527344 155.08535766601562
v 163.927490234375 198.0680694580078 155.24468994140625
v 164.74188232421875 197.8402862548828 155.40538024902344
v 172.992919921875 198.0089569091797 155.1181182861328
v 143.2143096923828 199.04409790039062 155.07962036132812
v 160.58193969726562 199.81375122070312 154.52833557128906
v 161.40138244628906 199.58746337890625 154.8066864013672
v 162.2845001220703 199.37510681152344 155.20008850097656
v 142.17202758789062 200.03306579589844 155.02532958984375
v 158.64840698242188 200.7708740234375 154.48532104492188
v 159.49627685546875 200.62545776367188 154.62548828125
v 160.3137664794922 200.4632110595703 154.79623413085938
v 161.139404296875 200.32803344726562 155.02223205566406
v 161.96969604492188 200.19528198242188 155.30795288085938
v 170.1247100830078 200.1015167236328 155.1073760986328
v 179.2729949951172 200.26382446289062 155.3860321044922
v 141.23870849609375 201.11557006835938 155.13136291503906
v 140.78619384765625 201.66387939453125 155.66586303710938
v 155.77029418945312 201.8358917236328 154.4320526123047
v 156.61497497558594 201.69346618652344 154.5435028076172
v 157.49191284179688 201.5615997314453 154.63241577148438
v 158.39849853515625 201.44198608398438 154.71365356445312
v 159.32345581054688 201.32492065429688 154.8081817626953
v 160.2326202392578 201.1802215576172 154.93698120117188
v 160.94305419921875 200.96180725097656 155.0839385986328
v 161.86785888671875 201.064453125 155.3144989013672
v 168.1572723388672 200.96234130859375 155.03042602539062
v 167.698486328125 200.5082550048828 155.54208374023438
v 168.5453643798828 200.40231323242188 155.44805908203125
v 168.9626922607422 200.8134002685547 154.89219665527344
v 169.35409545898438 200.27288818359375 155.30406188964844
v 153.98731994628906 202.87109375 154.37693786621094
v 154.71139526367188 202.6554412841797 154.52685546875
v 155.52029418945312 202.5154266357422 154.63392639160156
v 156.3829345703125 202.3948974609375 154.71044921875
v 157.28555297851562 202.27767944335938 154.7626190185547
v 158.24874877929688 202.180908203125 154.79275512695312
v 159.2513427734375 202.08355712890625 154.8308563232422
v 160.2619171142578 201.96533203125 154.9097137451172
v 161.33575439453125 201.77578735351562 155.0711212158203
v 162.36329650878906 201.8607940673828 155.23577880859375
v 166.06060791015625 201.86656188964844 154.80616760253906
v 165.62399291992188 201.4146270751953 155.3481903076172
v 166.48367309570312 201.275390625 155.2339630126953
v 165.1910400390625 202.01377868652344 154.9876708984375
v 166.90521240234375 201.6650390625 154.68734741210938
v 178.52297973632812 201.4740447998047 155.61691284179688
v 178.21197509765625 202.1502227783203 155.29779052734375
v 140.11431884765625 203.23965454101562 155.18040466308594
v 154.0032958984375 203.47052001953125 154.5324249267578
v 154.59930419921875 203.33164978027344 154.64755249023438
v 155.37017822265625 203.2295379638672 154.7123260498047
v 156.22354125976562 203.13507080078125 154.7395782470703
v 157.11834716796875 203.02261352539062 154.74684143066406
v 158.06881713867188 202.919921875 154.73158264160156
v 159.20425415039062 202.90814208984375 154.66641235351562
v 160.26577758789062 202.7282257080078 154.6986541748047
v 161.3087615966797 202.6313934326172 154.7545166015625
v 162.44444274902344 202.56495666503906 154.8604736328125
v 163.2545928955078 202.20704650878906 155.15843200683594
v 163.2256622314453 202.71435546875 154.8060302734375
v 163.8362274169922 202.68862915039062 154.73049926757812
v 164.24349975585938 202.06838989257812 155.1835174560547
v 164.68685913085938 202.57373046875 154.58119201660156
v 177.2769012451172 203.23040771484375 155.37380981445312
v 139.96726989746094 203.8920135498047 154.9400177001953
v 139.6648712158203 204.51800537109375 155.58460998535156
v 153.83824157714844 203.99539184570312 154.45860290527344
v 154.52993774414062 203.9513397216797 154.6288299560547
v 155.2501983642578 203.899169921875 154.67662048339844
v 156.06382751464844 203.8527374267578 154.6491241455078
v 156.92877197265625 203.7532501220703 154.5998077392578
v 157.81349182128906 203.61993408203125 154.5446014404297
v 176.2686004638672 204.221435546875 155.34523010253906
v 153.8052215576172 204.55142211914062 154.33932495117188
v 154.47657775878906 204.53878784179688 154.4550018310547
v 155.0933380126953 204.41290283203125 154.55331420898438
v 155.80743408203125 204.48216247558594 154.46646118164062
v 174.59730529785156 205.52371215820312 155.5839385986328
v 173.50704956054688 206.47755432128906 155.56109619140625
v 138.5669708251953 209.32815551757812 155.4576873779297
v 138.48204040527344 210.240478515625 155.3317413330078
v 168.24227905273438 210.4086456298828 155.32728576660156
v 138.45204162597656 211.1228485107422 155.243896484375
v 162.3218994140625 211.48602294921875 155.3045654296875
v 138.49163818359375 211.82456970214844 155.08143615722656
v 158.21104431152344 212.131591796875 155.28538513183594
v 160.93043518066406 211.8065643310547 154.86935424804688
v 154.42686462402344 213.28407287597656 155.22999572753906
v 153.4943389892578 213.50526428222656 155.6080780029297
v 155.25173950195312 212.99070739746094 155.21524047851562
v 138.73826599121094 213.60379028320312 155.69662475585938
v 139.01405334472656 214.29977416992188 155.01885986328125
v 150.51463317871094 214.53912353515625 155.58949279785156
v 139.29432678222656 215.08917236328125 155.1881866455078
v 148.3350372314453 215.28660583496094 155.44052124023438
v 149.12652587890625 215.1284637451172 155.2421112060547
v 139.6627960205078 215.80784606933594 155.3911590576172
v 146.98428344726562 215.83834838867188 155.0412139892578
v 140.12229919433594 216.3323516845703 155.68356323242188
v 140.68655395507812 216.60943603515625 155.36338806152344
v 141.3892059326172 216.77586364746094 155.20413208007812
v 142.17408752441406 216.82591247558594 155.11854553222656
v 142.99742126464844 216.78207397460938 155.0242462158203
v 172.32986450195312 187.64752197265625 156.43600463867188
v 166.53321838378906 188.40890502929688 156.28955078125
v 170.742431640625 187.71498107910156 156.7724151611328
v 171.83729553222656 187.75759887695312 155.87185668945312
v 174.4467010498047 187.83016967773438 155.96580505371094
v 176.93951416015625 188.4110870361328 156.1887969970703
v 160.30067443847656 189.5392303466797 156.28907775878906
v 164.02406311035156 188.975341796875 156.24220275878906
v 178.3540496826172 189.0780792236328 156.61004638671875
v 178.9197235107422 189.4758758544922 156.05780029296875
v 158.90432739257812 189.90017700195312 155.9770965576172
v 179.48828125 190.1181182861328 156.32374572753906
v 180.25942993164062 191.20892333984375 156.34512329101562
v 180.6228790283203 191.7692413330078 155.81956481933594
v 180.52919006347656 191.82212829589844 156.67745971679688
v 180.8001251220703 192.3394317626953 156.2379913330078
v 152.0528564453125 193.04830932617188 156.10830688476562
v 170.4331817626953 193.7924041748047 156.0042266845703
v 169.75790405273438 193.98721313476562 155.83197021484375
v 171.21217346191406 193.6700439453125 155.93032836914062
v 171.96334838867188 193.7171630859375 155.89051818847656
v 172.68328857421875 193.8935546875 155.72096252441406
v 180.9671173095703 193.18223571777344 156.34376525878906
v 168.64341735839844 194.8364715576172 155.8066864013672
v 169.34115600585938 194.36778259277344 156.13189697265625
v 173.09312438964844 194.38600158691406 156.18238830566406
v 173.5990753173828 194.7896728515625 155.8536834716797
v 167.5328826904297 195.74168395996094 155.6891632080078
v 168.07904052734375 195.4107666015625 155.94822692871094
v 173.63754272460938 195.37831115722656 156.18089294433594
v 180.91778564453125 195.13018798828125 156.15773010253906
v 146.38951110839844 196.29379272460938 156.3414306640625
v 166.60650634765625 196.7230682373047 155.7045135498047
v 167.2881622314453 196.379150390625 156.0251922607422
v 167.8981475830078 195.96730041503906 156.30047607421875
v 173.7222137451172 195.97840881347656 155.95069885253906
v 180.59446716308594 195.6705780029297 156.68309020996094
v 145.28323364257812 197.12686157226562 156.19528198242188
v 165.54733276367188 197.62181091308594 155.63275146484375
v 166.34085083007812 197.44989013671875 155.90968322753906
v 167.20567321777344 197.24008178710938 156.2764892578125
v 173.62030029296875 196.67222595214844 155.72952270507812
v 173.10523986816406 197.1175079345703 156.18838500976562
v 143.60296630859375 198.4659881591797 156.52691650390625
v 162.97869873046875 198.95277404785156 155.38766479492188
v 163.71144104003906 198.73558044433594 155.54525756835938
v 164.53482055664062 198.56008911132812 155.6788787841797
v 165.3924560546875 198.36109924316406 155.82745361328125
v 166.08604431152344 198.10321044921875 155.98184204101562
v 166.96780395507812 198.2196044921875 156.2447509765625
v 172.6408233642578 197.77333068847656 155.93496704101562
v 172.00753784179688 198.2321319580078 155.98690795898438
v 143.1096649169922 198.9866943359375 156.02748107910156
v 142.52072143554688 199.49661254882812 156.49652099609375
v 162.9813232421875 199.59022521972656 155.5998077392578
v 163.60800170898438 199.4608612060547 155.7259979248047
v 164.41293334960938 199.34481811523438 155.82415771484375
v 165.31483459472656 199.20716857910156 155.9152374267578
v 166.3365936279297 198.9850311279297 156.05038452148438
v 167.424560546875 199.15809631347656 156.18202209472656
v 170.94593811035156 198.96408081054688 155.8689422607422
v 170.59971618652344 198.5439910888672 156.4336395263672
v 171.37094116210938 198.38865661621094 156.2469482421875
v 170.15333557128906 199.10708618164062 156.0788116455078
v 142.0949249267578 199.9711456298828 155.97314453125
v 141.64727783203125 200.41041564941406 156.38186645507812
v 162.7582550048828 200.16323852539062 155.5873260498047
v 163.5272674560547 200.19000244140625 155.76785278320312
v 164.3261260986328 200.13348388671875 155.84046936035156
v 165.1974334716797 200.05516052246094 155.86659240722656
v 166.13119506835938 199.94296264648438 155.88954162597656
v 167.09664916992188 199.87771606445312 155.91336059570312
v 168.0216064453125 199.86416625976562 155.9056854248047
v 168.30636596679688 199.2271270751953 156.2389373779297
v 168.88636779785156 199.79962158203125 155.84393310546875
v 169.21151733398438 199.09945678710938 156.27149963378906
v 169.72694396972656 199.69256591796875 155.7010955810547
v 179.05369567871094 200.03933715820312 156.14950561523438
v 141.18214416503906 200.99559020996094 156.22467041015625
v 162.56045532226562 200.77557373046875 155.54595947265625
v 163.38372802734375 200.96371459960938 155.67140197753906
v 164.21316528320312 200.8727264404297 155.7420654296875
v 165.0417938232422 200.82415771484375 155.71139526367188
v 165.91989135742188 200.73379516601562 155.65585327148438
v 166.81581115722656 200.6168670654297 155.6031036376953
v 178.58163452148438 200.54347229003906 156.6718292236328
v 140.3559112548828 202.2431182861328 156.36631774902344
v 162.85374450683594 201.46127319335938 155.4720458984375
v 163.59744262695312 201.6790313720703 155.47735595703125
v 164.08233642578125 201.45867919921875 155.57437133789062
v 164.7772979736328 201.4904327392578 155.47491455078125
v 140.0603485107422 203.00274658203125 155.94032287597656
v 139.75755310058594 203.60427856445312 156.58596801757812
v 177.64503479003906 202.60032653808594 155.7449188232422
v 139.56065368652344 204.38485717773438 156.41180419921875
v 138.65237426757812 208.2487030029297 156.29742431640625
v 138.41204833984375 210.1613311767578 156.2987823486328
v 167.4031219482422 210.26512145996094 156.40338134765625
v 169.01071166992188 209.69686889648438 156.08502197265625
v 138.39100646972656 211.10911560058594 156.1841278076172
v 159.3915252685547 211.5430145263672 156.47474670410156
v 166.7910919189453 210.69166564941406 155.84474182128906
v 138.44183349609375 211.95550537109375 155.89356994628906
v 157.22010803222656 212.13099670410156 156.22445678710938
v 138.5389862060547 212.88986206054688 156.3522491455078
v 154.97491455078125 212.88906860351562 155.98385620117188
v 138.7185516357422 213.76646423339844 156.69073486328125
v 138.96865844726562 214.44200134277344 155.99810791015625
v 139.31114196777344 215.2859344482422 156.3129425048828
v 147.34957885742188 215.28306579589844 156.41758728027344
v 139.7515411376953 216.0013427734375 156.27745056152344
v 143.59341430664062 216.4666748046875 156.62474060058594
v 140.1613006591797 216.38919067382812 156.4154052734375
v 140.64927673339844 216.6117706298828 156.25033569335938
v 141.33334350585938 216.76158142089844 156.1054229736328
v 142.0998077392578 216.7912139892578 156.01315307617188
v 142.9017791748047 216.71815490722656 155.91122436523438
v 171.31524658203125 187.58978271484375 157.544677734375
v 172.37742614746094 187.57113647460938 157.26596069335938
v 173.28189086914062 187.59130859375 157.43045043945312
v 174.04745483398438 187.67771911621094 157.1322021484375
v 174.6748809814453 187.76885986328125 157.1957550048828
v 169.2749481201172 187.8883819580078 157.2484130859375
v 176.2352752685547 188.21994018554688 157.48866271972656
v 177.686279296875 188.73294067382812 156.94760131835938
v 159.5894775390625 189.56570434570312 157.5199737548828
v 163.72393798828125 189.01446533203125 157.2412872314453
v 178.30128479003906 189.1547393798828 157.5165252685547
v 178.89854431152344 189.5762176513672 157.03390502929688
v 157.31895446777344 190.23553466796875 157.22625732421875
v 158.0988311767578 189.9994354248047 157.03672790527344
v 179.32720947265625 190.1305694580078 157.40335083007812
v 179.82887268066406 190.6666717529297 156.86944580078125
v 155.87664794921875 190.85208129882812 156.81289672851562
v 155.79190063476562 190.74928283691406 157.70391845703125
v 152.4823760986328 192.46319580078125 157.52816772460938
v 180.4179229736328 191.92733764648438 157.53091430664062
v 180.735595703125 192.52284240722656 157.01356506347656
v 169.97164916992188 194.114990234375 156.4556884765625
v 170.57015991210938 194.01702880859375 156.66799926757812
v 171.02212524414062 193.8660888671875 156.4987030029297
v 171.681884765625 193.93739318847656 156.5392303466797
v 172.4354248046875 194.1013946533203 156.4264678955078
v 180.80909729003906 193.26229858398438 157.4703369140625
v 169.0653839111328 194.8681640625 156.54153442382812
v 169.63389587402344 194.60044860839844 156.82647705078125
v 170.32398986816406 194.40298461914062 157.0382843017578
v 171.20611572265625 194.3229217529297 157.09136962890625
v 172.0937957763672 194.40325927734375 157.00088500976562
v 172.78366088867188 194.6703643798828 156.79598999023438
v 173.323486328125 194.9803466796875 156.47906494140625
v 180.86141967773438 194.05943298339844 157.14097595214844
v 148.08932495117188 195.00563049316406 157.0533447265625
v 168.59329223632812 195.51187133789062 156.56983947753906
v 169.38278198242188 195.31605529785156 157.12481689453125
v 172.982177734375 195.41082763671875 156.98568725585938
v 173.4146728515625 195.39732360839844 156.5862579345703
v 180.4141845703125 195.50750732421875 157.50967407226562
v 146.25071716308594 196.16741943359375 157.19114685058594
v 146.76425170898438 195.69261169433594 157.71302795410156
v 167.83128356933594 196.68724060058594 156.53750610351562
v 168.35255432128906 196.257080078125 156.74908447265625
v 169.08848571777344 196.20663452148438 157.13482666015625
v 173.41680908203125 195.82400512695312 156.54592895507812
v 172.96817016601562 196.17637634277344 156.9588623046875
v 145.1565399169922 197.01463317871094 157.03627014160156
v 167.94195556640625 197.36578369140625 156.65907287597656
v 168.6099090576172 197.02915954589844 156.91542053222656
v 169.42279052734375 197.0026397705078 157.19639587402344
v 173.33868408203125 196.4741973876953 156.39920043945312
v 172.78948974609375 196.8191375732422 156.81280517578125
v 179.50942993164062 197.52359008789062 157.51553344726562
v 167.77662658691406 197.99754333496094 156.53465270996094
v 168.51437377929688 197.88682556152344 156.76397705078125
v 169.40399169921875 197.79515075683594 156.9384307861328
v 170.24349975585938 197.37904357910156 157.1964111328125
v 170.2180633544922 198.0799560546875 156.83981323242188
v 170.9464569091797 197.9392852783203 156.79998779296875
v 171.1763153076172 197.29029846191406 157.1936798095703
v 171.8609161376953 197.748779296875 156.59793090820312
v 172.0087890625 197.0138702392578 157.14500427246094
v 172.5413360595703 197.34507751464844 156.57913208007812
v 167.77435302734375 198.6539306640625 156.4033966064453
v 168.43606567382812 198.57986450195312 156.53248596191406
v 169.0711212158203 198.4240264892578 156.66651916503906
v 169.79249572753906 198.5532989501953 156.5785675048828
v 141.37094116210938 200.68753051757812 157.2294921875
v 178.3698272705078 200.3113555908203 157.45199584960938
v 140.48199462890625 201.88192749023438 157.29733276367188
v 177.7620086669922 201.73867797851562 156.8843231201172
v 139.92137145996094 202.8916473388672 157.36183166503906
v 176.86083984375 202.82266235351562 156.96304321289062
v 176.6642303466797 202.62734985351562 157.7678680419922
v 139.501220703125 204.2627410888672 157.3262481689453
v 138.40028381347656 209.419189453125 157.4563446044922
v 138.36260986328125 210.1779327392578 157.2941131591797
v 167.14894104003906 210.01849365234375 157.192626953125
v 167.66648864746094 209.58935546875 157.75332641601562
v 138.35450744628906 211.12672424316406 157.2214813232422
v 158.6179962158203 211.48602294921875 157.52894592285156
v 161.03524780273438 211.01718139648438 157.18963623046875
v 162.02297973632812 210.92938232421875 157.00433349609375
v 161.67654418945312 210.7472381591797 157.78671264648438
v 164.32473754882812 210.51324462890625 157.507568359375
v 138.42076110839844 212.1790313720703 157.08583068847656
v 157.91033935546875 211.7973175048828 156.90061950683594
v 138.57040405273438 213.2253875732422 157.3802032470703
v 138.75985717773438 213.94073486328125 157.56170654296875
v 139.01109313964844 214.6134490966797 157.14598083496094
v 139.27484130859375 215.2237091064453 157.17295837402344
v 148.78005981445312 214.73797607421875 156.80300903320312
v 139.6082305908203 215.7431640625 157.21421813964844
v 143.4666748046875 216.3433074951172 157.4733428955078
v 139.98155212402344 216.2151641845703 156.9288787841797
v 140.52899169921875 216.5052947998047 157.1680145263672
v 141.2542724609375 216.6891632080078 157.00245666503906
v 142.01284790039062 216.71499633789062 156.89149475097656
v 142.7996063232422 216.6286163330078 156.7796630859375
v 142.67608642578125 216.50814819335938 157.62539672851562
v 169.82760620117188 187.7431182861328 158.24314880371094
v 171.4528045654297 187.56246948242188 158.35888671875
v 172.04257202148438 187.53709411621094 158.05081176757812
v 172.93019104003906 187.57791137695312 158.22463989257812
v 173.87054443359375 187.66250610351562 158.000244140625
v 166.30140686035156 188.44908142089844 158.3677978515625
v 174.55039978027344 187.84568786621094 158.57855224609375
v 175.18243408203125 187.95497131347656 158.1963348388672
v 175.91392517089844 188.18475341796875 158.2501983642578
v 176.84088134765625 188.51588439941406 158.27734375
v 177.63027954101562 188.8104705810547 157.88153076171875
v 158.77462768554688 189.65243530273438 158.6483612060547
v 161.3337860107422 189.2763671875 158.24755859375
v 178.1900177001953 189.2611541748047 158.37562561035156
v 178.78042602539062 189.6561279296875 157.93756103515625
v 157.2583770751953 190.15017700195312 158.21278381347656
v 179.16819763183594 190.217041015625 158.2847137451172
v 179.51754760742188 190.83380126953125 158.601318359375
v 179.9999237060547 191.359375 158.06761169433594
v 180.27960205078125 192.04953002929688 158.37380981445312
v 180.6151885986328 192.6200714111328 157.87965393066406
v 150.42848205566406 193.30120849609375 158.33445739746094
v 180.68093872070312 193.20025634765625 158.21791076660156
v 148.50631713867188 194.3881072998047 158.44935607910156
v 170.04750061035156 194.96197509765625 157.34454345703125
v 170.76547241210938 194.85440063476562 157.46971130371094
v 171.4038848876953 194.8926544189453 157.52639770507812
v 171.8358154296875 194.74417114257812 157.3808135986328
v 172.4099884033203 194.9707489013672 157.2692108154297
v 180.67645263671875 193.9142608642578 158.18516540527344
v 169.9656524658203 195.5105743408203 157.52191162109375
v 170.564453125 195.44776916503906 157.64413452148438
v 171.2774200439453 195.39984130859375 157.67652893066406
v 171.99169921875 195.30902099609375 157.5531463623047
v 172.51670837402344 195.3889923095703 157.37973022460938
v 180.59645080566406 194.74368286132812 157.81039428710938
v 180.2333526611328 195.330810546875 158.32159423828125
v 169.69918823242188 195.91470336914062 157.45188903808594
v 170.4144744873047 196.12164306640625 157.6269989013672
v 171.17489624023438 196.01397705078125 157.69651794433594
v 171.8661346435547 195.93597412109375 157.61355590820312
v 172.4981231689453 195.81198120117188 157.37741088867188
v 144.44915771484375 197.35037231445312 158.29869079589844
v 169.88609313964844 196.56878662109375 157.4320526123047
v 170.5893096923828 196.81500244140625 157.48074340820312
v 171.20457458496094 196.6461181640625 157.53121948242188
v 171.75608825683594 196.4531707763672 157.54136657714844
v 172.36886596679688 196.42694091796875 157.3114776611328
v 141.0516357421875 201.07606506347656 158.22413635253906
v 177.87770080566406 200.82456970214844 157.9883575439453
v 177.3708953857422 201.3295135498047 158.5040283203125
v 140.22811889648438 202.29498291015625 158.10714721679688
v 139.74493408203125 203.3383331298828 158.28509521484375
v 139.968994140625 202.85037231445312 158.703369140625
v 138.8209991455078 206.72337341308594 157.7810821533203
v 138.6401824951172 207.33177185058594 158.27880859375
v 138.39035034179688 209.2596893310547 158.2678985595703
v 138.33912658691406 210.20281982421875 158.263427734375
v 162.29798889160156 210.48333740234375 158.6306610107422
v 161.3909454345703 210.64828491210938 158.43096923828125
v 164.23094177246094 210.26123046875 158.42503356933594
v 160.20932006835938 210.9290008544922 158.2498016357422
v 138.400146484375 212.0636749267578 158.2200469970703
v 156.17864990234375 212.1013641357422 158.17918395996094
v 138.521240234375 212.94293212890625 158.21697998046875
v 138.72251892089844 213.72898864746094 158.30929565429688
v 139.0124969482422 214.47283935546875 158.272216796875
v 139.39871215820312 215.24774169921875 158.03848266601562
v 147.2339630126953 214.93043518066406 158.1912841796875
v 139.82650756835938 215.85011291503906 158.12472534179688
v 143.32366943359375 216.19969177246094 158.30548095703125
v 142.5041046142578 216.3555145263672 158.45957946777344
v 140.0966339111328 216.20199584960938 157.68362426757812
v 140.2803955078125 216.17105102539062 158.4962615966797
v 140.59996032714844 216.43408203125 158.09747314453125
v 141.16134643554688 216.57623291015625 157.870849609375
v 141.89157104492188 216.5974578857422 157.7443389892578
v 141.7054443359375 216.44810485839844 158.5398712158203
v 170.4410858154297 187.70091247558594 159.0550537109375
v 171.24722290039062 187.63844299316406 159.0880889892578
v 172.19451904296875 187.58766174316406 158.85569763183594
v 173.02926635742188 187.65408325195312 159.05319213867188
v 173.7334442138672 187.72433471679688 158.84841918945312
v 167.37120056152344 188.2678680419922 159.23028564453125
v 173.554931640625 187.83497619628906 159.63319396972656
v 174.42208862304688 187.98301696777344 159.48631286621094
v 175.37489318847656 188.16404724121094 159.12440490722656
v 176.3365936279297 188.47178649902344 159.11073303222656
v 177.0081329345703 188.74252319335938 159.1268310546875
v 177.55506896972656 188.94308471679688 158.760986328125
v 159.4470672607422 189.47531127929688 159.36309814453125
v 177.41567993164062 189.103515625 159.55824279785156
v 178.0319061279297 189.41017150878906 159.19046020507812
v 178.6211395263672 189.781005859375 158.7666015625
v 156.3140106201172 190.38246154785156 159.34564208984375
v 178.4320831298828 189.9532470703125 159.56207275390625
v 179.33966064453125 191.00657653808594 159.41317749023438
v 179.84063720703125 191.5053253173828 158.8999481201172
v 151.43603515625 192.53367614746094 159.31900024414062
v 180.10887145996094 192.2164306640625 159.16690063476562
v 180.47145080566406 192.73731994628906 158.65231323242188
v 150.96466064453125 192.88063049316406 158.8485870361328
v 180.28622436523438 192.9338836669922 159.35568237304688
v 180.54898071289062 193.3915557861328 158.8270263671875
v 149.0517578125 193.91944885253906 158.98336791992188
v 180.4645233154297 193.97666931152344 159.02406311035156
v 147.2296600341797 195.09112548828125 159.12583923339844
v 147.76242065429688 194.6212615966797 159.69078063964844
v 180.4097900390625 194.6116180419922 158.6511688232422
v 180.2053985595703 194.4416961669922 159.3668212890625
v 180.0420684814453 195.1207275390625 159.07632446289062
v 145.30966186523438 196.46397399902344 159.24697875976562
v 144.34503173828125 197.30079650878906 159.21170043945312
v 179.10220336914062 197.04177856445312 159.0362091064453
v 143.93609619140625 197.77783203125 158.7701416015625
v 143.55921936035156 198.1354522705078 159.21644592285156
v 177.96823120117188 199.8870849609375 159.04298400878906
v 140.3667449951172 202.1651153564453 159.1309051513672
v 176.85372924804688 201.8120574951172 158.98193359375
v 176.32296752929688 202.27134704589844 159.42469787597656
v 140.0183563232422 202.92872619628906 159.6052703857422
v 139.4657440185547 204.3127899169922 159.18446350097656
v 139.2274932861328 205.1097412109375 159.53050231933594
v 173.8454132080078 204.8396759033203 158.8887176513672
v 173.71560668945312 204.68931579589844 159.74960327148438
v 138.96243286132812 205.93930053710938 159.0447998046875
v 170.53428649902344 207.4935760498047 159.28912353515625
v 138.4253387451172 208.49893188476562 159.4186553955078
v 138.37413024902344 209.24295043945312 159.25637817382812
v 162.52304077148438 210.31875610351562 159.54335021972656
v 138.35194396972656 211.1092987060547 159.21780395507812
v 159.99571228027344 210.8820037841797 158.97406005859375
v 138.41981506347656 212.01617431640625 159.22671508789062
v 156.85223388671875 211.79788208007812 158.85073852539062
v 138.5446319580078 212.86996459960938 159.1634063720703
v 138.69032287597656 213.51828002929688 159.00433349609375
v 139.02023315429688 214.2632598876953 159.33619689941406
v 139.42970275878906 215.0341339111328 159.15402221679688
v 139.97938537597656 215.70240783691406 159.04461669921875
v 140.7392120361328 216.1582794189453 159.16705322265625
v 141.4150848388672 216.2921905517578 159.1274871826172
v 143.1559600830078 216.03285217285156 159.14126586914062
v 144.61451721191406 215.49732971191406 159.5980987548828
v 140.64060974121094 216.3588104248047 158.62725830078125
v 141.03219604492188 216.4342803955078 158.5984344482422
v 171.4878387451172 187.75376892089844 159.84039306640625
v 172.7239532470703 187.7313232421875 159.61923217773438
v 165.79364013671875 188.63197326660156 159.79293823242188
v 166.6763916015625 188.48194885253906 160.1907958984375
v 168.47540283203125 188.1784210205078 160.38108825683594
v 170.23086547851562 187.91583251953125 160.1895751953125
v 171.17755126953125 187.9481964111328 160.55169677734375
v 175.1132049560547 188.34042358398438 160.16928100585938
v 175.9809112548828 188.5664520263672 159.96299743652344
v 176.75343322753906 188.8310546875 159.80735778808594
v 159.22190856933594 189.5194549560547 160.14393615722656
v 158.5652313232422 189.671142578125 159.92958068847656
v 160.05551147460938 189.39797973632812 160.28082275390625
v 161.1769561767578 189.3020782470703 160.3917694091797
v 176.4922637939453 188.9996337890625 160.58975219726562
v 177.1885986328125 189.27835083007812 160.3214569091797
v 177.83094787597656 189.59323120117188 159.97482299804688
v 155.3874053955078 190.6471405029297 160.2158660888672
v 153.39599609375 191.469970703125 160.2853546142578
v 154.88717651367188 190.87400817871094 159.7672119140625
v 178.57386779785156 190.78665161132812 160.6673583984375
v 179.13108825683594 191.22198486328125 160.1990966796875
v 179.64891052246094 191.70216369628906 159.69483947753906
v 152.30824279785156 191.96646118164062 160.25253295898438
v 179.41360473632812 191.9403533935547 160.4597625732422
v 179.88890075683594 192.45277404785156 159.91622924804688
v 150.0228729248047 193.09490966796875 160.23236083984375
v 180.02142333984375 193.31239318847656 160.04624938964844
v 180.37118530273438 193.50706481933594 159.39109802246094
v 147.70816040039062 194.5315399169922 160.66452026367188
v 148.91336059570312 193.8142852783203 159.83502197265625
v 180.2583465576172 193.88145446777344 159.58436584472656
v 179.9762420654297 194.1179656982422 159.9974365234375
v 144.8022918701172 196.78305053710938 160.63333129882812
v 178.67779541015625 196.58302307128906 160.58419799804688
v 144.24952697753906 197.3130340576172 160.24493408203125
v 143.7600555419922 197.84295654296875 160.40821838378906
v 178.8939208984375 196.80499267578125 159.79823303222656
v 177.77017211914062 199.70233154296875 159.84788513183594
v 177.5733184814453 199.5218963623047 160.6549072265625
v 140.75790405273438 201.65261840820312 159.83436584472656
v 141.17276000976562 201.17236328125 160.38821411132812
v 177.02999877929688 200.9720001220703 160.1521453857422
v 140.40113830566406 202.3365478515625 160.17977905273438
v 176.1811981201172 202.11256408691406 160.2679901123047
v 139.750732421875 203.65501403808594 159.88394165039062
v 140.1074981689453 203.03756713867188 160.48533630371094
v 175.6553955078125 202.57186889648438 160.70359802246094
v 173.6641845703125 204.52285766601562 160.6410369873047
v 138.76119995117188 206.6343536376953 160.1898193359375
v 138.61126708984375 207.35536193847656 160.3045654296875
v 169.13760375976562 208.21824645996094 160.0337677001953
v 138.38475036621094 209.26162719726562 160.19485473632812
v 167.28982543945312 208.98333740234375 160.27992248535156
v 167.83706665039062 208.82745361328125 159.90463256835938
v 161.53359985351562 210.4254150390625 160.36476135253906
v 164.97738647460938 209.811767578125 160.03494262695312
v 159.98934936523438 210.79237365722656 160.1022491455078
v 138.44241333007812 211.85740661621094 160.03334045410156
v 138.61679077148438 212.77841186523438 160.23109436035156
v 152.20904541015625 213.14248657226562 160.2588348388672
v 138.8067169189453 213.618896484375 159.86038208007812
v 139.1936798095703 214.3005828857422 160.4337158203125
v 139.5143585205078 214.9110870361328 160.11849975585938
v 139.87710571289062 215.39675903320312 159.8740234375
v 140.55801391601562 215.7419891357422 160.12913513183594
v 143.01390075683594 215.8397674560547 159.99929809570312
v 143.6803436279297 215.5262908935547 160.6099853515625
v 170.04263305664062 188.13612365722656 161.06716918945312
v 172.2357940673828 188.15989685058594 161.2315216064453
v 173.35354614257812 188.2118682861328 161.04930114746094
v 174.27587890625 188.44644165039062 161.26487731933594
v 175.7373809814453 188.7571258544922 160.8172607421875
v 160.61431884765625 189.40638732910156 161.28880310058594
v 164.10328674316406 189.1097869873047 161.18923950195312
v 175.54150390625 188.99276733398438 161.60289001464844
v 176.2637176513672 189.22593688964844 161.3609161376953
v 176.9538116455078 189.4964141845703 161.07745361328125
v 154.94174194335938 190.7914276123047 161.14828491210938
v 156.2948760986328 190.37759399414062 161.13265991210938
v 158.06112670898438 189.8935546875 161.43832397460938
v 177.36659240722656 190.05276489257812 161.47564697265625
v 177.98507690429688 190.3964080810547 161.09442138671875
v 152.89804077148438 191.6233673095703 161.458740234375
v 178.88571166992188 191.4653778076172 160.96685791015625
v 150.56304931640625 192.6678924560547 161.49322509765625
v 179.1348419189453 192.21804809570312 161.2108154296875
v 179.6147918701172 192.70184326171875 160.6356964111328
v 149.38058471679688 193.34994506835938 161.03465270996094
v 179.70074462890625 193.2138671875 160.6876220703125
v 148.2529754638672 194.07745361328125 161.18324279785156
v 179.69903564453125 193.7166748046875 160.63607788085938
v 146.40444946289062 195.5205535888672 160.97756958007812
v 179.11277770996094 194.86587524414062 161.2050018310547
v 144.79991149902344 196.79129028320312 161.2259521484375
v 143.93971252441406 197.6641387939453 160.96315002441406
v 144.40673828125 197.1924591064453 161.24041748046875
v 142.11578369140625 200.16786193847656 161.38442993164062
v 140.8248291015625 201.8029022216797 160.74082946777344
v 176.8688201904297 200.8022918701172 160.9771728515625
v 176.4083709716797 201.31607055664062 161.49464416503906
v 140.9808349609375 201.93748474121094 161.5557861328125
v 175.55267333984375 202.44544982910156 161.58155822753906
v 140.25897216796875 203.15451049804688 161.2971954345703
v 139.1255645751953 205.9931640625 161.33218383789062
v 171.55421447753906 206.39613342285156 161.1365966796875
v 138.68019104003906 207.4240264892578 161.2895050048828
v 170.44667053222656 207.3122100830078 161.2745819091797
v 138.53224182128906 208.25320434570312 161.1342315673828
v 138.4519805908203 209.20111083984375 161.10707092285156
v 166.42320251464844 209.2271728515625 161.3444061279297
v 138.4294891357422 210.15248107910156 161.06307983398438
v 160.68836975097656 210.5726318359375 161.27737426757812
v 164.9974365234375 209.72039794921875 161.1670379638672
v 138.43902587890625 210.9478302001953 160.91038513183594
v 138.5791473388672 212.00045776367188 161.08038330078125
v 138.78912353515625 212.99224853515625 161.14923095703125
v 138.94607543945312 213.6306610107422 160.79490661621094
v 139.09080505371094 213.51194763183594 161.62501525878906
v 139.355712890625 214.20071411132812 161.3129425048828
v 139.6798858642578 214.81393432617188 160.9921875
v 144.28884887695312 215.190185546875 161.2722930908203
v 140.0553741455078 215.31741333007812 160.64466857910156
v 140.2479705810547 215.15765380859375 161.41571044921875
v 140.61026000976562 215.51365661621094 161.00543212890625
v 141.38983154296875 215.69346618652344 160.9493408203125
v 142.2117156982422 215.6721649169922 161.06610107421875
v 142.63084411621094 215.48358154296875 161.556884765625
v 166.65130615234375 188.72792053222656 161.77386474609375
v 167.32998657226562 188.6608123779297 162.014404296875
v 168.15785217285156 188.49839782714844 161.82066345214844
v 169.26077270507812 188.4055938720703 161.9228973388672
v 170.29945373535156 188.3734588623047 162.03611755371094
v 171.21371459960938 188.4630584716797 162.3245086669922
v 173.09373474121094 188.45518493652344 161.88821411132812
v 174.00381469726562 188.6062774658203 161.86549377441406
v 174.8054656982422 188.7948760986328 161.7961883544922
v 158.84169006347656 189.71435546875 161.70204162597656
v 160.17405700683594 189.54403686523438 162.0908203125
v 161.20281982421875 189.49905395507812 162.295166015625
v 165.28749084472656 189.16326904296875 162.35154724121094
v 174.5571746826172 189.02940368652344 162.48655700683594
v 175.32232666015625 189.24810791015625 162.328857421875
v 176.0352325439453 189.48655700683594 162.09336853027344
v 176.7169189453125 189.75213623046875 161.8074188232422
v 155.66299438476562 190.6281280517578 161.90023803710938
v 158.89366149902344 189.8284454345703 162.54092407226562
v 176.45660400390625 190.03329467773438 162.51026916503906
v 154.986572265625 190.93568420410156 162.55242919921875
v 177.45452880859375 190.93161010742188 162.5361328125
v 178.04820251464844 191.28916931152344 162.15798950195312
v 178.60743713378906 191.71249389648438 161.7236328125
v 178.3130340576172 191.95570373535156 162.45924377441406
v 178.81483459472656 192.44151306152344 161.97592163085938
v 149.31300354003906 193.34568786621094 162.07925415039062
v 148.75709533691406 193.67332458496094 162.2333221435547
v 178.86453247070312 193.0975799560547 162.2188262939453
v 147.54786682128906 194.60702514648438 162.12353515625
v 178.7714080810547 194.9207763671875 162.00250244140625
v 144.8311309814453 196.86239624023438 161.7758331298828
v 145.8575897216797 196.08177185058594 162.2368621826172
v 144.4430389404297 197.3592529296875 162.15194702148438
v 143.65577697753906 198.2978973388672 162.12869262695312
v 142.6134033203125 199.6329803466797 161.82156372070312
v 143.1970977783203 198.97201538085938 162.176025390625
v 142.00546264648438 200.9038848876953 162.5646209716797
v 176.27706909179688 201.13682556152344 162.3737335205078
v 141.1888885498047 202.10354614257812 162.33038330078125
v 140.4518585205078 203.32138061523438 162.07765197753906
v 175.03585815429688 202.93125915527344 162.07032775878906
v 139.7730712890625 204.59625244140625 161.75990295410156
v 172.5576934814453 205.36009216308594 162.58218383789062
v 138.9238739013672 206.75746154785156 161.67608642578125
v 139.27828979492188 206.15318298339844 162.2237091064453
v 138.80734252929688 207.3902130126953 161.9934539794922
v 139.07598876953125 206.92282104492188 162.46449279785156
v 170.95530700683594 206.88601684570312 162.20767211914062
v 138.67245483398438 208.0861053466797 161.95986938476562
v 169.78211975097656 207.71580505371094 162.22511291503906
v 138.5959014892578 209.0524444580078 162.06793212890625
v 138.55572509765625 210.0527801513672 161.9662322998047
v 160.6576690673828 210.56687927246094 162.2810821533203
v 164.5694580078125 209.81141662597656 162.21340942382812
v 138.58995056152344 211.12806701660156 161.8418731689453
v 138.74984741210938 212.03448486328125 162.06651306152344
v 138.87774658203125 212.74554443359375 161.85740661621094
v 139.02200317382812 212.46810913085938 162.63336181640625
v 139.24880981445312 213.24388122558594 162.4276580810547
v 151.19419860839844 213.12335205078125 162.21533203125
v 139.52847290039062 213.9861602783203 162.12144470214844
v 139.8715362548828 214.63259887695312 161.78839111328125
v 140.0802459716797 214.39102172851562 162.57061767578125
v 140.51910400390625 214.95266723632812 162.14849853515625
v 142.25035095214844 215.32473754882812 162.13888549804688
v 140.9097137451172 215.38009643554688 161.62960815429688
v 141.42230224609375 215.19105529785156 162.32655334472656
v 141.39053344726562 215.4851837158203 161.6696319580078
v 141.88507080078125 215.510498046875 161.63626098632812
v 167.6839599609375 188.80087280273438 162.66400146484375
v 168.6168670654297 188.7002410888672 162.70071411132812
v 169.6409454345703 188.6287384033203 162.7178955078125
v 171.07872009277344 188.68338012695312 162.91433715820312
v 172.03306579589844 188.727294921875 162.8503875732422
v 172.87399291992188 188.67079162597656 162.5191192626953
v 173.70236206054688 188.83070373535156 162.5496826171875
v 159.6658172607422 189.725341796875 162.75389099121094
v 164.45001220703125 189.470458984375 162.9765167236328
v 166.1357879638672 189.22674560546875 163.0383758544922
v 167.11717224121094 189.13311767578125 163.2929229736328
v 169.01393127441406 188.9619903564453 163.45301818847656
v 170.27828979492188 188.92759704589844 163.45672607421875
v 172.193359375 189.11990356445312 163.62742614746094
v 173.16580200195312 189.07757568359375 163.24281311035156
v 174.21762084960938 189.29354858398438 163.17086791992188
v 175.04067993164062 189.51950073242188 163.020263671875
v 175.77113342285156 189.76608276367188 162.79295349121094
v 157.22129821777344 190.39019775390625 163.24484252929688
v 159.07984924316406 189.9824981689453 163.3804931640625
v 161.69158935546875 189.80406188964844 163.680908203125
v 163.22882080078125 189.76368713378906 163.6275634765625
v 176.8259735107422 190.617431640625 162.87709045410156
v 152.81578063964844 191.7473602294922 162.73873901367188
v 155.88145446777344 190.8686981201172 163.6130828857422
v 177.75955200195312 191.56515502929688 162.8634490966797
v 150.80186462402344 192.62388610839844 162.80320739746094
v 152.9490966796875 191.85231018066406 163.55496215820312
v 178.0176239013672 192.22727966308594 163.1511688232422
v 178.5011749267578 192.63958740234375 162.7050018310547
v 148.78848266601562 193.7091064453125 162.8291015625
v 149.4374237060547 193.3527374267578 163.07972717285156
v 178.21055603027344 192.92080688476562 163.3621368408203
v 147.6610870361328 194.59738159179688 162.94358825683594
v 148.26016235351562 194.17518615722656 163.34347534179688
v 178.56051635742188 194.02565002441406 163.0211181640625
v 146.5601043701172 195.57656860351562 162.85427856445312
v 147.17132568359375 195.12637329101562 163.37379455566406
v 178.3211669921875 194.53338623046875 163.40347290039062
v 145.4971160888672 196.5808563232422 162.90707397460938
v 144.5858154296875 197.5389404296875 162.97373962402344
v 145.14414978027344 197.13182067871094 163.35760498046875
v 177.64385986328125 196.60858154296875 163.5588836669922
v 143.71554565429688 198.56222534179688 162.8664093017578
v 142.84031677246094 199.72108459472656 162.68959045410156
v 143.3668212890625 199.2444305419922 163.15887451171875
v 143.9022674560547 198.82083129882812 163.64027404785156
v 143.05279541015625 199.94219970703125 163.4880828857422
v 176.48291015625 200.16905212402344 163.3398895263672
v 142.23434448242188 201.10409545898438 163.32913208007812
v 141.42393493652344 202.31358337402344 163.0959014892578
v 175.83349609375 201.67141723632812 162.91224670410156
v 174.9186248779297 202.887939453125 163.19873046875
v 174.3794708251953 203.48822021484375 163.45774841308594
v 139.7085418701172 205.57781982421875 162.80853271484375
v 171.39071655273438 206.48861694335938 163.37925720214844
v 138.91473388671875 207.71170043945312 162.6194610595703
v 170.164306640625 207.48487854003906 163.21527099609375
v 138.7997283935547 208.57940673828125 162.71949768066406
v 139.1187744140625 208.0791015625 163.37020874023438
v 169.519287109375 207.86927795410156 163.22024536132812
v 138.7451934814453 209.19908142089844 162.78041076660156
v 139.02798461914062 209.25865173339844 163.53196716308594
v 138.7410125732422 209.82374572753906 162.7895050048828
v 139.00750732421875 210.46542358398438 163.5356903076172
v 164.79867553710938 209.74644470214844 163.28250122070312
v 138.76705932617188 210.78102111816406 162.7521514892578
v 139.07003784179688 211.4142608642578 163.450439453125
v 138.85728454589844 211.6749725341797 162.70770263671875
v 139.14723205566406 212.129638671875 163.2581787109375
v 139.4545440673828 212.89390563964844 163.32028198242188
v 151.09132385253906 212.98622131347656 163.07261657714844
v 139.7272491455078 213.7191619873047 162.9360809326172
v 140.2885284423828 214.14065551757812 163.36106872558594
v 140.75448608398438 214.6903533935547 162.9408721923828
v 141.505859375 214.80422973632812 163.33053588867188
v 144.13133239746094 214.75836181640625 163.10243225097656
v 160.42984008789062 189.80410766601562 163.53414916992188
v 167.44540405273438 189.4141845703125 164.0436248779297
v 168.35377502441406 189.3310546875 164.1173553466797
v 171.26986694335938 189.27149963378906 164.06333923339844
v 172.96568298339844 189.48329162597656 164.0411376953125
v 173.86170959472656 189.61300659179688 163.86720275878906
v 174.7115020751953 189.81884765625 163.69558715820312
v 157.47120666503906 190.49649047851562 163.94740295410156
v 173.51513671875 189.97647094726562 164.54847717285156
v 174.36228942871094 190.15663146972656 164.35897827148438
v 175.13304138183594 190.37632751464844 164.12306213378906
v 175.8444366455078 190.6343994140625 163.8470916748047
v 154.47927856445312 191.43841552734375 164.0298309326172
v 156.8444061279297 190.84835815429688 164.5663299560547
v 176.84445190429688 191.5418701171875 163.8685760498047
v 150.8310546875 192.7743682861328 163.73385620117188
v 152.21914672851562 192.2718505859375 164.05136108398438
v 153.8790740966797 191.83055114746094 164.6143035888672
v 176.50540161132812 191.87014770507812 164.4864501953125
v 177.13487243652344 192.20236206054688 164.16123962402344
v 177.71185302734375 192.5521697998047 163.79371643066406
v 148.87391662597656 193.8095703125 163.70106506347656
v 149.53042602539062 193.4904327392578 163.98291015625
v 150.2245330810547 193.21401977539062 164.26547241210938
v 177.37722778320312 192.91757202148438 164.38890075683594
v 177.89974975585938 193.2870330810547 163.96591186523438
v 178.31521606445312 193.61141967773438 163.48678588867188
v 147.76705932617188 194.70440673828125 163.8170928955078
v 148.37527465820312 194.32260131835938 164.18968200683594
v 149.0109100341797 193.9919891357422 164.49977111816406
v 177.99945068359375 194.13534545898438 164.0148162841797
v 178.34751892089844 194.06246948242188 163.50872802734375
v 146.7157745361328 195.697265625 163.7435302734375
v 147.3186798095703 195.27793884277344 164.18206787109375
v 177.959716796875 195.02377319335938 163.89541625976562
v 146.91969299316406 195.8871307373047 164.49517822265625
v 177.83761596679688 195.8277130126953 163.7120361328125
v 177.53848266601562 195.54345703125 164.4144287109375
v 177.4679412841797 196.28054809570312 164.20176696777344
v 144.80104064941406 197.74440002441406 163.7406005859375
v 145.07049560546875 197.9722442626953 164.46466064453125
v 143.8511962890625 199.76651000976562 164.64279174804688
v 143.0137481689453 200.8953399658203 164.50527954101562
v 175.72085571289062 201.56182861328125 163.8026885986328
v 175.39321899414062 202.0047149658203 164.2265625
v 141.41177368164062 203.29421997070312 164.1072540283203
v 141.94432067871094 202.7960968017578 164.59999084472656
v 140.65374755859375 204.54478454589844 163.86080932617188
v 173.96092224121094 203.89891052246094 164.24658203125
v 140.41189575195312 205.29859924316406 164.10031127929688
v 139.70855712890625 206.5957794189453 163.78643798828125
v 139.52125549316406 207.43165588378906 163.96620178222656
v 170.92770385742188 206.90431213378906 164.31658935546875
v 139.4010772705078 208.35931396484375 164.16934204101562
v 169.09054565429688 208.1197967529297 164.16358947753906
v 167.00848388671875 209.02032470703125 164.19635009765625
v 139.30943298339844 210.22476196289062 164.33840942382812
v 164.99208068847656 209.7147979736328 164.3608856201172
v 139.3452911376953 211.2033233642578 164.22592163085938
v 139.47998046875 212.1685333251953 164.01905822753906
v 153.31884765625 212.2456512451172 164.28302001953125
v 139.79457092285156 212.92913818359375 164.0812530517578
v 149.2464141845703 213.10540771484375 164.16775512695312
v 151.80569458007812 212.68934631347656 163.76930236816406
v 139.96893310546875 213.51092529296875 163.7375030517578
v 140.22157287597656 213.31756591796875 164.4756622314453
v 140.5120849609375 213.9070587158203 164.12103271484375
v 144.43675231933594 214.30517578125 164.37535095214844
v 146.874755859375 213.7550811767578 163.7984161376953
v 140.90931701660156 214.41574096679688 163.72943115234375
v 141.12359619140625 214.1710662841797 164.42893981933594
v 141.5009307861328 214.52964782714844 164.02574157714844
v 143.18247985839844 214.65704345703125 164.00286865234375
v 143.61676025390625 214.4248809814453 164.5243377685547
v 169.4381561279297 189.5757598876953 164.6896209716797
v 170.8375244140625 189.67340087890625 164.7783966064453
v 171.79713439941406 189.6921844482422 164.6834716796875
v 158.3705596923828 190.62063598632812 165.01123046875
v 160.25515747070312 190.31417846679688 164.85086059570312
v 162.27676391601562 190.29971313476562 165.02870178222656
v 164.2409210205078 190.3807373046875 165.29412841796875
v 167.2342071533203 190.0403289794922 165.13047790527344
v 168.0172882080078 190.04318237304688 165.26040649414062
v 169.1069793701172 189.99240112304688 165.27407836914062
v 170.2984161376953 190.13768005371094 165.44007873535156
v 172.2635040283203 190.0596466064453 165.0931854248047
v 173.05859375 190.36500549316406 165.20742797851562
v 173.9930877685547 190.53631591796875 165.0020294189453
v 174.78482055664062 190.72756958007812 164.75755310058594
v 155.44845581054688 191.43394470214844 164.99302673339844
v 156.2529754638672 191.23727416992188 165.1678009033203
v 157.89305114746094 190.91732788085938 165.50660705566406
v 174.416259765625 191.1268310546875 165.3624267578125
v 175.1480255126953 191.3262939453125 165.08583068847656
v 175.8414306640625 191.57266235351562 164.79107666015625
v 151.6837158203125 192.72474670410156 164.76731872558594
v 153.2909393310547 192.25387573242188 165.1790313720703
v 154.87197875976562 191.85586547851562 165.56858825683594
v 175.455810546875 191.97193908691406 165.36593627929688
v 176.13560485839844 192.23448181152344 165.06394958496094
v 176.77992248535156 192.5595245361328 164.7471160888672
v 149.68603515625 193.7061004638672 164.7723388671875
v 151.1523895263672 193.20082092285156 165.29750061035156
v 176.39822387695312 192.94847106933594 165.27145385742188
v 177.01101684570312 193.31886291503906 164.92459106445312
v 177.5572052001953 193.6673583984375 164.51197814941406
v 147.93133544921875 194.8896026611328 164.5777587890625
v 148.56338500976562 194.54708862304688 164.9183807373047
v 149.2225341796875 194.25204467773438 165.21192932128906
v 177.217529296875 194.17086791992188 164.9551239013672
v 177.63504028320312 194.18215942382812 164.54612731933594
v 147.54127502441406 195.5006103515625 164.88885498046875
v 148.1826171875 195.15213012695312 165.25656127929688
v 177.6192169189453 194.70899963378906 164.51425170898438
v 177.1510009765625 195.0621337890625 165.01942443847656
v 176.43313598632812 198.3678436279297 165.43536376953125
v 145.07827758789062 198.91851806640625 165.48318481445312
v 176.08404541015625 200.04209899902344 165.1045684814453
v 175.4779052734375 201.36415100097656 165.4974365234375
v 142.486572265625 202.3197479248047 165.06776428222656
v 174.7731170654297 202.80055236816406 164.96047973632812
v 173.9503631591797 203.8478240966797 165.2853546142578
v 140.45555114746094 206.32196044921875 165.04278564453125
v 171.46292114257812 206.4149627685547 165.2759552001953
v 140.09764099121094 207.9376678466797 165.43394470214844
v 169.20420837402344 208.09556579589844 165.21835327148438
v 169.8704071044922 207.7050323486328 165.23780822753906
v 139.69412231445312 209.25523376464844 165.17367553710938
v 139.97891235351562 208.7747344970703 165.59986877441406
v 165.62388610839844 209.55555725097656 164.8253173828125
v 167.77304077148438 208.79251098632812 165.60154724121094
v 164.17105102539062 209.94021606445312 165.35635375976562
v 139.6292266845703 210.9679718017578 164.9997100830078
v 139.7515411376953 211.8498077392578 164.86563110351562
v 151.47557067871094 212.3590850830078 165.377197265625
v 155.6591033935547 211.654541015625 164.68357849121094
v 139.9673309326172 212.6442108154297 164.71163940429688
v 140.21263122558594 212.35275268554688 165.43878173828125
v 140.46995544433594 213.05409240722656 165.1843719482422
v 140.7747802734375 213.6608428955078 164.83981323242188
v 141.05747985839844 213.3756866455078 165.5454864501953
v 141.45196533203125 213.91546630859375 165.10594177246094
v 145.67901611328125 213.5616912841797 165.5931854248047
v 142.31504821777344 214.44471740722656 164.6078643798828
v 159.63192749023438 190.71817016601562 165.6557159423828
v 161.5386199951172 190.56201171875 165.57318115234375
v 163.21942138671875 190.6608123779297 165.8005828857422
v 165.21836853027344 190.49754333496094 165.59832763671875
v 168.11778259277344 190.4613037109375 165.85719299316406
v 171.25088500976562 190.57054138183594 165.83592224121094
v 172.22171020507812 190.47714233398438 165.57418823242188
v 172.9029083251953 190.84178161621094 165.76426696777344
v 173.63430786132812 190.95742797851562 165.59567260742188
v 156.50009155273438 191.47410583496094 165.93402099609375
v 157.34716796875 191.30548095703125 166.08274841308594
v 161.11756896972656 190.9487762451172 166.2665252685547
v 164.2646942138672 191.14181518554688 166.62025451660156
v 169.2169952392578 190.9843292236328 166.5020751953125
v 170.99984741210938 191.17303466796875 166.46359252929688
v 172.20118713378906 191.1035614013672 166.16307067871094
v 173.2034912109375 191.37393188476562 166.10618591308594
v 174.0022430419922 191.5654296875 165.91793823242188
v 174.74452209472656 191.7567901611328 165.65826416015625
v 152.7239990234375 192.7189178466797 165.72918701171875
v 154.30853271484375 192.30491638183594 166.1175994873047
v 155.9222412109375 191.9282989501953 166.51809692382812
v 173.5221405029297 192.01504516601562 166.40982055664062
v 174.26882934570312 192.2367401123047 166.1878662109375
v 175.0167694091797 192.47146606445312 165.9055633544922
v 175.74034118652344 192.68592834472656 165.58953857421875
v 150.65158081054688 193.7349090576172 165.7568359375
v 152.1919403076172 193.2332763671875 166.2418670654297
v 153.76744079589844 192.7905731201172 166.6382293701172
v 174.47157287597656 193.00390625 166.4190216064453
v 175.33387756347656 193.38699340820312 166.09483337402344
v 176.0413055419922 193.3580322265625 165.68080139160156
v 176.60130310058594 193.7308807373047 165.39935302734375
v 148.83953857421875 194.84994506835938 165.58258056640625
v 150.2232208251953 194.322509765625 166.15782165527344
v 176.09388732910156 194.22740173339844 165.85874938964844
v 176.7522735595703 194.47621154785156 165.41114807128906
v 147.8607940673828 195.79794311523438 165.54603576660156
v 148.5298309326172 195.4924774169922 165.89976501464844
v 149.2030487060547 195.2203369140625 166.218994140625
v 149.88775634765625 194.95680236816406 166.51300048828125
v 176.5911865234375 195.18519592285156 165.5720977783203
v 176.07977294921875 196.22128295898438 166.21180725097656
v 176.46424865722656 195.91079711914062 165.73907470703125
v 176.5543670654297 196.69032287597656 165.62457275390625
v 145.7130584716797 198.53408813476562 165.8502197265625
v 146.0564422607422 198.88035583496094 166.5356903076172
v 176.01220703125 198.94857788085938 166.24317932128906
v 144.4542999267578 200.33572387695312 166.04978942871094
v 175.91030883789062 199.8629150390625 165.9635009765625
v 144.15635681152344 201.05657958984375 166.321044921875
v 175.7263946533203 200.63427734375 165.73831176757812
v 175.55538940429688 200.5167694091797 166.54666137695312
v 143.3170623779297 202.1815185546875 166.1949462890625
v 175.0738067626953 201.89413452148438 166.22677612304688
v 174.73074340820312 202.6702880859375 165.80718994140625
v 174.30738830566406 203.20289611816406 166.4231414794922
v 142.2489776611328 204.09170532226562 166.2843017578125
v 173.460693359375 204.34506225585938 166.2191162109375
v 141.46803283691406 205.34234619140625 166.03219604492188
v 172.4933319091797 205.3833465576172 166.27108764648438
v 140.55850219726562 207.4049835205078 165.9694061279297
v 170.48867797851562 207.2526092529297 166.33795166015625
v 169.4080047607422 208.00035095214844 166.2019805908203
v 166.1920623779297 209.4444580078125 166.14828491210938
v 139.8621368408203 210.1470489501953 165.70176696777344
v 140.16488647460938 210.07749938964844 166.25906372070312
v 161.36915588378906 210.36856079101562 166.35321044921875
v 160.4608917236328 210.511962890625 166.4956512451172
v 164.4268798828125 209.93035888671875 166.30923461914062
v 165.08035278320312 209.79244995117188 166.26405334472656
v 139.9041290283203 210.694091796875 165.7005157470703
v 140.3353729248047 211.09432983398438 166.41232299804688
v 155.48641967773438 211.4312744140625 166.42189025878906
v 158.15499877929688 211.00570678710938 166.20712280273438
v 140.02084350585938 211.54347229003906 165.6193389892578
v 140.4785614013672 212.0218048095703 166.1602325439453
v 154.7659454345703 211.6719970703125 165.70697021484375
v 140.73130798339844 212.75257873535156 165.89207458496094
v 141.0001220703125 212.43698120117188 166.5814971923828
v 141.33279418945312 213.0670623779297 166.2421417236328
v 145.45831298828125 213.34890747070312 166.39112854003906
v 141.75021362304688 213.60862731933594 165.81478881835938
v 142.01686096191406 213.30076599121094 166.50135803222656
v 142.42056274414062 213.70021057128906 166.05821228027344
v 144.15234375 213.76473999023438 166.02944946289062
v 158.44186401367188 191.42233276367188 166.7533416748047
v 160.11190795898438 191.41761779785156 166.98951721191406
v 162.22984313964844 191.381591796875 166.98886108398438
v 167.29513549804688 191.3719482421875 166.98646545410156
v 168.42727661132812 191.48924255371094 167.08108520507812
v 170.22157287597656 191.55340576171875 166.94178771972656
v 171.86778259277344 191.64361572265625 166.67340087890625
v 172.6976776123047 191.816650390625 166.57347106933594
v 155.361328125 192.4084014892578 167.0612030029297
v 157.0777587890625 192.0574188232422 167.38665771484375
v 159.2118377685547 191.85391235351562 167.57400512695312
v 161.34719848632812 191.85400390625 167.66807556152344
v 163.08734130859375 191.83297729492188 167.65782165527344
v 165.267333984375 191.82994079589844 167.58892822265625
v 168.2550048828125 192.10337829589844 167.73072814941406
v 169.3465118408203 191.9438934326172 167.42015075683594
v 170.4293212890625 192.15402221679688 167.39552307128906
v 173.0331573486328 192.4197235107422 166.81124877929688
v 151.716796875 193.79766845703125 166.69180297851562
v 153.26637268066406 193.32298278808594 167.12432861328125
v 154.053955078125 193.11485290527344 167.33213806152344
v 154.8426513671875 192.91873168945312 167.55189514160156
v 171.54359436035156 192.96240234375 167.62881469726562
v 173.84376525878906 193.5045623779297 166.90673828125
v 150.594970703125 194.68411254882812 166.7979736328125
v 152.0707550048828 194.1419677734375 167.3300018310547
v 173.26976013183594 194.03562927246094 167.37551879882812
v 151.01878356933594 195.0548553466797 167.40318298339844
v 175.6719207763672 196.6102752685547 166.76107788085938
v 148.46530151367188 197.27378845214844 167.1062469482422
v 175.26248168945312 196.9910430908203 167.34716796875
v 175.75973510742188 197.4510498046875 166.84368896484375
v 175.7303924560547 198.31654357910156 167.00022888183594
v 146.39219665527344 199.24649047851562 167.2119598388672
v 175.687744140625 199.06771850585938 167.03944396972656
v 175.6785125732422 199.7331085205078 166.794189453125
v 175.39764404296875 199.52001953125 167.5553741455078
v 175.3174591064453 200.3590087890625 167.3806610107422
v 175.15469360351562 201.2535858154297 167.05084228515625
v 174.84991455078125 202.0000457763672 167.0863037109375
v 143.35719299316406 203.2406768798828 167.1713409423828
v 173.93939208984375 203.62173461914062 167.00747680664062
v 172.525390625 205.294677734375 167.3235321044922
v 173.047607421875 204.748291015625 167.01406860351562
v 171.51190185546875 206.33038330078125 167.33839416503906
v 141.1514892578125 207.99697875976562 167.3605499267578
v 169.1797332763672 208.13087463378906 167.2086944580078
v 140.56954956054688 209.40940856933594 166.92735290527344
v 140.99462890625 208.82186889648438 167.48385620117188
v 167.35772705078125 209.01258850097656 167.23500061035156
v 140.60186767578125 210.31065368652344 167.08177185058594
v 164.11111450195312 209.9931182861328 167.23416137695312
v 165.79144287109375 209.61553955078125 167.46763610839844
v 140.69668579101562 211.06195068359375 167.0993194580078
v 140.76795959472656 211.72030639648438 166.85134887695312
v 141.07049560546875 211.42645263671875 167.47662353515625
v 141.28636169433594 212.1275634765625 167.24343872070312
v 150.27178955078125 212.0093536376953 167.31069946289062
v 141.61727905273438 212.7620086669922 166.91773986816406
v 142.3638153076172 213.01376342773438 167.15899658203125
v 144.26109313964844 213.28335571289062 167.10902404785156
v 146.0812225341797 212.9744110107422 167.01937866210938
v 143.36158752441406 213.1908721923828 167.2756805419922
v 143.30496215820312 213.55604553222656 166.63397216796875
v 156.46640014648438 192.55703735351562 167.93914794921875
v 157.37466430664062 192.4125518798828 168.05531311035156
v 158.44244384765625 192.3827667236328 168.2137451171875
v 160.27105712890625 192.26272583007812 168.1931610107422
v 162.33743286132812 192.1438751220703 168.07101440429688
v 164.2058868408203 192.38742065429688 168.35850524902344
v 168.9322967529297 192.54092407226562 168.02481079101562
v 170.74252319335938 192.777587890625 167.7657470703125
v 152.83056640625 193.90147399902344 167.56015014648438
v 153.6028289794922 193.6815948486328 167.77610778808594
v 155.1602783203125 193.26791381835938 168.21139526367188
v 155.9557647705078 193.0755615234375 168.4073486328125
v 168.5695343017578 193.0192413330078 168.48939514160156
v 170.25120544433594 193.2489776611328 168.21144104003906
v 151.73939514160156 194.77223205566406 167.67613220214844
v 153.22520446777344 194.28985595703125 168.16761779785156
v 154.75314331054688 193.85360717773438 168.60284423828125
v 171.3102569580078 194.12039184570312 168.31686401367188
v 152.18960571289062 195.1656036376953 168.24610900878906
v 174.66075134277344 196.62606811523438 167.7374267578125
v 149.5821533203125 197.3948211669922 168.00076293945312
v 150.27626037597656 197.1060791015625 168.27456665039062
v 150.97369384765625 196.8117218017578 168.54005432128906
v 174.86373901367188 197.3995361328125 167.93051147460938
v 175.38330078125 197.7613525390625 167.47610473632812
v 174.45059204101562 197.82310485839844 168.5129852294922
v 175.0630340576172 198.22898864746094 168.0233154296875
v 175.43682861328125 198.2569122314453 167.5457763671875
v 175.4329071044922 198.74900817871094 167.57843017578125
v 175.06097412109375 199.0850067138672 168.1869354248047
v 145.7210235595703 200.60641479492188 167.8439483642578
v 174.9860076904297 200.0268096923828 168.2715301513672
v 174.9461669921875 200.9657745361328 167.97732543945312
v 174.58657836914062 201.52064514160156 168.5309295654297
v 174.4485626220703 202.16249084472656 168.2734832763672
v 144.83741760253906 202.7300262451172 168.62110900878906
v 174.10260009765625 202.87510681152344 168.2873077392578
v 173.78347778320312 203.6263885498047 167.8221893310547
v 173.2957305908203 204.19911193847656 168.31724548339844
v 172.37742614746094 205.32168579101562 168.44754028320312
v 170.28228759765625 207.34580993652344 168.49034118652344
v 168.48391723632812 208.46559143066406 168.281494140625
v 169.71546936035156 207.78311157226562 167.91087341308594
v 140.91343688964844 209.65176391601562 167.57305908203125
v 141.3394012451172 209.17596435546875 168.10313415527344
v 167.09878540039062 209.10581970214844 168.1986083984375
v 140.89739990234375 210.18324279785156 167.61126708984375
v 141.30641174316406 210.1400146484375 168.13682556152344
v 140.9488067626953 210.69403076171875 167.5941925048828
v 141.40586853027344 211.05255126953125 168.06263732910156
v 151.5101318359375 211.5072479248047 168.55213928222656
v 156.1349639892578 211.04580688476562 168.10899353027344
v 157.9088592529297 210.82322692871094 167.9206085205078
v 141.6048126220703 211.8066864013672 167.8824920654297
v 146.48353576660156 212.40255737304688 168.45738220214844
v 141.9233856201172 212.45680236816406 167.58489990234375
v 142.24826049804688 212.13038635253906 168.25120544433594
v 142.682373046875 212.6842041015625 167.86679077148438
v 145.17247009277344 212.78868103027344 168.00967407226562
v 145.89276123046875 212.74452209472656 167.81137084960938
v 156.79991149902344 192.91232299804688 168.55455017089844
v 157.59588623046875 192.7770538330078 168.6025390625
v 158.31271362304688 192.96255493164062 168.89730834960938
v 159.41485595703125 192.69830322265625 168.6689910888672
v 161.20286560058594 192.89752197265625 168.9459991455078
v 163.14791870117188 192.64016723632812 168.665771484375
v 164.28076171875 192.8900146484375 168.9166717529297
v 164.98313903808594 192.67788696289062 168.65391540527344
v 165.80172729492188 192.7574005126953 168.6505584716797
v 167.7351837158203 192.94091796875 168.5736846923828
v 155.53012084960938 193.6380615234375 168.80288696289062
v 156.35183715820312 193.4513397216797 168.97569274902344
v 157.3529052734375 193.337646484375 169.14405822753906
v 158.23582458496094 193.40907287597656 169.33697509765625
v 165.20001220703125 193.20892333984375 169.1468963623047
v 166.2552032470703 193.3424072265625 169.12332153320312
v 168.16189575195312 193.4218292236328 168.86476135253906
v 169.76791381835938 193.76048278808594 168.66561889648438
v 153.66119384765625 194.71109008789062 168.7364044189453
v 154.41322326660156 194.48597717285156 168.9501495361328
v 155.17486572265625 194.25454711914062 169.14639282226562
v 155.94552612304688 194.03207397460938 169.31256103515625
v 158.6719970703125 193.80136108398438 169.68246459960938
v 159.9875030517578 193.63446044921875 169.5943603515625
v 167.29782104492188 194.15333557128906 169.53758239746094
v 169.25332641601562 195.1170654296875 169.5966796875
v 151.39927673339844 197.21774291992188 169.10214233398438
v 152.1422119140625 196.967529296875 169.3630828857422
v 173.79550170898438 197.50186157226562 168.84359741210938
v 174.2158203125 198.96548461914062 169.26083374023438
v 174.6691131591797 199.3729705810547 168.83277893066406
v 146.6805877685547 200.59703063964844 168.8183135986328
v 147.338134765625 200.30641174316406 169.1117706298828
v 174.5821075439453 200.04132080078125 169.05502319335938
v 145.7473907470703 201.6094970703125 168.74520874023438
v 174.66941833496094 200.74661254882812 168.76019287109375
v 174.3235626220703 200.58041381835938 169.4224853515625
v 174.36083984375 201.2471466064453 169.1741943359375
v 174.11961364746094 202.11367797851562 169.13803100585938
v 173.83135986328125 202.96212768554688 169.09344482421875
v 173.46315002441406 203.4306182861328 169.51683044433594
v 173.16900634765625 204.0889129638672 169.21441650390625
v 172.2914276123047 205.22166442871094 169.38015747070312
v 142.67196655273438 206.55880737304688 168.86431884765625
v 171.3317413330078 206.28741455078125 169.4449462890625
v 142.448974609375 207.34918212890625 169.03353881835938
v 170.83180236816406 206.8406524658203 168.98806762695312
v 141.80984497070312 208.69444274902344 168.64395141601562
v 168.99942016601562 208.10589599609375 169.2783203125
v 166.23492431640625 209.3946990966797 169.3004913330078
v 167.5927276611328 208.85667419433594 168.94923400878906
v 141.7206268310547 210.15206909179688 168.68035888671875
v 158.5016632080078 210.49537658691406 169.4861602783203
v 163.16661071777344 210.03883361816406 169.1915283203125
v 165.0707550048828 209.7502899169922 169.17807006835938
v 165.62828063964844 209.62916564941406 168.82186889648438
v 141.79078674316406 210.6934051513672 168.63938903808594
v 142.36671447753906 211.05160522460938 169.12184143066406
v 141.96800231933594 211.45851135253906 168.50759887695312
v 142.61705017089844 211.77084350585938 168.9015350341797
v 143.02609252929688 211.36842346191406 169.5460662841797
v 143.34683227539062 211.97877502441406 169.1966094970703
v 145.21917724609375 212.28189086914062 169.12005615234375
v 147.08721923828125 212.03785705566406 169.255859375
v 142.95626831054688 212.32766723632812 168.56617736816406
v 143.60433959960938 212.39236450195312 168.79397583007812
v 144.30230712890625 212.1527862548828 169.290283203125
v 144.0861358642578 212.58290100097656 168.56826782226562
v 157.2783966064453 193.81202697753906 169.54879760742188
v 162.23873901367188 193.70594787597656 169.7215576171875
v 163.83782958984375 193.74978637695312 169.72157287597656
v 158.21104431152344 194.87855529785156 170.39865112304688
v 159.12042236328125 194.98167419433594 170.58514404296875
v 163.4703826904297 194.87547302246094 170.65573120117188
v 153.6610870361328 196.53843688964844 169.8661651611328
v 170.00086975097656 196.41993713378906 170.11598205566406
v 154.16810607910156 197.01492309570312 170.41519165039062
v 154.98057556152344 196.7972412109375 170.6420440673828
v 150.69139099121094 198.55966186523438 169.79095458984375
v 151.47303771972656 198.3125 170.0433807373047
v 152.26158142089844 198.083740234375 170.28756713867188
v 153.05166625976562 197.8731231689453 170.52456665039062
v 153.83953857421875 197.67257690429688 170.7542724609375
v 173.60671997070312 198.67507934570312 169.6259765625
v 173.17247009277344 199.15325927734375 170.1575469970703
v 173.8746337890625 199.47642517089844 169.7733154296875
v 174.3538360595703 199.5503387451172 169.32827758789062
v 148.41769409179688 200.42703247070312 170.03089904785156
v 173.3994598388672 199.91424560546875 170.32534790039062
v 173.9229278564453 200.2697296142578 169.92303466796875
v 174.25047302246094 199.9707489013672 169.53533935546875
v 146.77291870117188 201.6280059814453 169.74403381347656
v 173.9047393798828 201.19976806640625 169.91290283203125
v 173.75022888183594 202.05760192871094 169.97015380859375
v 173.67527770996094 202.72857666015625 169.74391174316406
v 173.38058471679688 202.48374938964844 170.43585205078125
v 173.24925231933594 203.2246551513672 170.240478515625
v 173.01182556152344 203.92442321777344 170.00698852539062
v 172.52076721191406 204.41798400878906 170.50942993164062
v 172.18344116210938 205.0710906982422 170.21917724609375
v 143.53482055664062 206.34825134277344 170.04031372070312
v 171.2584991455078 206.1470489501953 170.31373596191406
v 142.77944946289062 207.6632537841797 169.69866943359375
v 143.3032684326172 207.1317901611328 170.22450256347656
v 170.23281860351562 207.11769104003906 170.2964630126953
v 143.13760375976562 207.99220275878906 170.34976196289062
v 168.47792053222656 208.27687072753906 170.2483367919922
v 169.6973876953125 207.60882568359375 169.8151397705078
v 142.628173828125 209.10475158691406 169.84967041015625
v 143.0470733642578 208.98594665527344 170.37818908691406
v 165.58485412597656 209.44985961914062 170.58538818359375
v 143.27798461914062 210.0201873779297 170.50828552246094
v 159.33001708984375 210.29896545410156 170.28273010253906
v 161.25115966796875 210.14395141601562 170.1739501953125
v 162.20321655273438 210.0623321533203 170.17237854003906
v 164.04173278808594 209.85902404785156 170.04872131347656
v 142.79820251464844 210.58187866210938 169.76539611816406
v 143.43768310546875 210.9360809326172 170.20883178710938
v 148.5369873046875 211.5220947265625 170.46865844726562
v 143.75225830078125 211.59555053710938 169.8450469970703
v 144.10804748535156 211.22483825683594 170.49496459960938
v 144.4385223388672 211.69140625 170.06629943847656
v 147.20571899414062 211.782470703125 170.0526580810547
v 159.46728515625 195.34629821777344 170.92721557617188
v 160.25448608398438 195.5399932861328 171.19613647460938
v 162.44544982910156 195.40194702148438 171.18190002441406
v 155.41090393066406 197.26467895507812 171.19651794433594
v 168.4526824951172 197.0377960205078 171.40509033203125
v 153.458251953125 198.2983856201172 171.11941528320312
v 155.020263671875 197.8817596435547 171.54806518554688
v 169.49285888671875 197.96209716796875 171.4664306640625
v 153.02987670898438 198.90890502929688 171.50587463378906
v 150.30003356933594 200.26197814941406 171.2052459716797
v 172.99229431152344 200.49806213378906 170.83786010742188
v 173.562255859375 200.5691680908203 170.35116577148438
v 172.4320831298828 200.93832397460938 171.41983032226562
v 172.9966278076172 201.32766723632812 171.0338134765625
v 173.41787719726562 201.0485382080078 170.56822204589844
v 173.4447021484375 201.710205078125 170.53053283691406
v 172.95388793945312 202.15286254882812 171.10777282714844
v 172.93173217773438 202.9718475341797 170.93263244628906
v 145.6118621826172 204.465576171875 170.90438842773438
v 146.92898559570312 203.81329345703125 171.54295349121094
v 172.77586364746094 203.72215270996094 170.74224853515625
v 172.44053649902344 203.4738006591797 171.43846130371094
v 172.27114868164062 204.22071838378906 171.24981689453125
v 144.68917846679688 205.5135955810547 170.85626220703125
v 172.0083770751953 204.90443420410156 171.0061798095703
v 143.85008239746094 206.63731384277344 170.70794677734375
v 144.41552734375 206.2186737060547 171.11988830566406
v 171.4821014404297 205.37217712402344 171.49227905273438
v 171.12969970703125 205.9940643310547 171.15089416503906
v 143.6519775390625 207.43048095703125 170.8826904296875
v 144.1887664794922 206.9551544189453 171.3397979736328
v 169.50421142578125 207.37864685058594 171.54611206054688
v 170.70858764648438 206.5771942138672 170.74546813964844
v 143.5484619140625 208.3002166748047 171.00735473632812
v 169.01194763183594 207.8428497314453 171.01239013671875
v 168.31295776367188 208.19261169433594 171.32318115234375
v 143.62777709960938 209.20933532714844 171.16148376464844
v 167.0074920654297 208.86648559570312 171.03109741210938
v 143.76109313964844 209.9497833251953 171.1522216796875
v 163.05422973632812 209.8863983154297 171.04339599609375
v 164.76136779785156 209.6364288330078 170.80047607421875
v 143.84371948242188 210.5821990966797 170.8596954345703
v 144.2203369140625 210.2666778564453 171.46192932128906
v 144.50672912597656 210.90809631347656 171.11294555664062
v 147.24246215820312 211.39651489257812 171.19729614257812
v 149.13294982910156 211.23155212402344 171.40309143066406
v 144.85874938964844 211.44549560546875 170.60150146484375
v 145.3906707763672 211.18182373046875 171.23724365234375
v 146.10540771484375 211.5154266357422 170.83203125
v 146.3759307861328 211.23411560058594 171.48861694335938
v 158.60968017578125 196.51930236816406 171.87274169921875
v 165.3141632080078 196.31687927246094 171.95559692382812
v 166.19735717773438 196.59620666503906 172.0501251220703
v 166.54103088378906 197.08514404296875 172.3839874267578
v 167.3019561767578 197.244384765625 172.1896209716797
v 168.04638671875 197.44845581054688 171.9616241455078
v 167.5886688232422 197.88934326171875 172.51101684570312
v 168.57960510253906 198.81539916992188 172.5353546142578
v 169.3136749267578 199.07855224609375 172.26454162597656
v 171.75262451171875 200.63555908203125 171.75340270996094
v 151.02821350097656 201.01698303222656 172.41490173339844
v 170.56558227539062 200.8197021484375 172.53431701660156
v 171.94515991210938 201.40142822265625 171.93060302734375
v 172.53195190429688 201.69581604003906 171.5394287109375
v 148.5994110107422 202.5181121826172 171.85995483398438
v 149.99038696289062 201.93519592285156 172.44390869140625
v 171.452392578125 201.8770294189453 172.43280029296875
v 172.1088104248047 202.23397827148438 171.983642578125
v 172.5683135986328 202.19076538085938 171.5716094970703
v 147.6005401611328 203.50823974609375 171.83670043945312
v 172.53469848632812 202.70042419433594 171.54640197753906
v 171.9822235107422 203.14157104492188 172.1086883544922
v 171.93093872070312 203.966552734375 171.9462890625
v 145.6374053955078 205.52464294433594 171.76614379882812
v 146.30088806152344 205.2105712890625 172.0485076904297
v 146.99716186523438 204.9269561767578 172.3317108154297
v 171.75289916992188 204.70079040527344 171.7545623779297
v 171.41555786132812 204.4207000732422 172.4468231201172
v 171.2183837890625 205.15228271484375 172.25791931152344
v 144.7607879638672 206.5698699951172 171.71588134765625
v 145.3765106201172 206.23013305664062 172.02474975585938
v 170.93955993652344 205.82225036621094 171.9607696533203
v 170.37493896484375 206.26095581054688 172.40414428710938
v 144.0371551513672 207.74752807617188 171.5060272216797
v 144.57559204101562 207.32186889648438 171.92529296875
v 145.17428588867188 206.966552734375 172.26739501953125
v 169.97030639648438 206.84938049316406 172.006591796875
v 143.98358154296875 208.55960083007812 171.62181091308594
v 144.4674530029297 208.12991333007812 172.07553100585938
v 145.026611328125 207.74789428710938 172.46644592285156
v 167.44314575195312 208.3829345703125 172.52340698242188
v 143.98960876464844 209.08253479003906 171.6667022705078
v 144.45098876953125 209.03439331054688 172.14186096191406
v 165.11363220214844 209.30677795410156 172.18115234375
v 164.4469757080078 209.41876220703125 172.44444274902344
v 166.8156280517578 208.77784729003906 171.93557739257812
v 144.05917358398438 209.57496643066406 171.63302612304688
v 144.5807647705078 209.87832641601562 172.03738403320312
v 162.04713439941406 209.85626220703125 171.95986938476562
v 163.78297424316406 209.67483520507812 171.79444885253906
v 144.87100219726562 210.56591796875 171.75772094726562
v 145.1938934326172 210.2044219970703 172.38922119140625
v 145.6249237060547 210.7825164794922 172.01663208007812
v 146.30087280273438 210.86610412597656 172.23782348632812
v 148.22891235351562 211.0616455078125 172.1027069091797
v 149.04957580566406 210.98385620117188 172.3184051513672
v 150.0498046875 210.9490203857422 172.2455291748047
v 151.10098266601562 210.90550231933594 171.98045349121094
v 152.6799774169922 210.5731658935547 172.57762145996094
v 161.63841247558594 196.78302001953125 172.60890197753906
v 162.6569061279297 196.77203369140625 172.6474151611328
v 163.31715393066406 196.78143310546875 172.6747589111328
v 163.88047790527344 196.78952026367188 172.6441650390625
v 165.71804809570312 196.9336395263672 172.4939422607422
v 161.0286407470703 197.26834106445312 173.0443572998047
v 165.11473083496094 197.40921020507812 173.01585388183594
v 166.02342224121094 197.52938842773438 172.89190673828125
v 166.83169555664062 197.6938934326172 172.72573852539062
v 163.24964904785156 197.82737731933594 173.59231567382812
v 164.31163024902344 198.00184631347656 173.60189819335938
v 165.4117431640625 198.04092407226562 173.405029296875
v 167.0838623046875 198.36837768554688 173.03652954101562
v 166.55670166015625 198.88446044921875 173.53421020507812
v 168.0908203125 199.30650329589844 173.05271911621094
v 153.29383850097656 200.29103088378906 173.16275024414062
v 152.16432189941406 201.17486572265625 173.31430053710938
v 168.59446716308594 200.82093811035156 173.49581909179688
v 170.77774047851562 201.5711212158203 172.7624053955078
v 150.40907287597656 202.3618621826172 173.0574493408203
v 151.1258087158203 202.09683227539062 173.37393188476562
v 170.26852416992188 202.059326171875 173.23666381835938
v 170.9495849609375 202.35621643066406 172.91856384277344
v 171.55039978027344 202.66355895996094 172.53225708007812
v 170.4426727294922 202.84214782714844 173.3673858642578
v 171.10623168945312 203.19871520996094 172.9514923095703
v 171.56784057617188 203.18038940429688 172.5703887939453
v 171.5330047607422 203.67593383789062 172.5384979248047
v 171.02484130859375 204.02500915527344 173.00534057617188
v 170.83216857910156 204.82778930664062 173.01080322265625
v 146.4197235107422 206.30072021484375 172.72312927246094
v 148.75289916992188 205.72964477539062 173.68374633789062
v 170.6743621826172 205.6059112548828 172.73089599609375
v 170.31861877441406 205.36961364746094 173.41641235351562
v 170.12017822265625 206.05357360839844 173.16639709472656
v 145.67886352539062 207.41900634765625 172.78945922851562
v 148.57972717285156 206.53794860839844 173.87966918945312
v 169.7857208251953 206.68258666992188 172.8161163330078
v 169.17233276367188 207.07298278808594 173.19155883789062
v 144.9402313232422 208.54083251953125 172.59283447265625
v 145.53160095214844 208.24363708496094 172.9635772705078
v 146.2244415283203 207.95668029785156 173.2748260498047
v 146.9799041748047 207.77764892578125 173.5659942626953
v 168.0205535888672 207.93521118164062 173.06265258789062
v 167.32443237304688 208.21945190429688 173.368408203125
v 168.69386291503906 207.612060546875 172.7413330078125
v 168.53358459472656 207.4206085205078 173.53744506835938
v 144.920166015625 209.05410766601562 172.63455200195312
v 145.45216369628906 209.12234497070312 173.0366668701172
v 146.07855224609375 208.73988342285156 173.3938751220703
v 166.07872009277344 208.80313110351562 173.14089965820312
v 166.7083282470703 208.6347198486328 172.82469177246094
v 144.98072814941406 209.535888671875 172.58103942871094
v 145.54132080078125 209.8690185546875 172.92344665527344
v 154.26815795898438 210.26400756835938 173.28073120117188
v 160.2029571533203 209.80374145507812 173.11029052734375
v 161.87014770507812 209.71820068359375 172.80528259277344
v 162.76512145996094 209.64283752441406 172.7207489013672
v 145.8594207763672 210.44354248046875 172.65162658691406
v 146.16249084472656 210.13641357421875 173.14691162109375
v 146.6152801513672 210.6266326904297 172.74566650390625
v 147.48143005371094 210.7504119873047 172.7511444091797
v 148.3538818359375 210.76466369628906 172.84376525878906
v 149.29486083984375 210.697021484375 173.03199768066406
v 150.2123260498047 210.6988983154297 173.0528106689453
v 150.96841430664062 210.71841430664062 172.81919860839844
v 150.7335205078125 210.45021057128906 173.5665740966797
v 151.62745666503906 210.45445251464844 173.41551208496094
v 164.00352478027344 198.61619567871094 174.12139892578125
v 156.45193481445312 199.3935089111328 173.9912567138672
v 157.29124450683594 199.22515869140625 174.21279907226562
v 158.2667236328125 199.1132049560547 174.4700164794922
v 159.10621643066406 198.85366821289062 174.41758728027344
v 162.47335815429688 198.79629516601562 174.50732421875
v 165.1982421875 199.26144409179688 174.21922302246094
v 166.02899169921875 199.42970275878906 174.01271057128906
v 155.2374267578125 200.1914520263672 174.19192504882812
v 156.02828979492188 199.9850311279297 174.3892059326172
v 166.28707885742188 200.1927490234375 174.24526977539062
v 152.5734405517578 201.5542449951172 173.93408203125
v 154.82203674316406 200.78836059570312 174.56712341308594
v 152.25051879882812 202.19944763183594 174.2666778564453
v 168.98236083984375 202.3622283935547 173.92100524902344
v 169.74668884277344 202.59512329101562 173.67520141601562
v 151.94190979003906 202.8608856201172 174.55459594726562
v 166.7775115966797 202.63783264160156 174.80810546875
v 169.97918701171875 203.296142578125 173.73880004882812
v 170.52407836914062 203.63424682617188 173.44052124023438
v 151.0003662109375 203.9166259765625 174.50729370117188
v 168.49026489257812 203.82012939453125 174.58779907226562
v 169.37747192382812 204.7954559326172 174.3542022705078
v 169.90884399414062 205.05355834960938 173.93873596191406
v 170.34335327148438 204.75631713867188 173.57391357421875
v 169.75833129882812 205.7877960205078 173.88375854492188
v 168.95437622070312 206.8478240966797 173.92100524902344
v 168.31698608398438 207.16993713378906 174.27490234375
v 169.5491180419922 206.4747772216797 173.5627899169922
v 169.24359130859375 206.26382446289062 174.19317626953125
v 146.79092407226562 208.55006408691406 173.6668701171875
v 147.56712341308594 208.39752197265625 173.93533325195312
v 148.37863159179688 208.22605895996094 174.24099731445312
v 167.17703247070312 208.02232360839844 174.1763153076172
v 166.4593505859375 208.29026794433594 174.4464569091797
v 167.86729431152344 207.7329559326172 173.86563110351562
v 146.0591583251953 209.31793212890625 173.44703674316406
v 146.65701293945312 209.25225830078125 173.65737915039062
v 147.460693359375 209.1639862060547 173.8952178955078
v 148.22703552246094 208.9910125732422 174.182373046875
v 161.31385803222656 209.38674926757812 174.47686767578125
v 163.2548370361328 209.20191955566406 174.2769317626953
v 165.03904724121094 208.917236328125 173.99940490722656
v 145.88563537597656 209.6586151123047 173.29043579101562
v 146.45843505859375 209.77871704101562 173.49093627929688
v 147.37286376953125 209.89942932128906 173.6347198486328
v 148.37562561035156 209.7707977294922 173.94468688964844
v 148.96900939941406 209.37789916992188 174.35997009277344
v 149.37757873535156 209.9680633544922 174.08663940429688
v 151.34373474121094 210.0658721923828 174.24647521972656
v 150.2915802001953 210.05567932128906 174.1708984375
v 153.04989624023438 210.06863403320312 174.22341918945312
v 153.90931701660156 210.06365966796875 174.13803100585938
v 157.24522399902344 209.8891143798828 173.89620971679688
v 158.74876403808594 209.5683135986328 174.67564392089844
v 159.64837646484375 209.52513122558594 174.5389404296875
v 146.91836547851562 210.30291748046875 173.25270080566406
v 147.6708984375 210.45494079589844 173.24847412109375
v 148.34251403808594 210.36497497558594 173.43882751464844
v 149.04537963867188 210.30654907226562 173.6529541015625
v 149.83847045898438 210.42483520507812 173.60951232910156
v 158.3596954345703 199.6039276123047 175.01524353027344
v 159.21957397460938 199.3599395751953 174.96286010742188
v 160.4359893798828 199.42808532714844 175.18536376953125
v 161.34988403320312 199.44154357910156 175.21676635742188
v 163.0908660888672 199.63619995117188 175.0911407470703
v 164.69041442871094 199.81759643554688 174.7047882080078
v 157.19776916503906 200.22219848632812 175.12083435058594
v 157.9647674560547 200.07144165039062 175.28590393066406
v 163.43531799316406 200.16116333007812 175.34117126464844
v 164.97564697265625 200.55349731445312 174.93751525878906
v 153.68283081054688 201.62892150878906 174.7165069580078
v 154.4276885986328 201.39630126953125 174.90354919433594
v 155.20021057128906 201.2083740234375 175.07786560058594
v 156.00045776367188 201.03829956054688 175.244873046875
v 156.79940795898438 200.8506317138672 175.39926147460938
v 164.4191131591797 201.08926391601562 175.36550903320312
v 152.63015747070312 202.54769897460938 174.80116271972656
v 153.34556579589844 202.2672882080078 175.013916015625
v 154.09129333496094 202.03662109375 175.19810485839844
v 154.86953735351562 201.86631774902344 175.36216735839844
v 151.64984130859375 203.5482635498047 174.7950897216797
v 152.32147216796875 203.2227325439453 175.04537963867188
v 153.04469299316406 202.9552764892578 175.26412963867188
v 165.43157958984375 202.90757751464844 175.4120635986328
v 151.40118408203125 204.2831268310547 174.9957733154297
v 152.045654296875 203.92471313476562 175.24070739746094
v 164.86972045898438 203.4463348388672 175.80538940429688
v 167.9469451904297 204.3805694580078 175.00857543945312
v 168.69305419921875 204.61788940429688 174.71917724609375
v 151.22238159179688 205.10618591308594 175.17312622070312
v 167.4188232421875 204.91726684570312 175.442138671875
v 168.15660095214844 205.1731414794922 175.12548828125
v 168.9226531982422 205.4087371826172 174.69668579101562
v 169.5021209716797 205.37721252441406 174.28677368164062
v 168.2177734375 206.05532836914062 175.12246704101562
v 168.92063903808594 206.02386474609375 174.629638671875
v 169.3197021484375 205.7860107421875 174.3762664794922
v 150.8018341064453 206.83277893066406 175.31617736816406
v 168.65577697753906 206.5510711669922 174.55496215820312
v 167.99827575683594 206.8589630126953 174.94015502929688
v 150.22581481933594 207.95152282714844 175.12014770507812
v 150.8408966064453 207.57876586914062 175.4166717529297
v 166.9640350341797 207.7981719970703 174.92770385742188
v 166.25851440429688 208.07357788085938 175.189208984375
v 167.64871215820312 207.48768615722656 174.61705017089844
v 167.33761596679688 207.22361755371094 175.28775024414062
v 148.77236938476562 208.82533264160156 174.4412384033203
v 149.3834686279297 208.91664123535156 174.6698455810547
v 150.28306579589844 208.84896850585938 175.05006408691406
v 159.24685668945312 209.23233032226562 175.3812713623047
v 158.36050415039062 209.3890380859375 175.24208068847656
v 160.50421142578125 209.2422332763672 175.12449645996094
v 161.50303649902344 209.1228790283203 175.24160766601562
v 162.0985870361328 209.14694213867188 174.9944610595703
v 164.02542114257812 208.86221313476562 174.97845458984375
v 164.8905487060547 208.7196807861328 174.82957458496094
v 165.69961547851562 208.52769470214844 174.6591033935547
v 165.51724243164062 208.29759216308594 175.39584350585938
v 149.8111114501953 209.50900268554688 174.5611572265625
v 150.68218994140625 209.58709716796875 174.75308227539062
v 151.06085205078125 209.1851043701172 175.23126220703125
v 151.4303741455078 209.62342834472656 174.9174346923828
v 152.29391479492188 209.8202362060547 174.7191619873047
v 153.311279296875 209.78916931152344 174.82046508789062
v 154.34593200683594 209.71351623535156 174.94491577148438
v 156.29380798339844 209.6580047607422 175.00790405273438
v 157.0179901123047 209.6685333251953 174.81422424316406
v 156.74609375 209.3718719482422 175.4931640625
v 157.59432983398438 209.37179565429688 175.39195251464844
v 158.74398803710938 199.9727325439453 175.40968322753906
v 159.66094970703125 199.964111328125 175.54200744628906
v 160.4926300048828 200.0203094482422 175.66639709472656
v 161.04258728027344 199.8035125732422 175.5302734375
v 161.80072021484375 199.90296936035156 175.5221405029297
v 162.65907287597656 200.004150390625 175.4447479248047
v 157.59140014648438 200.6763458251953 175.54629516601562
v 158.28713989257812 200.48370361328125 175.63079833984375
v 159.03733825683594 200.6045684814453 175.82229614257812
v 160.13714599609375 200.7107696533203 176.00831604003906
v 161.2732696533203 200.48358154296875 175.8988494873047
v 162.3306121826172 200.5518798828125 175.80625915527344
v 163.0492706298828 200.53024291992188 175.6534881591797
v 163.68309020996094 200.81427001953125 175.56625366210938
v 155.6864013671875 201.7330322265625 175.51535034179688
v 157.25656127929688 201.29513549804688 175.7360076904297
v 158.16790771484375 201.263671875 175.9225616455078
v 159.3067626953125 201.48379516601562 176.21949768066406
v 160.19296264648438 201.42572021484375 176.3448028564453
v 160.99267578125 201.35162353515625 176.32241821289062
v 162.08702087402344 201.380126953125 176.1779022216797
v 163.0222930908203 201.15435791015625 175.89111328125
v 153.82205200195312 202.73992919921875 175.45050048828125
v 154.63711547851562 202.58627319335938 175.6079864501953
v 155.48243713378906 202.49053955078125 175.74880981445312
v 157.401123046875 202.1640167236328 176.0256805419922
v 159.27684020996094 202.29812622070312 176.4544219970703
v 161.54714965820312 202.0040283203125 176.498046875
v 162.20254516601562 202.20018005371094 176.41641235351562
v 162.993896484375 202.09384155273438 176.1527099609375
v 152.75831604003906 203.69171142578125 175.46189880371094
v 153.57760620117188 203.52886962890625 175.65924072265625
v 154.45834350585938 203.39016723632812 175.81576538085938
v 155.36068725585938 203.31744384765625 175.9482421875
v 158.98716735839844 203.0009765625 176.52748107910156
v 162.46934509277344 202.8834991455078 176.47998046875
v 151.88609313964844 204.70236206054688 175.42147827148438
v 152.48194885253906 204.3534698486328 175.57772827148438
v 153.29954528808594 204.44581604003906 175.82794189453125
v 155.2137451171875 204.2232666015625 176.1141357421875
v 151.81443786621094 205.59451293945312 175.5913543701172
v 152.65814208984375 205.22889709472656 175.80703735351562
v 154.04849243164062 204.97874450683594 176.08135986328125
v 166.1461944580078 205.21127319335938 176.1051025390625
v 166.8844451904297 205.44094848632812 175.87803649902344
v 167.5821075439453 205.66246032714844 175.564697265625
v 151.8272705078125 206.42349243164062 175.72264099121094
v 152.53131103515625 206.26266479492188 175.9080047607422
v 153.43617248535156 206.12110900878906 176.0887908935547
v 156.25828552246094 206.16717529296875 176.5432586669922
v 166.3624267578125 205.89617919921875 176.2649688720703
v 167.0130615234375 206.24183654785156 175.96128845214844
v 167.62741088867188 206.14010620117188 175.5935821533203
v 151.52525329589844 207.15811157226562 175.6523895263672
v 152.44322204589844 207.1697235107422 175.92149353027344
v 153.37649536132812 207.1103973388672 176.1002960205078
v 154.47494506835938 206.9235382080078 176.2847900390625
v 155.4015655517578 207.11038208007812 176.4632568359375
v 167.55955505371094 206.58828735351562 175.51231384277344
v 166.9427490234375 206.95372009277344 175.8380126953125
v 150.83615112304688 208.35537719726562 175.42469787597656
v 151.53346252441406 208.12774658203125 175.65170288085938
v 152.38612365722656 208.03390502929688 175.8404541015625
v 153.31454467773438 208.0170440673828 176.0031280517578
v 154.30892944335938 207.96498107910156 176.15072631835938
v 155.2928924560547 207.85447692871094 176.36598205566406
v 165.9875946044922 207.8010711669922 175.82342529296875
v 165.2483367919922 207.99562072753906 176.00997924804688
v 166.6761474609375 207.5442657470703 175.584228515625
v 166.3185577392578 207.2462921142578 176.1023712158203
v 150.86941528320312 208.80960083007812 175.38478088378906
v 151.39736938476562 208.78797912597656 175.51918029785156
v 152.35292053222656 208.8632049560547 175.6142120361328
v 153.29360961914062 208.77195739746094 175.78273010253906
v 154.21197509765625 208.7583770751953 175.88600158691406
v 155.27932739257812 208.7250518798828 176.01133728027344
v 155.96556091308594 208.37136840820312 176.342041015625
v 156.3163604736328 208.9350128173828 175.99562072753906
v 157.20687866210938 208.99935913085938 175.9486541748047
v 158.20147705078125 209.01846313476562 175.85470581054688
v 159.02813720703125 208.82777404785156 176.04794311523438
v 160.04054260253906 208.79867553710938 176.00009155273438
v 161.20986938476562 208.8389892578125 175.8389434814453
v 162.28749084472656 208.80880737304688 175.71702575683594
v 163.20654296875 208.6228790283203 175.88232421875
v 163.91348266601562 208.5852508544922 175.7130126953125
v 163.68197631835938 208.26089477539062 176.272216796875
v 164.46585083007812 208.1471405029297 176.15798950195312
v 164.7304229736328 208.46702575683594 175.5617218017578
v 151.85398864746094 209.31358337402344 175.2908477783203
v 152.6523895263672 209.4627685546875 175.2410125732422
v 153.37161254882812 209.3631134033203 175.38987731933594
v 154.0699920654297 209.26416015625 175.55398559570312
v 154.92221069335938 209.3373260498047 175.5072021484375
v 155.877197265625 209.35682678222656 175.52377319335938
v 160.5332794189453 201.78192138671875 176.5075225830078
v 160.95668029785156 201.97369384765625 176.56356811523438
v 160.45721435546875 202.33560180664062 176.63417053222656
v 161.05697631835938 202.55984497070312 176.67257690429688
v 161.72921752929688 202.7364044189453 176.62171936035156
v 159.62054443359375 203.5487060546875 176.7124481201172
v 160.3916473388672 203.08351135253906 176.73890686035156
v 161.0964813232422 203.34820556640625 176.77085876464844
v 159.53500366210938 204.47116088867188 176.7979278564453
v 160.3602752685547 203.9780731201172 176.83189392089844
v 159.41552734375 205.4093780517578 176.87136840820312
v 161.54112243652344 205.11463928222656 176.94129943847656
v 162.2874298095703 205.05841064453125 176.88002014160156
v 165.68157958984375 205.7338104248047 176.4462127685547
v 157.65628051757812 206.48904418945312 176.74977111816406
v 159.19961547851562 206.1387176513672 176.90110778808594
v 160.19293212890625 206.30062866210938 176.97032165527344
v 161.2966766357422 206.036865234375 176.99961853027344
v 162.25473022460938 205.8007354736328 176.95867919921875
v 163.33639526367188 206.34356689453125 176.88113403320312
v 164.4713897705078 206.34341430664062 176.75607299804688
v 165.3485565185547 206.31204223632812 176.62538146972656
v 165.95716857910156 206.25294494628906 176.49673461914062
v 166.3814239501953 206.41049194335938 176.34823608398438
v 155.90716552734375 207.55035400390625 176.5526123046875
v 156.63836669921875 207.3885498046875 176.6495819091797
v 157.5114288330078 207.2563934326172 176.73126220703125
v 158.43710327148438 207.13145446777344 176.8124237060547
v 159.45611572265625 206.98841857910156 176.89500427246094
v 160.46559143066406 207.22262573242188 176.92425537109375
v 161.28126525878906 207.00511169433594 176.9520721435547
v 162.2811279296875 206.7316436767578 176.95277404785156
v 163.26168823242188 207.29214477539062 176.81996154785156
v 164.19601440429688 207.08592224121094 176.7507781982422
v 165.09376525878906 206.9632110595703 176.62635803222656
v 165.92108154296875 206.79823303222656 176.45826721191406
v 166.543701171875 206.75437927246094 176.21041870117188
v 155.855224609375 207.97265625 176.4953155517578
v 156.38037109375 207.9848175048828 176.54315185546875
v 157.33302307128906 208.02340698242188 176.56765747070312
v 158.3341827392578 207.86366271972656 176.6621551513672
v 159.2798309326172 207.78274536132812 176.73336791992188
v 160.2198944091797 207.7975311279297 176.76242065429688
v 161.18508911132812 207.79754638671875 176.7541046142578
v 162.311279296875 207.68002319335938 176.74755859375
v 163.2725830078125 207.90565490722656 176.61598205566406
v 164.00555419921875 207.7554931640625 176.57879638671875
v 164.8231201171875 207.60186767578125 176.46780395507812
v 165.61138916015625 207.43748474121094 176.31150817871094
v 156.77842712402344 208.510986328125 176.3394317626953
v 157.55809020996094 208.6247100830078 176.27577209472656
v 158.28477478027344 208.4842071533203 176.36264038085938
v 159.18809509277344 208.3874969482422 176.4359588623047
v 159.95579528808594 208.28921508789062 176.5183868408203
v 160.79891967773438 208.37771606445312 176.41903686523438
v 161.82736206054688 208.3597412109375 176.35287475585938
v 162.82569885253906 208.31834411621094 176.32366943359375
f 1 2 3
f 2 1 4
f 5 3 6
f 3 5 1
f 5 7 8
f 7 5 6
f 9 10 11
f 10 9 12
f 13 11 4
f 11 13 9
f 14 4 1
f 4 14 13
f 15 1 5
f 1 15 14
f 16 5 8
f 5 16 15
f 17 8 18
f 8 17 16
f 19 20 12
f 20 19 21
f 22 12 9
f 12 22 19
f 23 9 13
f 9 23 22
f 24 13 14
f 13 24 23
f 25 14 15
f 14 25 24
f 26 15 16
f 15 26 25
f 27 28 21
f 28 27 29
f 30 21 19
f 21 30 27
f 31 19 22
f 19 31 30
f 32 22 23
f 22 32 31
f 33 23 24
f 23 33 32
f 34 24 25
f 24 34 33
f 35 27 36
f 27 35 29
f 37 27 30
f 27 37 36
f 38 30 31
f 30 38 37
f 39 31 32
f 31 39 38
f 40 32 33
f 32 40 39
f 41 37 42
f 37 41 36
f 43 37 38
f 37 43 42
f 44 45 46
f 45 44 47
f 44 2 47
f 2 44 3
f 48 46 49
f 46 48 44
f 6 44 48
f 44 6 3
f 48 50 51
f 50 48 49
f 7 48 51
f 48 7 6
f 51 52 53
f 52 51 50
f 54 55 56
f 55 54 57
f 54 10 57
f 10 54 11
f 58 56 47
f 56 58 54
f 58 11 54
f 11 58 4
f 58 2 4
f 2 58 47
f 59 7 8
f 7 59 51
f 59 53 60
f 53 59 51
f 18 59 60
f 59 18 8
f 61 53 62
f 53 61 60
f 63 64 57
f 64 63 65
f 63 20 65
f 20 63 12
f 63 10 12
f 10 63 57
f 17 66 67
f 66 17 16
f 60 17 67
f 17 60 18
f 68 60 61
f 60 68 67
f 69 70 65
f 70 69 71
f 69 28 71
f 28 69 21
f 69 20 21
f 20 69 65
f 26 72 73
f 72 26 25
f 66 26 73
f 26 66 16
f 74 66 67
f 66 74 73
f 75 76 71
f 76 75 77
f 75 28 29
f 28 75 71
f 34 78 79
f 78 34 33
f 72 34 79
f 34 72 25
f 80 72 73
f 72 80 79
f 81 82 77
f 82 81 83
f 81 75 84
f 75 81 77
f 75 35 84
f 35 75 29
f 85 35 84
f 35 85 36
f 39 86 87
f 86 39 38
f 40 87 88
f 87 40 39
f 78 40 88
f 40 78 33
f 89 78 79
f 78 89 88
f 90 81 91
f 81 90 83
f 92 81 84
f 81 92 91
f 92 85 93
f 85 92 84
f 85 41 93
f 41 85 36
f 94 41 93
f 41 94 42
f 43 94 95
f 94 43 42
f 86 43 95
f 43 86 38
f 96 86 87
f 86 96 95
f 97 92 98
f 92 97 91
f 99 92 93
f 92 99 98
f 100 93 94
f 93 100 99
f 101 45 102
f 45 101 46
f 49 101 103
f 101 49 46
f 104 105 106
f 105 104 103
f 104 49 103
f 49 104 50
f 104 107 108
f 107 104 106
f 52 104 108
f 104 52 50
f 108 109 110
f 109 108 107
f 55 111 56
f 112 56 111
f 56 112 47
f 112 45 47
f 45 112 102
f 113 52 53
f 52 113 108
f 113 110 114
f 110 113 108
f 62 113 114
f 113 62 53
f 115 110 116
f 110 115 114
f 117 64 118
f 64 117 57
f 117 55 57
f 119 62 61
f 62 119 114
f 120 114 115
f 114 120 119
f 121 70 122
f 70 121 65
f 121 64 65
f 64 121 118
f 68 123 124
f 123 68 67
f 124 61 68
f 61 124 119
f 122 71 125
f 71 76 125
f 70 71 122
f 74 126 127
f 126 74 73
f 123 74 127
f 74 123 67
f 128 123 124
f 123 128 127
f 82 129 77
f 129 76 77
f 76 129 125
f 80 130 131
f 130 80 79
f 126 80 131
f 80 126 73
f 132 126 127
f 126 132 131
f 133 134 82
f 134 133 135
f 133 82 83
f 88 136 137
f 136 88 87
f 89 137 138
f 137 89 88
f 130 89 138
f 89 130 79
f 139 130 131
f 130 139 138
f 140 133 141
f 133 140 135
f 133 90 141
f 90 133 83
f 142 90 141
f 90 142 91
f 95 143 144
f 143 95 94
f 96 144 145
f 144 96 95
f 136 96 145
f 96 136 87
f 146 136 137
f 136 146 145
f 147 142 148
f 142 147 141
f 142 97 148
f 97 142 91
f 149 97 148
f 97 149 98
f 150 98 149
f 98 150 99
f 100 150 151
f 150 100 99
f 143 100 151
f 100 143 94
f 152 143 144
f 143 152 151
f 105 153 106
f 154 155 156
f 155 154 153
f 154 106 153
f 106 154 107
f 154 156 157
f 109 154 157
f 154 109 107
f 102 209 158
f 209 102 159
f 102 112 159
f 102 158 101
f 160 101 158
f 101 160 103
f 160 105 103
f 161 109 110
f 109 161 157
f 161 162 163
f 162 161 157
f 116 161 163
f 161 116 110
f 117 164 55
f 111 219 159
f 219 111 164
f 111 55 164
f 112 111 159
f 165 116 115
f 116 165 163
f 165 166 167
f 166 165 163
f 118 168 164
f 118 121 168
f 117 118 164
f 120 169 170
f 169 120 119
f 170 115 120
f 115 170 165
f 122 171 168
f 171 122 176
f 121 122 168
f 169 124 172
f 124 169 119
f 173 169 170
f 169 173 172
f 182 175 174
f 174 176 182
f 176 129 182
f 129 176 125
f 176 122 125
f 128 177 178
f 177 128 127
f 172 128 178
f 128 172 124
f 179 180 175
f 180 179 181
f 175 182 179
f 182 134 179
f 134 182 82
f 182 129 82
f 132 183 184
f 183 132 131
f 177 132 184
f 132 177 127
f 185 186 181
f 186 185 187
f 188 181 179
f 181 188 185
f 188 134 135
f 134 188 179
f 189 137 190
f 137 189 138
f 191 192 183
f 192 191 189
f 191 138 189
f 138 191 139
f 183 139 191
f 139 183 131
f 193 188 194
f 188 193 185
f 188 140 194
f 140 188 135
f 195 140 194
f 140 195 141
f 196 144 197
f 144 196 145
f 198 199 190
f 199 198 196
f 198 145 196
f 145 198 146
f 190 146 198
f 146 190 137
f 200 195 201
f 195 200 194
f 195 147 201
f 147 195 141
f 202 147 201
f 147 202 148
f 203 148 202
f 148 203 149
f 204 149 203
f 149 204 150
f 205 150 204
f 150 205 151
f 206 207 197
f 207 206 205
f 206 151 205
f 151 206 152
f 197 152 206
f 152 197 144
f 210 158 209
f 158 210 160
f 211 212 213
f 212 211 210
f 211 160 210
f 160 211 105
f 213 105 211
f 105 213 153
f 213 155 153
f 214 156 157
f 156 214 208
f 214 215 216
f 215 214 208
f 162 214 216
f 214 162 157
f 216 217 218
f 217 216 215
f 219 164 220
f 219 209 159
f 221 162 163
f 162 221 216
f 221 218 222
f 218 221 216
f 166 221 222
f 221 166 163
f 222 223 224
f 223 222 218
f 168 225 164
f 164 225 220
f 167 226 227
f 226 167 165
f 222 167 227
f 167 222 166
f 228 222 224
f 222 228 227
f 229 224 230
f 224 229 228
f 225 171 231
f 171 225 168
f 226 170 232
f 170 226 165
f 233 226 227
f 226 233 232
f 234 227 228
f 227 234 233
f 175 235 174
f 174 280 231
f 280 174 235
f 174 171 176
f 171 174 231
f 173 236 237
f 236 173 172
f 232 173 237
f 173 232 170
f 238 239 235
f 239 238 240
f 238 180 240
f 180 238 175
f 175 238 235
f 178 241 286
f 241 178 177
f 236 178 286
f 178 236 172
f 242 243 240
f 243 242 244
f 242 186 244
f 186 242 181
f 242 180 181
f 180 242 240
f 245 192 246
f 192 245 183
f 247 285 241
f 285 247 245
f 247 183 245
f 183 247 184
f 247 177 184
f 177 247 241
f 244 187 248
f 187 244 186
f 249 187 248
f 187 249 185
f 199 250 190
f 246 189 250
f 189 190 250
f 192 189 246
f 251 252 248
f 252 251 253
f 251 249 254
f 249 251 248
f 249 193 254
f 193 249 185
f 255 193 254
f 193 255 194
f 207 256 197
f 199 196 256
f 196 197 256
f 257 254 258
f 254 257 251
f 255 258 254
f 200 255 194
f 201 200 255
f 202 259 203
f 260 261 262
f 261 260 259
f 260 203 259
f 203 260 204
f 263 262 207
f 262 263 260
f 263 204 260
f 204 263 205
f 263 207 205
f 213 212 264
f 156 155 208
f 217 215 265
f 209 212 210
f 212 209 264
f 266 217 218
f 217 266 265
f 266 267 268
f 267 266 265
f 223 266 268
f 266 223 218
f 220 269 219
f 269 209 219
f 209 269 309
f 270 223 224
f 223 270 268
f 270 271 272
f 271 270 268
f 230 270 272
f 270 230 224
f 231 220 225
f 220 231 314
f 229 273 274
f 273 229 228
f 274 230 229
f 230 274 272
f 233 275 276
f 275 233 232
f 234 276 277
f 276 234 233
f 273 234 277
f 234 273 228
f 278 273 274
f 273 278 277
f 235 239 279
f 237 281 282
f 281 237 236
f 275 237 282
f 237 275 232
f 283 275 276
f 275 283 282
f 284 243 324
f 243 284 240
f 284 239 240
f 239 284 279
f 285 286 241
f 286 281 236
f 287 281 282
f 281 287 286
f 289 243 244
f 243 289 324
f 288 250 326
f 250 288 246
f 245 288 285
f 245 246 288
f 290 289 291
f 289 252 291
f 252 289 248
f 289 244 248
f 326 250 199
f 292 293 291
f 293 292 294
f 291 253 292
f 253 291 252
f 295 253 292
f 253 295 251
f 296 261 327
f 261 296 262
f 262 296 207
f 296 327 326
f 207 296 256
f 296 199 256
f 199 296 326
f 297 295 298
f 295 297 292
f 295 257 298
f 257 295 251
f 299 257 298
f 257 299 258
f 300 258 299
f 258 300 255
f 339 255 300
f 255 339 201
f 202 201 339
f 259 301 261
f 301 259 202
f 302 299 300
f 299 302 303
f 264 346 347
f 346 264 354
f 264 209 354
f 264 347 213
f 348 213 347
f 213 348 155
f 208 155 348
f 304 215 208
f 304 305 306
f 265 304 306
f 304 265 215
f 306 307 308
f 307 306 305
f 267 306 308
f 306 267 265
f 309 354 209
f 310 267 268
f 267 310 308
f 310 311 312
f 311 310 308
f 271 310 312
f 310 271 268
f 269 365 309
f 365 269 220
f 313 271 272
f 271 313 312
f 314 365 220
f 315 272 274
f 272 315 313
f 280 314 231
f 277 316 317
f 316 277 276
f 278 317 318
f 317 278 277
f 315 278 318
f 278 315 274
f 279 319 235
f 319 280 235
f 280 319 314
f 283 320 321
f 320 283 282
f 316 283 321
f 283 316 276
f 288 377 285
f 286 285 378
f 322 286 378
f 287 323 320
f 323 287 322
f 322 287 286
f 287 320 282
f 324 290 325
f 290 324 289
f 328 329 325
f 329 328 330
f 328 293 330
f 293 328 291
f 328 290 291
f 290 328 325
f 331 332 330
f 332 331 333
f 330 294 331
f 294 330 293
f 334 294 331
f 294 334 292
f 335 334 336
f 334 335 331
f 334 297 336
f 297 334 292
f 337 297 336
f 297 337 298
f 338 298 337
f 298 338 299
f 341 339 340
f 339 341 202
f 341 301 202
f 342 338 343
f 338 342 337
f 338 303 343
f 303 338 299
f 344 303 343
f 303 344 302
f 339 302 344
f 302 339 300
f 345 339 340
f 339 345 344
f 346 453 347
f 401 348 347
f 348 349 208
f 304 349 350
f 349 304 208
f 304 351 352
f 351 304 350
f 305 304 352
f 307 352 353
f 352 307 305
f 309 409 354
f 346 354 409
f 355 307 308
f 307 355 353
f 355 356 357
f 356 355 353
f 311 355 357
f 355 311 308
f 358 356 359
f 356 358 357
f 365 360 309
f 309 360 409
f 361 311 312
f 311 361 357
f 361 358 362
f 358 361 357
f 363 358 364
f 358 363 362
f 361 313 366
f 313 361 312
f 367 361 362
f 361 367 366
f 413 365 466
f 368 313 315
f 313 368 366
f 319 423 314
f 466 314 423
f 466 365 314
f 317 369 370
f 369 317 316
f 371 372 368
f 372 371 370
f 371 317 370
f 317 371 318
f 371 315 318
f 315 371 368
f 279 284 423
f 319 279 423
f 373 323 379
f 323 373 320
f 374 375 369
f 375 374 373
f 374 320 373
f 320 374 321
f 374 316 321
f 316 374 369
f 423 376 380
f 376 325 380
f 325 376 324
f 376 284 324
f 284 376 423
f 377 378 285
f 379 323 378
f 378 323 322
f 381 380 382
f 380 329 382
f 329 380 325
f 327 383 326
f 383 288 326
f 288 383 377
f 384 385 382
f 385 384 386
f 384 332 386
f 332 384 330
f 384 329 330
f 329 384 382
f 261 482 327
f 387 332 333
f 332 387 386
f 388 333 387
f 333 388 331
f 389 388 390
f 388 389 387
f 388 335 390
f 335 388 331
f 391 335 390
f 335 391 336
f 392 336 391
f 336 392 337
f 437 340 393
f 340 437 341
f 437 301 341
f 394 391 395
f 391 394 390
f 395 392 396
f 392 395 391
f 392 342 396
f 342 392 337
f 397 342 396
f 342 397 343
f 398 343 397
f 343 398 344
f 345 398 399
f 398 345 344
f 393 345 399
f 345 393 340
f 401 400 348
f 349 348 400
f 351 402 403
f 402 351 350
f 404 351 352
f 351 404 403
f 404 403 405
f 353 404 405
f 404 353 352
f 405 406 407
f 406 405 403
f 356 405 407
f 405 356 353
f 359 407 408
f 407 359 356
f 410 359 358
f 359 410 408
f 410 411 412
f 411 410 408
f 364 410 412
f 410 364 358
f 360 365 413
f 363 414 415
f 414 363 362
f 415 364 363
f 364 415 412
f 367 416 417
f 416 367 366
f 414 367 417
f 367 414 362
f 418 414 415
f 414 418 417
f 419 372 420
f 372 419 368
f 419 366 368
f 366 419 416
f 421 375 471
f 375 421 369
f 422 369 421
f 369 422 370
f 422 372 370
f 372 422 420
f 425 379 424
f 379 425 373
f 425 375 373
f 375 425 471
f 423 381 426
f 381 423 380
f 377 379 378
f 379 427 424
f 428 429 426
f 429 428 430
f 428 385 430
f 385 428 382
f 428 381 382
f 381 428 426
f 482 383 327
f 431 385 386
f 385 431 430
f 432 433 431
f 433 432 434
f 432 386 387
f 386 432 431
f 261 301 482
f 434 432 435
f 432 389 435
f 389 432 387
f 436 389 435
f 389 436 390
f 437 438 482
f 437 393 438
f 301 437 482
f 439 436 440
f 436 439 435
f 436 394 440
f 394 436 390
f 441 394 440
f 394 441 395
f 442 395 441
f 395 442 396
f 443 396 442
f 396 443 397
f 444 397 443
f 397 444 398
f 445 446 438
f 446 445 444
f 445 398 444
f 398 445 399
f 445 393 399
f 393 445 438
f 447 441 448
f 441 447 440
f 449 441 442
f 441 449 448
f 401 347 450
f 349 400 504
f 451 349 504
f 349 451 350
f 451 402 350
f 403 402 451
f 452 406 403
f 409 453 346
f 347 453 450
f 454 406 407
f 455 454 406
f 408 454 455
f 454 408 407
f 455 456 457
f 411 455 457
f 455 411 408
f 458 411 412
f 411 458 457
f 459 457 460
f 457 459 458
f 513 360 461
f 360 413 461
f 462 412 415
f 412 462 458
f 513 461 466
f 466 461 413
f 417 463 464
f 463 417 416
f 418 464 465
f 464 418 417
f 465 415 418
f 415 465 462
f 467 420 468
f 420 467 419
f 467 416 419
f 416 467 463
f 469 466 470
f 472 421 471
f 421 472 422
f 472 420 422
f 420 472 468
f 475 526 470
f 470 473 475
f 473 423 475
f 473 466 423
f 466 473 470
f 427 474 424
f 471 424 474
f 424 471 425
f 475 423 476
f 423 429 476
f 429 423 426
f 427 377 581
f 377 427 379
f 477 476 478
f 476 429 430
f 482 532 383
f 532 377 383
f 479 478 476
f 478 479 480
f 479 433 480
f 433 479 431
f 479 430 431
f 430 479 476
f 482 483 532
f 484 485 480
f 484 433 434
f 433 484 480
f 482 438 481
f 486 484 487
f 484 486 485
f 484 434 487
f 488 434 487
f 434 488 435
f 489 446 490
f 446 489 438
f 491 488 492
f 488 491 487
f 488 439 492
f 439 488 435
f 493 439 492
f 439 493 440
f 443 494 495
f 494 443 442
f 496 443 495
f 443 496 444
f 496 446 444
f 446 496 490
f 497 493 498
f 493 497 492
f 493 447 498
f 447 493 440
f 499 447 498
f 447 499 448
f 449 499 500
f 499 449 448
f 494 449 500
f 449 494 442
f 501 494 495
f 494 501 500
f 502 558 503
f 558 502 450
f 450 502 401
f 503 401 502
f 401 503 400
f 504 400 503
f 451 452 403
f 452 451 505
f 406 452 505
f 505 455 406
f 456 505 506
f 505 456 455
f 409 558 453
f 507 456 457
f 456 507 506
f 507 508 509
f 508 507 506
f 460 507 509
f 507 460 457
f 360 510 409
f 510 360 513
f 459 511 512
f 511 459 458
f 512 460 459
f 460 512 509
f 511 462 514
f 462 511 458
f 515 511 512
f 511 515 514
f 568 566 469
f 566 466 469
f 566 513 466
f 463 516 464
f 514 517 516
f 517 464 516
f 464 517 465
f 517 462 465
f 462 517 514
f 519 520 516
f 520 519 525
f 519 468 525
f 468 519 467
f 519 463 467
f 463 519 516
f 526 521 470
f 521 469 470
f 469 521 518
f 523 471 522
f 525 524 523
f 524 471 523
f 471 524 472
f 524 468 472
f 468 524 525
f 581 377 580
f 527 427 581
f 427 527 474
f 474 528 522
f 528 474 527
f 471 474 522
f 529 530 526
f 530 529 531
f 529 477 531
f 477 529 476
f 529 475 476
f 475 529 526
f 531 477 478
f 483 536 532
f 533 534 531
f 534 533 535
f 533 485 535
f 485 533 480
f 533 478 480
f 478 533 531
f 536 483 537
f 483 481 537
f 481 483 482
f 538 539 535
f 485 538 535
f 489 590 537
f 590 489 490
f 489 481 438
f 481 489 537
f 539 538 540
f 538 486 540
f 486 538 485
f 541 486 540
f 486 541 487
f 543 540 544
f 540 543 539
f 544 541 545
f 541 544 540
f 541 491 545
f 491 541 487
f 546 491 545
f 491 546 492
f 547 548 542
f 548 547 549
f 547 495 549
f 495 547 496
f 547 490 496
f 490 547 542
f 550 545 551
f 545 550 544
f 551 546 552
f 546 551 545
f 546 497 552
f 497 546 492
f 553 497 552
f 497 553 498
f 554 498 553
f 498 554 499
f 555 499 554
f 499 555 500
f 556 557 549
f 557 556 555
f 556 500 555
f 500 556 501
f 549 501 556
f 501 549 495
f 453 558 450
f 506 559 560
f 559 506 505
f 560 561 562
f 561 560 559
f 508 560 562
f 560 508 506
f 563 508 509
f 508 563 562
f 564 562 565
f 562 564 563
f 566 567 510
f 567 566 568
f 566 510 513
f 569 509 512
f 509 569 563
f 572 573 569
f 573 572 571
f 515 571 572
f 571 515 514
f 572 512 515
f 512 572 569
f 518 568 469
f 568 518 570
f 574 520 629
f 520 574 516
f 574 514 516
f 575 518 576
f 520 525 629
f 526 576 521
f 576 518 521
f 528 631 522
f 577 522 631
f 522 577 523
f 523 578 525
f 578 523 577
f 579 530 583
f 530 579 526
f 576 526 579
f 580 377 765
f 581 582 527
f 582 528 527
f 583 530 531
f 638 532 643
f 584 532 638
f 532 584 377
f 377 584 765
f 585 583 586
f 583 534 586
f 534 583 531
f 587 532 536
f 532 587 643
f 588 589 586
f 588 539 589
f 539 588 535
f 588 534 535
f 534 588 586
f 590 591 587
f 591 590 592
f 590 536 537
f 536 590 587
f 542 593 592
f 593 542 548
f 542 590 490
f 590 542 592
f 595 596 594
f 596 595 597
f 594 543 595
f 543 594 539
f 598 543 595
f 543 598 544
f 557 548 549
f 548 557 599
f 600 597 595
f 597 600 601
f 600 598 602
f 598 600 595
f 598 550 602
f 550 598 544
f 603 550 602
f 550 603 551
f 604 551 603
f 551 604 552
f 605 552 604
f 552 605 553
f 606 553 605
f 553 606 554
f 607 608 599
f 608 607 606
f 607 554 606
f 554 607 555
f 607 557 555
f 557 607 599
f 609 600 602
f 600 609 610
f 611 602 603
f 602 611 609
f 612 603 604
f 603 612 611
f 503 558 670
f 504 725 451
f 725 504 670
f 504 503 670
f 451 613 505
f 559 505 671
f 561 671 614
f 671 561 559
f 558 409 675
f 615 561 562
f 561 615 614
f 615 616 617
f 616 615 614
f 565 615 617
f 615 565 562
f 567 618 510
f 510 619 748
f 619 510 618
f 748 409 510
f 409 748 675
f 564 620 621
f 620 564 563
f 621 565 564
f 565 621 617
f 570 567 568
f 567 570 618
f 622 573 623
f 573 622 569
f 622 563 569
f 563 622 620
f 624 620 621
f 620 624 622
f 570 575 682
f 625 626 623
f 514 625 571
f 625 573 571
f 573 625 623
f 575 570 518
f 760 514 629
f 629 514 574
f 627 576 687
f 576 627 575
f 578 628 525
f 629 525 628
f 582 630 528
f 631 528 630
f 578 632 628
f 632 578 631
f 631 578 577
f 634 633 635
f 633 583 635
f 583 633 579
f 633 576 579
f 576 633 634
f 585 636 635
f 583 585 635
f 638 643 637
f 638 765 584
f 639 640 636
f 640 639 641
f 639 589 641
f 589 639 586
f 639 585 586
f 585 639 636
f 643 591 642
f 591 643 587
f 643 696 637
f 593 591 592
f 591 593 642
f 589 539 644
f 599 646 548
f 646 593 548
f 593 646 645
f 647 648 644
f 648 647 649
f 647 596 649
f 596 647 594
f 647 539 594
f 539 647 644
f 646 599 651
f 650 596 597
f 596 650 649
f 651 608 652
f 608 651 599
f 650 601 653
f 601 650 597
f 654 601 653
f 601 654 600
f 605 655 656
f 655 605 604
f 657 605 656
f 605 657 606
f 657 608 606
f 608 657 652
f 658 654 659
f 654 658 653
f 654 610 659
f 610 654 600
f 660 610 659
f 610 660 609
f 661 609 660
f 609 661 611
f 612 661 662
f 661 612 611
f 655 612 662
f 612 655 604
f 663 655 656
f 655 663 662
f 664 660 665
f 660 664 659
f 451 666 667
f 451 667 668
f 724 558 740
f 669 558 724
f 725 670 669
f 670 558 669
f 671 727 672
f 727 671 505
f 614 671 672
f 672 673 674
f 673 672 727
f 616 672 674
f 672 616 614
f 748 619 680
f 675 738 558
f 558 739 740
f 739 558 738
f 676 616 617
f 616 676 674
f 676 677 678
f 677 676 674
f 679 619 618
f 619 679 680
f 681 617 621
f 617 681 676
f 682 618 570
f 618 682 679
f 683 626 933
f 626 683 623
f 622 683 684
f 683 622 623
f 624 684 685
f 684 624 622
f 685 621 624
f 621 685 681
f 627 686 682
f 627 682 575
f 933 514 760
f 514 933 625
f 933 626 625
f 687 686 627
f 628 760 629
f 687 761 686
f 761 687 690
f 632 688 628
f 689 634 691
f 634 689 576
f 689 687 576
f 687 689 690
f 580 765 581
f 582 765 762
f 582 581 765
f 630 762 828
f 762 630 582
f 631 828 688
f 828 631 630
f 632 631 688
f 636 692 635
f 692 634 635
f 634 692 691
f 638 693 765
f 640 694 692
f 636 640 692
f 696 695 637
f 638 637 695
f 694 640 641
f 696 642 699
f 642 696 643
f 697 769 694
f 769 697 772
f 697 641 589
f 641 697 694
f 699 698 774
f 698 645 774
f 645 698 593
f 698 642 593
f 642 698 699
f 700 772 697
f 772 700 648
f 648 700 644
f 700 589 644
f 589 700 697
f 645 646 701
f 776 648 649
f 652 646 651
f 646 652 701
f 702 777 776
f 777 702 703
f 702 649 650
f 649 702 776
f 652 704 775
f 705 703 702
f 703 705 706
f 702 653 705
f 653 702 650
f 707 656 708
f 656 707 657
f 704 657 707
f 657 704 652
f 709 705 710
f 705 709 706
f 705 658 710
f 658 705 653
f 711 658 710
f 658 711 659
f 661 712 713
f 712 661 660
f 714 661 713
f 661 714 662
f 663 714 715
f 714 663 662
f 708 663 715
f 663 708 656
f 716 709 710
f 709 716 717
f 716 711 718
f 711 716 710
f 711 664 718
f 664 711 659
f 665 718 719
f 718 665 664
f 712 665 719
f 665 712 660
f 712 713 719
f 720 716 718
f 716 720 721
f 722 718 719
f 718 722 720
f 666 723 667
f 669 724 725
f 725 666 451
f 451 726 613
f 726 451 668
f 726 911 613
f 505 613 911
f 727 911 728
f 911 727 505
f 727 796 729
f 796 727 728
f 673 727 729
f 730 796 731
f 796 730 729
f 732 731 733
f 731 732 730
f 734 733 735
f 733 734 732
f 734 736 737
f 736 734 735
f 738 675 749
f 741 673 674
f 673 741 729
f 741 730 742
f 730 741 729
f 677 741 742
f 741 677 674
f 743 730 732
f 730 743 742
f 744 732 734
f 732 744 743
f 745 734 737
f 734 745 744
f 745 746 747
f 746 745 737
f 749 748 815
f 748 680 815
f 675 748 749
f 678 750 751
f 750 678 676
f 742 678 751
f 678 742 677
f 752 742 743
f 742 752 751
f 753 743 744
f 743 753 752
f 754 744 745
f 744 754 753
f 755 682 756
f 682 755 679
f 755 680 679
f 680 755 815
f 757 685 759
f 685 757 681
f 757 676 681
f 676 757 750
f 757 750 751
f 756 686 825
f 686 756 682
f 758 683 933
f 759 683 758
f 683 759 684
f 759 685 684
f 686 761 827
f 688 760 628
f 762 765 766
f 763 691 764
f 763 829 761
f 691 763 689
f 763 690 689
f 690 763 761
f 691 694 767
f 694 691 692
f 694 769 767
f 768 695 771
f 693 695 768
f 695 693 638
f 834 769 772
f 770 699 842
f 771 695 770
f 695 699 770
f 699 695 696
f 773 699 774
f 699 773 842
f 773 774 775
f 774 701 775
f 701 774 645
f 776 843 648
f 843 776 777
f 775 701 652
f 779 775 704
f 775 779 844
f 778 703 706
f 703 778 777
f 780 779 781
f 779 708 781
f 708 779 707
f 779 704 707
f 778 709 782
f 709 778 706
f 714 713 783
f 784 714 783
f 714 784 715
f 784 708 715
f 708 784 781
f 785 782 786
f 782 785 787
f 782 717 786
f 717 782 709
f 788 717 786
f 717 788 716
f 789 713 719
f 852 713 783
f 790 788 791
f 788 790 786
f 788 721 791
f 721 788 716
f 792 721 791
f 721 792 720
f 722 792 789
f 792 722 720
f 722 789 719
f 871 789 713
f 793 792 794
f 792 793 791
f 871 792 789
f 792 871 794
f 725 909 666
f 723 666 909
f 726 668 795
f 795 911 726
f 797 796 798
f 796 797 731
f 799 798 800
f 798 799 797
f 733 797 799
f 797 733 731
f 799 801 802
f 801 799 800
f 735 799 802
f 799 735 733
f 736 802 803
f 802 736 735
f 740 804 724
f 724 1080 725
f 805 736 737
f 736 805 803
f 805 806 807
f 806 805 803
f 746 805 807
f 805 746 737
f 809 749 808
f 749 809 738
f 739 810 804
f 810 739 809
f 739 738 809
f 740 739 804
f 747 811 812
f 811 747 745
f 812 746 747
f 746 812 807
f 812 813 814
f 813 812 807
f 808 815 816
f 749 815 808
f 752 817 818
f 817 752 751
f 753 818 819
f 818 753 752
f 754 819 820
f 819 754 753
f 811 754 820
f 754 811 745
f 821 811 812
f 811 821 820
f 816 756 822
f 756 816 755
f 816 815 755
f 823 824 817
f 824 823 757
f 823 751 757
f 751 823 817
f 1093 822 934
f 822 825 934
f 825 822 756
f 826 933 760
f 827 825 686
f 825 827 938
f 828 760 688
f 760 828 826
f 829 827 761
f 766 939 762
f 828 762 939
f 827 829 830
f 829 764 830
f 764 829 763
f 693 831 765
f 832 766 831
f 766 765 831
f 767 833 830
f 767 764 691
f 764 767 830
f 834 767 769
f 767 834 833
f 836 771 943
f 836 768 771
f 768 836 693
f 693 836 837
f 835 834 772
f 838 842 839
f 842 838 770
f 838 771 770
f 771 838 943
f 772 840 835
f 840 772 843
f 842 773 841
f 843 772 648
f 844 773 775
f 773 844 841
f 777 846 843
f 845 780 847
f 780 845 779
f 845 844 779
f 846 778 1324
f 778 846 777
f 847 780 781
f 848 1324 787
f 787 1324 782
f 1324 778 782
f 849 847 850
f 847 783 850
f 783 847 784
f 847 781 784
f 785 851 786
f 852 850 783
f 853 851 854
f 851 853 785
f 851 790 854
f 790 851 786
f 855 790 854
f 790 855 791
f 852 871 856
f 871 852 713
f 857 858 859
f 858 857 860
f 861 859 862
f 859 861 857
f 861 863 864
f 863 861 862
f 864 865 866
f 865 864 863
f 867 854 868
f 854 867 853
f 868 855 869
f 855 868 854
f 855 793 869
f 793 855 791
f 870 793 869
f 793 870 794
f 870 871 794
f 872 873 874
f 873 872 875
f 872 876 877
f 876 872 874
f 878 860 879
f 860 878 880
f 881 860 857
f 860 881 879
f 882 857 861
f 857 882 881
f 883 861 864
f 861 883 882
f 884 864 866
f 864 884 883
f 885 866 886
f 866 885 884
f 887 869 888
f 869 887 868
f 888 870 889
f 870 888 869
f 889 870 871
f 890 891 875
f 891 890 892
f 901 875 872
f 875 901 890
f 893 872 877
f 872 893 901
f 894 877 895
f 877 894 893
f 896 881 897
f 881 896 879
f 897 882 898
f 882 897 881
f 899 882 883
f 882 899 898
f 900 883 884
f 883 900 899
f 902 903 904
f 903 902 905
f 798 796 906
f 800 798 907
f 801 907 908
f 907 801 800
f 1080 1081 725
f 909 1065 910
f 910 723 909
f 723 910 667
f 667 910 668
f 795 668 910
f 1069 795 1068
f 795 1069 911
f 911 1069 906
f 906 728 911
f 728 906 796
f 912 801 802
f 801 912 908
f 912 913 914
f 913 912 908
f 803 912 914
f 912 803 802
f 914 915 916
f 915 914 913
f 806 914 916
f 914 806 803
f 1086 810 922
f 810 1086 804
f 917 804 1086
f 804 917 724
f 1080 724 917
f 918 806 807
f 806 918 916
f 918 919 920
f 919 918 916
f 813 918 920
f 918 813 807
f 808 922 809
f 922 810 809
f 814 923 924
f 923 814 812
f 924 813 814
f 813 924 920
f 924 925 926
f 925 924 920
f 822 808 816
f 808 822 921
f 927 824 928
f 824 927 817
f 927 818 817
f 821 820 929
f 923 821 929
f 821 923 812
f 930 923 924
f 923 930 929
f 931 758 933
f 931 759 758
f 759 931 757
f 931 824 757
f 824 931 928
f 932 1093 934
f 938 934 825
f 826 936 933
f 936 826 935
f 826 828 935
f 938 827 937
f 832 939 766
f 940 833 941
f 833 940 830
f 940 827 830
f 827 940 937
f 837 1119 693
f 831 693 1119
f 941 835 942
f 835 941 834
f 941 833 834
f 837 836 1119
f 944 1116 942
f 1116 944 1121
f 944 840 1121
f 840 944 835
f 835 944 942
f 946 943 945
f 943 839 945
f 839 943 838
f 1125 840 843
f 840 1125 1121
f 947 841 1133
f 841 947 842
f 947 839 842
f 839 947 945
f 845 948 844
f 948 841 844
f 841 948 1133
f 845 847 948
f 1324 843 846
f 847 950 949
f 1324 848 951
f 952 953 950
f 953 952 954
f 952 849 954
f 849 952 847
f 847 952 950
f 955 848 787
f 848 955 951
f 956 849 850
f 849 956 954
f 853 957 955
f 957 853 958
f 853 787 785
f 787 853 955
f 959 850 852
f 850 959 956
f 960 858 961
f 858 960 859
f 962 859 960
f 859 962 862
f 863 962 963
f 962 863 862
f 865 963 964
f 963 865 863
f 965 966 967
f 966 965 968
f 969 958 853
f 958 969 970
f 852 856 996
f 959 852 996
f 971 873 972
f 873 971 874
f 974 973 971
f 876 971 973
f 971 876 874
f 977 976 978
f 977 979 980
f 979 977 978
f 980 981 982
f 981 980 979
f 983 981 961
f 981 983 982
f 983 880 982
f 880 983 860
f 983 858 860
f 858 983 961
f 984 865 866
f 865 984 964
f 984 985 986
f 985 984 964
f 886 984 986
f 984 886 866
f 987 985 968
f 985 987 986
f 988 968 965
f 968 988 987
f 989 965 990
f 965 989 988
f 991 969 992
f 969 991 970
f 969 867 992
f 867 969 853
f 993 867 992
f 867 993 868
f 994 856 871
f 995 856 996
f 997 998 999
f 998 997 996
f 999 1000 1001
f 1000 999 998
f 1002 1000 972
f 1000 1002 1001
f 1002 891 1001
f 891 1002 875
f 1002 873 875
f 873 1002 972
f 1003 876 877
f 876 1003 973
f 1003 975 895
f 975 1003 973
f 1003 895 877
f 895 975 976
f 1004 976 977
f 976 1004 895
f 1004 980 1005
f 980 1004 977
f 1005 982 878
f 982 1005 980
f 878 982 880
f 878 1006 879
f 885 1007 1008
f 1007 885 884
f 986 885 1008
f 885 986 886
f 1009 986 987
f 986 1009 1008
f 1010 987 988
f 987 1010 1009
f 1011 993 1012
f 993 1011 992
f 993 887 1012
f 887 993 868
f 889 887 1013
f 887 889 888
f 889 1013 1014
f 994 889 1014
f 889 994 871
f 1015 994 856
f 994 1015 1014
f 995 1015 856
f 995 996 1016
f 1016 997 1017
f 997 1016 996
f 1017 999 1018
f 999 1017 997
f 892 999 1001
f 999 892 1018
f 892 1001 891
f 892 1019 890
f 1020 894 893
f 894 1004 1220
f 1004 894 895
f 1220 1005 1021
f 1005 1220 1004
f 1022 1005 878
f 1005 1022 1021
f 1022 1006 1023
f 1006 1022 878
f 1006 896 1023
f 896 1006 879
f 1024 896 1023
f 896 1024 897
f 1025 897 1024
f 897 1025 898
f 899 1025 1026
f 1025 899 898
f 900 1026 1027
f 1026 900 899
f 1007 900 1027
f 900 1007 884
f 1028 1007 1008
f 1007 1028 1027
f 1029 1015 1030
f 1015 1029 1014
f 1030 995 1031
f 995 1030 1015
f 995 1016 1032
f 1017 1032 1016
f 1019 1018 892
f 901 1019 890
f 1020 901 1216
f 901 1020 893
f 1020 894 1033
f 1220 1033 894
f 1220 1021 1034
f 1035 1021 1022
f 1021 1035 1034
f 1036 1022 1023
f 1022 1036 1035
f 1036 1024 1037
f 1024 1036 1023
f 1038 1024 1025
f 1024 1038 1037
f 1039 1025 1026
f 1025 1039 1038
f 1040 1026 1027
f 1026 1040 1039
f 995 1041 1031
f 1032 1017 1042
f 1042 1018 1052
f 1018 1042 1017
f 1018 1019 1052
f 1051 901 1216
f 901 1051 1049
f 1043 1035 1044
f 1035 1043 1034
f 1044 1036 1045
f 1036 1044 1035
f 1045 1037 1046
f 1037 1045 1036
f 1047 1037 1038
f 1037 1047 1046
f 1048 1038 1039
f 1038 1048 1047
f 1052 1019 1049
f 901 1049 1019
f 1051 1050 1049
f 1049 1054 1052
f 1054 1050 1055
f 1050 1054 1049
f 904 1054 1055
f 1054 904 903
f 1056 1050 1051
f 1050 1056 1055
f 1057 1053 1052
f 1053 1057 1058
f 1059 1052 1054
f 1052 1059 1057
f 1054 905 1059
f 905 1054 903
f 1060 905 1059
f 905 1060 902
f 1060 904 902
f 904 1060 1055
f 1061 1062 1063
f 1062 1061 1064
f 1252 910 1065
f 1252 1253 910
f 1066 910 1253
f 910 1066 795
f 1067 795 1066
f 1067 1068 795
f 1070 1248 1071
f 1248 1070 1069
f 1069 1070 906
f 1070 1072 906
f 1072 1070 1071
f 1073 1072 1249
f 1072 1073 906
f 798 906 1073
f 1074 1249 1075
f 1249 1074 1073
f 907 1073 1074
f 1073 907 798
f 1074 1075 1076
f 1076 907 1074
f 907 1076 908
f 1076 1077 1078
f 1077 1076 1075
f 913 1076 1078
f 1076 913 908
f 915 1078 1079
f 1078 915 913
f 1086 1260 917
f 1080 917 1260
f 1065 909 1081
f 909 725 1081
f 1082 915 916
f 915 1082 1079
f 1082 1083 1084
f 1083 1082 1079
f 919 1082 1084
f 1082 919 916
f 1086 922 1085
f 1087 919 920
f 919 1087 1084
f 1087 1088 1089
f 1088 1087 1084
f 925 1087 1089
f 1087 925 920
f 921 1090 808
f 1085 922 1090
f 922 808 1090
f 926 1091 1092
f 1091 926 924
f 1089 926 1092
f 926 1089 925
f 1093 921 822
f 921 1093 1090
f 928 931 1454
f 818 927 1094
f 1094 819 818
f 820 819 1095
f 929 1095 1096
f 1095 929 820
f 1096 930 929
f 1091 930 1096
f 930 1091 924
f 1097 1091 1092
f 1091 1097 1096
f 931 933 1098
f 931 1453 1454
f 1282 936 1287
f 936 1282 933
f 1099 938 1293
f 938 1099 934
f 1099 932 934
f 932 1099 1281
f 936 935 1294
f 935 939 1100
f 939 935 828
f 938 937 1101
f 939 832 1102
f 1101 1103 1104
f 1103 941 1104
f 941 1103 940
f 1103 937 940
f 937 1103 1101
f 1105 832 831
f 832 1105 1102
f 1106 1107 1108
f 1107 1106 1109
f 942 1309 1104
f 1309 942 1116
f 941 942 1104
f 1105 1119 1311
f 1105 831 1119
f 1110 1109 1111
f 1109 1110 1112
f 1113 1109 1106
f 1109 1113 1111
f 1114 1106 1115
f 1106 1114 1113
f 1119 946 1118
f 946 1119 943
f 943 1119 836
f 1116 1121 1117
f 946 945 1326
f 1122 1123 1120
f 1123 1122 1124
f 1133 1126 947
f 1126 945 947
f 945 1126 1326
f 1127 1128 1124
f 1128 1127 1129
f 1130 1124 1122
f 1124 1130 1127
f 1131 1122 1132
f 1122 1131 1130
f 1324 1125 843
f 1134 1135 1136
f 1135 1134 1137
f 1138 1136 1129
f 1136 1138 1134
f 1139 1129 1127
f 1129 1139 1138
f 1140 1127 1130
f 1127 1140 1139
f 1141 1142 1133
f 1142 1141 1143
f 1141 949 1143
f 949 1141 847
f 1141 948 847
f 948 1141 1133
f 1144 1145 1137
f 1145 1144 1146
f 1147 1137 1134
f 1137 1147 1144
f 1148 1134 1138
f 1134 1148 1147
f 1149 1138 1139
f 1138 1149 1148
f 1150 1151 1143
f 1151 1150 1152
f 1150 953 1152
f 953 1150 950
f 1150 949 950
f 949 1150 1143
f 1153 1154 1146
f 1154 1153 1155
f 1156 1146 1144
f 1146 1156 1153
f 1157 1144 1147
f 1144 1157 1156
f 1158 1147 1148
f 1147 1158 1157
f 2082 1324 951
f 1159 953 954
f 953 1159 1152
f 1160 1161 1162
f 1161 1160 1163
f 1164 1162 1155
f 1162 1164 1160
f 1165 1155 1153
f 1155 1165 1164
f 1166 1153 1156
f 1153 1166 1165
f 955 957 1365
f 951 955 2082
f 1167 954 956
f 954 1167 1159
f 967 1168 1169
f 1168 967 966
f 1170 1171 1163
f 1171 1170 1172
f 1173 1163 1160
f 1163 1173 1170
f 1174 1160 1164
f 1160 1174 1173
f 1175 1164 1165
f 1164 1175 1174
f 1176 957 958
f 957 1176 1365
f 1177 956 959
f 956 1177 1167
f 1178 974 1179
f 974 1178 973
f 1180 973 1178
f 973 1180 975
f 976 1180 1181
f 1180 976 975
f 1181 978 976
f 978 1182 979
f 981 979 1182
f 963 1183 964
f 985 1183 1184
f 1183 985 964
f 1185 1186 1168
f 1186 1185 1184
f 1185 985 1184
f 985 1185 968
f 1185 966 968
f 966 1185 1168
f 1187 967 965
f 967 1187 1169
f 1188 1169 1172
f 1169 1188 1187
f 990 1187 1188
f 1187 990 965
f 1189 1172 1170
f 1172 1189 1188
f 1190 1170 1173
f 1170 1190 1189
f 1191 1173 1174
f 1173 1191 1190
f 1192 1193 1176
f 1193 1192 1194
f 1192 958 970
f 958 1192 1176
f 1195 959 996
f 959 1195 1177
f 1195 1196 1541
f 1196 1195 1177
f 996 1195 1541
f 996 1197 998
f 1198 998 1197
f 998 1198 1000
f 1199 1000 1198
f 1000 1199 972
f 1200 1201 1179
f 1201 1200 1199
f 1200 972 1199
f 972 1200 971
f 1200 974 971
f 974 1200 1179
f 989 1202 1203
f 1202 989 988
f 1203 990 989
f 990 1203 1188
f 1204 1188 1189
f 1188 1204 1203
f 1205 1192 1206
f 1192 1205 1194
f 1192 991 1206
f 991 1192 970
f 1207 991 1206
f 991 1207 992
f 1208 1009 1008
f 1010 1009 1209
f 1202 1010 1209
f 1010 1202 988
f 1210 1202 1203
f 1202 1210 1209
f 1207 1211 1206
f 1207 1011 1211
f 1011 1207 992
f 1012 1011 1211
f 887 1012 1390
f 1390 1013 887
f 1013 1390 1014
f 1028 1212 1213
f 1212 1028 1027
f 1208 1028 1213
f 1028 1208 1008
f 1214 1208 1009
f 1208 1214 1213
f 1029 1390 1014
f 1215 1029 1390
f 1029 1215 1030
f 1030 1215 1031
f 1020 1216 1217
f 1033 1217 1218
f 1217 1033 1020
f 1219 1033 1218
f 1033 1219 1220
f 1040 1221 1222
f 1221 1040 1039
f 1212 1040 1222
f 1040 1212 1027
f 1223 1212 1213
f 1212 1223 1222
f 1215 1041 1567
f 1041 1215 1031
f 1224 1041 1567
f 1041 1224 995
f 1052 1032 995
f 1032 1052 1042
f 1216 1217 1225
f 1225 1218 1220
f 1218 1225 1217
f 1220 1218 1219
f 1220 1043 1226
f 1043 1220 1034
f 1227 1043 1226
f 1043 1227 1044
f 1228 1044 1227
f 1044 1228 1045
f 1046 1228 1229
f 1228 1046 1045
f 1047 1229 1230
f 1229 1047 1046
f 1048 1230 1231
f 1230 1048 1047
f 1221 1048 1231
f 1048 1221 1039
f 1232 1221 1222
f 1221 1232 1231
f 1232 1223 1233
f 1223 1232 1222
f 1224 1052 1234
f 1052 1224 995
f 1216 1051 1236
f 1236 1216 1225
f 1567 1224 1234
f 1053 1234 1052
f 1056 1235 1236
f 1235 1056 1055
f 1236 1051 1056
f 1237 1234 1238
f 1234 1237 1567
f 1234 1239 1238
f 1239 1062 1238
f 1062 1239 1063
f 1239 1234 1240
f 1240 1063 1239
f 1063 1240 1058
f 1240 1053 1058
f 1053 1240 1234
f 1241 1058 1240
f 1058 1241 1057
f 1059 1241 1242
f 1241 1059 1057
f 1060 1242 1243
f 1242 1060 1059
f 1235 1060 1243
f 1060 1235 1055
f 1244 1237 1238
f 1237 1244 1245
f 1238 1064 1244
f 1064 1238 1062
f 1246 1064 1244
f 1064 1246 1061
f 1247 1061 1246
f 1061 1247 1063
f 1240 1063 1247
f 1063 1240 1058
f 1071 1426 1072
f 1249 1072 1426
f 1077 1250 1251
f 1250 1077 1075
f 1081 1433 1065
f 1253 1254 1066
f 1423 1066 1254
f 1066 1423 1067
f 1068 1067 1423
f 1255 1077 1078
f 1077 1255 1251
f 1255 1256 1257
f 1256 1255 1251
f 1079 1255 1257
f 1255 1079 1078
f 1083 1257 1258
f 1257 1083 1079
f 1260 1086 1259
f 1261 1080 1260
f 1080 1261 1081
f 1431 1081 1261
f 1262 1083 1084
f 1083 1262 1258
f 1088 1262 1263
f 1262 1088 1084
f 1265 1085 1264
f 1085 1265 1086
f 1086 1265 1259
f 1266 1088 1089
f 1088 1266 1263
f 1267 1090 1269
f 1267 1085 1090
f 1085 1267 1264
f 1266 1092 1268
f 1092 1266 1089
f 1269 1090 1093
f 1272 1270 1271
f 1270 1272 1454
f 1272 928 1454
f 928 1272 927
f 1272 1094 927
f 1272 819 1094
f 1273 819 1272
f 819 1273 1095
f 1273 1096 1095
f 1274 1096 1273
f 1097 1274 1275
f 1274 1097 1096
f 1268 1097 1275
f 1097 1268 1092
f 1275 1276 1277
f 1276 1275 1268
f 1093 1281 1278
f 1281 1093 932
f 1098 1453 931
f 1274 1279 1273
f 1279 1274 1275
f 1279 1277 1280
f 1277 1279 1275
f 1282 1287 1288
f 1282 1098 933
f 1283 1280 1284
f 1280 1283 1279
f 1284 1285 1286
f 1285 1284 1280
f 1293 1281 1099
f 1287 1294 1288
f 1294 1287 936
f 1289 1283 1290
f 1283 1289 1279
f 1290 1284 1291
f 1284 1290 1283
f 1292 1284 1286
f 1284 1292 1291
f 1100 1294 935
f 1295 1289 1290
f 1289 1295 1296
f 1297 1290 1291
f 1290 1297 1295
f 1298 1291 1292
f 1291 1298 1297
f 1299 1101 1303
f 1101 1299 938
f 938 1299 1293
f 1102 1100 939
f 1300 1296 1295
f 1296 1300 1301
f 1300 1107 1301
f 1107 1300 1108
f 1302 1295 1297
f 1295 1302 1300
f 1303 1309 1480
f 1309 1303 1104
f 1303 1101 1104
f 1304 1305 1301
f 1305 1304 1306
f 1304 1112 1306
f 1112 1304 1109
f 1304 1107 1109
f 1107 1304 1301
f 1307 1108 1106
f 1108 1307 1300
f 1307 1302 1308
f 1302 1307 1300
f 1115 1307 1308
f 1307 1115 1106
f 1309 1117 1310
f 1117 1309 1116
f 1112 1110 1306
f 1114 1312 1313
f 1312 1114 1113
f 1313 1115 1114
f 1115 1313 1308
f 1123 1306 1110
f 1306 1123 1320
f 1123 1111 1314
f 1111 1123 1110
f 1123 1314 1120
f 1314 1111 1120
f 1111 1314 1315
f 1314 1111 1120
f 1312 1111 1315
f 1111 1312 1113
f 1316 1312 1313
f 1312 1316 1315
f 1317 1318 1310
f 1317 1125 1318
f 1125 1317 1121
f 1317 1117 1121
f 1117 1317 1310
f 1326 1319 946
f 1319 1118 946
f 1118 1319 1489
f 1320 1128 1321
f 1128 1320 1124
f 1320 1123 1124
f 1314 1122 1322
f 1122 1314 1120
f 1322 1315 1323
f 1315 1322 1314
f 1132 1322 1323
f 1322 1132 1122
f 1125 1324 1318
f 1326 1126 1325
f 1327 1135 1335
f 1135 1327 1136
f 1329 1328 1321
f 1328 1329 1327
f 1329 1136 1327
f 1136 1329 1129
f 1329 1128 1129
f 1128 1329 1321
f 1131 1330 1331
f 1330 1131 1130
f 1331 1132 1131
f 1132 1331 1323
f 1332 1142 1333
f 1142 1332 1133
f 1332 1126 1133
f 1126 1332 1325
f 1335 1334 1336
f 1334 1145 1336
f 1145 1334 1137
f 1334 1135 1137
f 1135 1334 1335
f 1140 1337 1338
f 1337 1140 1139
f 1330 1140 1338
f 1140 1330 1130
f 1339 1330 1331
f 1330 1339 1338
f 1340 1151 1341
f 1151 1340 1143
f 1340 1142 1143
f 1142 1340 1333
f 1342 1343 1336
f 1343 1342 1344
f 1342 1154 1344
f 1154 1342 1146
f 1342 1145 1146
f 1145 1342 1336
f 1149 1345 1346
f 1345 1149 1148
f 1337 1149 1346
f 1149 1337 1139
f 1347 1337 1338
f 1337 1347 1346
f 1348 1151 1152
f 1151 1348 1341
f 1349 1350 1351
f 1350 1349 1352
f 1349 1161 1352
f 1161 1349 1162
f 1353 1351 1344
f 1351 1353 1349
f 1353 1162 1349
f 1162 1353 1155
f 1353 1154 1155
f 1154 1353 1344
f 1157 1354 1355
f 1354 1157 1156
f 1158 1355 1356
f 1355 1158 1157
f 1345 1158 1356
f 1158 1345 1148
f 1357 1345 1346
f 1345 1357 1356
f 1358 1152 1159
f 1152 1358 1348
f 1359 1360 1352
f 1360 1359 1361
f 1359 1171 1361
f 1171 1359 1163
f 1359 1161 1163
f 1161 1359 1352
f 1166 1362 1363
f 1362 1166 1165
f 1354 1166 1363
f 1166 1354 1156
f 1364 1354 1355
f 1354 1364 1363
f 1366 1159 1167
f 1159 1366 1358
f 1679 1186 1524
f 1186 1679 1168
f 1169 1679 1367
f 1679 1169 1168
f 1169 1367 1172
f 1367 1171 1172
f 1171 1367 1361
f 1175 1368 1369
f 1368 1175 1174
f 1362 1175 1369
f 1175 1362 1165
f 1370 1362 1363
f 1362 1370 1369
f 1371 1372 1365
f 1372 1371 1373
f 1371 1193 1373
f 1193 1371 1176
f 1371 1365 1176
f 1374 1167 1177
f 1167 1374 1366
f 1196 1374 1375
f 1374 1196 1177
f 1178 1179 1535
f 1180 1178 1535
f 1518 1182 978
f 1518 1376 1182
f 1182 1376 981
f 981 1376 961
f 1376 1519 960
f 960 961 1376
f 960 1519 962
f 963 1519 1377
f 1519 963 962
f 963 1377 1183
f 1184 1522 1524
f 1522 1184 1377
f 1184 1183 1377
f 1186 1184 1524
f 1190 1378 1379
f 1378 1190 1189
f 1191 1379 1380
f 1379 1191 1190
f 1368 1191 1380
f 1191 1368 1174
f 1381 1368 1369
f 1368 1381 1380
f 1382 1193 1194
f 1193 1382 1373
f 1196 1541 1375
f 996 1541 1532
f 1532 1197 996
f 1197 1532 1198
f 1198 1532 1199
f 1532 1201 1199
f 1204 1383 1384
f 1383 1204 1203
f 1378 1204 1384
f 1204 1378 1189
f 1385 1378 1379
f 1378 1385 1384
f 1382 1205 1386
f 1205 1382 1194
f 1387 1205 1386
f 1205 1387 1206
f 1209 1214 1548
f 1214 1209 1009
f 1548 1210 1209
f 1383 1210 1548
f 1210 1383 1203
f 1388 1387 1389
f 1387 1388 1386
f 1387 1211 1389
f 1211 1387 1206
f 1211 1555 1012
f 1392 1012 1555
f 1012 1392 1390
f 1391 1214 1213
f 1211 1555 1389
f 1392 1726 1555
f 1392 1390 1393
f 1391 1223 1394
f 1223 1391 1213
f 1390 1558 1393
f 1220 1225 1401
f 1226 1395 1396
f 1395 1226 1220
f 1396 1227 1226
f 1228 1227 1397
f 1397 1229 1228
f 1230 1229 1562
f 1398 1230 1562
f 1230 1398 1231
f 1232 1398 1399
f 1398 1232 1231
f 1233 1399 1400
f 1399 1233 1232
f 1394 1233 1400
f 1233 1394 1223
f 1215 1567 1390
f 1401 1225 1236
f 1401 1235 1402
f 1235 1401 1236
f 1403 1567 1237
f 1241 1240 1404
f 1242 1404 1402
f 1404 1242 1241
f 1402 1243 1242
f 1243 1402 1235
f 1405 1403 1406
f 1403 1405 1567
f 1403 1245 1406
f 1245 1403 1237
f 1407 1245 1406
f 1245 1407 1244
f 1246 1407 1408
f 1407 1246 1244
f 1247 1408 1409
f 1408 1247 1246
f 1240 1247 1409
f 1410 1405 1411
f 1405 1410 1412
f 1411 1406 1413
f 1406 1411 1405
f 1413 1407 1414
f 1407 1413 1406
f 1414 1408 1415
f 1408 1414 1407
f 1416 1408 1409
f 1408 1416 1415
f 1417 1413 1418
f 1413 1417 1411
f 1418 1414 1419
f 1414 1418 1413
f 1419 1415 1420
f 1415 1419 1414
f 1420 1416 1421
f 1416 1420 1415
f 1254 1253 1422
f 1423 1424 1068
f 1068 1424 1069
f 1424 1248 1069
f 1248 1425 1071
f 1426 1071 1425
f 1075 1249 1427
f 1250 1427 1428
f 1427 1250 1075
f 1251 1428 1429
f 1428 1251 1250
f 1256 1429 1430
f 1429 1256 1251
f 1431 1432 1081
f 1433 1081 1432
f 1433 1604 1065
f 1434 1065 1604
f 1065 1434 1252
f 1252 1434 1422
f 1253 1252 1422
f 1435 1256 1257
f 1256 1435 1430
f 1435 1436 1437
f 1436 1435 1430
f 1258 1435 1437
f 1435 1258 1257
f 1259 1438 1260
f 1260 1439 1261
f 1440 1258 1262
f 1258 1440 1437
f 1440 1441 1442
f 1441 1440 1437
f 1263 1440 1442
f 1440 1263 1262
f 1443 1264 1445
f 1264 1443 1265
f 1443 1259 1265
f 1259 1443 1438
f 1444 1263 1266
f 1263 1444 1442
f 1269 1445 1267
f 1445 1264 1267
f 1446 1270 1447
f 1270 1446 1271
f 1448 1271 1446
f 1271 1448 1272
f 1272 1448 1449
f 1450 1266 1268
f 1266 1450 1444
f 1450 1451 1452
f 1451 1450 1444
f 1276 1450 1452
f 1450 1276 1268
f 1454 1455 1447
f 1270 1454 1447
f 1273 1449 1456
f 1449 1273 1272
f 1457 1276 1277
f 1276 1457 1452
f 1269 1278 1458
f 1278 1269 1093
f 1629 1282 1459
f 1282 1629 1098
f 1629 1620 1453
f 1098 1629 1453
f 1460 1456 1471
f 1456 1279 1471
f 1279 1456 1273
f 1461 1277 1280
f 1277 1461 1457
f 1461 1462 1463
f 1462 1461 1457
f 1285 1461 1463
f 1461 1285 1280
f 1466 1278 1281
f 1278 1466 1458
f 1464 1459 1468
f 1459 1288 1468
f 1288 1459 1282
f 1465 1285 1286
f 1285 1465 1463
f 1468 1288 1467
f 1289 1471 1279
f 1469 1286 1292
f 1286 1469 1465
f 1470 1281 1293
f 1281 1470 1466
f 1288 1294 1635
f 1471 1289 1296
f 1298 1472 1473
f 1472 1298 1297
f 1469 1298 1473
f 1298 1469 1292
f 1474 1303 1643
f 1303 1474 1299
f 1474 1293 1299
f 1293 1474 1470
f 1102 1644 1100
f 1644 1294 1100
f 1294 1644 1635
f 1475 1476 1471
f 1471 1296 1475
f 1296 1305 1475
f 1305 1296 1301
f 1472 1302 1477
f 1302 1472 1297
f 1478 1472 1473
f 1472 1478 1477
f 1303 1480 1643
f 1102 1105 1644
f 1479 1302 1308
f 1302 1479 1477
f 1310 1480 1309
f 1481 1652 1305
f 1306 1481 1305
f 1482 1308 1313
f 1308 1482 1479
f 1483 1484 1480
f 1484 1483 1485
f 1483 1318 1485
f 1318 1483 1310
f 1310 1483 1480
f 1311 1118 1489
f 1118 1311 1119
f 1490 1652 1481
f 1490 1306 1320
f 1306 1490 1481
f 1316 1486 1487
f 1486 1316 1315
f 1482 1316 1487
f 1316 1482 1313
f 1489 1319 1488
f 1490 1328 1327
f 1328 1490 1321
f 1490 1320 1321
f 1486 1323 1491
f 1323 1486 1315
f 1318 1324 1485
f 1492 1325 1493
f 1325 1492 1326
f 1492 1319 1326
f 1319 1492 1488
f 1327 1335 1490
f 1491 1331 1494
f 1331 1491 1323
f 1495 1333 1496
f 1333 1495 1332
f 1495 1325 1332
f 1325 1495 1493
f 1336 1497 1490
f 1336 1343 1497
f 1335 1336 1490
f 1498 1499 1494
f 1499 1498 1500
f 1498 1338 1500
f 1338 1498 1339
f 1498 1331 1339
f 1331 1498 1494
f 1340 1501 1502
f 1501 1340 1341
f 1502 1333 1340
f 1333 1502 1496
f 1497 1344 1351
f 1343 1344 1497
f 1503 1504 1500
f 1504 1503 1505
f 1503 1346 1505
f 1346 1503 1347
f 1503 1338 1347
f 1338 1503 1500
f 1506 1341 1348
f 1341 1506 1501
f 1356 1507 1508
f 1507 1356 1355
f 1509 1510 1505
f 1510 1509 1508
f 1509 1356 1508
f 1356 1509 1357
f 1509 1346 1357
f 1346 1509 1505
f 1511 1348 1358
f 1348 1511 1506
f 1361 1512 1360
f 1512 1361 1367
f 1364 1513 1514
f 1513 1364 1363
f 1507 1364 1514
f 1364 1507 1355
f 1515 2082 955
f 2082 1515 1516
f 1515 1372 1516
f 1372 1515 1365
f 1515 955 1365
f 1517 1358 1366
f 1358 1517 1511
f 1670 1376 1518
f 1519 1376 1670
f 1519 1520 1377
f 1520 1521 1522
f 1522 1377 1520
f 1522 1523 1524
f 1523 1522 1521
f 1523 1679 1524
f 1370 1525 1526
f 1525 1370 1369
f 1513 1370 1526
f 1370 1513 1363
f 1527 1372 1373
f 1372 1527 1516
f 1528 1366 1374
f 1366 1528 1517
f 1528 1529 1530
f 1529 1528 1517
f 1375 1528 1530
f 1528 1375 1374
f 1531 1687 1533
f 1687 1531 1532
f 1531 1533 1201
f 1201 1532 1531
f 1201 1534 1535
f 1534 1201 1533
f 1179 1201 1535
f 1536 1180 1535
f 1180 1536 1181
f 1181 1536 978
f 1536 1518 978
f 1380 1537 1538
f 1537 1380 1379
f 1539 1380 1538
f 1380 1539 1381
f 1525 1381 1539
f 1381 1525 1369
f 1527 1382 1540
f 1382 1527 1373
f 1375 1541 1530
f 1542 1541 1530
f 1543 1541 1542
f 1543 1532 1541
f 1384 1544 1545
f 1544 1384 1383
f 1385 1545 1546
f 1545 1385 1384
f 1537 1385 1546
f 1385 1537 1379
f 1547 1382 1386
f 1382 1547 1540
f 1383 1548 1544
f 1547 1388 1549
f 1388 1547 1386
f 1550 1388 1549
f 1388 1550 1389
f 1551 1391 1552
f 1391 1551 1214
f 1214 1551 1548
f 1553 1550 1554
f 1550 1553 1549
f 1550 1555 1554
f 1555 1550 1389
f 1552 1394 1556
f 1394 1552 1391
f 1557 1555 1717
f 1555 1557 1554
f 1726 1392 1558
f 1558 1392 1393
f 1401 1559 1220
f 1395 1559 1560
f 1559 1395 1220
f 1396 1560 1561
f 1560 1396 1395
f 1561 1227 1396
f 1397 1561 1719
f 1561 1397 1227
f 1229 1719 1562
f 1719 1229 1397
f 1398 1562 1563
f 1399 1563 1564
f 1563 1399 1398
f 1400 1564 1565
f 1564 1400 1399
f 1556 1400 1565
f 1400 1556 1394
f 1726 1558 1566
f 1566 1558 1567
f 1567 1558 1390
f 1559 1401 1568
f 1730 1567 1412
f 1569 1402 1570
f 1402 1569 1401
f 1568 1401 1569
f 1404 1571 1572
f 1571 1404 1240
f 1572 1402 1404
f 1573 1402 1572
f 1570 1402 1573
f 1412 1567 1405
f 1571 1409 1574
f 1409 1571 1240
f 1575 1571 1572
f 1571 1575 1574
f 1576 1412 1410
f 1577 1410 1576
f 1410 1577 1411
f 1574 1416 1578
f 1416 1574 1409
f 1579 1574 1575
f 1574 1579 1578
f 1575 1580 1579
f 1581 1577 1582
f 1577 1581 1576
f 1577 1417 1582
f 1417 1577 1411
f 1583 1417 1582
f 1417 1583 1418
f 1584 1418 1583
f 1418 1584 1419
f 1420 1584 1585
f 1584 1420 1419
f 1421 1585 1586
f 1585 1421 1420
f 1578 1421 1586
f 1421 1578 1416
f 1587 1578 1579
f 1578 1587 1586
f 1588 1579 1580
f 1579 1588 1587
f 1589 1588 1590
f 1588 1589 1587
f 1422 1591 1254
f 1423 1254 1591
f 1423 1748 1424
f 1592 1424 1748
f 1248 1592 1749
f 1592 1248 1424
f 1593 1248 1749
f 1248 1593 1425
f 1744 1425 1593
f 1425 1744 1426
f 1595 1594 1596
f 1594 1595 1744
f 1595 1426 1744
f 1426 1595 1249
f 1427 1595 1596
f 1595 1427 1249
f 1428 1596 1597
f 1596 1428 1427
f 1597 1598 1599
f 1598 1597 1596
f 1429 1597 1599
f 1597 1429 1428
f 1600 1429 1599
f 1429 1600 1430
f 1436 1600 1601
f 1600 1436 1430
f 1602 1439 1608
f 1439 1602 1261
f 1603 1261 1602
f 1261 1603 1431
f 2468 1431 1603
f 1431 2468 1432
f 1432 2468 1433
f 1604 1433 2468
f 1605 1436 1437
f 1436 1605 1601
f 1441 1605 1606
f 1605 1441 1437
f 1607 1438 1611
f 1608 1439 1607
f 1439 1438 1607
f 1438 1439 1260
f 1609 1441 1442
f 1441 1609 1606
f 1445 1610 1443
f 1611 1438 1610
f 1438 1443 1610
f 1612 1442 1444
f 1442 1612 1609
f 1612 1451 1444
f 1445 1613 1610
f 1614 1455 1615
f 1455 1614 1447
f 1616 1447 1614
f 1447 1616 1446
f 1617 1446 1616
f 1446 1617 1448
f 1618 1448 1617
f 1448 1618 1449
f 1619 1451 1452
f 1451 1619 1612
f 1621 1453 1620
f 1622 1623 1615
f 1623 1622 1621
f 1622 1453 1621
f 1453 1622 1454
f 1622 1455 1454
f 1455 1622 1615
f 1449 1624 1618
f 1625 1449 1624
f 1449 1625 1456
f 1626 1452 1457
f 1452 1626 1619
f 1462 1626 1627
f 1626 1462 1457
f 1458 1628 1269
f 1628 1445 1269
f 1445 1628 1613
f 1629 1464 1781
f 1464 1629 1459
f 1625 1460 1630
f 1460 1625 1456
f 1471 1460 1630
f 1631 1462 1463
f 1462 1631 1627
f 1628 1458 1466
f 1464 1468 1632
f 1631 1465 1633
f 1465 1631 1463
f 1468 1467 1783
f 1634 1465 1469
f 1465 1634 1633
f 1635 1467 1288
f 1636 1469 1473
f 1469 1636 1634
f 1643 1470 1474
f 1635 1644 1637
f 1638 2065 1476
f 2065 1638 1789
f 1638 1476 1475
f 1639 1640 1636
f 1640 1639 1641
f 1478 1641 1639
f 1641 1478 1477
f 1639 1473 1478
f 1473 1639 1636
f 1647 1642 1480
f 1793 1643 1642
f 1643 1480 1642
f 1644 1311 1791
f 1311 1644 1105
f 1789 1638 1645
f 1638 1652 1645
f 1652 1638 1305
f 1638 1475 1305
f 1646 1477 1479
f 1477 1646 1641
f 1647 1484 1648
f 1484 1647 1480
f 1649 1645 1796
f 1650 1479 1482
f 1479 1650 1646
f 1655 1484 1485
f 1484 1655 1648
f 1489 1651 1800
f 1651 1489 1656
f 1489 1800 1311
f 1311 1800 1795
f 1652 1796 1645
f 1487 1653 1654
f 1653 1487 1486
f 1654 1482 1487
f 1482 1654 1650
f 1488 1656 1489
f 1497 1796 1652
f 1796 1497 1807
f 1490 1497 1652
f 1657 1486 1491
f 1486 1657 1653
f 1655 1485 1324
f 1658 1493 1659
f 1493 1658 1492
f 1658 1488 1492
f 1488 1658 1656
f 1660 1499 1661
f 1499 1660 1494
f 1660 1491 1494
f 1491 1660 1657
f 1324 2082 1655
f 1495 1662 1663
f 1662 1495 1496
f 1663 1493 1495
f 1493 1663 1659
f 1351 1813 1497
f 1504 1664 1500
f 1664 1499 1500
f 1499 1664 1661
f 1502 1665 1666
f 1665 1502 1501
f 1662 1502 1666
f 1502 1662 1496
f 1350 1671 1813
f 1350 1352 1671
f 1351 1350 1813
f 1510 1667 1505
f 1667 1504 1505
f 1504 1667 1664
f 1668 1501 1506
f 1501 1668 1665
f 1669 1665 1666
f 1665 1669 1668
f 1671 1512 1672
f 1512 1671 1360
f 1671 1352 1360
f 1508 1507 1673
f 1674 1506 1511
f 1506 1674 1668
f 1675 1668 1669
f 1668 1675 1674
f 1518 1536 1670
f 1519 2094 1520
f 1521 1520 2094
f 1521 1957 1676
f 1677 1957 1678
f 1957 1677 1676
f 1677 1521 1676
f 1521 1677 1523
f 1679 1678 1680
f 1678 1679 1677
f 1679 1523 1677
f 1681 1680 1672
f 1680 1681 1679
f 1679 1681 1367
f 1681 1512 1367
f 1512 1681 1672
f 1682 1513 1683
f 1513 1682 1514
f 1682 1507 1514
f 1507 1682 1673
f 1684 2082 1516
f 1685 1511 1517
f 1511 1685 1674
f 1685 1675 1686
f 1675 1685 1674
f 1529 1685 1686
f 1685 1529 1517
f 1534 1533 1688
f 1834 1689 1535
f 1535 1689 1536
f 1539 1690 1525
f 1683 1526 1690
f 1526 1525 1690
f 1513 1526 1683
f 1691 1837 1684
f 1837 1691 1692
f 1691 1516 1527
f 1516 1691 1684
f 1693 1529 1530
f 1529 1693 1686
f 1693 1694 1695
f 1694 1693 1686
f 1542 1693 1695
f 1693 1542 1530
f 1696 1694 1697
f 1694 1696 1695
f 1696 1542 1695
f 1542 1696 1543
f 1532 1697 1687
f 1697 1532 1696
f 1532 1543 1696
f 1698 1537 1703
f 1537 1698 1538
f 1698 1539 1538
f 1539 1698 1690
f 1699 1692 1691
f 1692 1699 1700
f 1699 1527 1540
f 1527 1699 1691
f 1545 1701 1702
f 1701 1545 1544
f 1703 1545 1702
f 1545 1703 1546
f 1703 1537 1546
f 1704 1699 1705
f 1699 1704 1700
f 1699 1547 1705
f 1547 1699 1540
f 1544 1548 1701
f 1706 1705 1707
f 1705 1706 1704
f 1705 1549 1707
f 1549 1705 1547
f 1709 1708 1852
f 1708 1552 1852
f 1552 1708 1551
f 1708 1548 1551
f 1707 1553 1710
f 1553 1707 1549
f 1711 1553 1710
f 1553 1711 1554
f 1852 1712 1713
f 1712 1552 1556
f 1552 1712 1852
f 1714 1711 1715
f 1711 1714 1710
f 1711 1557 1715
f 1557 1711 1554
f 1716 1557 1715
f 1557 1716 1717
f 1726 1555 1717
f 1718 1560 1559
f 1561 1718 1856
f 1718 1561 1560
f 1561 1856 1857
f 1857 1719 1561
f 1720 1562 1719
f 1563 1720 1721
f 1720 1563 1562
f 1564 1721 1722
f 1721 1564 1563
f 1723 1713 1712
f 1713 1723 1722
f 1723 1564 1722
f 1564 1723 1565
f 1723 1556 1565
f 1556 1723 1712
f 1724 1716 1725
f 1716 1724 1715
f 1725 1717 1726
f 1717 1725 1716
f 1727 1726 1868
f 1726 1727 1566
f 1728 1566 1727
f 1566 1728 1567
f 1730 1567 1728
f 1718 1568 1729
f 1568 1718 1559
f 1570 1731 1569
f 1729 1569 1731
f 1569 1729 1568
f 1573 1575 1731
f 1575 1573 1572
f 1731 1570 1573
f 1412 1732 1730
f 1732 1412 1576
f 1872 1580 1733
f 1580 1872 1575
f 1732 1581 1734
f 1581 1732 1576
f 1735 1581 1734
f 1581 1735 1582
f 1736 1582 1735
f 1582 1736 1583
f 1737 1583 1736
f 1583 1737 1584
f 1738 1584 1737
f 1584 1738 1585
f 1739 1585 1738
f 1585 1739 1586
f 1587 1739 1740
f 1739 1587 1586
f 1733 1588 1741
f 1588 1733 1580
f 1740 1589 1742
f 1589 1740 1587
f 1743 1740 1741
f 1740 1743 1742
f 1590 1742 1743
f 1742 1590 1589
f 1743 1588 1590
f 1588 1743 1741
f 1744 1593 1745
f 1598 1746 1747
f 1746 1598 1596
f 1591 2167 1423
f 1748 1423 2167
f 1748 1884 1592
f 1749 1884 1745
f 1749 1592 1884
f 1593 1749 1745
f 1750 1598 1599
f 1598 1750 1747
f 1750 1751 1752
f 1751 1750 1747
f 1600 1750 1752
f 1750 1600 1599
f 1753 1600 1752
f 1600 1753 1601
f 1754 1608 1899
f 1608 1754 1602
f 1755 1602 1754
f 1602 1755 1603
f 2468 1603 1755
f 1756 1604 2468
f 1757 1601 1605
f 1601 1757 1753
f 1606 1757 1897
f 1757 1606 1605
f 1608 1611 1758
f 1611 1608 1607
f 1759 1606 1609
f 1606 1759 1897
f 1613 1760 1610
f 1611 1610 1760
f 1609 1612 1759
f 1762 1623 1763
f 1623 1762 1615
f 1764 1615 1762
f 1615 1764 1614
f 1765 1614 1764
f 1614 1765 1616
f 1766 1616 1765
f 1616 1766 1617
f 1767 1617 1766
f 1617 1767 1618
f 1761 1619 1768
f 1619 1761 1612
f 1770 1620 1769
f 1771 1772 1763
f 1772 1771 1770
f 1771 1620 1770
f 1620 1771 1621
f 1771 1623 1621
f 1623 1771 1763
f 1773 1618 1624
f 1618 1773 1767
f 1774 1624 1773
f 1624 1774 1625
f 1775 1619 1626
f 1619 1775 1768
f 1775 1776 1777
f 1776 1775 1768
f 1627 1775 1777
f 1775 1627 1626
f 1778 2056 1613
f 1778 1613 1628
f 1781 1779 1629
f 1779 1620 1629
f 1620 1779 1769
f 1625 1630 1774
f 1780 1627 1631
f 1627 1780 1777
f 1781 1632 1920
f 1632 1781 1464
f 1630 1471 1918
f 1782 1631 1633
f 1631 1782 1780
f 1628 1470 2211
f 1470 1628 1466
f 1783 1632 1468
f 1632 1783 1920
f 1784 1633 1634
f 1633 1784 1782
f 1635 1783 1467
f 1471 1785 2065
f 2065 1785 1476
f 1785 1471 1476
f 1786 1787 1784
f 1787 1786 1640
f 1640 1786 1636
f 1786 1634 1636
f 1634 1786 1784
f 1793 1927 1643
f 1927 1470 1643
f 1470 1927 2211
f 1788 1637 1929
f 1637 1788 1635
f 1783 1635 1788
f 1790 1640 1641
f 1637 1644 1791
f 1649 1792 1645
f 1792 1789 1645
f 1790 1646 1797
f 1646 1790 1641
f 1793 1642 1794
f 1642 1648 1794
f 1648 1642 1647
f 1932 1800 1940
f 1800 1932 1795
f 1795 1791 1311
f 1650 1797 1646
f 1798 1648 1655
f 1648 1798 1794
f 1800 1651 1799
f 1801 1802 1797
f 1802 1801 1803
f 1801 1653 1803
f 1653 1801 1654
f 1801 1650 1654
f 1650 1801 1797
f 1655 1937 1798
f 1937 1655 2082
f 1804 1805 1799
f 1805 1804 1806
f 1804 1656 1806
f 1804 1651 1656
f 1651 1804 1799
f 1808 1653 1657
f 1653 1808 1803
f 1809 1810 1806
f 1810 1809 1811
f 1809 1659 1811
f 1659 1809 1658
f 1809 1656 1658
f 1656 1809 1806
f 1812 1671 1818
f 1671 1812 1813
f 1813 1807 1497
f 1807 1813 1947
f 1814 1815 1808
f 1815 1814 1820
f 1814 1661 1820
f 1661 1814 1660
f 1814 1657 1660
f 1657 1814 1808
f 1663 1816 1817
f 1816 1663 1662
f 1817 1659 1663
f 1659 1817 1811
f 1954 1818 1829
f 1818 1672 1829
f 1672 1818 1671
f 1819 1661 1664
f 1661 1819 1820
f 1821 1662 1666
f 1662 1821 1816
f 1822 1816 1817
f 1816 1822 1821
f 1510 1823 1667
f 1823 1664 1667
f 1664 1823 1819
f 1821 1669 1824
f 1669 1821 1666
f 1825 1821 1822
f 1821 1825 1824
f 1670 1826 1827
f 1670 1536 1826
f 1670 1827 1963
f 1670 1963 2094
f 1670 2094 1519
f 2094 1957 1521
f 1957 1828 1678
f 1678 1828 1680
f 1829 1680 1828
f 1680 1829 1672
f 1682 1830 1673
f 1831 1964 1823
f 1964 1831 1830
f 1831 1673 1830
f 1673 1831 1508
f 1831 1510 1508
f 1510 1831 1823
f 1832 1669 1675
f 1669 1832 1824
f 1833 1824 1825
f 1824 1833 1832
f 1534 1688 1970
f 2102 1834 1535
f 1960 1826 1834
f 1826 1689 1834
f 1689 1826 1536
f 1835 1682 1683
f 1682 1835 1830
f 1837 2082 1684
f 1838 1675 1686
f 1675 1838 1832
f 1839 1832 1833
f 1832 1839 1838
f 1694 1838 1839
f 1838 1694 1686
f 1840 1839 1833
f 1697 1839 1840
f 1839 1697 1694
f 1697 1840 1687
f 1970 1687 1840
f 1687 1688 1533
f 1688 1687 1970
f 1841 1702 1976
f 1702 1841 1703
f 1841 1842 1683
f 1703 1841 1698
f 1841 1690 1698
f 1690 1841 1683
f 1843 1692 1700
f 1692 1843 1837
f 1702 1701 1844
f 1843 1704 1845
f 1704 1843 1700
f 1846 1709 1849
f 1709 1846 1708
f 1708 1846 1975
f 1844 1708 1975
f 1708 1844 1548
f 1844 1701 1548
f 1845 1706 1847
f 1706 1845 1704
f 1848 1706 1847
f 1706 1848 1707
f 1849 1709 1852
f 1850 1848 1851
f 1848 1850 1847
f 1848 1710 1851
f 1710 1848 1707
f 1851 1714 1854
f 1714 1851 1710
f 1855 1714 1854
f 1714 1855 1715
f 1718 1995 1996
f 1996 1856 1718
f 1857 1858 1719
f 1859 1719 1858
f 1860 1719 1859
f 1719 1860 1720
f 1861 1720 1860
f 1720 1861 1721
f 1862 1853 1852
f 1853 1862 1861
f 1862 1721 1861
f 1721 1862 1722
f 1862 1713 1722
f 1713 1862 1852
f 1863 1855 1864
f 1855 1863 1854
f 1855 1724 1864
f 1724 1855 1715
f 1865 1724 1864
f 1724 1865 1725
f 1866 1725 1865
f 1725 1866 1726
f 1868 1726 1866
f 1727 1730 1728
f 1867 1718 1729
f 1718 1867 1995
f 1730 1870 1727
f 1731 1869 2015
f 1867 1731 2015
f 1731 1867 1729
f 1731 1872 1869
f 1872 1731 1575
f 1871 1730 1732
f 1730 1871 1870
f 1732 1873 1871
f 1874 1872 1733
f 1875 1732 1734
f 1732 1875 1873
f 1875 1876 1877
f 1876 1875 1873
f 1735 1875 1877
f 1875 1735 1734
f 1878 1735 1877
f 1735 1878 1736
f 1879 1736 1878
f 1736 1879 1737
f 1880 1737 1879
f 1737 1880 1738
f 1739 1880 1881
f 1880 1739 1738
f 1740 1881 1882
f 1881 1740 1739
f 1741 1882 1883
f 1882 1741 1740
f 1883 1733 1741
f 1733 1883 1874
f 1744 1885 1594
f 1886 1594 1885
f 1594 1886 1596
f 1596 1886 1887
f 1887 1746 1596
f 1888 1746 1887
f 1746 1888 1747
f 1751 1888 1889
f 1888 1751 1747
f 1604 1756 2175
f 1434 2175 1422
f 1890 1422 2175
f 1422 1890 1591
f 2167 1591 1890
f 1748 1891 1884
f 1891 1748 2167
f 1892 1751 1752
f 1751 1892 1889
f 1753 1892 1893
f 1892 1753 1752
f 1894 1899 2039
f 1899 1894 1754
f 1895 1754 1894
f 1754 1895 1755
f 2468 1755 1895
f 2175 1756 2468
f 1893 1757 1896
f 1757 1893 1753
f 1896 1897 1757
f 1899 1758 1898
f 1758 1899 1608
f 1760 1900 1611
f 1900 1758 1611
f 1758 1900 1898
f 1761 1759 1901
f 1759 1761 1612
f 1902 1772 1903
f 1772 1902 1763
f 1904 1763 1902
f 1763 1904 1762
f 1905 1762 1904
f 1762 1905 1764
f 1906 1764 1905
f 1764 1906 1765
f 1907 1765 1906
f 1765 1907 1766
f 1908 1766 1907
f 1766 1908 1767
f 1909 1761 1768
f 1761 1909 1901
f 1776 1909 1910
f 1909 1776 1768
f 1769 1911 1770
f 1911 1772 1770
f 1772 1911 1903
f 1912 1908 1913
f 1908 1912 1907
f 1908 1773 1913
f 1773 1908 1767
f 1914 1773 1913
f 1773 1914 1774
f 1915 1776 1777
f 1776 1915 1910
f 1769 1779 1916
f 1917 1914 1918
f 1914 1917 1913
f 1918 1774 1630
f 1774 1918 1914
f 1919 1777 1780
f 1777 1919 1915
f 2057 1781 1920
f 1916 1781 2057
f 1781 1916 1779
f 1918 2060 1917
f 1921 1780 1782
f 1780 1921 1919
f 2211 1778 1628
f 1471 2060 1918
f 2060 1471 1923
f 1784 1787 2063
f 1782 1784 1921
f 1471 2065 1923
f 1924 1787 1640
f 1787 1924 2063
f 1925 1788 1929
f 1783 1788 1925
f 1926 1792 2077
f 1792 1926 1789
f 1926 2065 1789
f 1924 1640 1790
f 1791 1928 1929
f 1791 1929 1637
f 1796 1792 1649
f 1934 1790 1797
f 1790 1934 1924
f 1930 1793 1794
f 1793 1930 1927
f 1932 1940 1931
f 2071 1928 1932
f 1932 1928 1795
f 1928 1791 1795
f 1792 1933 1941
f 1933 1796 1941
f 1796 1933 1792
f 1934 1802 1935
f 1802 1934 1797
f 1937 1936 1930
f 1937 1794 1798
f 1794 1937 1930
f 1938 1805 1939
f 1805 1938 1799
f 1940 1799 1938
f 1799 1940 1800
f 1941 1807 2221
f 1807 1941 1796
f 1942 1802 1803
f 1802 1942 1935
f 1943 1810 1944
f 1810 1943 1806
f 1943 1805 1806
f 1805 1943 1939
f 1945 1812 1946
f 1812 1945 1813
f 1947 1813 1945
f 1807 1947 2221
f 1948 1815 1949
f 1815 1948 1808
f 1948 1803 1808
f 1803 1948 1942
f 1950 1810 1811
f 1810 1950 1944
f 1951 1953 1952
f 1828 1952 1954
f 1952 1828 1951
f 1954 1812 1818
f 1812 1954 1946
f 1955 1815 1820
f 1815 1955 1949
f 1956 1811 1817
f 1811 1956 1950
f 1957 2086 1953
f 1957 1953 1828
f 1953 1951 1828
f 1828 1954 1829
f 1820 1819 2095
f 1956 1822 1959
f 1822 1956 1817
f 1960 1961 1962
f 1962 1826 1960
f 1826 1962 1827
f 1827 1962 1963
f 1964 1819 1823
f 1819 1964 2095
f 1965 2082 1837
f 2082 1965 1958
f 1966 1822 1825
f 1822 1966 1959
f 1961 1960 1834
f 1836 1967 1965
f 1837 1836 1965
f 1968 1825 1833
f 1825 1968 1966
f 1968 1969 1970
f 1969 1968 1966
f 1840 1968 1970
f 1968 1840 1833
f 1534 1970 2102
f 1535 1534 2102
f 1830 1835 1972
f 1835 1842 1971
f 1842 1835 1683
f 1842 1976 1973
f 1976 1842 1841
f 1974 1837 1843
f 1837 1974 2105
f 1976 1844 1975
f 1844 1976 1702
f 1974 1845 1977
f 1845 1974 1843
f 1849 1975 1846
f 1979 1845 1847
f 1845 1979 1977
f 1980 1981 1978
f 1980 1853 1981
f 1853 1980 1852
f 1980 1849 1852
f 1849 1980 1978
f 1979 1850 1982
f 1850 1979 1847
f 1983 1850 1982
f 1850 1983 1851
f 1984 1985 2116
f 1986 2116 2118
f 2116 1986 1984
f 2118 1987 1986
f 1989 1988 1981
f 1853 1989 1981
f 1983 1854 1990
f 1854 1983 1851
f 1993 1991 1992
f 1993 1994 1995
f 1996 1995 1994
f 1997 1996 1985
f 1856 1996 1997
f 1997 1984 1998
f 1984 1997 1985
f 1998 1856 1997
f 1856 1998 1857
f 1999 1984 1986
f 1984 1999 1998
f 1999 1857 1998
f 1857 1999 1858
f 2000 1986 1987
f 1986 2000 1999
f 2000 1858 1999
f 1858 2000 1859
f 2001 1987 1988
f 1987 2001 2000
f 2001 1859 2000
f 1859 2001 1860
f 2002 1988 1989
f 1988 2002 2001
f 2002 1860 2001
f 1860 2002 1861
f 1989 1861 2002
f 1861 1989 1853
f 1990 1863 2003
f 1863 1990 1854
f 2004 1863 2003
f 1863 2004 1864
f 2005 1864 2004
f 1864 2005 1865
f 2006 1865 2005
f 1865 2006 1866
f 2007 1991 2008
f 1991 2007 1992
f 2009 1991 1993
f 1991 2009 2008
f 2009 1867 2008
f 2009 1995 1867
f 1995 2009 1993
f 2010 2005 2011
f 2005 2010 2004
f 2011 2006 2012
f 2006 2011 2005
f 2006 1868 2012
f 1868 2006 1866
f 2013 1868 2012
f 1868 2013 1727
f 2014 1727 2013
f 1727 2014 1870
f 2015 2007 2008
f 2007 2015 2016
f 2015 1869 2016
f 2015 2008 1867
f 1869 2153 2017
f 2153 1869 1872
f 1869 2017 2016
f 2018 1870 1871
f 2018 2019 2020
f 1872 2021 2153
f 2022 1871 1873
f 1871 2022 2018
f 2022 2020 2023
f 2020 2022 2018
f 1876 2022 2023
f 2022 1876 1873
f 2024 2025 2021
f 2025 2024 2026
f 2024 1872 1874
f 1872 2024 2021
f 2027 1876 1877
f 1876 2027 2023
f 1878 2027 2028
f 2027 1878 1877
f 1879 2028 2029
f 2028 1879 1878
f 1880 2029 2030
f 2029 1880 1879
f 1881 2030 2031
f 2030 1881 1880
f 1882 2031 2032
f 2031 1882 1881
f 2032 2024 2033
f 2024 2032 2026
f 2033 1882 2032
f 1882 2033 1883
f 2033 1874 1883
f 1874 2033 2024
f 1891 2169 1884
f 1745 1884 2170
f 2171 1745 2170
f 1745 2171 1744
f 1885 1744 2171
f 1887 1886 2034
f 1888 2034 2035
f 2034 1888 1887
f 1889 2035 2036
f 2035 1889 1888
f 1604 2175 1434
f 1890 2168 2167
f 2168 1890 2175
f 2037 1889 1892
f 1889 2037 2036
f 1893 2037 2038
f 2037 1893 1892
f 2178 1894 2039
f 1894 2178 1895
f 2038 1896 2040
f 1896 2038 1893
f 2040 1897 1896
f 2041 1898 2181
f 2039 1898 2041
f 1898 2039 1899
f 1898 1900 2043
f 1901 1897 1759
f 1897 1901 2040
f 2042 1901 2040
f 2043 1900 1760
f 2044 1903 2045
f 1903 2044 1902
f 2046 1902 2044
f 1902 2046 1904
f 2047 1904 2046
f 1904 2047 1905
f 2048 1905 2047
f 1905 2048 1906
f 2049 1906 2048
f 1906 2049 1907
f 2050 1901 1909
f 1901 2050 2042
f 2051 1909 2050
f 1909 2051 1910
f 2056 1760 1613
f 1903 1911 2052
f 2049 1912 2053
f 1912 2049 1907
f 2054 1912 2053
f 1912 2054 1913
f 2055 1910 1915
f 1910 2055 2051
f 1916 2057 1769
f 2052 1769 2057
f 1769 2052 1911
f 2054 1917 2058
f 1917 2054 1913
f 2059 1915 1919
f 1915 2059 2055
f 2060 2058 1917
f 2061 1919 1921
f 1919 2061 2059
f 2062 1922 2203
f 1922 2062 1783
f 1920 2062 2199
f 2062 1920 1783
f 2063 2064 2061
f 2063 1921 1784
f 1921 2063 2061
f 2065 2066 2060
f 2066 2065 2208
f 2065 1926 2208
f 1923 2065 2060
f 2064 2063 1924
f 2067 1929 2072
f 1929 2067 1922
f 1922 1925 1929
f 1925 1922 1783
f 2208 2068 2069
f 2068 2077 2069
f 2068 1926 2077
f 1926 2068 2208
f 1924 1935 2064
f 2070 2211 1927
f 2071 2072 1928
f 1928 2072 1929
f 1935 1924 1934
f 2073 1936 2074
f 1936 2073 1930
f 2073 1927 1930
f 1927 2073 2070
f 2075 1931 2076
f 1931 2075 1932
f 2213 1932 2075
f 2213 2071 1932
f 1792 1941 2077
f 2082 1936 1937
f 1936 2082 2074
f 2079 1939 2080
f 1939 2079 1938
f 2081 1938 2079
f 1938 2081 1940
f 2081 1931 1940
f 1931 2081 2076
f 2388 1945 2538
f 1945 2388 1947
f 2221 1947 2388
f 1941 2221 2077
f 2089 1935 1942
f 1935 2089 2078
f 1943 2083 2084
f 2083 1943 1944
f 2084 1939 1943
f 1939 2084 2080
f 2227 2085 2086
f 1952 2085 2087
f 1952 1953 2085
f 1952 2087 1954
f 1946 2088 2538
f 2088 1946 2087
f 1946 1954 2087
f 1945 1946 2538
f 2234 2089 2092
f 2089 1949 2092
f 1949 2089 1948
f 2089 1942 1948
f 2090 1944 1950
f 1944 2090 2083
f 1953 2086 2085
f 2093 1950 1956
f 1950 2093 2090
f 1963 2410 2094
f 2410 1963 1962
f 1957 2416 2091
f 2416 1957 2094
f 2086 1957 2091
f 2095 1955 1820
f 1955 2095 1949
f 2096 1956 1959
f 1956 2096 2093
f 1834 2420 1961
f 2420 1834 2244
f 2097 2095 1964
f 1965 1967 2251
f 1958 1965 2425
f 2098 1959 1966
f 1959 2098 2096
f 2098 2099 2100
f 2099 2098 2096
f 1969 2098 2100
f 2098 1969 1966
f 2101 1969 2100
f 1969 2101 1970
f 1970 2101 2250
f 2250 2102 1970
f 2433 1834 2102
f 1834 2433 2244
f 1964 1830 1972
f 2103 1967 1836
f 1967 2103 2251
f 2105 1836 1837
f 1836 2105 2103
f 2104 1971 2256
f 1971 2104 1835
f 2104 1972 1835
f 1972 2104 2587
f 2256 1971 2108
f 1971 1973 2108
f 1973 1971 1842
f 2106 2105 1974
f 1975 2107 1976
f 2107 1973 1976
f 1973 2107 2108
f 2106 1977 2109
f 1977 2106 1974
f 2110 1981 2120
f 1981 2110 1978
f 2264 1978 2110
f 1978 2264 1849
f 1975 1849 2264
f 1975 2264 2107
f 2109 1979 2111
f 1979 2109 1977
f 2112 2113 2114
f 2113 2112 2115
f 2112 1985 2115
f 1985 2112 2116
f 2116 2114 2117
f 2114 2116 2112
f 2118 2117 2119
f 2117 2118 2116
f 2119 1987 2118
f 1987 2119 1988
f 2120 1988 2119
f 1988 2120 1981
f 1982 2111 1979
f 2121 1982 2111
f 1982 2121 1983
f 2122 2123 2124
f 2123 2122 2125
f 2122 1992 2125
f 2122 2126 2127
f 2126 2122 2124
f 2127 1992 2122
f 1992 2127 1993
f 2127 2128 1994
f 2128 2127 2126
f 1994 1993 2127
f 1994 2128 2129
f 1985 2129 2115
f 2129 1985 1994
f 1985 1996 1994
f 2279 2121 2130
f 2121 2279 2111
f 2121 1990 2130
f 1990 2121 1983
f 2131 2132 2125
f 2132 2131 2133
f 1992 2131 2125
f 2130 2003 2134
f 2003 2130 1990
f 2135 2003 2134
f 2003 2135 2004
f 2136 2137 2138
f 2137 2136 2139
f 2136 2140 2141
f 2140 2136 2138
f 2140 2133 2141
f 2133 2131 2142
f 2142 1992 2007
f 1992 2142 2131
f 2143 2135 2144
f 2135 2143 2134
f 2135 2010 2144
f 2010 2135 2004
f 2145 2010 2144
f 2010 2145 2011
f 2012 2011 2145
f 2012 2146 2013
f 2295 2013 2146
f 2013 2295 2014
f 2018 2014 2295
f 2014 2018 1870
f 2147 2136 2148
f 2136 2147 2139
f 2141 2148 2136
f 2141 2133 2149
f 2149 2142 2150
f 2142 2149 2133
f 2142 2016 2150
f 2016 2142 2007
f 2151 2019 2018
f 2148 2141 2152
f 2152 2149 2153
f 2149 2152 2141
f 2154 2149 2150
f 2149 2154 2153
f 2153 2154 2017
f 2150 2017 2154
f 2017 2150 2016
f 2155 2019 2020
f 2019 2155 2151
f 2156 2025 2157
f 2025 2156 2021
f 2156 2153 2021
f 2158 2020 2023
f 2020 2158 2155
f 2159 2025 2026
f 2025 2159 2157
f 2160 2023 2027
f 2023 2160 2158
f 2160 2161 2162
f 2161 2160 2158
f 2028 2160 2162
f 2160 2028 2027
f 2163 2028 2162
f 2028 2163 2029
f 2030 2163 2164
f 2163 2030 2029
f 2031 2164 2165
f 2164 2031 2030
f 2032 2165 2166
f 2165 2032 2031
f 2166 2026 2032
f 2026 2166 2159
f 2169 2170 1884
f 1886 2171 2172
f 2171 1886 1885
f 2172 2034 1886
f 2034 2172 2173
f 2173 2035 2034
f 2036 2173 2174
f 2173 2036 2035
f 2176 2036 2037
f 2036 2176 2174
f 2038 2176 2179
f 2176 2038 2037
f 2177 2039 2327
f 2039 2177 2178
f 2178 2468 1895
f 2179 2038 2040
f 2180 2040 2179
f 2181 2327 2041
f 2327 2039 2041
f 2040 2042 2180
f 2043 2181 1898
f 2182 2045 2183
f 2045 2182 2044
f 2184 2044 2182
f 2044 2184 2046
f 2185 2046 2184
f 2046 2185 2047
f 2186 2047 2185
f 2047 2186 2048
f 2187 2048 2186
f 2048 2187 2049
f 2042 2050 2188
f 2189 2050 2188
f 2050 2189 2051
f 2056 2043 1760
f 2191 2052 2190
f 2052 2191 1903
f 2191 2045 1903
f 2045 2191 2183
f 2192 2187 2193
f 2187 2192 2186
f 2187 2053 2193
f 2053 2187 2049
f 2194 2053 2193
f 2053 2194 2054
f 2195 2051 2055
f 2051 2195 2189
f 2057 2201 2190
f 2190 2052 2057
f 2350 2194 2202
f 2194 2350 2193
f 2194 2058 2202
f 2058 2194 2054
f 2197 2055 2059
f 2055 2197 2195
f 2056 2198 2196
f 2056 2211 2198
f 2211 2056 1778
f 1920 2199 2200
f 2057 2200 2201
f 2200 2057 1920
f 2202 2058 2060
f 2197 2064 2354
f 2064 2197 2061
f 2197 2059 2061
f 2062 2203 2204
f 2199 2204 2359
f 2204 2199 2062
f 2066 2205 2060
f 2060 2205 2202
f 2198 2209 2366
f 2209 2198 2211
f 1922 2206 2207
f 2207 2203 1922
f 2066 2208 2205
f 2356 2354 2379
f 1922 2072 2369
f 2072 1922 2067
f 1922 2369 2210
f 2206 1922 2210
f 2379 2354 2222
f 2354 2078 2222
f 2078 2354 1935
f 2354 2064 1935
f 2211 2371 2209
f 2212 2071 2213
f 2071 2212 2072
f 2072 2212 2214
f 2072 2214 2215
f 2077 2221 2208
f 2069 2077 2208
f 2216 2217 2211
f 2216 2074 2217
f 2074 2216 2073
f 2216 2070 2073
f 2070 2216 2211
f 2075 2218 2219
f 2218 2075 2076
f 2213 2219 2220
f 2219 2213 2075
f 2223 2074 2082
f 2074 2223 2217
f 2079 2224 2225
f 2224 2079 2080
f 2081 2225 2226
f 2225 2081 2079
f 2218 2081 2226
f 2081 2218 2076
f 2087 2085 2227
f 2087 2535 2088
f 2538 2088 2535
f 2228 2229 2222
f 2228 2234 2229
f 2234 2228 2089
f 2228 2078 2089
f 2078 2228 2222
f 2082 2230 2223
f 2084 2231 2232
f 2231 2084 2083
f 2224 2084 2232
f 2084 2224 2080
f 2233 2224 2225
f 2224 2233 2232
f 2227 2091 2572
f 2091 2227 2086
f 2234 2235 2229
f 2230 2082 1958
f 2236 2083 2090
f 2083 2236 2231
f 2237 2231 2232
f 2231 2237 2236
f 2410 2238 2094
f 2416 2401 2091
f 2091 2401 2572
f 2092 2573 2234
f 2573 2092 2095
f 2095 2092 1949
f 2239 2090 2093
f 2090 2239 2236
f 2240 2236 2237
f 2236 2240 2239
f 2420 2424 1961
f 2408 1961 2424
f 1961 2408 1962
f 2407 2410 2408
f 2410 1962 2408
f 2241 2093 2096
f 2093 2241 2239
f 2241 2240 2242
f 2240 2241 2239
f 2099 2241 2242
f 2241 2099 2096
f 2431 2102 2243
f 2433 2102 2431
f 2251 2425 1965
f 2245 2099 2100
f 2099 2245 2242
f 2245 2246 2247
f 2246 2245 2242
f 2101 2245 2247
f 2245 2101 2100
f 2248 2246 2249
f 2246 2248 2247
f 2248 2101 2247
f 2101 2248 2250
f 2250 2249 2243
f 2249 2250 2248
f 2102 2250 2243
f 2097 1972 2587
f 1972 2097 1964
f 2251 2103 2105
f 2256 2252 2104
f 2252 2587 2104
f 2253 2254 2251
f 2254 2253 2255
f 2253 2106 2255
f 2106 2253 2105
f 2105 2253 2251
f 2257 2264 2258
f 2264 2257 2107
f 2256 2108 2257
f 2108 2107 2257
f 2260 2106 2259
f 2106 2260 2109
f 2261 2113 2262
f 2113 2261 2114
f 2263 2114 2261
f 2114 2263 2117
f 2439 2117 2263
f 2117 2439 2119
f 2110 2119 2439
f 2119 2110 2120
f 2265 2260 2266
f 2260 2265 2259
f 2260 2111 2266
f 2111 2260 2109
f 2267 2123 2268
f 2123 2267 2124
f 2269 2124 2267
f 2124 2269 2126
f 2270 2271 2272
f 2271 2270 2269
f 2270 2126 2269
f 2126 2270 2128
f 2273 2272 2274
f 2272 2273 2270
f 2273 2128 2270
f 2128 2273 2129
f 2275 2274 2262
f 2274 2275 2273
f 2275 2129 2273
f 2129 2275 2115
f 2275 2113 2115
f 2113 2275 2262
f 2266 2111 2279
f 2276 2277 2268
f 2277 2276 2278
f 2276 2132 2278
f 2132 2276 2125
f 2276 2123 2125
f 2123 2276 2268
f 2279 2280 2130
f 2281 2282 2283
f 2282 2281 2284
f 2281 2137 2284
f 2137 2281 2138
f 2285 2283 2286
f 2283 2285 2281
f 2285 2138 2281
f 2138 2285 2140
f 2287 2286 2278
f 2286 2287 2285
f 2287 2140 2285
f 2140 2287 2133
f 2287 2132 2133
f 2132 2287 2278
f 2288 2280 2289
f 2280 2288 2279
f 2280 2134 2289
f 2134 2280 2130
f 2290 2291 2284
f 2291 2290 2456
f 2290 2137 2139
f 2137 2290 2284
f 2289 2143 2292
f 2143 2289 2134
f 2293 2143 2292
f 2143 2293 2144
f 2294 2144 2293
f 2144 2294 2145
f 2145 2294 2012
f 2146 2012 2294
f 2295 2296 2018
f 2018 2296 2151
f 2151 2296 2297
f 2456 2290 2147
f 2139 2147 2290
f 2151 2298 2297
f 2298 2297 2299
f 2299 2456 2306
f 2456 2299 2297
f 2306 2147 2300
f 2147 2306 2456
f 2301 2147 2300
f 2147 2301 2148
f 2152 2301 2302
f 2301 2152 2148
f 2303 2152 2302
f 2152 2303 2153
f 2298 2155 2304
f 2155 2298 2151
f 2304 2299 2305
f 2299 2304 2298
f 2306 2305 2299
f 2306 2300 2307
f 2307 2301 2308
f 2301 2307 2300
f 2308 2302 2309
f 2302 2308 2301
f 2310 2302 2303
f 2302 2310 2309
f 2156 2309 2310
f 2309 2156 2157
f 2303 2156 2310
f 2156 2303 2153
f 2311 2155 2158
f 2155 2311 2304
f 2311 2305 2312
f 2305 2311 2304
f 2161 2311 2312
f 2311 2161 2158
f 2312 2306 2313
f 2306 2312 2305
f 2313 2307 2314
f 2307 2313 2306
f 2314 2308 2315
f 2308 2314 2307
f 2315 2309 2316
f 2309 2315 2308
f 2316 2157 2159
f 2157 2316 2309
f 2317 2161 2162
f 2161 2317 2312
f 2317 2313 2318
f 2313 2317 2312
f 2163 2317 2318
f 2317 2163 2162
f 2318 2314 2319
f 2314 2318 2313
f 2164 2318 2319
f 2318 2164 2163
f 2319 2315 2320
f 2315 2319 2314
f 2165 2319 2320
f 2319 2165 2164
f 2321 2315 2316
f 2315 2321 2320
f 2321 2165 2320
f 2165 2321 2166
f 2321 2159 2166
f 2159 2321 2316
f 2167 2168 2463
f 2167 2463 1891
f 2169 1891 2463
f 2169 2463 2170
f 2170 2463 2171
f 2322 2173 2172
f 2173 2322 2323
f 2174 2323 2324
f 2323 2174 2173
f 2468 2168 2175
f 2325 2174 2176
f 2174 2325 2324
f 2325 2179 2176
f 2327 2474 2177
f 2471 2177 2474
f 2177 2471 2178
f 2179 2326 2325
f 2179 2326 2180
f 2328 2180 2042
f 2180 2328 2326
f 2328 2329 2042
f 2330 2329 2042
f 2331 2183 2332
f 2183 2331 2182
f 2333 2182 2331
f 2182 2333 2184
f 2334 2184 2333
f 2184 2334 2185
f 2335 2185 2334
f 2185 2335 2186
f 2330 2188 2336
f 2188 2330 2042
f 2337 2188 2336
f 2188 2337 2189
f 2339 2043 2338
f 2043 2196 2338
f 2196 2043 2056
f 2190 2340 2341
f 2342 2343 2332
f 2343 2342 2341
f 2342 2190 2341
f 2190 2342 2191
f 2342 2183 2191
f 2183 2342 2332
f 2344 2335 2345
f 2335 2344 2334
f 2335 2192 2345
f 2192 2335 2186
f 2346 2192 2345
f 2192 2346 2193
f 2347 2337 2348
f 2337 2347 2336
f 2337 2195 2348
f 2195 2337 2189
f 2196 2198 2494
f 2340 2190 2201
f 2349 2346 2350
f 2346 2349 2345
f 2350 2346 2193
f 2351 2195 2197
f 2195 2351 2348
f 2200 2352 2360
f 2352 2200 2199
f 2201 2200 2360
f 2349 2350 2353
f 2354 2355 2351
f 2355 2354 2356
f 2197 2354 2351
f 2494 2198 2499
f 2204 2357 2358
f 2357 2204 2203
f 2358 2359 2204
f 2359 2352 2199
f 2352 2360 2359
f 2361 2353 2350
f 2353 2361 2362
f 2361 2208 2362
f 2208 2361 2205
f 2361 2202 2205
f 2202 2361 2350
f 2366 2363 2198
f 2198 2363 2499
f 2207 2364 2365
f 2364 2207 2206
f 2357 2207 2365
f 2207 2357 2203
f 2208 2654 2362
f 2784 2356 2379
f 2371 2366 2209
f 2072 2367 2368
f 2368 2369 2072
f 2369 2370 2210
f 2364 2210 2370
f 2210 2364 2206
f 2512 2221 2664
f 2221 2512 2208
f 2371 2217 2372
f 2217 2371 2211
f 2212 2373 2374
f 2373 2212 2213
f 2214 2374 2375
f 2374 2214 2212
f 2215 2375 2376
f 2375 2215 2214
f 2367 2215 2376
f 2215 2367 2072
f 2377 2367 2368
f 2367 2377 2376
f 2378 2368 2369
f 2368 2378 2377
f 2221 2673 2664
f 2673 2221 2387
f 2217 2380 2372
f 2219 2381 2382
f 2381 2219 2218
f 2220 2382 2383
f 2382 2220 2219
f 2373 2220 2383
f 2220 2373 2213
f 2384 2373 2374
f 2373 2384 2383
f 2385 2374 2375
f 2374 2385 2384
f 2386 2375 2376
f 2375 2386 2385
f 2388 2387 2221
f 2379 2229 2389
f 2229 2379 2222
f 2390 2391 2380
f 2391 2390 2392
f 2390 2230 2392
f 2230 2390 2223
f 2390 2217 2223
f 2217 2390 2380
f 2226 2393 2394
f 2393 2226 2225
f 2381 2226 2394
f 2226 2381 2218
f 2395 2381 2382
f 2381 2395 2394
f 2396 2382 2383
f 2382 2396 2395
f 2554 2536 2535
f 2227 2554 2087
f 2535 2087 2554
f 2389 2235 2524
f 2235 2389 2229
f 2233 2398 2399
f 2398 2233 2232
f 2393 2233 2399
f 2233 2393 2225
f 2400 2393 2394
f 2393 2400 2399
f 2227 2572 2397
f 2573 2235 2234
f 2392 2230 2402
f 2398 2237 2403
f 2237 2398 2232
f 2404 2398 2399
f 2398 2404 2403
f 2405 2399 2400
f 2399 2405 2404
f 2406 2407 2408
f 2407 2409 2410
f 2410 2409 2411
f 2412 2411 2413
f 2411 2412 2410
f 2238 2410 2412
f 2414 2413 2415
f 2413 2414 2412
f 2414 2238 2412
f 2238 2414 2094
f 2416 2415 2401
f 2415 2416 2414
f 2416 2094 2414
f 2582 2573 2095
f 2402 2230 1958
f 2417 2237 2240
f 2237 2417 2403
f 2418 2403 2404
f 2403 2418 2417
f 2418 2405 2419
f 2405 2418 2404
f 2420 2421 2422
f 2421 2420 2423
f 2420 2244 2423
f 2424 2422 2408
f 2422 2424 2420
f 2582 2097 2587
f 2097 2582 2095
f 2425 2251 2402
f 1958 2425 2402
f 2426 2240 2242
f 2240 2426 2417
f 2427 2417 2418
f 2417 2427 2426
f 2246 2426 2427
f 2426 2246 2242
f 2428 2418 2419
f 2418 2428 2427
f 2249 2427 2428
f 2427 2249 2246
f 2428 2429 2430
f 2429 2428 2419
f 2430 2249 2428
f 2249 2430 2243
f 2431 2429 2432
f 2429 2431 2430
f 2430 2431 2243
f 2433 2432 2423
f 2432 2433 2431
f 2244 2433 2423
f 2251 2434 2402
f 2254 2434 2251
f 2587 2252 2258
f 2435 2254 2255
f 2254 2435 2434
f 2252 2256 2258
f 2435 2106 2592
f 2106 2435 2255
f 2264 2591 2258
f 2258 2256 2257
f 2594 2106 2259
f 2106 2594 2592
f 2272 2271 2436
f 2272 2437 2274
f 2438 2274 2437
f 2274 2438 2262
f 2261 2438 2439
f 2438 2261 2262
f 2439 2263 2261
f 2439 2593 2110
f 2594 2265 2440
f 2265 2594 2259
f 2444 2265 2440
f 2265 2444 2266
f 2268 2277 2441
f 2267 2268 2442
f 2443 2267 2442
f 2267 2443 2269
f 2443 2271 2269
f 2271 2443 2436
f 2279 2444 2266
f 2282 2441 2283
f 2283 2441 2286
f 2286 2441 2278
f 2441 2277 2278
f 2279 2445 2444
f 2446 2447 2282
f 2447 2446 2448
f 2446 2291 2448
f 2291 2446 2284
f 2446 2282 2284
f 2445 2288 2449
f 2288 2445 2279
f 2450 2288 2449
f 2288 2450 2289
f 2296 2295 2451
f 2452 2453 2604
f 2453 2452 2607
f 2452 2296 2607
f 2296 2452 2297
f 2454 2604 2455
f 2604 2454 2452
f 2454 2297 2452
f 2456 2455 2448
f 2455 2456 2454
f 2456 2297 2454
f 2291 2456 2448
f 2457 2450 2458
f 2450 2457 2449
f 2450 2292 2458
f 2292 2450 2289
f 2459 2292 2458
f 2292 2459 2293
f 2460 2293 2459
f 2293 2460 2294
f 2461 2294 2460
f 2294 2461 2146
f 2461 2295 2146
f 2295 2461 2451
f 2463 2168 2462
f 2464 2465 2463
f 2463 2465 2171
f 2465 2172 2171
f 2466 2172 2465
f 2172 2466 2322
f 2467 2322 2466
f 2322 2467 2323
f 2323 2467 2324
f 2468 2619 2168
f 2462 2168 2619
f 2469 2324 2470
f 2324 2469 2467
f 2470 2324 2325
f 2471 2468 2178
f 2470 2326 2472
f 2326 2470 2325
f 2326 2472 2473
f 2473 2328 2475
f 2328 2473 2326
f 2476 2328 2475
f 2328 2476 2329
f 2629 2181 2043
f 2476 2330 2477
f 2330 2476 2329
f 2478 2343 2479
f 2343 2478 2332
f 2331 2478 2480
f 2478 2331 2332
f 2481 2331 2480
f 2331 2481 2333
f 2482 2333 2481
f 2333 2482 2334
f 2483 2330 2336
f 2330 2483 2477
f 2484 2340 2485
f 2340 2484 2341
f 2484 2343 2341
f 2343 2484 2479
f 2482 2344 2486
f 2344 2482 2334
f 2487 2344 2486
f 2344 2487 2345
f 2483 2347 2488
f 2347 2483 2336
f 2347 2488 2348
f 2494 2338 2196
f 2338 2765 2339
f 2340 2489 2490
f 2489 2340 2201
f 2491 2340 2490
f 2485 2340 2491
f 2487 2349 2492
f 2349 2487 2345
f 2493 2355 2488
f 2355 2493 2351
f 2493 2348 2351
f 2348 2493 2488
f 2201 2495 2496
f 2495 2201 2360
f 2489 2201 2496
f 2497 2489 2490
f 2489 2497 2496
f 2498 2349 2353
f 2349 2498 2492
f 2355 2356 2784
f 2358 2500 2501
f 2500 2358 2357
f 2502 2358 2501
f 2358 2502 2359
f 2360 2502 2503
f 2502 2360 2359
f 2495 2360 2503
f 2504 2495 2496
f 2495 2504 2503
f 2654 2353 2362
f 2353 2654 2498
f 2506 2499 2363
f 2365 2507 2508
f 2507 2365 2364
f 2500 2365 2508
f 2365 2500 2357
f 2509 2500 2501
f 2500 2509 2508
f 2510 2501 2502
f 2501 2510 2509
f 2511 2502 2503
f 2502 2511 2510
f 2512 2654 2208
f 2654 2512 2505
f 2513 2363 2366
f 2363 2513 2506
f 2370 2514 2515
f 2514 2370 2369
f 2507 2370 2515
f 2370 2507 2364
f 2516 2507 2508
f 2507 2516 2515
f 2389 2784 2379
f 2517 2372 2677
f 2372 2517 2371
f 2517 2366 2371
f 2366 2517 2513
f 2377 2518 2519
f 2518 2377 2376
f 2378 2519 2520
f 2519 2378 2377
f 2514 2378 2520
f 2378 2514 2369
f 2521 2514 2515
f 2514 2521 2520
f 2522 2515 2516
f 2515 2522 2521
f 2388 2523 2673
f 2388 2673 2387
f 2525 2391 2526
f 2391 2525 2380
f 2525 2372 2380
f 2372 2525 2677
f 2384 2527 2528
f 2527 2384 2383
f 2385 2528 2529
f 2528 2385 2384
f 2386 2529 2530
f 2529 2386 2385
f 2518 2386 2530
f 2386 2518 2376
f 2531 2518 2519
f 2518 2531 2530
f 2532 2519 2520
f 2519 2532 2531
f 2533 2520 2521
f 2520 2533 2532
f 2534 2521 2522
f 2521 2534 2533
f 2535 2536 2537
f 2538 2537 2539
f 2537 2538 2535
f 2539 2523 2538
f 2538 2523 2388
f 2557 2391 2392
f 2391 2557 2526
f 2395 2540 2541
f 2540 2395 2394
f 2396 2541 2542
f 2541 2396 2395
f 2527 2396 2542
f 2396 2527 2383
f 2543 2527 2528
f 2527 2543 2542
f 2544 2528 2529
f 2528 2544 2543
f 2545 2529 2530
f 2529 2545 2544
f 2546 2530 2531
f 2530 2546 2545
f 2547 2531 2532
f 2531 2547 2546
f 2548 2532 2533
f 2532 2548 2547
f 2548 2534 2549
f 2534 2548 2533
f 2550 2551 2552
f 2551 2550 2553
f 2550 2397 2553
f 2397 2550 2227
f 2554 2552 2536
f 2552 2554 2550
f 2554 2227 2550
f 2555 2524 2556
f 2540 2400 2558
f 2400 2540 2394
f 2559 2540 2541
f 2540 2559 2558
f 2560 2541 2542
f 2541 2560 2559
f 2561 2542 2543
f 2542 2561 2560
f 2562 2543 2544
f 2543 2562 2561
f 2563 2544 2545
f 2544 2563 2562
f 2564 2545 2546
f 2545 2564 2563
f 2564 2406 2563
f 2406 2564 2407
f 2565 2546 2547
f 2546 2565 2564
f 2409 2564 2565
f 2564 2409 2407
f 2566 2547 2548
f 2547 2566 2565
f 2411 2565 2566
f 2565 2411 2409
f 2567 2548 2549
f 2548 2567 2566
f 2413 2566 2567
f 2566 2413 2411
f 2567 2568 2569
f 2568 2567 2549
f 2415 2567 2569
f 2567 2415 2413
f 2570 2568 2571
f 2568 2570 2569
f 2570 2415 2569
f 2415 2570 2401
f 2572 2571 2553
f 2571 2572 2570
f 2572 2401 2570
f 2397 2572 2553
f 2573 2556 2235
f 2556 2524 2235
f 2557 2574 2575
f 2574 2402 2575
f 2574 2392 2402
f 2392 2574 2557
f 2576 2400 2405
f 2400 2576 2558
f 2577 2558 2559
f 2558 2577 2576
f 2578 2559 2560
f 2559 2578 2577
f 2579 2560 2561
f 2560 2579 2578
f 2580 2561 2562
f 2561 2580 2579
f 2580 2421 2579
f 2421 2580 2422
f 2581 2562 2563
f 2562 2581 2580
f 2581 2422 2580
f 2422 2581 2408
f 2581 2406 2408
f 2406 2581 2563
f 2583 2405 2419
f 2405 2583 2576
f 2584 2576 2577
f 2576 2584 2583
f 2429 2583 2584
f 2583 2429 2419
f 2585 2577 2578
f 2577 2585 2584
f 2432 2584 2585
f 2584 2432 2429
f 2586 2578 2579
f 2578 2586 2585
f 2586 2432 2585
f 2432 2586 2423
f 2586 2421 2423
f 2421 2586 2579
f 2402 2434 2575
f 2258 2588 2587
f 2434 2589 2708
f 2590 2434 2435
f 2434 2590 2589
f 2435 2592 2590
f 2593 2816 2110
f 2264 2110 2816
f 2436 2443 2716
f 2436 2595 2272
f 2437 2272 2595
f 2437 2713 2438
f 2596 2438 2713
f 2438 2596 2439
f 2593 2439 2596
f 2597 2441 2598
f 2268 2597 2599
f 2597 2268 2441
f 2442 2599 2716
f 2442 2268 2599
f 2443 2442 2716
f 2601 2440 2600
f 2440 2601 2444
f 2447 2602 2282
f 2441 2282 2602
f 2601 2445 2603
f 2445 2601 2444
f 2604 2605 2455
f 2448 2455 2605
f 2447 2448 2602
f 2603 2449 2606
f 2449 2603 2445
f 2451 2729 2296
f 2607 2296 2729
f 2606 2457 2608
f 2457 2606 2449
f 2609 2457 2608
f 2457 2609 2458
f 2610 2458 2609
f 2458 2610 2459
f 2611 2459 2610
f 2459 2611 2460
f 2612 2460 2611
f 2460 2612 2461
f 2612 2451 2461
f 2451 2612 2729
f 2465 2464 2613
f 2614 2462 2620
f 2462 2614 2463
f 2735 2463 2614
f 2615 2463 2735
f 2613 2616 2615
f 2615 2616 2463
f 2616 2464 2463
f 2464 2616 2613
f 2466 2617 2734
f 2617 2466 2465
f 2618 2466 2734
f 2466 2618 2467
f 2469 2467 2618
f 2620 2619 2739
f 2619 2620 2462
f 2622 2469 2621
f 2469 2622 2470
f 2471 2474 2623
f 2471 2623 2468
f 2623 2619 2468
f 2622 2472 2624
f 2472 2622 2470
f 2473 2624 2625
f 2624 2473 2472
f 2181 2474 2327
f 2475 2625 2473
f 2626 2475 2625
f 2475 2626 2476
f 2627 2626 2628
f 2626 2627 2625
f 2626 2477 2628
f 2477 2626 2476
f 2629 2339 2853
f 2339 2629 2043
f 2630 2479 2631
f 2479 2630 2478
f 2632 2478 2630
f 2478 2632 2480
f 2633 2480 2632
f 2480 2633 2481
f 2634 2481 2633
f 2481 2634 2482
f 2635 2477 2483
f 2477 2635 2628
f 2484 2636 2637
f 2636 2484 2485
f 2631 2484 2637
f 2484 2631 2479
f 2634 2486 2638
f 2486 2634 2482
f 2639 2486 2638
f 2486 2639 2487
f 2643 2483 2488
f 2483 2643 2635
f 2494 2765 2338
f 2491 2640 2641
f 2640 2491 2490
f 2636 2491 2641
f 2491 2636 2485
f 2639 2492 2642
f 2492 2639 2487
f 2497 2645 2646
f 2645 2497 2496
f 2640 2497 2646
f 2497 2640 2490
f 2647 2640 2641
f 2640 2647 2646
f 2648 2492 2498
f 2492 2648 2642
f 2643 2784 2649
f 2784 2643 2355
f 2643 2488 2355
f 2650 2778 2644
f 2650 2494 2499
f 2494 2650 2644
f 2504 2651 2652
f 2651 2504 2503
f 2645 2504 2652
f 2504 2645 2496
f 2653 2645 2646
f 2645 2653 2652
f 2654 2505 2655
f 2498 2654 2648
f 2656 2499 2506
f 2499 2656 2650
f 2509 2657 2658
f 2657 2509 2508
f 2510 2658 2659
f 2658 2510 2509
f 2511 2659 2660
f 2659 2511 2510
f 2651 2511 2660
f 2511 2651 2503
f 2661 2651 2652
f 2651 2661 2660
f 2662 2652 2653
f 2652 2662 2661
f 2664 2663 2512
f 2663 2505 2512
f 2505 2663 2655
f 2524 2784 2389
f 2665 2513 2666
f 2665 2506 2513
f 2506 2665 2656
f 2657 2516 2667
f 2516 2657 2508
f 2668 2657 2658
f 2657 2668 2667
f 2669 2658 2659
f 2658 2669 2668
f 2670 2659 2660
f 2659 2670 2669
f 2671 2660 2661
f 2660 2671 2670
f 2671 2662 2672
f 2662 2671 2661
f 2673 2674 2675
f 2674 2673 2676
f 2673 2523 2676
f 2675 2664 2673
f 2677 2513 2517
f 2513 2677 2666
f 2679 2516 2522
f 2516 2679 2667
f 2680 2667 2668
f 2667 2680 2679
f 2681 2668 2669
f 2668 2681 2680
f 2682 2669 2670
f 2669 2682 2681
f 2683 2670 2671
f 2670 2683 2682
f 2684 2671 2672
f 2671 2684 2683
f 2685 2672 2686
f 2672 2685 2684
f 2685 2536 2684
f 2536 2685 2537
f 2687 2686 2688
f 2686 2687 2685
f 2687 2537 2685
f 2537 2687 2539
f 2689 2688 2676
f 2688 2689 2687
f 2689 2539 2687
f 2539 2689 2523
f 2523 2689 2676
f 2691 2526 2699
f 2526 2691 2525
f 2691 2677 2525
f 2677 2691 2678
f 2692 2522 2534
f 2522 2692 2679
f 2693 2679 2680
f 2679 2693 2692
f 2694 2680 2681
f 2680 2694 2693
f 2695 2681 2682
f 2681 2695 2694
f 2696 2682 2683
f 2682 2696 2695
f 2696 2551 2695
f 2551 2696 2552
f 2697 2683 2684
f 2683 2697 2696
f 2697 2552 2696
f 2552 2697 2536
f 2536 2697 2684
f 2555 2698 2690
f 2524 2555 2690
f 2699 2526 2557
f 2700 2534 2549
f 2534 2700 2692
f 2700 2693 2701
f 2693 2700 2692
f 2568 2700 2701
f 2700 2568 2549
f 2702 2693 2694
f 2693 2702 2701
f 2571 2701 2702
f 2701 2571 2568
f 2703 2694 2695
f 2694 2703 2702
f 2703 2571 2702
f 2571 2703 2553
f 2703 2551 2553
f 2551 2703 2695
f 2706 2555 2556
f 2555 2706 2698
f 2704 2557 2705
f 2557 2704 2699
f 2573 2706 2556
f 2707 2557 2575
f 2557 2707 2705
f 2575 2806 2707
f 2582 2587 2573
f 2708 2575 2434
f 2575 2708 2806
f 3082 2588 2258
f 2709 2589 2590
f 2589 2709 2708
f 2711 2591 2710
f 2591 2711 2258
f 2712 2590 2592
f 2590 2712 2709
f 2813 2596 2713
f 2596 2813 2593
f 2714 2816 2710
f 2714 2264 2816
f 2264 2714 2591
f 2591 2714 2710
f 2715 2592 2594
f 2592 2715 2712
f 2595 2436 2716
f 2595 2713 2437
f 2715 2440 2717
f 2440 2715 2594
f 2598 2895 2597
f 2718 2597 2895
f 2597 2718 2599
f 2599 2718 2716
f 2717 2600 2719
f 2600 2717 2440
f 2720 2600 2719
f 2600 2720 2601
f 2602 2598 2441
f 2720 2603 2721
f 2603 2720 2601
f 2722 2607 2900
f 2607 2722 2453
f 2604 2453 2722
f 2448 2605 2602
f 2721 2606 2723
f 2606 2721 2603
f 2607 2729 2724
f 2723 2608 2725
f 2608 2723 2606
f 2726 2608 2725
f 2608 2726 2609
f 2727 2609 2726
f 2609 2727 2610
f 2728 2610 2727
f 2610 2728 2611
f 2729 2611 2728
f 2611 2729 2612
f 2615 2730 2613
f 2731 2613 2730
f 2465 2731 2732
f 2731 2465 2613
f 2733 2465 2732
f 2465 2733 2617
f 2733 2734 2617
f 2837 2620 2739
f 2620 2837 2614
f 2735 2832 2615
f 2618 2734 2736
f 2737 2618 2736
f 2618 2737 2469
f 2619 2738 2844
f 2739 2619 2844
f 2737 2621 2740
f 2621 2737 2469
f 2741 2621 2740
f 2621 2741 2622
f 2742 2746 2747
f 2746 2742 2474
f 2743 2474 2742
f 2474 2743 2623
f 2743 2619 2623
f 2619 2743 2738
f 2741 2624 2744
f 2624 2741 2622
f 2745 2624 2744
f 2624 2745 2625
f 2747 2746 2181
f 2181 2746 2474
f 2629 2748 2181
f 2745 2627 2749
f 2627 2745 2625
f 2750 2627 2749
f 2627 2750 2628
f 2630 2751 2752
f 2751 2630 2631
f 2753 2630 2752
f 2630 2753 2632
f 2754 2632 2753
f 2632 2754 2633
f 2755 2633 2754
f 2633 2755 2634
f 2750 2635 2756
f 2635 2750 2628
f 2765 2853 2339
f 2637 2757 2758
f 2757 2637 2636
f 2751 2637 2758
f 2637 2751 2631
f 2759 2751 2752
f 2751 2759 2758
f 2760 2752 2753
f 2752 2760 2759
f 2760 2754 2761
f 2754 2760 2753
f 2761 2755 2762
f 2755 2761 2754
f 2755 2638 2762
f 2638 2755 2634
f 2763 2638 2762
f 2638 2763 2639
f 2764 2635 2643
f 2635 2764 2756
f 2765 2494 2772
f 2766 2636 2641
f 2636 2766 2757
f 2767 2757 2758
f 2757 2767 2766
f 2768 2763 2769
f 2763 2768 2762
f 2763 2642 2769
f 2642 2763 2639
f 2643 2649 2770
f 2771 2778 2874
f 2778 2771 2644
f 2771 2494 2644
f 2494 2771 2772
f 2647 2773 2774
f 2773 2647 2646
f 2766 2647 2774
f 2647 2766 2641
f 2775 2766 2767
f 2766 2775 2774
f 2776 2768 2769
f 2768 2776 2777
f 2776 2642 2648
f 2642 2776 2769
f 2773 2653 2779
f 2653 2773 2646
f 2780 2773 2774
f 2773 2780 2779
f 2780 2775 2781
f 2775 2780 2774
f 2782 2777 2776
f 2777 2782 2783
f 2782 2655 2783
f 2655 2782 2654
f 2782 2648 2654
f 2648 2782 2776
f 2649 2784 2770
f 2778 2656 2874
f 2778 2650 2656
f 2785 2653 2662
f 2653 2785 2779
f 2786 2779 2780
f 2779 2786 2785
f 2787 2780 2781
f 2780 2787 2786
f 2787 2788 2789
f 2788 2787 2781
f 2790 2788 2791
f 2788 2790 2789
f 2790 2674 2789
f 2674 2790 2675
f 2792 2791 2793
f 2791 2792 2790
f 2792 2675 2790
f 2675 2792 2664
f 2794 2793 2783
f 2793 2794 2792
f 2663 2792 2794
f 2792 2663 2664
f 2794 2655 2663
f 2655 2794 2783
f 2690 2784 2524
f 2666 3017 2665
f 3017 2656 2665
f 2656 3017 2874
f 2795 2662 2672
f 2662 2795 2785
f 2796 2785 2786
f 2785 2796 2795
f 2686 2795 2796
f 2795 2686 2672
f 2797 2786 2787
f 2786 2797 2796
f 2688 2796 2797
f 2796 2688 2686
f 2798 2787 2789
f 2787 2798 2797
f 2798 2688 2797
f 2688 2798 2676
f 2798 2674 2676
f 2674 2798 2789
f 2690 2698 2784
f 3017 2678 2799
f 2678 3017 2677
f 3017 2666 2677
f 2699 2801 2691
f 2799 2691 2801
f 2691 2799 2678
f 2698 2802 2800
f 2801 2699 2803
f 2802 2698 2706
f 2705 2803 2704
f 2803 2699 2704
f 2804 2802 2706
f 2806 2705 2707
f 2705 2806 2803
f 2804 2706 2587
f 2706 2573 2587
f 2955 2587 2588
f 2711 3082 2258
f 2808 2708 2709
f 2708 2808 2807
f 2816 2809 2710
f 2809 2810 2958
f 2710 2809 2711
f 2958 2711 2809
f 2811 2709 2712
f 2709 2811 2808
f 2813 2713 2893
f 2814 2815 2890
f 2815 2814 2813
f 2813 2814 2593
f 2890 2816 2814
f 2816 2593 2814
f 2817 2712 2715
f 2712 2817 2811
f 2818 2716 2895
f 2716 2818 2595
f 2818 2713 2595
f 2713 2818 2812
f 2817 2717 2819
f 2717 2817 2715
f 2895 2598 2900
f 2895 2716 2718
f 2819 2719 2820
f 2719 2819 2717
f 2821 2719 2820
f 2719 2821 2720
f 2598 2602 2900
f 2821 2721 2822
f 2721 2821 2720
f 2823 2722 2900
f 2722 2823 2604
f 2604 2823 2605
f 2823 2602 2605
f 2602 2823 2900
f 2824 2721 2723
f 2721 2824 2822
f 2900 2724 2825
f 2724 2900 2607
f 2826 2723 2725
f 2723 2826 2824
f 2827 2725 2826
f 2725 2827 2726
f 2828 2726 2827
f 2726 2828 2727
f 2829 2727 2828
f 2727 2829 2728
f 2830 2831 2825
f 2831 2830 2829
f 2830 2728 2829
f 2728 2830 2729
f 2830 2724 2729
f 2724 2830 2825
f 2730 2832 2833
f 2832 2730 2615
f 2834 2730 2833
f 2730 2834 2731
f 2835 2731 2834
f 2731 2835 2732
f 2836 2732 2835
f 2732 2836 2733
f 2734 2733 2836
f 2915 2614 2837
f 2614 2915 2735
f 2832 2735 2915
f 2838 2734 2839
f 2734 2838 2836
f 2840 2734 2839
f 2734 2840 2736
f 2841 2736 2840
f 2842 2736 2841
f 2736 2842 2737
f 2844 2738 2843
f 2739 2979 2837
f 2842 2740 2845
f 2740 2842 2737
f 2846 2740 2845
f 2740 2846 2741
f 2747 2847 2742
f 2738 2742 2847
f 2742 2738 2743
f 2846 2744 2848
f 2744 2846 2741
f 2849 2744 2850
f 2744 2849 2848
f 2744 2745 2850
f 2181 2930 2747
f 2181 2748 2930
f 2850 2749 2851
f 2749 2850 2745
f 2852 2749 2851
f 2749 2852 2750
f 2853 2748 2629
f 2852 2756 2854
f 2756 2852 2750
f 2759 2856 2857
f 2856 2759 2758
f 2760 2857 2858
f 2857 2760 2759
f 2859 2760 2858
f 2760 2859 2761
f 2860 2761 2859
f 2761 2860 2762
f 2861 2756 2764
f 2756 2861 2854
f 2765 2772 2938
f 2853 2765 2855
f 2856 2767 2862
f 2767 2856 2758
f 2863 2856 2857
f 2856 2863 2862
f 2864 2857 2858
f 2857 2864 2863
f 2865 2858 2859
f 2858 2865 2864
f 2865 2860 2866
f 2860 2865 2859
f 2860 2768 2866
f 2768 2860 2762
f 2867 2770 2868
f 2770 2867 2643
f 2867 2764 2643
f 2764 2867 2861
f 2874 2943 2771
f 2943 2772 2771
f 2772 2943 2938
f 2869 2767 2775
f 2767 2869 2862
f 2870 2862 2863
f 2862 2870 2869
f 2871 2863 2864
f 2863 2871 2870
f 2872 2864 2865
f 2864 2872 2871
f 2873 2865 2866
f 2865 2873 2872
f 2873 2768 2777
f 2768 2873 2866
f 2784 2868 2770
f 2875 2775 2781
f 2775 2875 2869
f 2875 2870 2876
f 2870 2875 2869
f 2788 2875 2876
f 2875 2788 2781
f 2877 2870 2871
f 2870 2877 2876
f 2791 2876 2877
f 2876 2791 2788
f 2878 2871 2872
f 2871 2878 2877
f 2793 2877 2878
f 2877 2793 2791
f 2879 2872 2873
f 2872 2879 2878
f 2879 2793 2878
f 2793 2879 2783
f 2879 2777 2783
f 2777 2879 2873
f 2946 2874 3017
f 2945 2868 2948
f 2868 2800 2948
f 2800 2868 2698
f 2868 2784 2698
f 2880 2799 2801
f 2799 2880 3017
f 2881 2804 2882
f 2804 2881 2802
f 2881 2800 2802
f 2800 2881 2948
f 2883 2801 2803
f 2801 2883 2880
f 2804 2805 2882
f 2885 2803 2883
f 2803 2885 2884
f 2805 2804 2587
f 2884 2803 2806
f 2806 2886 2884
f 2955 2588 3082
f 2887 2886 2708
f 2886 2806 2708
f 2958 3082 2711
f 2888 2708 2807
f 2708 2888 2887
f 2958 2810 3033
f 2889 2807 2808
f 2807 2889 2888
f 2890 2815 2891
f 3033 2816 2892
f 3033 2810 2816
f 2816 2810 2809
f 2889 2808 2811
f 2818 2965 2812
f 2893 2812 2965
f 2812 2893 2713
f 2893 2815 2813
f 2815 2893 2891
f 2894 2811 2817
f 2811 2894 2889
f 2896 2817 2819
f 2817 2896 2894
f 2897 2819 2820
f 2819 2897 2896
f 2898 2820 2897
f 2820 2898 2821
f 2899 2821 2822
f 2821 2899 2898
f 2899 2824 2901
f 2824 2899 2822
f 2902 2831 2903
f 2831 2902 2825
f 2825 2902 2900
f 2900 2902 2973
f 2904 2824 2826
f 2824 2904 2901
f 2904 2905 2906
f 2905 2904 2901
f 2827 2904 2906
f 2904 2827 2826
f 2907 2827 2906
f 2827 2907 2828
f 2908 2909 2903
f 2909 2908 2907
f 2908 2828 2907
f 2828 2908 2829
f 2908 2831 2829
f 2831 2908 2903
f 2911 2832 2910
f 2832 2911 2833
f 2912 2833 2911
f 2833 2912 2834
f 2835 2912 2913
f 2912 2835 2834
f 2914 2835 2913
f 2835 2914 2836
f 2916 2914 2917
f 2914 2916 2913
f 2914 2838 2917
f 2838 2914 2836
f 2918 2838 2917
f 2838 2918 2839
f 2840 2918 2919
f 2918 2840 2839
f 2841 2919 2920
f 2919 2841 2840
f 2921 2841 2920
f 2841 2921 2842
f 2922 2843 2988
f 2844 2843 2922
f 2990 2739 2844
f 2979 2990 3051
f 2990 2979 2739
f 2923 2921 2924
f 2921 2923 2920
f 2921 2845 2924
f 2845 2921 2842
f 2925 2845 2924
f 2845 2925 2846
f 2926 2747 2994
f 2747 2926 2847
f 2843 2847 2926
f 2847 2843 2738
f 2925 2927 2924
f 2848 2925 2846
f 2996 2930 2995
f 2930 2996 2747
f 2925 2849 2928
f 2849 2925 2848
f 2929 2849 2928
f 2849 2929 2850
f 2929 2851 2931
f 2851 2929 2850
f 2932 2851 2931
f 2851 2932 2852
f 2933 2853 3007
f 2853 2933 2748
f 2933 2930 2748
f 2934 2932 2935
f 2932 2934 2931
f 2932 2854 2935
f 2854 2932 2852
f 2936 2855 2939
f 2855 2936 2853
f 2853 2936 3007
f 2935 2861 2937
f 2861 2935 2854
f 2938 2855 2765
f 2855 2938 2939
f 2940 2941 2937
f 2941 2940 2942
f 2940 2868 2942
f 2868 2940 2867
f 2940 2861 2867
f 2861 2940 2937
f 2943 2874 2944
f 2946 2947 2944
f 2874 2946 2944
f 3014 2945 2948
f 2946 3017 2947
f 2880 2949 3017
f 2948 2882 3015
f 2882 2948 2881
f 2949 2880 2883
f 2950 2882 2805
f 2882 2950 3015
f 2885 2884 2952
f 2949 2885 2952
f 2885 2949 2883
f 2950 2587 3025
f 2587 2950 2805
f 2953 2886 2954
f 2886 2953 2884
f 2955 2956 2587
f 2957 2887 3026
f 2887 2957 2886
f 2886 2957 2954
f 2955 3082 2956
f 2887 2959 3026
f 2960 2887 2888
f 2887 2960 2959
f 2962 2888 2889
f 2888 2962 2960
f 2890 2891 2961
f 2890 2961 2816
f 2892 2816 2961
f 2965 2963 2893
f 2963 2891 2893
f 2891 2963 3034
f 2964 2889 2894
f 2889 2964 2962
f 2965 2895 3037
f 2895 2965 2818
f 2966 2894 2896
f 2894 2966 2964
f 2967 2896 2897
f 2896 2967 2966
f 2968 2897 2967
f 2897 2968 2898
f 2969 2898 2899
f 2898 2969 2968
f 2900 2973 2974
f 2970 2899 2901
f 2899 2970 2969
f 2905 2970 2971
f 2970 2905 2901
f 2909 2972 2903
f 2973 2903 2972
f 2903 2973 2902
f 2975 2905 2906
f 2905 2975 2971
f 2976 2971 2972
f 2971 2976 2975
f 2976 2906 2975
f 2906 2976 2907
f 2976 2909 2907
f 2909 2976 2972
f 2911 2910 2977
f 2911 2977 2912
f 2978 2912 2977
f 2912 2978 2913
f 2837 2979 2980
f 2915 2980 2981
f 2980 2915 2837
f 2981 2832 2915
f 2910 2981 2982
f 2981 2910 2832
f 2983 2910 2977
f 2910 2983 2982
f 2977 2978 2983
f 2916 2978 2913
f 2916 3048 2917
f 2984 2917 3048
f 2917 2984 2918
f 2985 2918 2984
f 2918 2985 2919
f 2986 2919 2985
f 2919 2986 2920
f 2988 2987 2922
f 2989 2922 2987
f 2990 2922 2989
f 2922 2990 2844
f 2991 2986 2992
f 2986 2991 2985
f 2986 2923 2992
f 2923 2986 2920
f 2993 2923 2992
f 2923 2993 2924
f 2988 2926 2994
f 2926 2988 2843
f 2927 2993 2924
f 2996 3055 2994
f 3055 2996 2995
f 2996 2994 2747
f 2997 2927 2998
f 2927 2997 2993
f 2927 2928 2998
f 2928 2927 2925
f 2999 2928 2998
f 2928 2999 2929
f 3000 2930 3062
f 3000 2995 2930
f 3001 2999 3002
f 2999 3001 2998
f 2999 2931 3002
f 2931 2999 2929
f 3007 3003 2933
f 3003 2930 2933
f 2930 3003 3062
f 3002 2934 3004
f 2934 3002 2931
f 3005 2934 3004
f 2934 3005 2935
f 3007 2939 3006
f 2939 3007 2936
f 3008 3004 3005
f 3004 3008 3009
f 3008 2941 3009
f 2941 3008 2937
f 3005 2937 3008
f 2937 3005 2935
f 3069 2939 2938
f 2939 3069 3006
f 2943 3010 3069
f 2943 3069 2938
f 3014 3011 2941
f 3014 2942 2868
f 2942 3014 2941
f 3012 2947 3013
f 2947 3012 2944
f 3012 2943 2944
f 2943 3012 3010
f 3014 2868 2945
f 3015 3014 2948
f 3014 3015 3011
f 3017 3013 2947
f 3013 3017 3018
f 3016 3015 3019
f 3017 2949 3020
f 3076 3019 3021
f 3019 2951 3021
f 2951 3019 2950
f 3019 3015 2950
f 2952 3022 3023
f 3022 2952 2884
f 3020 2952 3023
f 2952 3020 2949
f 3025 3024 3021
f 3025 2951 2950
f 2951 3025 3021
f 2953 3022 2884
f 2956 3025 2587
f 2954 3022 2953
f 3026 2954 2957
f 2954 3026 3022
f 3027 3026 2959
f 3082 2958 3028
f 3028 3031 3084
f 3031 3028 2958
f 3029 2959 2960
f 3031 3030 3084
f 3031 3033 3030
f 3033 3031 2958
f 3029 2960 2962
f 3034 3032 2891
f 2961 2891 3032
f 2961 3033 2892
f 2962 3091 3029
f 3034 2963 2965
f 3035 2962 2964
f 2962 3035 3091
f 3036 2964 2966
f 2964 3036 3035
f 2895 2900 3037
f 3038 2966 2967
f 2966 3038 3036
f 2968 3038 3039
f 3038 2968 2967
f 2900 3165 3037
f 3040 2968 2969
f 2968 3040 3039
f 2974 3044 2900
f 3041 2969 2970
f 2969 3041 3040
f 3042 2970 3041
f 2970 3042 2971
f 2972 2971 3042
f 3043 2972 3103
f 2972 3043 2973
f 3044 2974 3043
f 2974 2973 3043
f 3105 2980 2979
f 3106 2980 3105
f 2980 3106 2981
f 2981 3045 2982
f 2983 3045 3110
f 3045 2983 2982
f 3046 2983 3110
f 2983 3046 2978
f 3047 2978 3046
f 2978 3047 2916
f 3047 3048 2916
f 3049 2984 3048
f 2984 3049 2985
f 2989 3114 3050
f 3114 2989 2987
f 2990 3050 3116
f 3050 2990 2989
f 3116 3051 2990
f 3051 3105 2979
f 3052 3049 3053
f 3049 3052 3048
f 3049 2991 3053
f 2991 3049 2985
f 3054 2991 3053
f 2991 3054 2992
f 3059 2992 3054
f 2992 3059 2993
f 2994 3055 3056
f 3056 2988 2994
f 2988 3056 3057
f 2987 2988 3057
f 3059 3058 3054
f 2995 3060 3055
f 2997 3059 2993
f 3061 2997 3059
f 2997 3061 2998
f 3060 3000 3062
f 3060 2995 3000
f 3061 3001 3063
f 3001 3061 2998
f 3064 3001 3063
f 3001 3064 3002
f 3003 3065 3062
f 3065 3003 3007
f 3064 3066 3063
f 3064 3004 3066
f 3004 3064 3002
f 3067 3006 3134
f 3006 3067 3007
f 3067 3065 3007
f 3065 3067 3132
f 3068 3004 3009
f 3004 3068 3066
f 3006 3069 3134
f 3070 3011 3135
f 3011 3070 2941
f 3070 3009 2941
f 3009 3070 3068
f 3069 3010 3071
f 3012 3072 3073
f 3072 3012 3013
f 3073 3010 3012
f 3010 3073 3071
f 3140 3013 3074
f 3072 3013 3140
f 3015 3016 3011
f 3018 3078 3074
f 3018 3074 3013
f 3076 3016 3019
f 3018 3075 3078
f 3075 3018 3017
f 3075 3020 3080
f 3020 3075 3017
f 3075 3078 3080
f 3077 3024 3079
f 3024 3077 3021
f 3077 3076 3021
f 3023 3080 3020
f 3148 3024 3025
f 3024 3148 3079
f 3023 3022 3081
f 3148 3025 2956
f 3026 3081 3022
f 2956 3082 3148
f 3026 3027 3083
f 3028 3084 3082
f 3085 3027 2959
f 3027 3085 3083
f 3030 3087 3084
f 3086 2959 3029
f 2959 3086 3085
f 3029 3088 3086
f 3032 3089 2961
f 3090 2961 3089
f 2961 3090 3033
f 3090 3030 3033
f 3030 3090 3087
f 3029 3091 3088
f 2965 3037 3034
f 3089 3034 3037
f 3034 3089 3032
f 3092 3091 3035
f 3092 3036 3093
f 3036 3092 3035
f 3094 3036 3038
f 3036 3094 3093
f 3094 3095 3096
f 3095 3094 3093
f 3039 3094 3096
f 3094 3039 3038
f 3097 3039 3040
f 3039 3097 3096
f 3098 3044 3104
f 3098 2900 3044
f 3099 3040 3041
f 3040 3099 3097
f 3099 3100 3101
f 3100 3099 3097
f 3042 3099 3101
f 3099 3042 3041
f 3102 3042 3101
f 3042 3102 2972
f 3102 3103 2972
f 3103 3044 3043
f 3044 3103 3104
f 3106 3107 2981
f 2981 3107 3108
f 3045 3108 3109
f 3108 3045 2981
f 3109 3110 3045
f 3046 3111 3047
f 3112 3047 3111
f 3047 3112 3048
f 3113 3048 3112
f 3114 3115 3050
f 3116 3050 3115
f 3116 3195 3051
f 3117 3105 3051
f 3118 3113 3119
f 3113 3118 3112
f 3113 3052 3119
f 3052 3113 3048
f 3120 3052 3119
f 3052 3120 3053
f 3121 3053 3120
f 3053 3121 3054
f 3122 3056 3055
f 3056 3122 3193
f 3057 3193 3123
f 3193 3057 3056
f 3114 3057 3123
f 3057 3114 2987
f 3124 3121 3126
f 3121 3124 3120
f 3121 3058 3126
f 3058 3121 3054
f 3127 3058 3126
f 3058 3127 3059
f 3060 3125 3055
f 3122 3055 3125
f 3128 3059 3127
f 3059 3128 3061
f 3060 3201 3198
f 3201 3060 3062
f 3129 3128 3130
f 3128 3129 3127
f 3128 3063 3130
f 3063 3128 3061
f 3132 3131 3065
f 3062 3131 3201
f 3131 3062 3065
f 3130 3066 3133
f 3066 3130 3063
f 3134 3132 3067
f 3133 3066 3068
f 3133 3070 3135
f 3070 3133 3068
f 3137 3071 3136
f 3071 3137 3069
f 3073 3139 3138
f 3139 3073 3072
f 3136 3073 3138
f 3073 3136 3071
f 3011 3016 3223
f 3141 3072 3140
f 3072 3141 3139
f 3140 3074 3142
f 3223 3016 3076
f 3223 3077 3143
f 3076 3077 3223
f 3074 3078 3144
f 3077 3079 3143
f 3078 3080 3145
f 3078 3144 3145
f 3146 3079 3148
f 3079 3146 3226
f 3080 3147 3145
f 3147 3080 3023
f 3081 3147 3023
f 3229 3147 3145
f 3081 3149 3150
f 3149 3081 3026
f 3147 3081 3150
f 3149 3083 3151
f 3083 3149 3026
f 3152 3149 3150
f 3149 3152 3151
f 3084 3153 3082
f 3154 3083 3085
f 3083 3154 3151
f 3155 3084 3087
f 3153 3084 3155
f 3156 3085 3086
f 3085 3156 3154
f 3157 3086 3088
f 3086 3157 3156
f 3159 3089 3158
f 3089 3159 3090
f 3090 3159 3087
f 3160 3088 3091
f 3088 3160 3157
f 3037 3158 3089
f 3160 3092 3161
f 3092 3160 3091
f 3162 3092 3093
f 3092 3162 3161
f 3162 3163 3164
f 3163 3162 3161
f 3095 3162 3164
f 3162 3095 3093
f 3166 3095 3096
f 3095 3166 3164
f 3167 3096 3097
f 3096 3167 3166
f 3167 3168 3169
f 3168 3167 3166
f 3100 3167 3169
f 3167 3100 3097
f 3251 3104 3170
f 3104 3251 3098
f 3251 2900 3098
f 3171 3100 3101
f 3100 3171 3169
f 3171 3172 3173
f 3172 3171 3169
f 3102 3171 3173
f 3171 3102 3101
f 3174 3172 3170
f 3172 3174 3173
f 3174 3102 3173
f 3102 3174 3103
f 3174 3104 3103
f 3104 3174 3170
f 3107 3175 3176
f 3175 3107 3106
f 3108 3176 3177
f 3176 3108 3107
f 3109 3177 3178
f 3177 3109 3108
f 3178 3110 3109
f 3179 3110 3178
f 3110 3179 3046
f 3180 3046 3179
f 3046 3180 3111
f 3181 3111 3180
f 3111 3181 3112
f 3115 3182 3252
f 3182 3115 3114
f 3252 3116 3115
f 3195 3116 3252
f 3051 3196 3183
f 3196 3051 3195
f 3117 3183 3399
f 3183 3117 3051
f 3184 3117 3399
f 3117 3184 3105
f 3106 3184 3185
f 3184 3106 3105
f 3175 3106 3185
f 3254 3175 3176
f 3175 3254 3185
f 3186 3176 3177
f 3176 3186 3254
f 3187 3177 3178
f 3177 3187 3186
f 3178 3179 3188
f 3189 3179 3180
f 3179 3189 3188
f 3189 3181 3190
f 3181 3189 3180
f 3181 3118 3190
f 3118 3181 3112
f 3191 3118 3190
f 3118 3191 3119
f 3192 3119 3191
f 3119 3192 3120
f 3122 3125 3193
f 3123 3193 3194
f 3182 3123 3194
f 3123 3182 3114
f 3182 3252 3194
f 3183 3399 3196
f 3263 3192 3197
f 3192 3263 3191
f 3192 3124 3197
f 3124 3192 3120
f 3124 3197 3126
f 3125 3198 3264
f 3198 3125 3060
f 3125 3264 3199
f 3199 3125 3193
f 3266 3197 3200
f 3197 3126 3200
f 3126 3200 3127
f 3198 3201 3202
f 3200 3129 3203
f 3129 3200 3127
f 3204 3129 3203
f 3129 3204 3130
f 3131 3205 3206
f 3205 3131 3132
f 3206 3201 3131
f 3207 3204 3210
f 3204 3207 3203
f 3204 3133 3210
f 3133 3204 3130
f 3132 3208 3209
f 3208 3132 3134
f 3205 3132 3209
f 3134 3211 3212
f 3211 3134 3069
f 3208 3134 3212
f 3135 3213 3210
f 3133 3135 3210
f 3137 3214 3292
f 3214 3137 3136
f 3211 3137 3292
f 3137 3211 3069
f 3135 3288 3213
f 3138 3215 3216
f 3214 3138 3216
f 3138 3214 3136
f 3011 3217 3288
f 3135 3011 3288
f 3139 3218 3215
f 3139 3215 3138
f 3217 3011 3223
f 3141 3219 3220
f 3219 3141 3140
f 3218 3141 3220
f 3141 3218 3139
f 3221 3218 3215
f 3218 3221 3220
f 3219 3142 3224
f 3142 3219 3140
f 3222 3219 3220
f 3219 3222 3224
f 3142 3144 3225
f 3144 3142 3074
f 3142 3224 3225
f 3226 3143 3079
f 3143 3226 3223
f 3144 3145 3225
f 3227 3148 3228
f 3148 3227 3146
f 3227 3226 3146
f 3226 3227 3295
f 3299 3145 3225
f 3145 3229 3301
f 3229 3150 3302
f 3150 3229 3147
f 3302 3229 3301
f 3456 3153 3230
f 3153 3456 3082
f 3456 3148 3082
f 3231 3152 3151
f 3152 3302 3150
f 3230 3153 3232
f 3231 3154 3233
f 3154 3231 3151
f 3234 3231 3152
f 3231 3234 3233
f 3087 3235 3155
f 3232 3155 3235
f 3155 3232 3153
f 3233 3156 3236
f 3156 3233 3154
f 3237 3233 3234
f 3233 3237 3236
f 3159 3307 3087
f 3238 3156 3157
f 3156 3238 3236
f 3238 3237 3239
f 3237 3238 3236
f 3240 3159 3158
f 3159 3240 3307
f 3241 3157 3160
f 3157 3241 3238
f 3241 3239 3242
f 3239 3241 3238
f 3463 3158 3470
f 3243 3160 3161
f 3160 3243 3241
f 3243 3242 3244
f 3242 3243 3241
f 3163 3243 3244
f 3243 3163 3161
f 3312 3037 3315
f 3387 3037 3312
f 3245 3163 3164
f 3163 3245 3244
f 2900 3314 3165
f 3246 3165 3314
f 3037 3165 3246
f 3247 3164 3166
f 3164 3247 3245
f 3168 3247 3248
f 3247 3168 3166
f 3249 3168 3169
f 3168 3249 3248
f 3172 3249 3250
f 3249 3172 3169
f 3170 3172 3250
f 3324 3251 3170
f 3184 3399 3333
f 3185 3333 3253
f 3333 3185 3184
f 3253 3254 3185
f 3186 3254 3326
f 3326 3187 3186
f 3255 3187 3326
f 3187 3255 3178
f 3188 3255 3328
f 3255 3188 3178
f 3256 3188 3328
f 3188 3256 3189
f 3257 3189 3256
f 3189 3257 3190
f 3258 3190 3257
f 3190 3258 3191
f 3193 3199 3259
f 3193 3259 3329
f 3329 3194 3193
f 3195 3331 3196
f 3332 3399 3196
f 3337 3256 3260
f 3256 3337 3328
f 3260 3257 3261
f 3257 3260 3256
f 3261 3258 3262
f 3258 3261 3257
f 3258 3263 3262
f 3263 3258 3191
f 3202 3264 3198
f 3199 3264 3341
f 3265 3199 3259
f 3263 3346 3262
f 3266 3263 3197
f 3268 3201 3267
f 3201 3268 3202
f 3202 3268 3348
f 3269 3202 3264
f 3202 3269 3348
f 3270 3266 3271
f 3266 3270 3263
f 3266 3203 3271
f 3203 3266 3200
f 3272 3203 3271
f 3206 3273 3274
f 3273 3206 3205
f 3206 3274 3275
f 3267 3206 3275
f 3206 3267 3201
f 3276 3272 3277
f 3272 3276 3271
f 3272 3207 3277
f 3207 3272 3203
f 3278 3207 3277
f 3207 3278 3210
f 3209 3279 3280
f 3279 3209 3208
f 3273 3209 3280
f 3209 3273 3205
f 3281 3273 3274
f 3273 3281 3280
f 3282 3278 3283
f 3278 3282 3277
f 3283 3213 3282
f 3213 3283 3210
f 3278 3210 3283
f 3212 3284 3285
f 3284 3212 3211
f 3279 3212 3285
f 3212 3279 3208
f 3213 3286 3282
f 3292 3284 3211
f 3287 3284 3285
f 3288 3289 3286
f 3289 3288 3290
f 3288 3217 3290
f 3213 3288 3286
f 3216 3291 3292
f 3291 3216 3215
f 3216 3292 3214
f 3217 3440 3290
f 3293 3221 3220
f 3291 3221 3293
f 3221 3291 3215
f 3367 3217 3223
f 3294 3222 3224
f 3293 3222 3294
f 3222 3293 3220
f 3223 3295 3367
f 3295 3223 3226
f 3224 3225 3297
f 3224 3298 3297
f 3227 3372 3296
f 3372 3227 3228
f 3296 3295 3227
f 3299 3297 3225
f 3300 3228 3148
f 3228 3300 3372
f 3301 3299 3145
f 3455 3299 3297
f 3299 3455 3301
f 3148 3456 3300
f 3301 3302 3374
f 3302 3152 3303
f 3304 3230 3232
f 3303 3234 3305
f 3234 3303 3152
f 3235 3306 3304
f 3304 3232 3235
f 3305 3237 3379
f 3237 3305 3234
f 3307 3235 3087
f 3306 3235 3307
f 3308 3237 3239
f 3237 3308 3379
f 3309 3240 3158
f 3309 3307 3240
f 3310 3239 3242
f 3239 3310 3308
f 3037 3470 3158
f 3311 3242 3244
f 3242 3311 3310
f 3311 3245 3313
f 3245 3311 3244
f 3314 2900 3539
f 3315 3246 3386
f 3246 3315 3037
f 3316 3245 3247
f 3245 3316 3313
f 3316 3317 3318
f 3317 3316 3313
f 3248 3316 3318
f 3316 3248 3247
f 3320 3251 3319
f 3251 3320 2900
f 2900 3320 3539
f 3321 3248 3249
f 3248 3321 3318
f 3321 3322 3323
f 3322 3321 3318
f 3250 3321 3323
f 3321 3250 3249
f 3395 3250 3323
f 3250 3395 3170
f 3395 3324 3170
f 3251 3325 3319
f 3325 3251 3324
f 3334 3254 3253
f 3326 3327 3255
f 3328 3255 3327
f 3343 3329 3259
f 3330 3194 3329
f 3194 3330 3252
f 3195 3330 3397
f 3330 3195 3252
f 3397 3331 3195
f 3196 3331 3398
f 3398 3332 3196
f 3333 3334 3253
f 3335 3254 3326
f 3254 3335 3334
f 3335 3326 3336
f 3336 3327 3328
f 3327 3336 3326
f 3337 3338 3260
f 3339 3260 3338
f 3260 3339 3261
f 3340 3261 3339
f 3261 3340 3262
f 3349 3341 3264
f 3199 3341 3342
f 3265 3342 3406
f 3342 3265 3199
f 3343 3265 3406
f 3265 3343 3259
f 3344 3340 3345
f 3340 3344 3339
f 3340 3346 3345
f 3346 3340 3262
f 3268 3347 3415
f 3347 3268 3267
f 3415 3348 3268
f 3269 3348 3416
f 3349 3269 3416
f 3269 3349 3264
f 3350 3346 3351
f 3346 3350 3345
f 3346 3270 3351
f 3270 3346 3263
f 3352 3270 3351
f 3270 3352 3271
f 3353 3275 3274
f 3275 3353 3354
f 3347 3275 3354
f 3275 3347 3267
f 3423 3347 3415
f 3347 3423 3354
f 3355 3352 3356
f 3352 3355 3351
f 3352 3276 3356
f 3276 3352 3271
f 3357 3276 3356
f 3276 3357 3277
f 3280 3358 3359
f 3358 3280 3279
f 3281 3359 3360
f 3359 3281 3280
f 3353 3281 3360
f 3281 3353 3274
f 3361 3357 3362
f 3357 3361 3356
f 3357 3282 3362
f 3282 3357 3277
f 3358 3285 3363
f 3285 3358 3279
f 3364 3358 3359
f 3358 3364 3363
f 3365 3361 3362
f 3361 3365 3366
f 3365 3289 3366
f 3289 3365 3286
f 3365 3282 3286
f 3282 3365 3362
f 3287 3363 3285
f 3289 3290 3366
f 3287 3284 3292
f 3440 3217 3367
f 3293 3292 3291
f 3292 3368 3293
f 3369 3367 3295
f 3446 3294 3293
f 3295 3296 3370
f 3294 3224 3371
f 3294 3449 3371
f 3296 3372 3370
f 3453 3298 3297
f 3371 3298 3453
f 3298 3371 3224
f 3300 3456 3373
f 3373 3372 3300
f 3375 3456 3230
f 3374 3301 3455
f 3375 3230 3304
f 3376 3302 3303
f 3304 3378 3375
f 3376 3305 3379
f 3305 3376 3303
f 3304 3377 3378
f 3377 3304 3306
f 3380 3379 3376
f 3307 3381 3382
f 3377 3307 3382
f 3307 3377 3306
f 3461 3379 3308
f 3309 3463 3383
f 3463 3309 3158
f 3381 3309 3383
f 3309 3381 3307
f 3384 3308 3310
f 3308 3384 3461
f 3385 3310 3311
f 3310 3385 3384
f 3312 3315 3386
f 3473 3312 3596
f 3473 3387 3312
f 3387 3470 3037
f 3388 3311 3313
f 3311 3388 3385
f 3388 3389 3390
f 3389 3388 3385
f 3317 3388 3390
f 3388 3317 3313
f 3386 3314 3539
f 3314 3386 3246
f 3391 3317 3318
f 3317 3391 3390
f 3391 3392 3393
f 3392 3391 3390
f 3322 3391 3393
f 3391 3322 3318
f 3481 3325 3395
f 3325 3481 3319
f 3394 3319 3481
f 3394 3320 3319
f 3395 3322 3323
f 3322 3395 3393
f 3395 3325 3324
f 3330 3396 3407
f 3396 3330 3329
f 3407 3397 3330
f 3397 3398 3331
f 3332 3398 3408
f 3399 3332 3408
f 3334 3333 3400
f 3335 3400 3409
f 3400 3335 3334
f 3336 3409 3487
f 3409 3336 3335
f 3401 3336 3487
f 3336 3401 3328
f 3402 3328 3401
f 3328 3402 3337
f 3338 3402 3403
f 3402 3338 3337
f 3404 3338 3403
f 3338 3404 3339
f 3342 3341 3405
f 3405 3406 3342
f 3343 3406 3482
f 3329 3343 3482
f 3482 3329 3396
f 3483 3396 3407
f 3396 3483 3482
f 3407 3397 3484
f 3398 3484 3397
f 3485 3399 3333
f 3400 3485 3333
f 3410 3487 3401
f 3411 3401 3402
f 3401 3411 3410
f 3411 3403 3412
f 3403 3411 3402
f 3412 3404 3413
f 3404 3412 3403
f 3404 3344 3413
f 3344 3404 3339
f 3414 3344 3413
f 3344 3414 3345
f 3348 3415 3424
f 3424 3416 3348
f 3417 3341 3405
f 3341 3417 3349
f 3418 3413 3419
f 3413 3418 3412
f 3419 3414 3420
f 3414 3419 3413
f 3414 3350 3420
f 3350 3414 3345
f 3421 3350 3420
f 3350 3421 3351
f 3354 3422 3500
f 3422 3354 3353
f 3500 3423 3354
f 3501 3415 3424
f 3415 3501 3423
f 3425 3420 3426
f 3420 3425 3419
f 3426 3421 3427
f 3421 3426 3420
f 3421 3355 3427
f 3355 3421 3351
f 3428 3355 3427
f 3355 3428 3356
f 3429 3360 3359
f 3360 3429 3430
f 3422 3360 3430
f 3360 3422 3353
f 3506 3422 3500
f 3422 3506 3430
f 3426 3431 3425
f 3431 3426 3427
f 3431 3428 3432
f 3428 3431 3427
f 3428 3361 3432
f 3361 3428 3356
f 3364 3433 3434
f 3433 3364 3363
f 3429 3364 3434
f 3364 3429 3359
f 3429 3435 3434
f 3436 3429 3430
f 3429 3436 3435
f 3437 3431 3432
f 3431 3437 3565
f 3432 3366 3437
f 3366 3432 3361
f 3287 3433 3363
f 3439 3565 3437
f 3565 3439 3438
f 3437 3290 3439
f 3290 3437 3366
f 3287 3292 3433
f 3440 3438 3439
f 3290 3440 3439
f 3441 3292 3433
f 3511 3433 3434
f 3433 3511 3441
f 3513 3440 3367
f 3441 3368 3442
f 3368 3441 3292
f 3443 3367 3369
f 3367 3443 3513
f 3368 3293 3444
f 3444 3368 3442
f 3369 3445 3443
f 3449 3446 3294
f 3446 3444 3293
f 3447 3448 3445
f 3447 3370 3448
f 3370 3447 3295
f 3447 3369 3295
f 3369 3447 3445
f 3450 3370 3372
f 3370 3450 3448
f 3453 3449 3371
f 3451 3373 3452
f 3373 3451 3372
f 3372 3451 3450
f 3454 3373 3456
f 3373 3454 3452
f 3297 3453 3455
f 3375 3458 3456
f 3374 3302 3457
f 3374 3527 3457
f 3458 3375 3378
f 3457 3376 3530
f 3376 3457 3302
f 3457 3527 3530
f 3378 3459 3458
f 3459 3378 3377
f 3461 3380 3379
f 3380 3530 3376
f 3381 3460 3382
f 3382 3460 3531
f 3459 3382 3531
f 3382 3459 3377
f 3462 3461 3380
f 3463 3470 3464
f 3465 3383 3463
f 3383 3465 3466
f 3460 3383 3466
f 3383 3460 3381
f 3467 3461 3384
f 3467 3462 3468
f 3462 3467 3461
f 3471 3384 3385
f 3384 3471 3467
f 3471 3468 3472
f 3468 3471 3467
f 3389 3471 3472
f 3471 3389 3385
f 3312 3386 3539
f 3473 3596 3469
f 3473 3470 3387
f 3470 3473 3469
f 3474 3389 3390
f 3389 3474 3472
f 3474 3475 3476
f 3475 3474 3472
f 3392 3474 3476
f 3474 3392 3390
f 3320 3394 3477
f 3478 3392 3393
f 3392 3478 3476
f 3478 3479 3480
f 3479 3478 3476
f 3395 3478 3480
f 3478 3395 3393
f 3545 3395 3480
f 3545 3481 3395
f 3481 3542 3477
f 3394 3481 3477
f 3406 3491 3482
f 3491 3406 3405
f 3407 3483 3493
f 3493 3484 3407
f 3398 3484 3494
f 3494 3408 3398
f 3400 3485 3486
f 3486 3409 3400
f 3410 3487 3504
f 3488 3410 3504
f 3410 3488 3411
f 3489 3411 3488
f 3411 3489 3412
f 3349 3416 3490
f 3417 3490 3546
f 3490 3417 3349
f 3491 3417 3546
f 3417 3491 3405
f 3492 3483 3549
f 3483 3492 3482
f 3493 3549 3483
f 3551 3494 3408
f 3495 3408 3399
f 3408 3495 3551
f 3399 3485 3495
f 3485 3486 3496
f 3497 3486 3409
f 3486 3497 3496
f 3497 3487 3498
f 3487 3497 3409
f 3504 3498 3487
f 3488 3489 3499
f 3489 3418 3499
f 3418 3489 3412
f 3418 3499 3419
f 3424 3501 3502
f 3416 3424 3502
f 3503 3416 3490
f 3416 3503 3502
f 3488 3499 3504
f 3499 3425 3505
f 3425 3499 3419
f 3500 3506 3509
f 3507 3500 3423
f 3500 3507 3509
f 3563 3499 3508
f 3499 3563 3504
f 3508 3505 3431
f 3505 3508 3499
f 3431 3505 3425
f 3436 3506 3430
f 3431 3563 3508
f 3436 3435 3566
f 3566 3436 3506
f 3506 3509 3566
f 3431 3565 3563
f 3565 3510 3438
f 3435 3434 3511
f 3435 3566 3511
f 3512 3510 3513
f 3510 3512 3565
f 3510 3440 3513
f 3440 3510 3438
f 3442 3511 3441
f 3442 3511 3515
f 3514 3443 3516
f 3443 3514 3513
f 3444 3640 3576
f 3515 3444 3576
f 3444 3515 3442
f 3515 3637 3576
f 3517 3518 3516
f 3518 3517 3519
f 3517 3448 3519
f 3448 3517 3445
f 3517 3443 3445
f 3443 3517 3516
f 3640 3446 3581
f 3446 3640 3444
f 3448 3520 3519
f 3449 3581 3446
f 3520 3450 3521
f 3450 3520 3448
f 3522 3449 3453
f 3521 3452 3523
f 3452 3521 3451
f 3521 3450 3451
f 3454 3525 3523
f 3523 3452 3454
f 3456 3524 3525
f 3525 3454 3456
f 3455 3374 3527
f 3649 3455 3453
f 3455 3649 3527
f 3456 3526 3524
f 3526 3456 3458
f 3651 3527 3649
f 3459 3528 3458
f 3458 3528 3588
f 3530 3380 3529
f 3460 3534 3531
f 3459 3531 3528
f 3529 3462 3532
f 3462 3529 3380
f 3464 3533 3463
f 3463 3533 3465
f 3534 3465 3533
f 3465 3534 3466
f 3466 3534 3460
f 3532 3468 3535
f 3468 3532 3462
f 3469 3597 3470
f 3598 3470 3597
f 3464 3470 3598
f 3536 3468 3472
f 3468 3536 3535
f 3536 3537 3538
f 3537 3536 3535
f 3475 3536 3538
f 3536 3475 3472
f 3539 3596 3312
f 3540 3475 3476
f 3475 3540 3538
f 3479 3540 3541
f 3540 3479 3476
f 3542 3604 3477
f 3543 3477 3604
f 3477 3543 3320
f 3605 3320 3543
f 3320 3605 3539
f 3545 3479 3480
f 3479 3545 3541
f 3544 3545 3541
f 3545 3544 3542
f 3545 3542 3481
f 3557 3546 3490
f 3491 3546 3547
f 3482 3547 3548
f 3547 3482 3491
f 3548 3492 3482
f 3493 3549 3610
f 3550 3493 3610
f 3493 3550 3484
f 3550 3494 3484
f 3551 3613 3495
f 3614 3495 3613
f 3495 3614 3485
f 3615 3485 3614
f 3615 3496 3485
f 3496 3552 3497
f 3559 3497 3552
f 3497 3559 3498
f 3553 3498 3559
f 3498 3553 3504
f 3501 3554 3555
f 3554 3501 3423
f 3502 3555 3562
f 3555 3502 3501
f 3503 3562 3556
f 3562 3503 3502
f 3557 3503 3556
f 3503 3557 3490
f 3558 3552 3623
f 3552 3558 3496
f 3559 3623 3552
f 3559 3553 3563
f 3553 3504 3563
f 3507 3560 3564
f 3560 3507 3509
f 3554 3507 3564
f 3507 3554 3423
f 3561 3554 3555
f 3554 3561 3564
f 3624 3555 3562
f 3555 3624 3561
f 3509 3566 3567
f 3568 3509 3560
f 3509 3568 3567
f 3565 3512 3569
f 3570 3512 3569
f 3512 3570 3513
f 3571 3569 3572
f 3572 3570 3573
f 3570 3572 3569
f 3570 3514 3573
f 3514 3570 3513
f 3638 3511 3515
f 3574 3572 3573
f 3572 3574 3575
f 3574 3518 3575
f 3518 3574 3516
f 3574 3514 3516
f 3514 3574 3573
f 3515 3638 3637
f 3577 3518 3519
f 3518 3577 3575
f 3578 3519 3520
f 3519 3578 3577
f 3521 3579 3578
f 3579 3521 3580
f 3520 3521 3578
f 3522 3581 3449
f 3582 3521 3523
f 3521 3582 3580
f 3583 3525 3584
f 3525 3583 3523
f 3523 3583 3582
f 3522 3706 3755
f 3706 3522 3453
f 3584 3524 3585
f 3524 3584 3525
f 3649 3706 3453
f 3585 3526 3652
f 3526 3585 3524
f 3588 3586 3458
f 3586 3526 3458
f 3526 3586 3652
f 3588 3528 3587
f 3530 3589 3590
f 3589 3530 3529
f 3527 3530 3590
f 3591 3534 3661
f 3534 3591 3531
f 3587 3531 3591
f 3531 3587 3528
f 3589 3532 3592
f 3532 3589 3529
f 3593 3589 3590
f 3589 3593 3592
f 3533 3464 3658
f 3594 3532 3535
f 3532 3594 3592
f 3594 3593 3595
f 3593 3594 3592
f 3537 3594 3595
f 3594 3537 3535
f 3658 3464 3598
f 3599 3537 3538
f 3537 3599 3595
f 3539 3605 3600
f 3601 3538 3540
f 3538 3601 3599
f 3601 3602 3603
f 3602 3601 3599
f 3541 3601 3603
f 3601 3541 3540
f 3544 3603 3671
f 3603 3544 3541
f 3673 3544 3671
f 3544 3673 3542
f 3673 3604 3542
f 3605 3668 3600
f 3668 3605 3604
f 3604 3605 3543
f 3547 3606 3607
f 3606 3547 3546
f 3548 3607 3608
f 3607 3548 3547
f 3609 3548 3608
f 3548 3609 3492
f 3609 3549 3492
f 3550 3611 3494
f 3551 3611 3612
f 3611 3551 3494
f 3613 3551 3612
f 3614 3621 3615
f 3557 3616 3617
f 3616 3557 3556
f 3606 3557 3617
f 3557 3606 3546
f 3618 3606 3607
f 3606 3618 3617
f 3618 3608 3619
f 3608 3618 3607
f 3628 3608 3609
f 3608 3628 3619
f 3629 3609 3549
f 3609 3629 3628
f 3610 3629 3549
f 3675 3610 3550
f 3675 3611 3676
f 3611 3675 3550
f 3612 3676 3611
f 3620 3612 3613
f 3620 3614 3621
f 3614 3620 3613
f 3630 3615 3622
f 3615 3630 3621
f 3615 3558 3622
f 3558 3615 3496
f 3562 3625 3626
f 3625 3562 3624
f 3616 3562 3626
f 3562 3616 3556
f 3627 3616 3617
f 3616 3627 3626
f 3620 3621 3630
f 3622 3558 3631
f 3623 3631 3558
f 3559 3623 3563
f 3630 3622 3631
f 3631 3623 3739
f 3563 3739 3623
f 3563 3634 3565
f 3568 3684 3632
f 3684 3568 3567
f 3564 3568 3632
f 3568 3564 3560
f 3633 3564 3561
f 3564 3633 3632
f 3686 3561 3624
f 3561 3686 3633
f 3634 3689 3563
f 3569 3634 3565
f 3566 3684 3567
f 3632 3633 3684
f 3689 3634 3635
f 3634 3571 3635
f 3571 3634 3569
f 3571 3635 3572
f 3511 3638 3566
f 3635 3575 3636
f 3575 3635 3572
f 3636 3577 3639
f 3577 3636 3575
f 3576 3640 3637
f 3697 3637 3638
f 3641 3642 3639
f 3642 3641 3643
f 3641 3579 3643
f 3579 3641 3578
f 3641 3577 3578
f 3577 3641 3639
f 3644 3579 3580
f 3579 3644 3643
f 3644 3582 3645
f 3582 3644 3580
f 3747 3522 3581
f 3646 3645 3647
f 3645 3584 3647
f 3584 3645 3583
f 3645 3582 3583
f 3755 3752 3522
f 3647 3585 3648
f 3585 3647 3584
f 3652 3650 3585
f 3585 3650 3648
f 3652 3586 3713
f 3651 3653 3714
f 3653 3651 3527
f 3654 3587 3656
f 3586 3587 3654
f 3587 3586 3588
f 3653 3590 3657
f 3590 3653 3527
f 3653 3714 3657
f 3656 3661 3655
f 3661 3656 3591
f 3591 3656 3587
f 3593 3657 3590
f 3659 3533 3720
f 3660 3533 3659
f 3655 3661 3660
f 3661 3533 3660
f 3533 3661 3534
f 3662 3593 3595
f 3593 3662 3657
f 3662 3657 3663
f 3597 3469 3596
f 3658 3598 3597
f 3664 3595 3599
f 3595 3664 3662
f 3664 3663 3665
f 3663 3664 3662
f 3602 3664 3665
f 3664 3602 3599
f 3665 3666 3667
f 3666 3665 3663
f 3669 3600 3668
f 3600 3669 3539
f 3728 3539 3669
f 3670 3602 3603
f 3602 3670 3665
f 3670 3667 3671
f 3667 3670 3665
f 3670 3671 3603
f 3671 3672 3673
f 3672 3671 3667
f 3673 3672 3668
f 3673 3668 3604
f 3674 3618 3617
f 3618 3674 3619
f 3627 3674 3617
f 3628 3674 3619
f 3628 3678 3629
f 3610 3629 3730
f 3675 3610 3730
f 3676 3679 3675
f 3627 3674 3779
f 3677 3674 3628
f 3674 3677 3779
f 3678 3677 3628
f 3729 3678 3629
f 3629 3730 3729
f 3730 3675 3731
f 3679 3731 3675
f 3676 3612 3679
f 3620 3679 3612
f 3630 3679 3620
f 3630 3679 3631
f 3625 3680 3682
f 3680 3625 3624
f 3626 3625 3682
f 3626 3627 3779
f 3681 3631 3679
f 3631 3681 3739
f 3686 3680 3624
f 3683 3682 3626
f 3732 3626 3779
f 3626 3732 3683
f 3733 3681 3739
f 3681 3733 3679
f 3690 3563 3739
f 3563 3690 3689
f 3633 3685 3686
f 3685 3633 3684
f 3687 3686 3680
f 3688 3680 3682
f 3680 3688 3687
f 3789 3684 3685
f 3685 3686 3789
f 3690 3689 3691
f 3689 3635 3691
f 3692 3635 3691
f 3635 3692 3636
f 3638 3697 3693
f 3566 3638 3693
f 3738 3566 3684
f 3566 3738 3693
f 3694 3691 3695
f 3691 3694 3690
f 3696 3691 3692
f 3691 3696 3695
f 3696 3642 3695
f 3642 3696 3639
f 3692 3639 3696
f 3639 3692 3636
f 3698 3642 3643
f 3642 3698 3695
f 3637 3640 3697
f 3698 3644 3699
f 3644 3698 3643
f 3748 3640 3697
f 3700 3701 3699
f 3701 3700 3702
f 3700 3646 3702
f 3646 3700 3645
f 3700 3644 3645
f 3644 3700 3699
f 3747 3640 3581
f 3747 3640 3748
f 3703 3646 3647
f 3646 3703 3702
f 3752 3747 3522
f 3747 3802 3752
f 3704 3703 3705
f 3703 3648 3705
f 3648 3703 3647
f 3705 3650 3707
f 3705 3648 3650
f 3649 3708 3709
f 3708 3649 3651
f 3706 3649 3709
f 3713 3710 3652
f 3710 3650 3652
f 3650 3710 3707
f 3714 3708 3651
f 3711 3708 3709
f 3708 3711 3714
f 3654 3712 3713
f 3712 3654 3656
f 3654 3713 3586
f 3715 3714 3711
f 3716 3656 3655
f 3714 3715 3717
f 3658 3718 3533
f 3719 3533 3718
f 3720 3533 3719
f 3720 3768 3659
f 3721 3659 3768
f 3659 3721 3660
f 3655 3660 3716
f 3722 3657 3663
f 3657 3722 3714
f 3722 3717 3723
f 3717 3722 3714
f 3666 3722 3723
f 3722 3666 3663
f 3597 3596 3658
f 3725 3666 3667
f 3666 3725 3723
f 3725 3726 3727
f 3726 3725 3723
f 3672 3725 3727
f 3725 3672 3667
f 3668 3672 3727
f 3669 3777 3728
f 3777 3669 3668
f 3539 3728 3724
f 3677 3779 3678
f 3843 3678 3729
f 3678 3843 3779
f 3730 3843 3729
f 3840 3731 3679
f 3679 3781 3780
f 3683 3735 3732
f 3735 3683 3682
f 3687 3737 3734
f 3737 3687 3686
f 3734 3688 3687
f 3688 3735 3682
f 3739 3736 3733
f 3694 3690 3739
f 3794 3738 3693
f 3684 3789 3738
f 3740 3694 3739
f 3694 3740 3695
f 3741 3739 3742
f 3743 3739 3740
f 3739 3743 3742
f 3740 3698 3743
f 3698 3740 3695
f 3793 3693 3697
f 3693 3794 3793
f 3744 3742 3743
f 3742 3744 3745
f 3744 3701 3745
f 3701 3744 3699
f 3744 3698 3699
f 3698 3744 3743
f 3793 3748 3798
f 3748 3793 3697
f 3746 3701 3702
f 3701 3746 3745
f 3748 3747 3804
f 3749 3750 3746
f 3750 3749 3751
f 3749 3704 3751
f 3704 3749 3703
f 3749 3702 3703
f 3702 3749 3746
f 3803 3747 3804
f 3747 3803 3802
f 3753 3704 3705
f 3704 3753 3751
f 3754 3755 3706
f 3809 3752 3802
f 3752 3809 3755
f 3756 3753 3757
f 3753 3707 3757
f 3707 3753 3705
f 3754 3709 3758
f 3709 3754 3706
f 3759 3754 3755
f 3754 3759 3758
f 3761 3710 3760
f 3761 3810 3757
f 3761 3707 3710
f 3707 3761 3757
f 3758 3711 3762
f 3711 3758 3709
f 3763 3712 3764
f 3712 3763 3713
f 3763 3710 3713
f 3710 3763 3760
f 3762 3715 3765
f 3715 3762 3711
f 3766 3716 3822
f 3716 3766 3656
f 3766 3712 3656
f 3712 3766 3764
f 3765 3717 3767
f 3717 3765 3715
f 3658 3959 3718
f 3719 3718 3959
f 3719 3827 3720
f 3768 3720 3827
f 3768 3828 3721
f 3822 3769 3828
f 3769 3721 3828
f 3721 3769 3660
f 3769 3716 3660
f 3716 3769 3822
f 3770 3717 3723
f 3717 3770 3767
f 3770 3771 3772
f 3771 3770 3767
f 3726 3770 3772
f 3770 3726 3723
f 3728 3773 3724
f 3774 3724 3773
f 3724 3774 3539
f 3835 3539 3774
f 3596 3539 3835
f 3775 3726 3727
f 3726 3775 3772
f 3775 3776 3777
f 3776 3775 3772
f 3668 3775 3777
f 3775 3668 3727
f 3777 3776 3778
f 3778 3773 3777
f 3777 3773 3728
f 3730 3839 3731
f 3839 3840 3731
f 3840 3841 3679
f 3780 3679 3841
f 3781 3784 3679
f 3782 3781 3783
f 3784 3783 3781
f 3733 3784 3679
f 3735 3688 3907
f 3907 3732 3735
f 3784 3785 3783
f 3786 3733 3787
f 3733 3786 3784
f 3736 3787 3733
f 3853 3686 3737
f 3686 3853 3789
f 3787 3736 3788
f 3788 3736 3739
f 3738 3789 3794
f 3790 3788 3791
f 3788 3741 3791
f 3741 3788 3739
f 3792 3741 3791
f 3741 3792 3742
f 3795 3791 3796
f 3791 3795 3790
f 3796 3792 3797
f 3792 3796 3791
f 3792 3745 3797
f 3745 3792 3742
f 3799 3796 3797
f 3796 3799 3800
f 3799 3750 3800
f 3750 3799 3746
f 3799 3745 3746
f 3745 3799 3797
f 3869 3798 3793
f 3798 3869 3748
f 3801 3750 3751
f 3750 3801 3800
f 3805 3806 3801
f 3806 3805 3807
f 3805 3756 3807
f 3756 3805 3753
f 3805 3751 3753
f 3751 3805 3801
f 3808 3809 3755
f 3868 3802 3803
f 3802 3868 3809
f 3810 3756 3757
f 3756 3810 3807
f 3759 3812 3813
f 3812 3759 3758
f 3808 3759 3813
f 3759 3808 3755
f 3814 3808 3809
f 3808 3814 3813
f 3815 3760 3883
f 3760 3815 3761
f 3815 3810 3761
f 3810 3815 3811
f 3812 3762 3816
f 3762 3812 3758
f 3817 3812 3813
f 3812 3817 3816
f 3818 3813 3814
f 3813 3818 3817
f 3760 3764 3819
f 3764 3760 3763
f 3816 3765 3820
f 3765 3816 3762
f 3821 3816 3817
f 3816 3821 3820
f 3824 3766 3822
f 3824 3764 3766
f 3764 3824 3819
f 3825 3765 3767
f 3765 3825 3820
f 3825 3821 3826
f 3821 3825 3820
f 3771 3825 3826
f 3825 3771 3767
f 3596 4032 3658
f 3959 3658 4032
f 3959 3893 3719
f 3827 3895 3768
f 3823 3828 3895
f 3828 3768 3895
f 3822 3828 3823
f 3829 3771 3772
f 3771 3829 3826
f 3829 3830 3831
f 3830 3829 3826
f 3776 3829 3831
f 3829 3776 3772
f 3778 3831 3832
f 3831 3778 3776
f 3773 3778 3832
f 3774 3833 3834
f 3833 3774 3773
f 3835 3774 3834
f 3835 3836 3596
f 3905 3596 3836
f 3905 3837 3596
f 3730 3843 3838
f 3838 3839 3730
f 3841 3844 3780
f 3842 3780 3844
f 3780 3842 3781
f 3847 3838 3839
f 3838 3847 3843
f 3839 3840 3847
f 3844 3842 3845
f 3842 3782 3845
f 3782 3842 3781
f 3846 3782 3845
f 3782 3846 3783
f 3732 3907 3779
f 3910 3779 3843
f 3847 3841 3848
f 3841 3847 3840
f 3848 3844 3849
f 3844 3848 3841
f 3845 3849 3844
f 3845 3846 3850
f 3846 3785 3850
f 3785 3846 3783
f 3734 3918 3914
f 3918 3734 3737
f 3688 3914 3915
f 3914 3688 3734
f 3907 3688 3915
f 3907 3779 3908
f 3850 3851 3845
f 3850 3785 3852
f 3785 3786 3852
f 3786 3785 3784
f 3789 3858 3854
f 3854 3853 3789
f 3853 3918 3737
f 3852 3786 3855
f 3786 3787 3855
f 3790 3787 3855
f 3787 3790 3788
f 3917 3854 3853
f 3790 3856 3855
f 3789 3794 3857
f 3789 3858 3857
f 3922 3858 3854
f 3859 3856 3860
f 3856 3795 3860
f 3795 3856 3790
f 3861 3795 3860
f 3795 3861 3796
f 3794 3793 3869
f 3794 3857 3869
f 3862 3860 3863
f 3860 3862 3859
f 3863 3861 3864
f 3861 3863 3860
f 3861 3800 3864
f 3800 3861 3796
f 3804 3869 3748
f 3926 3869 3857
f 3865 3863 3864
f 3863 3865 3866
f 3865 3806 3866
f 3806 3865 3801
f 3865 3800 3801
f 3800 3865 3864
f 3868 3804 3803
f 3804 3869 3868
f 3867 3806 3807
f 3806 3867 3866
f 3870 3871 3867
f 3871 3870 3872
f 3870 3811 3872
f 3811 3870 3810
f 3870 3807 3810
f 3807 3870 3867
f 3868 3814 3873
f 3814 3868 3809
f 3880 3868 3869
f 3869 3874 3880
f 3875 3883 3876
f 3883 3875 3815
f 3875 3811 3815
f 3811 3875 3872
f 3818 3877 3878
f 3877 3818 3817
f 3873 3818 3878
f 3818 3873 3814
f 3879 3873 3868
f 3873 3879 3878
f 3868 3880 3879
f 3881 3819 3882
f 3883 3884 3876
f 3884 3883 3881
f 3883 3819 3881
f 3819 3883 3760
f 3877 3821 3885
f 3821 3877 3817
f 3886 3877 3878
f 3877 3886 3885
f 3887 3878 3879
f 3878 3887 3886
f 3823 3888 3822
f 3882 3889 3888
f 3889 3822 3888
f 3822 3889 3824
f 3889 3819 3824
f 3819 3889 3882
f 3890 3821 3826
f 3821 3890 3885
f 3890 3886 3891
f 3886 3890 3885
f 3830 3890 3891
f 3890 3830 3826
f 3892 3837 3957
f 3837 3892 3596
f 4032 3596 3892
f 3893 3961 3894
f 3894 3719 3893
f 3719 3894 3827
f 3895 3827 3894
f 3896 3830 3831
f 3830 3896 3891
f 3896 3897 3898
f 3897 3896 3891
f 3832 3896 3898
f 3896 3832 3831
f 3773 3898 3899
f 3898 3773 3832
f 3833 3899 3900
f 3899 3833 3773
f 3834 3900 3901
f 3900 3834 3833
f 3835 3901 3902
f 3901 3835 3834
f 3903 3904 3905
f 3904 3903 3902
f 3903 3835 3902
f 3835 3903 3836
f 3905 3836 3903
f 3779 3908 3910
f 3843 3910 3911
f 3911 3847 3843
f 3847 3911 3906
f 3906 3848 3847
f 3912 3848 3906
f 3848 3912 3849
f 3909 3908 3910
f 3969 3911 3970
f 3911 3969 3910
f 3911 3906 3971
f 3912 3849 3913
f 3849 3851 3913
f 3851 3849 3845
f 3978 3918 3853
f 3973 3907 3908
f 3907 3973 3915
f 3912 3913 3916
f 3851 3916 3913
f 3851 3852 3916
f 3852 3851 3850
f 3855 3852 3916
f 3978 3917 3977
f 3917 3978 3853
f 3976 3916 3920
f 3855 3920 3916
f 3859 3855 3920
f 3855 3859 3856
f 3917 3922 3919
f 3922 3917 3854
f 3984 3917 3977
f 3917 3984 3919
f 3920 3923 3976
f 3921 3859 3920
f 3858 3926 3987
f 3926 3858 3857
f 3922 3858 3987
f 3920 3927 3923
f 3927 3920 3924
f 3921 3924 3920
f 3921 3862 3924
f 3862 3921 3859
f 3925 3862 3924
f 3862 3925 3863
f 3996 3926 3869
f 3927 3924 3928
f 3924 3930 3928
f 3925 3930 3924
f 3925 3866 3930
f 3866 3925 3863
f 3928 3930 3929
f 3930 3871 3929
f 3871 3930 3867
f 3867 3930 3866
f 3996 3869 3874
f 3996 4004 3874
f 3931 3871 3872
f 3871 3931 3929
f 3932 3884 3933
f 3884 3932 3876
f 3934 3935 3931
f 3935 3934 3932
f 3934 3876 3932
f 3876 3934 3875
f 3934 3872 3875
f 3872 3934 3931
f 3880 3936 3937
f 3936 3880 3879
f 3874 3880 3937
f 3874 3938 3937
f 4013 3874 4004
f 3874 4013 3938
f 3939 3882 3940
f 3941 3882 3939
f 3882 3941 3881
f 3941 3884 3881
f 3884 3941 3933
f 3887 3942 3943
f 3942 3887 3886
f 3936 3887 3943
f 3887 3936 3879
f 3944 3936 3937
f 3936 3944 3943
f 3945 3937 3938
f 3937 3945 3944
f 3961 3946 3894
f 4020 3894 3946
f 3894 4020 3895
f 3947 3895 4020
f 3895 3947 3823
f 4021 3823 3947
f 3948 3823 4021
f 3823 3948 3888
f 3882 3888 3940
f 3949 3886 3891
f 3886 3949 3942
f 3950 3942 3943
f 3942 3950 3949
f 3897 3949 3950
f 3949 3897 3891
f 3951 3943 3944
f 3943 3951 3950
f 3952 3944 3945
f 3944 3952 3951
f 3952 3953 3954
f 3953 3952 3945
f 3955 3904 3956
f 3904 3955 3905
f 3837 3905 3955
f 3957 3958 3892
f 4032 3892 3958
f 3959 3960 3893
f 3961 3893 3960
f 3962 3897 3898
f 3897 3962 3950
f 3962 3951 3963
f 3951 3962 3950
f 3899 3962 3963
f 3962 3899 3898
f 3964 3951 3952
f 3951 3964 3963
f 3900 3963 3964
f 3963 3900 3899
f 3965 3952 3954
f 3952 3965 3964
f 3901 3964 3965
f 3964 3901 3900
f 3966 3954 3956
f 3954 3966 3965
f 3966 3901 3965
f 3901 3966 3902
f 3966 3904 3902
f 3904 3966 3956
f 3909 3974 3967
f 3974 3909 3908
f 3968 3909 3967
f 3909 3968 3910
f 3968 3969 3910
f 3971 3975 3906
f 3972 3906 3975
f 3906 3972 3912
f 3915 3980 3981
f 3980 3915 3914
f 3981 3973 3915
f 3973 3974 3908
f 3982 3972 3976
f 3972 3982 3975
f 3972 3912 3976
f 3912 3976 3916
f 3918 3978 3979
f 3980 3918 3979
f 3918 3980 3914
f 3983 3984 3919
f 3985 3977 3978
f 3977 3985 3984
f 3986 3978 3979
f 3978 3986 3985
f 3922 3987 3988
f 3983 3922 3988
f 3922 3983 3919
f 3989 3983 3984
f 3983 3989 3988
f 3993 3976 3990
f 3976 3993 3982
f 3923 3990 3976
f 3926 3996 3991
f 3987 3926 3991
f 3992 3987 3988
f 3987 3992 3991
f 3994 3923 3990
f 3923 3994 3927
f 3995 3927 3994
f 3927 3995 3928
f 3997 3994 3998
f 3994 3997 3990
f 3998 3995 3999
f 3995 3998 3994
f 3995 3928 3999
f 4000 3928 3999
f 3928 4000 3929
f 4001 3999 4002
f 3999 4001 3998
f 4003 3999 4000
f 3999 4003 4002
f 4003 3935 4002
f 3935 4003 3931
f 4000 3931 4003
f 3931 4000 3929
f 4005 4001 4002
f 4001 4005 4006
f 4005 3933 4006
f 3933 4005 3932
f 4005 3935 3932
f 3935 4005 4002
f 4004 4013 4014
f 4004 4007 4014
f 4004 4008 4007
f 4009 3940 4010
f 3940 4009 3939
f 4011 4012 4006
f 4012 4011 4009
f 4011 3939 4009
f 3939 4011 3941
f 4011 3933 3941
f 3933 4011 4006
f 4013 3938 3945
f 3953 4013 4014
f 4013 3953 3945
f 4015 4014 4007
f 4016 3960 4017
f 3960 4016 3961
f 4018 3961 4016
f 3946 4018 4019
f 4018 3946 3961
f 4020 3946 4019
f 4020 4120 3947
f 4021 3947 4120
f 4021 4022 3948
f 4023 4024 4010
f 4024 4023 4022
f 4023 3948 4022
f 3948 4023 3888
f 4023 3940 3888
f 3940 4023 4010
f 4025 3953 3954
f 3953 4025 4014
f 4025 4015 4026
f 4015 4025 4014
f 3956 4025 4026
f 4025 3956 3954
f 4026 4027 4028
f 4027 4026 4015
f 3955 4026 4028
f 4026 3955 3956
f 4029 3955 4028
f 3955 4029 3837
f 3957 4029 4030
f 4029 3957 3837
f 3958 4030 4031
f 4030 3958 3957
f 4031 4032 3958
f 4033 4034 4035
f 4034 4033 4032
f 4032 4033 3959
f 4035 4017 4033
f 4017 3959 4033
f 4017 3960 3959
f 3968 4036 4037
f 4036 3968 3967
f 3969 4037 4038
f 4037 3969 3968
f 4039 3969 4038
f 3969 4039 3970
f 4040 3970 4039
f 3970 4040 3911
f 4041 3911 4040
f 3911 4041 3971
f 3974 4042 4043
f 4042 3974 3973
f 4036 3974 4043
f 3974 4036 3967
f 4044 4036 4037
f 4036 4044 4043
f 4045 4037 4038
f 4037 4045 4044
f 4046 4038 4039
f 4038 4046 4045
f 4046 4040 4047
f 4040 4046 4039
f 4047 4041 4048
f 4041 4047 4040
f 4041 3975 4048
f 3975 4041 3971
f 4049 3975 4048
f 3975 4049 3982
f 3980 4050 4051
f 4050 3980 3979
f 4051 3981 3980
f 4042 3981 4051
f 3981 4042 3973
f 4052 4042 4043
f 4042 4052 4051
f 4052 4044 4053
f 4044 4052 4043
f 4053 4045 4054
f 4045 4053 4044
f 4055 4045 4046
f 4045 4055 4054
f 4056 4046 4047
f 4046 4056 4055
f 4057 4047 4048
f 4047 4057 4056
f 4049 4057 4048
f 3985 4058 4059
f 4058 3985 3984
f 3986 4059 4060
f 4059 3986 3985
f 4050 3986 4060
f 3986 4050 3979
f 4051 4061 4050
f 4061 4052 4062
f 4052 4061 4051
f 4053 4062 4052
f 4131 4053 4054
f 4053 4131 4062
f 4063 4056 4064
f 4056 4063 4055
f 4065 4056 4057
f 4056 4065 4064
f 4065 4049 3993
f 4049 4065 4057
f 4049 3982 3993
f 3989 4066 4067
f 4066 3989 3988
f 4058 3989 4067
f 3989 4058 3984
f 4068 4058 4059
f 4058 4068 4067
f 4069 4059 4060
f 4059 4069 4068
f 4060 4050 4069
f 4070 4061 4062
f 4061 4070 4050
f 4065 4071 4064
f 3993 4071 4065
f 3992 4072 4073
f 4072 3992 3991
f 4066 3992 4073
f 3992 4066 3988
f 4074 4066 4067
f 4066 4074 4073
f 4078 4067 4068
f 4067 4078 4074
f 4075 4068 4069
f 4068 4075 4078
f 4069 4050 4075
f 4070 4136 4050
f 4138 4071 4143
f 3993 4143 4071
f 4080 3993 4079
f 3993 4080 3990
f 4072 3996 4076
f 3996 4072 3991
f 4077 4072 4073
f 4072 4077 4076
f 4077 4074 4078
f 4074 4077 4073
f 4085 4075 4050
f 4075 4085 4078
f 4143 3993 4144
f 4079 4144 3993
f 3997 4080 3990
f 4081 3997 4080
f 3997 4081 3998
f 4076 4004 4082
f 4004 4076 3996
f 4083 4076 4077
f 4076 4083 4082
f 4084 4077 4078
f 4077 4084 4083
f 4050 4145 4085
f 4086 4080 4087
f 4080 4086 4079
f 4087 4081 4088
f 4081 4087 4080
f 4081 4001 4088
f 4001 4081 3998
f 4004 4089 4082
f 4090 4082 4083
f 4082 4090 4089
f 4091 4083 4084
f 4083 4091 4090
f 4092 4084 4078
f 4084 4092 4091
f 4092 4085 4093
f 4085 4092 4078
f 4094 4087 4088
f 4087 4094 4095
f 4094 4012 4095
f 4012 4094 4006
f 4094 4001 4006
f 4001 4094 4088
f 4008 4096 4097
f 4096 4008 4007
f 4089 4008 4097
f 4008 4089 4004
f 4098 4089 4090
f 4089 4098 4097
f 4099 4090 4091
f 4090 4099 4098
f 4100 4091 4092
f 4091 4100 4099
f 4101 4092 4093
f 4092 4101 4100
f 4102 4024 4103
f 4024 4102 4010
f 4104 4105 4095
f 4105 4104 4102
f 4104 4010 4102
f 4010 4104 4009
f 4104 4012 4009
f 4012 4104 4095
f 4096 4015 4106
f 4015 4096 4007
f 4107 4096 4097
f 4096 4107 4106
f 4027 4106 4107
f 4106 4027 4015
f 4108 4097 4098
f 4097 4108 4107
f 4109 4098 4099
f 4098 4109 4108
f 4110 4099 4100
f 4099 4110 4109
f 4111 4100 4101
f 4100 4111 4110
f 4111 4112 4113
f 4112 4111 4101
f 4114 4034 4113
f 4034 4114 4035
f 4115 4035 4114
f 4035 4115 4017
f 4016 4115 4116
f 4115 4016 4017
f 4117 4016 4116
f 4016 4117 4018
f 4118 4018 4117
f 4018 4118 4019
f 4119 4019 4118
f 4019 4119 4020
f 4119 4120 4020
f 4121 4122 4123
f 4122 4121 4120
f 4120 4121 4021
f 4124 4123 4103
f 4123 4124 4121
f 4124 4021 4121
f 4021 4124 4022
f 4124 4024 4022
f 4024 4124 4103
f 4125 4027 4028
f 4027 4125 4107
f 4125 4108 4126
f 4108 4125 4107
f 4029 4125 4126
f 4125 4029 4028
f 4127 4108 4109
f 4108 4127 4126
f 4030 4126 4127
f 4126 4030 4029
f 4128 4109 4110
f 4109 4128 4127
f 4031 4127 4128
f 4127 4031 4030
f 4129 4110 4111
f 4110 4129 4128
f 4129 4031 4128
f 4031 4129 4032
f 4130 4111 4113
f 4111 4130 4129
f 4130 4032 4129
f 4130 4034 4032
f 4034 4130 4113
f 4055 4131 4132
f 4131 4055 4054
f 4131 4062 4133
f 4133 4132 4134
f 4132 4133 4131
f 4132 4063 4134
f 4063 4132 4055
f 4135 4063 4134
f 4063 4135 4064
f 4062 4070 4136
f 4137 4062 4133
f 4062 4137 4136
f 4137 4134 4138
f 4134 4137 4133
f 4135 4138 4134
f 4135 4071 4138
f 4071 4135 4064
f 4140 4136 4137
f 4136 4140 4139
f 4138 4140 4137
f 4140 4138 4143
f 4139 4050 4141
f 4050 4139 4136
f 4142 4139 4140
f 4139 4142 4141
f 4143 4142 4140
f 4143 4151 4144
f 4085 4156 4145
f 4141 4050 4146
f 4147 4141 4142
f 4141 4147 4146
f 4142 4148 4147
f 4149 4142 4143
f 4142 4149 4148
f 4149 4143 4150
f 4151 4150 4143
f 4152 4144 4153
f 4144 4152 4151
f 4144 4086 4153
f 4086 4144 4079
f 4154 4086 4153
f 4086 4154 4087
f 4093 4155 4156
f 4093 4156 4085
f 4157 4156 4145
f 4158 4145 4050
f 4145 4158 4157
f 4159 4050 4146
f 4050 4159 4158
f 4159 4147 4160
f 4147 4159 4146
f 4161 4147 4148
f 4147 4161 4160
f 4162 4148 4149
f 4148 4162 4161
f 4162 4150 4163
f 4150 4162 4149
f 4164 4150 4151
f 4150 4164 4163
f 4165 4151 4152
f 4151 4165 4164
f 4166 4152 4153
f 4152 4166 4165
f 4166 4154 4167
f 4154 4166 4153
f 4167 4105 4166
f 4105 4167 4095
f 4167 4087 4095
f 4087 4167 4154
f 4155 4101 4168
f 4101 4155 4093
f 4169 4155 4156
f 4155 4169 4168
f 4112 4168 4169
f 4168 4112 4101
f 4170 4156 4157
f 4156 4170 4169
f 4171 4157 4158
f 4157 4171 4170
f 4172 4158 4159
f 4158 4172 4171
f 4173 4159 4160
f 4159 4173 4172
f 4174 4160 4161
f 4160 4174 4173
f 4175 4161 4162
f 4161 4175 4174
f 4175 4163 4176
f 4163 4175 4162
f 4177 4163 4164
f 4163 4177 4176
f 4177 4122 4176
f 4122 4177 4123
f 4178 4164 4165
f 4164 4178 4177
f 4178 4123 4177
f 4123 4178 4103
f 4179 4165 4166
f 4165 4179 4178
f 4179 4103 4178
f 4103 4179 4102
f 4179 4105 4102
f 4105 4179 4166
f 4180 4112 4113
f 4112 4180 4169
f 4180 4170 4181
f 4170 4180 4169
f 4114 4180 4181
f 4180 4114 4113
f 4182 4170 4171
f 4170 4182 4181
f 4115 4181 4182
f 4181 4115 4114
f 4183 4171 4172
f 4171 4183 4182
f 4116 4182 4183
f 4182 4116 4115
f 4184 4172 4173
f 4172 4184 4183
f 4117 4183 4184
f 4183 4117 4116
f 4185 4173 4174
f 4173 4185 4184
f 4185 4117 4184
f 4117 4185 4118
f 4186 4174 4175
f 4174 4186 4185
f 4186 4118 4185
f 4118 4186 4119
f 4187 4175 4176
f 4175 4187 4186
f 4187 4119 4186
f 4119 4187 4120
f 4187 4122 4120
f 4122 4187 4176
